case_id,customer_id,project_id,unit_id,created_at,category,subcategory,priority,channel,first_response_at,resolved_at,status,resolution_sla_hours,resolution_sla_met,reopen_count,sentiment,escalation_flag,responsible_department
CAS-00001,CUS-000206,AUR,AUR-P2-B4-00268,2026-03-17 00:00:00,Snagging / Quality,Finishing Quality,Low,Email,2026-03-17 01:30:45,2026-03-20 06:12:27,Resolved,96,True,0,Negative,False,Construction
CAS-00002,CUS-000215,AUR,AUR-P3-B3-00368,2025-09-09 00:00:00,Construction Update,Progress Inquiry,Medium,Phone,2025-09-09 00:05:00,2025-09-09 01:05:00,Resolved,48,True,0,Positive,False,Construction
CAS-00003,CUS-000177,AUR,AUR-P3-B4-00419,2025-02-22 00:00:00,Sales Experience,Response Time,Low,Customer Portal,2025-02-22 01:32:35,,Open,96,,0,Neutral,False,Sales
CAS-00004,CUS-000214,AUR,AUR-P3-B2-00326,2026-02-02 00:00:00,Snagging / Quality,Defect Report,Low,Phone,2026-02-02 01:21:30,2026-02-06 14:26:39,Resolved,96,True,0,Negative,False,Construction
CAS-00005,CUS-000236,AUR,AUR-P2-B4-00269,2026-04-30 00:00:00,General Inquiry,Amenities,Low,Customer Portal,2026-04-30 02:26:34,2026-05-02 10:22:11,Resolved,96,True,0,Negative,False,Customer Experience
CAS-00006,CUS-000134,AUR,AUR-P2-B1-00152,2025-04-07 00:00:00,Sales Experience,Response Time,Low,Email,2025-04-07 01:17:10,2025-04-09 21:28:59,Resolved,96,True,0,Negative,False,Sales
CAS-00007,CUS-000230,AUR,AUR-P3-B4-00401,2024-08-20 00:00:00,Handover,Handover Date Concern,Critical,Customer Portal,2024-08-20 01:31:08,2024-08-20 02:31:08,Resolved,4,True,0,Neutral,False,Customer Experience
CAS-00008,CUS-000096,AUR,AUR-P3-B4-00408,2026-01-24 00:00:00,Sales Experience,Misrepresentation Concern,Low,WhatsApp,2026-01-24 00:05:00,2026-01-26 21:22:09,Resolved,96,True,0,Positive,False,Sales
CAS-00009,CUS-000101,AUR,AUR-P3-B3-00362,2024-11-03 00:00:00,General Inquiry,Amenities,Low,Email,2024-11-03 01:18:05,2024-11-09 02:43:42,Resolved,96,False,0,Negative,False,Customer Experience
CAS-00010,CUS-000104,AUR,AUR-P3-B1-00299,2025-11-10 00:00:00,Sales Experience,Response Time,Critical,Customer Portal,2025-11-10 01:47:26,2025-11-10 05:34:59,Resolved,4,True,0,Positive,True,Sales
CAS-00011,CUS-000141,AUR,AUR-P2-B4-00257,2026-03-16 00:00:00,Snagging / Quality,Defect Report,Medium,Phone,2026-03-16 02:44:40,2026-03-18 08:04:01,Resolved,48,True,0,Negative,False,Construction
CAS-00012,CUS-000164,AUR,AUR-P3-B3-00382,2025-07-08 00:00:00,General Inquiry,HOA / Facilities Management,Medium,Customer Portal,2025-07-08 00:05:00,2025-07-08 01:05:00,Resolved,48,True,0,Neutral,False,Customer Experience
CAS-00013,CUS-000099,AUR,AUR-P1-B4-00116,2025-04-27 00:00:00,Sales Experience,Response Time,High,Customer Portal,2025-04-27 01:06:05,2025-04-27 02:06:05,Resolved,24,True,0,Negative,False,Sales
CAS-00014,CUS-000183,AUR,AUR-P2-B3-00239,2025-08-28 00:00:00,Collections,Late Fee Dispute,Low,Email,2025-08-28 02:32:20,2025-08-28 20:44:02,Resolved,96,True,0,Neutral,False,Collections
CAS-00015,CUS-000071,AUR,AUR-P3-B4-00395,2026-04-28 00:00:00,General Inquiry,Resale Process,Low,Phone,2026-04-28 01:52:06,2026-05-02 09:24:16,Resolved,96,True,0,Positive,False,Customer Experience
CAS-00016,CUS-000006,AUR,AUR-P2-B3-00241,2025-09-15 00:00:00,General Inquiry,Resale Process,Medium,In-Person,2025-09-15 01:36:57,2025-09-16 04:54:40,Resolved,48,True,0,Neutral,False,Customer Experience
CAS-00017,CUS-000198,AUR,AUR-P2-B1-00170,2024-11-10 00:00:00,Handover,Final Payment Query,Low,WhatsApp,2024-11-10 00:05:00,2024-11-11 05:26:38,Resolved,96,True,0,Positive,False,Customer Experience
CAS-00018,CUS-000202,AUR,AUR-P1-B4-00109,2025-08-11 00:00:00,Sales Experience,Response Time,Critical,In-Person,2025-08-11 02:47:14,,Open,4,,0,Positive,False,Sales
CAS-00019,CUS-000216,AUR,AUR-P2-B3-00242,2025-04-24 00:00:00,Snagging / Quality,Finishing Quality,High,In-Person,2025-04-24 02:23:37,,Open,24,,0,Positive,False,Construction
CAS-00020,CUS-000243,AUR,AUR-P2-B1-00173,2026-02-23 00:00:00,Sales Experience,Response Time,High,Customer Portal,2026-02-23 02:04:29,,Open,24,,0,Neutral,False,Sales
CAS-00021,CUS-000218,AUR,AUR-P2-B2-00208,2025-10-21 00:00:00,General Inquiry,Amenities,High,WhatsApp,2025-10-21 01:19:42,2025-10-22 00:25:01,Resolved,24,True,0,Neutral,True,Customer Experience
CAS-00022,CUS-000024,AUR,AUR-P3-B4-00410,2025-09-16 00:00:00,Collections,Late Fee Dispute,Low,Phone,2025-09-16 00:05:00,2025-09-22 06:05:20,Resolved,96,False,0,Positive,False,Collections
CAS-00023,CUS-000160,AUR,AUR-P2-B4-00250,2024-11-22 00:00:00,Construction Update,Progress Inquiry,Low,Email,2024-11-22 01:40:33,2024-11-28 13:02:32,Resolved,96,False,0,Negative,False,Construction
CAS-00024,CUS-000030,AUR,AUR-P1-B4-00137,2025-05-18 00:00:00,Construction Update,Site Visit Request,Medium,WhatsApp,2025-05-18 01:21:24,,Open,48,,0,Negative,False,Construction
CAS-00025,CUS-000231,AUR,AUR-P1-B2-00055,2024-09-30 00:00:00,Snagging / Quality,Defect Report,Medium,Customer Portal,2024-09-30 02:18:33,2024-10-03 06:13:09,Resolved,48,False,0,Positive,False,Construction
CAS-00026,CUS-000132,AUR,AUR-P1-B1-00008,2025-01-03 00:00:00,Sales Experience,Response Time,Low,Phone,2025-01-03 03:57:31,2025-01-06 20:43:08,Resolved,96,True,0,Neutral,False,Sales
CAS-00027,CUS-000107,AUR,AUR-P1-B2-00059,2025-09-06 00:00:00,General Inquiry,HOA / Facilities Management,High,Phone,2025-09-06 01:32:13,2025-09-06 12:10:06,Resolved,24,True,0,Negative,False,Customer Experience
CAS-00028,CUS-000085,AUR,AUR-P3-B4-00392,2025-11-15 00:00:00,General Inquiry,HOA / Facilities Management,Medium,Phone,2025-11-15 00:56:46,2025-11-15 18:04:21,Resolved,48,True,0,Neutral,False,Customer Experience
CAS-00029,CUS-000203,AUR,AUR-P3-B4-00399,2024-09-13 00:00:00,General Inquiry,HOA / Facilities Management,High,Customer Portal,2024-09-13 02:55:35,2024-09-13 15:13:46,Resolved,24,True,0,Negative,False,Customer Experience
CAS-00030,CUS-000197,AUR,AUR-P2-B4-00248,2025-12-04 00:00:00,General Inquiry,Amenities,Low,In-Person,2025-12-04 00:05:00,2025-12-08 21:53:18,Resolved,96,True,0,Neutral,False,Customer Experience
CAS-00031,CUS-000158,AUR,AUR-P2-B1-00172,2026-02-16 00:00:00,Sales Experience,Communication Quality,Low,WhatsApp,2026-02-16 00:26:57,2026-02-19 18:33:18,Resolved,96,True,0,Neutral,False,Sales
CAS-00032,CUS-000037,AUR,AUR-P1-B4-00110,2025-03-23 00:00:00,Sales Experience,Response Time,Critical,WhatsApp,2025-03-23 01:39:30,2025-03-23 06:16:12,Resolved,4,True,0,Positive,False,Sales
CAS-00033,CUS-000208,AUR,AUR-P3-B2-00325,2025-12-16 00:00:00,Sales Experience,Response Time,Medium,Phone,2025-12-16 00:05:00,2025-12-17 05:16:15,Resolved,48,True,0,Positive,False,Sales
CAS-00034,CUS-000167,AUR,AUR-P2-B2-00177,2025-01-16 00:00:00,Collections,Payment Plan Dispute,High,Phone,2025-01-16 01:29:32,2025-01-16 15:13:25,Resolved,24,True,0,Neutral,True,Collections
CAS-00035,CUS-000097,AUR,AUR-P3-B3-00352,2025-06-18 00:00:00,Collections,Payment Plan Dispute,Low,WhatsApp,2025-06-18 00:27:26,2025-06-18 14:22:28,Resolved,96,True,0,Neutral,False,Collections
CAS-00036,CUS-000180,AUR,AUR-P3-B1-00315,2025-04-27 00:00:00,Collections,Payment Plan Dispute,Medium,Customer Portal,2025-04-27 01:45:09,2025-04-28 18:05:56,Resolved,48,True,0,Neutral,False,Collections
CAS-00037,CUS-000014,AUR,AUR-P2-B2-00189,2026-05-11 00:00:00,General Inquiry,Amenities,Low,Email,2026-05-11 01:11:15,2026-05-16 10:16:56,Resolved,96,True,0,Negative,False,Customer Experience
CAS-00038,CUS-000047,AUR,AUR-P2-B4-00278,2024-07-04 00:00:00,Sales Experience,Communication Quality,Medium,In-Person,2024-07-04 01:18:48,,Open,48,,0,Neutral,False,Sales
CAS-00039,CUS-000190,AUR,AUR-P2-B4-00249,2025-11-26 00:00:00,Collections,Installment Amount Query,High,Email,2025-11-26 01:50:04,2025-11-26 10:14:13,Resolved,24,True,0,Positive,False,Collections
CAS-00040,CUS-000047,AUR,AUR-P2-B4-00278,2025-03-30 00:00:00,Snagging / Quality,Defect Report,Low,Email,2025-03-30 00:54:36,2025-03-30 17:58:35,Resolved,96,True,0,Negative,False,Construction
CAS-00041,CUS-000081,AUR,AUR-P3-B2-00344,2026-05-05 00:00:00,Sales Experience,Misrepresentation Concern,Medium,Phone,2026-05-05 02:06:36,2026-05-06 22:08:24,Resolved,48,True,0,Neutral,False,Sales
CAS-00042,CUS-000124,AUR,AUR-P1-B1-00007,2026-06-19 00:00:00,Snagging / Quality,MEP Issue,High,Email,2026-06-19 01:47:53,2026-06-19 18:49:30,Resolved,24,True,0,Neutral,False,Construction
CAS-00043,CUS-000245,AUR,AUR-P3-B3-00361,2025-11-23 00:00:00,Construction Update,Site Visit Request,Medium,WhatsApp,2025-11-23 01:31:28,,Open,48,,0,Neutral,False,Construction
CAS-00044,CUS-000170,AUR,AUR-P2-B2-00179,2026-03-27 00:00:00,Handover,Final Payment Query,Low,Customer Portal,2026-03-27 03:31:28,2026-04-02 02:30:06,Resolved,96,True,0,Positive,False,Customer Experience
CAS-00045,CUS-000018,AUR,AUR-P2-B1-00146,2024-11-07 00:00:00,Collections,Installment Amount Query,Low,Email,2024-11-07 03:36:41,2024-11-11 00:32:56,Resolved,96,True,0,Positive,False,Collections
CAS-00046,CUS-000159,AUR,AUR-P2-B1-00145,2024-07-14 00:00:00,Construction Update,Site Visit Request,Low,Customer Portal,2024-07-14 03:20:36,2024-07-14 06:37:01,Resolved,96,True,0,Neutral,False,Construction
CAS-00047,CUS-000106,AUR,AUR-P3-B3-00351,2025-02-02 00:00:00,Construction Update,Delay Concern,Medium,WhatsApp,2025-02-02 01:13:32,,Open,48,,0,Negative,False,Construction
CAS-00048,CUS-000065,AUR,AUR-P2-B1-00159,2026-03-12 00:00:00,Sales Experience,Misrepresentation Concern,Critical,WhatsApp,2026-03-12 00:44:17,2026-03-12 02:00:37,Resolved,4,True,0,Neutral,True,Sales
CAS-00049,CUS-000049,AUR,AUR-P2-B3-00230,2026-05-20 00:00:00,Snagging / Quality,MEP Issue,Critical,Email,2026-05-20 02:14:00,,Open,4,,0,Neutral,False,Construction
CAS-00050,CUS-000024,AUR,AUR-P3-B4-00410,2024-11-07 00:00:00,Sales Experience,Response Time,Medium,In-Person,2024-11-07 01:22:11,2024-11-08 17:24:37,Resolved,48,True,0,Positive,False,Sales
CAS-00051,CUS-000202,AUR,AUR-P1-B4-00109,2024-12-14 00:00:00,Construction Update,Delay Concern,Low,Email,2024-12-14 03:06:36,2024-12-15 05:47:32,Resolved,96,True,0,Neutral,False,Construction
CAS-00052,CUS-000157,AUR,AUR-P1-B1-00006,2025-10-22 00:00:00,Sales Experience,Response Time,Medium,In-Person,2025-10-22 02:31:37,2025-10-26 08:18:33,Resolved,48,False,0,Negative,False,Sales
CAS-00053,CUS-000239,AUR,AUR-P1-B4-00114,2026-05-08 00:00:00,Handover,Documentation,Medium,Email,2026-05-08 00:50:11,2026-05-09 05:24:29,Resolved,48,True,0,Neutral,False,Customer Experience
CAS-00054,CUS-000141,AUR,AUR-P2-B4-00257,2026-05-13 00:00:00,General Inquiry,HOA / Facilities Management,High,Phone,2026-05-13 01:25:21,2026-05-13 18:25:17,Resolved,24,True,0,Positive,False,Customer Experience
CAS-00055,CUS-000155,AUR,AUR-P2-B1-00142,2025-10-15 00:00:00,General Inquiry,Amenities,Low,Customer Portal,2025-10-15 00:46:11,,Open,96,,0,Positive,False,Customer Experience
CAS-00056,CUS-000191,AUR,AUR-P1-B1-00012,2026-06-12 00:00:00,General Inquiry,HOA / Facilities Management,Critical,WhatsApp,2026-06-12 00:39:23,2026-06-12 02:55:35,Resolved,4,True,0,Neutral,True,Customer Experience
CAS-00057,CUS-000051,AUR,AUR-P3-B3-00384,2025-01-26 00:00:00,Construction Update,Progress Inquiry,Medium,Phone,2025-01-26 00:48:37,2025-01-26 15:16:12,Resolved,48,True,0,Positive,False,Construction
CAS-00058,CUS-000034,AUR,AUR-P3-B3-00365,2026-04-18 00:00:00,Sales Experience,Response Time,Medium,Customer Portal,2026-04-18 00:54:08,2026-04-19 15:51:59,Resolved,48,True,0,Negative,False,Sales
CAS-00059,CUS-000217,AUR,AUR-P1-B2-00057,2025-06-09 00:00:00,Handover,Documentation,Medium,Customer Portal,2025-06-09 01:06:33,,Open,48,,0,Negative,False,Customer Experience
CAS-00060,CUS-000116,AUR,AUR-P1-B1-00027,2025-09-07 00:00:00,Sales Experience,Communication Quality,Medium,Customer Portal,2025-09-07 00:52:29,,Open,48,,0,Negative,False,Sales
CAS-00061,CUS-000116,AUR,AUR-P1-B1-00027,2025-08-22 00:00:00,Handover,Documentation,Low,In-Person,2025-08-22 01:35:13,2025-08-23 05:32:33,Resolved,96,True,0,Neutral,False,Customer Experience
CAS-00062,CUS-000018,AUR,AUR-P2-B1-00146,2025-11-29 00:00:00,Snagging / Quality,MEP Issue,Low,In-Person,2025-11-29 01:07:57,2025-11-30 22:34:57,Resolved,96,True,0,Positive,False,Construction
CAS-00063,CUS-000141,AUR,AUR-P2-B4-00257,2025-09-08 00:00:00,Snagging / Quality,MEP Issue,High,WhatsApp,2025-09-08 01:32:23,2025-09-09 09:10:44,Resolved,24,True,0,Neutral,False,Construction
CAS-00064,CUS-000193,AUR,AUR-P2-B4-00264,2025-09-17 00:00:00,Construction Update,Progress Inquiry,Medium,WhatsApp,2025-09-17 00:54:10,2025-09-19 16:49:51,Resolved,48,True,0,Neutral,False,Construction
CAS-00065,CUS-000188,AUR,AUR-P3-B2-00338,2026-05-10 00:00:00,General Inquiry,Resale Process,Critical,Customer Portal,2026-05-10 00:36:41,2026-05-10 04:04:25,Resolved,4,True,0,Negative,False,Customer Experience
CAS-00066,CUS-000043,AUR,AUR-P3-B3-00372,2025-07-05 00:00:00,Handover,Final Payment Query,Low,WhatsApp,2025-07-05 03:25:21,2025-07-08 06:16:07,Resolved,96,True,0,Positive,False,Customer Experience
CAS-00067,CUS-000062,AUR,AUR-P3-B4-00404,2025-11-19 00:00:00,Sales Experience,Response Time,Medium,In-Person,2025-11-19 02:04:01,2025-11-19 22:09:21,Resolved,48,True,0,Neutral,False,Sales
CAS-00068,CUS-000098,AUR,AUR-P2-B3-00222,2025-05-21 00:00:00,Snagging / Quality,MEP Issue,High,WhatsApp,2025-05-21 03:07:26,2025-05-21 13:17:48,Resolved,24,True,0,Neutral,False,Construction
CAS-00069,CUS-000007,AUR,AUR-P2-B2-00209,2024-08-12 00:00:00,Sales Experience,Misrepresentation Concern,Medium,Phone,2024-08-12 02:35:15,2024-08-13 07:58:20,Resolved,48,True,0,Neutral,False,Sales
CAS-00070,CUS-000016,AUR,AUR-P1-B3-00087,2026-02-25 00:00:00,General Inquiry,Amenities,Low,WhatsApp,2026-02-25 00:35:06,2026-02-27 19:55:40,Resolved,96,True,0,Negative,False,Customer Experience
CAS-00071,CUS-000168,AUR,AUR-P2-B3-00220,2025-09-15 00:00:00,Sales Experience,Response Time,Medium,In-Person,2025-09-15 00:33:25,2025-09-17 10:45:11,Resolved,48,True,0,Neutral,False,Sales
CAS-00072,CUS-000245,AUR,AUR-P3-B3-00361,2025-12-25 00:00:00,Construction Update,Progress Inquiry,Low,Customer Portal,2025-12-25 00:09:52,2025-12-28 05:18:26,Resolved,96,True,0,Neutral,False,Construction
CAS-00073,CUS-000175,AUR,AUR-P3-B1-00285,2026-01-03 00:00:00,Sales Experience,Misrepresentation Concern,Medium,Phone,2026-01-03 00:07:50,2026-01-03 19:04:41,Resolved,48,True,0,Positive,False,Sales
CAS-00074,CUS-000096,AUR,AUR-P3-B4-00408,2025-06-27 00:00:00,Construction Update,Progress Inquiry,Medium,Customer Portal,2025-06-27 00:09:15,2025-06-28 01:26:35,Resolved,48,True,0,Neutral,False,Construction
CAS-00075,CUS-000031,AUR,AUR-P1-B4-00121,2025-08-16 00:00:00,Sales Experience,Communication Quality,Medium,Customer Portal,2025-08-16 01:41:32,2025-08-18 04:54:51,Resolved,48,True,0,Neutral,False,Sales
CAS-00076,CUS-000128,AUR,AUR-P3-B4-00409,2024-12-22 00:00:00,Sales Experience,Response Time,High,WhatsApp,2024-12-22 00:05:00,2024-12-23 10:53:51,Resolved,24,True,0,Neutral,False,Sales
CAS-00077,CUS-000017,AUR,AUR-P1-B4-00124,2026-04-30 00:00:00,Construction Update,Delay Concern,High,Phone,2026-04-30 00:36:09,2026-04-30 18:11:01,Resolved,24,True,0,Negative,False,Construction
CAS-00078,CUS-000047,AUR,AUR-P2-B4-00278,2024-07-03 00:00:00,Snagging / Quality,Defect Report,Medium,Phone,2024-07-03 02:28:24,2024-07-04 06:46:54,Resolved,48,True,0,Positive,False,Construction
CAS-00079,CUS-000140,AUR,AUR-P3-B1-00286,2026-03-27 00:00:00,General Inquiry,Amenities,High,In-Person,2026-03-27 00:55:31,2026-03-28 15:33:04,Resolved,24,False,0,Neutral,False,Customer Experience
CAS-00080,CUS-000170,AUR,AUR-P2-B2-00179,2024-12-30 00:00:00,Collections,Installment Amount Query,Low,Phone,2024-12-30 03:21:43,2024-12-30 15:48:37,Resolved,96,True,0,Positive,False,Collections
CAS-00081,CUS-000065,AUR,AUR-P2-B1-00159,2026-06-29 00:00:00,Sales Experience,Response Time,Critical,Email,2026-06-29 00:39:11,2026-06-29 03:14:15,Resolved,4,True,0,Neutral,False,Sales
CAS-00082,CUS-000107,AUR,AUR-P1-B2-00059,2024-12-02 00:00:00,General Inquiry,Resale Process,Low,In-Person,2024-12-02 01:50:36,,Open,96,,0,Positive,False,Customer Experience
CAS-00083,CUS-000096,AUR,AUR-P3-B4-00408,2025-08-07 00:00:00,General Inquiry,Resale Process,Medium,Customer Portal,2025-08-07 01:53:37,2025-08-10 01:07:57,Resolved,48,True,0,Neutral,False,Customer Experience
CAS-00084,CUS-000241,AUR,AUR-P1-B2-00039,2025-12-15 00:00:00,Construction Update,Site Visit Request,Medium,Phone,2025-12-15 02:47:44,2025-12-17 05:36:11,Resolved,48,True,0,Neutral,False,Construction
CAS-00085,CUS-000047,AUR,AUR-P2-B4-00278,2025-04-05 00:00:00,Snagging / Quality,MEP Issue,Medium,In-Person,2025-04-05 01:59:40,2025-04-06 02:31:38,Resolved,48,True,0,Positive,False,Construction
CAS-00086,CUS-000086,AUR,AUR-P3-B3-00358,2024-09-01 00:00:00,Sales Experience,Misrepresentation Concern,Low,Customer Portal,2024-09-01 02:04:06,2024-09-06 01:43:19,Resolved,96,True,0,Neutral,False,Sales
CAS-00087,CUS-000039,AUR,AUR-P2-B1-00163,2025-11-08 00:00:00,Sales Experience,Response Time,Critical,Phone,2025-11-08 01:28:57,2025-11-08 04:41:18,Resolved,4,True,0,Neutral,True,Sales
CAS-00088,CUS-000244,AUR,AUR-P3-B1-00311,2024-08-23 00:00:00,General Inquiry,Resale Process,High,In-Person,2024-08-23 02:45:48,2024-08-23 21:28:29,Resolved,24,True,0,Positive,False,Customer Experience
CAS-00089,CUS-000188,AUR,AUR-P3-B2-00338,2025-09-24 00:00:00,General Inquiry,Amenities,Medium,Email,2025-09-24 01:38:56,2025-09-25 03:31:04,Resolved,48,True,0,Positive,False,Customer Experience
CAS-00090,CUS-000196,AUR,AUR-P2-B1-00154,2025-10-06 00:00:00,Sales Experience,Response Time,Medium,In-Person,2025-10-06 01:05:02,2025-10-08 01:18:34,Resolved,48,True,0,Positive,False,Sales
CAS-00091,CUS-000002,AUR,AUR-P2-B2-00183,2025-10-03 00:00:00,General Inquiry,Amenities,Low,WhatsApp,2025-10-03 01:58:49,2025-10-05 09:11:29,Resolved,96,True,0,Neutral,False,Customer Experience
CAS-00092,CUS-000098,AUR,AUR-P2-B3-00222,2025-11-16 00:00:00,General Inquiry,Amenities,Medium,Phone,2025-11-16 01:07:38,,Open,48,,0,Neutral,False,Customer Experience
CAS-00093,CUS-000180,AUR,AUR-P3-B1-00315,2026-06-07 00:00:00,Construction Update,Site Visit Request,Medium,In-Person,2026-06-07 01:24:27,2026-06-09 02:50:03,Resolved,48,True,0,Neutral,False,Construction
CAS-00094,CUS-000174,AUR,AUR-P1-B2-00037,2024-07-29 00:00:00,Handover,Final Payment Query,Low,Phone,2024-07-29 00:50:20,2024-08-03 15:36:12,Resolved,96,True,0,Positive,False,Customer Experience
CAS-00095,CUS-000189,AUR,AUR-P1-B1-00020,2025-06-10 00:00:00,General Inquiry,Amenities,Low,In-Person,2025-06-10 01:26:17,2025-06-14 11:19:28,Resolved,96,True,0,Positive,False,Customer Experience
CAS-00096,CUS-000072,AUR,AUR-P1-B2-00043,2025-04-01 00:00:00,Snagging / Quality,MEP Issue,Medium,WhatsApp,2025-04-01 01:16:01,2025-04-03 02:51:21,Resolved,48,True,0,Negative,False,Construction
CAS-00097,CUS-000230,AUR,AUR-P3-B4-00401,2024-10-11 00:00:00,Collections,Payment Plan Dispute,Medium,Customer Portal,2024-10-11 01:26:02,2024-10-12 20:54:25,Resolved,48,True,0,Neutral,False,Collections
CAS-00098,CUS-000063,AUR,AUR-P1-B2-00063,2025-10-21 00:00:00,General Inquiry,Amenities,Medium,Phone,2025-10-21 01:07:09,2025-10-21 13:15:13,Resolved,48,True,0,Negative,False,Customer Experience
CAS-00099,CUS-000108,AUR,AUR-P2-B1-00169,2026-03-18 00:00:00,General Inquiry,Amenities,High,WhatsApp,2026-03-18 01:01:12,2026-03-19 16:43:40,Resolved,24,False,0,Negative,False,Customer Experience
CAS-00100,CUS-000166,AUR,AUR-P3-B4-00388,2025-07-20 00:00:00,General Inquiry,Amenities,Low,Phone,2025-07-20 01:03:44,2025-07-23 02:13:33,Resolved,96,True,0,Positive,False,Customer Experience
CAS-00101,CUS-000085,AUR,AUR-P3-B4-00392,2024-09-10 00:00:00,Collections,Payment Plan Dispute,Critical,WhatsApp,2024-09-10 02:56:17,2024-09-10 03:56:17,Resolved,4,True,1,Negative,False,Collections
CAS-00102,CUS-000202,AUR,AUR-P1-B4-00109,2026-03-03 00:00:00,Snagging / Quality,MEP Issue,Low,Phone,2026-03-03 00:27:11,2026-03-03 21:04:13,Resolved,96,True,0,Positive,False,Construction
CAS-00103,CUS-000049,AUR,AUR-P2-B3-00230,2024-08-19 00:00:00,Construction Update,Site Visit Request,Low,In-Person,2024-08-19 02:29:06,2024-08-23 05:32:11,Resolved,96,True,0,Neutral,False,Construction
CAS-00104,CUS-000189,AUR,AUR-P1-B1-00020,2025-03-05 00:00:00,General Inquiry,Resale Process,Low,WhatsApp,2025-03-05 02:01:46,2025-03-10 03:08:18,Resolved,96,True,0,Positive,False,Customer Experience
CAS-00105,CUS-000210,AUR,AUR-P2-B3-00236,2026-06-25 00:00:00,General Inquiry,Resale Process,Medium,Customer Portal,2026-06-25 01:54:23,2026-06-25 12:49:12,Resolved,48,True,0,Positive,False,Customer Experience
CAS-00106,CUS-000126,AUR,AUR-P1-B2-00049,2026-06-09 00:00:00,Snagging / Quality,MEP Issue,Medium,Phone,2026-06-09 03:21:41,2026-06-09 16:08:31,Resolved,48,True,0,Negative,False,Construction
CAS-00107,CUS-000091,AUR,AUR-P1-B3-00099,2025-10-16 00:00:00,Sales Experience,Communication Quality,Medium,WhatsApp,2025-10-16 00:46:40,2025-10-17 09:15:12,Resolved,48,True,0,Negative,False,Sales
CAS-00108,CUS-000249,AUR,AUR-P2-B2-00185,2024-12-14 00:00:00,General Inquiry,Resale Process,Medium,Phone,2024-12-14 02:20:47,2024-12-16 06:53:49,Resolved,48,True,0,Negative,False,Customer Experience
CAS-00109,CUS-000183,AUR,AUR-P2-B3-00239,2025-10-03 00:00:00,General Inquiry,Resale Process,Medium,Customer Portal,2025-10-03 00:58:27,2025-10-04 17:17:30,Resolved,48,True,0,Neutral,False,Customer Experience
CAS-00110,CUS-000145,AUR,AUR-P3-B3-00377,2025-02-13 00:00:00,Sales Experience,Communication Quality,High,WhatsApp,2025-02-13 00:50:55,,Open,24,,0,Negative,False,Sales
CAS-00111,CUS-000045,AUR,AUR-P1-B2-00038,2025-09-29 00:00:00,General Inquiry,Resale Process,Medium,WhatsApp,2025-09-29 00:56:10,,Open,48,,0,Neutral,False,Customer Experience
CAS-00112,CUS-000101,AUR,AUR-P3-B3-00362,2024-12-05 00:00:00,Construction Update,Site Visit Request,High,WhatsApp,2024-12-05 02:33:44,,Open,24,,0,Neutral,True,Construction
CAS-00113,CUS-000234,AUR,AUR-P1-B1-00003,2026-02-12 00:00:00,Sales Experience,Communication Quality,Medium,WhatsApp,2026-02-12 01:52:47,2026-02-15 04:49:07,Resolved,48,False,0,Negative,False,Sales
CAS-00114,CUS-000035,AUR,AUR-P2-B2-00192,2025-04-10 00:00:00,Snagging / Quality,MEP Issue,Medium,Phone,2025-04-10 01:34:30,2025-04-11 16:35:06,Resolved,48,True,0,Neutral,False,Construction
CAS-00115,CUS-000134,AUR,AUR-P2-B1-00152,2026-05-06 00:00:00,Handover,Final Payment Query,High,Customer Portal,2026-05-06 01:54:57,2026-05-06 20:51:46,Resolved,24,True,1,Neutral,False,Customer Experience
CAS-00116,CUS-000186,AUR,AUR-P2-B3-00229,2025-01-13 00:00:00,Collections,Installment Amount Query,High,Email,2025-01-13 01:56:03,,Open,24,,0,Negative,True,Collections
CAS-00117,CUS-000026,AUR,AUR-P2-B3-00231,2024-07-25 00:00:00,Snagging / Quality,Finishing Quality,Critical,In-Person,2024-07-25 01:54:33,2024-07-25 07:16:56,Resolved,4,True,0,Negative,False,Construction
CAS-00118,CUS-000236,AUR,AUR-P2-B4-00269,2026-02-13 00:00:00,General Inquiry,Amenities,High,Customer Portal,2026-02-13 00:20:18,2026-02-14 22:52:22,Resolved,24,False,1,Positive,True,Customer Experience
CAS-00119,CUS-000027,AUR,AUR-P2-B2-00186,2025-12-28 00:00:00,Sales Experience,Response Time,High,WhatsApp,2025-12-28 01:50:26,2025-12-28 21:53:06,Resolved,24,True,0,Neutral,False,Sales
CAS-00120,CUS-000056,AUR,AUR-P3-B2-00343,2026-05-28 00:00:00,Collections,Late Fee Dispute,Critical,Customer Portal,2026-05-28 00:31:45,2026-05-28 02:24:16,Resolved,4,True,0,Negative,True,Collections
CAS-00121,CUS-000062,AUR,AUR-P3-B4-00404,2025-04-20 00:00:00,Sales Experience,Misrepresentation Concern,Medium,Phone,2025-04-20 01:12:49,2025-04-21 08:00:00,Resolved,48,True,0,Positive,False,Sales
CAS-00122,CUS-000229,AUR,AUR-P1-B4-00118,2025-08-14 00:00:00,Collections,Installment Amount Query,Low,Phone,2025-08-14 00:05:00,2025-08-18 03:48:10,Resolved,96,True,0,Positive,False,Collections
CAS-00123,CUS-000104,AUR,AUR-P3-B1-00299,2025-09-11 00:00:00,Sales Experience,Misrepresentation Concern,Medium,WhatsApp,2025-09-11 01:13:39,2025-09-12 01:38:08,Resolved,48,True,0,Positive,False,Sales
CAS-00124,CUS-000121,AUR,AUR-P2-B4-00256,2024-10-12 00:00:00,Snagging / Quality,Finishing Quality,Low,Customer Portal,2024-10-12 02:18:32,,Open,96,,0,Neutral,False,Construction
CAS-00125,CUS-000015,AUR,AUR-P1-B3-00082,2026-01-31 00:00:00,Snagging / Quality,MEP Issue,Medium,Customer Portal,2026-01-31 01:46:56,,Open,48,,0,Negative,False,Construction
CAS-00126,CUS-000087,AUR,AUR-P2-B2-00205,2025-02-03 00:00:00,Sales Experience,Response Time,Medium,Email,2025-02-03 00:05:00,2025-02-05 23:23:58,Resolved,48,True,0,Neutral,False,Sales
CAS-00127,CUS-000062,AUR,AUR-P3-B4-00404,2024-11-05 00:00:00,General Inquiry,Amenities,Critical,Email,2024-11-05 01:32:16,2024-11-05 02:41:18,Resolved,4,True,0,Positive,True,Customer Experience
CAS-00128,CUS-000218,AUR,AUR-P2-B2-00208,2026-03-06 00:00:00,Construction Update,Site Visit Request,Critical,WhatsApp,2026-03-06 00:28:56,2026-03-06 03:32:23,Resolved,4,True,0,Neutral,False,Construction
CAS-00129,CUS-000171,AUR,AUR-P1-B2-00036,2024-08-12 00:00:00,Construction Update,Site Visit Request,Low,In-Person,2024-08-12 01:21:53,2024-08-14 17:57:31,Resolved,96,True,0,Negative,False,Construction
CAS-00130,CUS-000073,AUR,AUR-P2-B2-00210,2026-06-03 00:00:00,Sales Experience,Response Time,Medium,In-Person,2026-06-03 01:26:10,,Open,48,,0,Positive,False,Sales
CAS-00131,CUS-000060,AUR,AUR-P2-B2-00198,2025-10-01 00:00:00,Handover,Documentation,High,Customer Portal,2025-10-01 01:36:25,2025-10-02 05:42:06,Resolved,24,True,0,Neutral,False,Customer Experience
CAS-00132,CUS-000125,AUR,AUR-P3-B2-00317,2025-07-16 00:00:00,Handover,Handover Date Concern,High,In-Person,2025-07-16 01:05:22,2025-07-16 06:11:04,Resolved,24,True,0,Neutral,False,Customer Experience
CAS-00133,CUS-000188,AUR,AUR-P3-B2-00338,2024-10-17 00:00:00,Snagging / Quality,Defect Report,Medium,WhatsApp,2024-10-17 01:46:28,2024-10-20 07:38:03,Resolved,48,False,0,Negative,False,Construction
CAS-00134,CUS-000052,AUR,AUR-P3-B2-00337,2025-01-10 00:00:00,Snagging / Quality,Finishing Quality,Medium,Phone,2025-01-10 01:47:41,2025-01-12 14:39:05,Resolved,48,True,1,Neutral,False,Construction
CAS-00135,CUS-000142,AUR,AUR-P1-B3-00072,2025-03-07 00:00:00,Handover,Final Payment Query,Medium,Phone,2025-03-07 01:11:19,,Open,48,,0,Negative,False,Customer Experience
CAS-00136,CUS-000179,AUR,AUR-P1-B1-00013,2026-02-02 00:00:00,Sales Experience,Communication Quality,Medium,Customer Portal,2026-02-02 02:20:14,2026-02-03 17:58:51,Resolved,48,True,1,Neutral,False,Sales
CAS-00137,CUS-000126,AUR,AUR-P1-B2-00049,2024-09-03 00:00:00,Sales Experience,Misrepresentation Concern,High,WhatsApp,2024-09-03 02:02:11,,Open,24,,0,Positive,True,Sales
CAS-00138,CUS-000010,AUR,AUR-P3-B1-00302,2025-06-21 00:00:00,Handover,Handover Date Concern,Medium,Phone,2025-06-21 01:38:21,2025-06-22 17:12:23,Resolved,48,True,0,Neutral,False,Customer Experience
CAS-00139,CUS-000026,AUR,AUR-P2-B3-00231,2025-01-23 00:00:00,Sales Experience,Response Time,Medium,Email,2025-01-23 00:05:00,2025-01-23 20:08:21,Resolved,48,True,0,Neutral,False,Sales
CAS-00140,CUS-000045,AUR,AUR-P1-B2-00038,2024-07-17 00:00:00,Collections,Installment Amount Query,High,WhatsApp,2024-07-17 00:44:34,2024-07-17 19:45:15,Resolved,24,True,0,Negative,False,Collections
CAS-00141,CUS-000056,AUR,AUR-P3-B2-00343,2026-02-24 00:00:00,Construction Update,Delay Concern,High,In-Person,2026-02-24 01:42:30,2026-02-25 06:05:54,Resolved,24,True,0,Negative,False,Construction
CAS-00142,CUS-000243,AUR,AUR-P2-B1-00173,2024-09-13 00:00:00,General Inquiry,Amenities,Critical,Customer Portal,2024-09-13 02:27:19,2024-09-13 03:52:02,Resolved,4,True,0,Neutral,False,Customer Experience
CAS-00143,CUS-000145,AUR,AUR-P3-B3-00377,2025-02-10 00:00:00,Construction Update,Site Visit Request,High,In-Person,2025-02-10 02:29:12,2025-02-10 16:41:23,Resolved,24,True,0,Negative,True,Construction
CAS-00144,CUS-000093,AUR,AUR-P2-B3-00212,2025-01-07 00:00:00,Collections,Installment Amount Query,High,Phone,2025-01-07 01:09:01,,Open,24,,0,Positive,True,Collections
CAS-00145,CUS-000185,AUR,AUR-P2-B3-00225,2025-01-26 00:00:00,Collections,Payment Plan Dispute,Medium,WhatsApp,2025-01-26 00:05:00,2025-01-28 22:53:41,Resolved,48,True,0,Positive,False,Collections
CAS-00146,CUS-000185,AUR,AUR-P2-B3-00225,2025-02-15 00:00:00,General Inquiry,Amenities,High,Customer Portal,2025-02-15 01:04:37,2025-02-16 04:46:44,Resolved,24,True,0,Neutral,False,Customer Experience
CAS-00147,CUS-000225,AUR,AUR-P1-B4-00122,2025-06-30 00:00:00,Handover,Documentation,Medium,Customer Portal,2025-06-30 01:32:42,2025-07-01 01:30:41,Resolved,48,True,0,Neutral,False,Customer Experience
CAS-00148,CUS-000141,AUR,AUR-P2-B4-00257,2024-10-20 00:00:00,Handover,Handover Date Concern,Low,Customer Portal,2024-10-20 00:05:00,2024-10-25 06:02:15,Resolved,96,True,0,Negative,False,Customer Experience
CAS-00149,CUS-000030,AUR,AUR-P1-B4-00137,2026-04-13 00:00:00,General Inquiry,Resale Process,Low,In-Person,2026-04-13 01:00:21,2026-04-17 09:22:21,Resolved,96,True,0,Neutral,False,Customer Experience
CAS-00150,CUS-000003,AUR,AUR-P1-B4-00134,2025-11-09 00:00:00,General Inquiry,Resale Process,Low,In-Person,2025-11-09 03:31:33,2025-11-09 13:37:55,Resolved,96,True,1,Neutral,False,Customer Experience
CAS-00151,CUS-000067,AUR,AUR-P2-B4-00251,2026-05-06 00:00:00,Sales Experience,Response Time,High,Customer Portal,2026-05-06 02:31:32,2026-05-07 02:11:49,Resolved,24,True,0,Neutral,False,Sales
CAS-00152,CUS-000063,AUR,AUR-P1-B2-00063,2025-01-27 00:00:00,General Inquiry,Amenities,High,Phone,2025-01-27 00:21:09,2025-01-27 04:47:31,Resolved,24,True,1,Neutral,True,Customer Experience
CAS-00153,CUS-000158,AUR,AUR-P2-B1-00172,2025-02-02 00:00:00,Handover,Handover Date Concern,Low,Phone,2025-02-02 02:05:03,,Open,96,,0,Positive,False,Customer Experience
CAS-00154,CUS-000031,AUR,AUR-P1-B4-00121,2025-04-12 00:00:00,Construction Update,Progress Inquiry,High,Phone,2025-04-12 00:41:47,2025-04-12 01:41:47,Resolved,24,True,0,Neutral,True,Construction
CAS-00155,CUS-000207,AUR,AUR-P1-B4-00106,2026-03-31 00:00:00,Sales Experience,Response Time,Low,Email,2026-03-31 00:57:26,2026-04-06 08:30:24,Resolved,96,False,0,Neutral,False,Sales
CAS-00156,CUS-000014,AUR,AUR-P2-B2-00189,2026-05-22 00:00:00,Snagging / Quality,Defect Report,Medium,Email,2026-05-22 00:40:34,2026-05-23 14:35:52,Resolved,48,True,0,Neutral,False,Construction
CAS-00157,CUS-000034,AUR,AUR-P3-B3-00365,2024-12-25 00:00:00,Collections,Payment Plan Dispute,Medium,Email,2024-12-25 02:12:28,2024-12-26 02:36:38,Resolved,48,True,0,Negative,False,Collections
CAS-00158,CUS-000021,AUR,AUR-P2-B4-00258,2024-11-29 00:00:00,Snagging / Quality,MEP Issue,Medium,In-Person,2024-11-29 01:14:38,,Open,48,,0,Neutral,False,Construction
CAS-00159,CUS-000064,AUR,AUR-P1-B2-00051,2025-12-23 00:00:00,Handover,Documentation,Medium,Customer Portal,2025-12-23 00:05:00,2025-12-23 05:23:20,Resolved,48,True,0,Neutral,False,Customer Experience
CAS-00160,CUS-000243,AUR,AUR-P2-B1-00173,2024-08-31 00:00:00,Sales Experience,Misrepresentation Concern,Medium,WhatsApp,2024-08-31 00:05:00,,Open,48,,0,Negative,False,Sales
CAS-00161,CUS-000008,AUR,AUR-P3-B3-00369,2024-12-14 00:00:00,Snagging / Quality,Defect Report,Medium,Customer Portal,2024-12-14 01:48:56,2024-12-15 11:39:03,Resolved,48,True,0,Positive,False,Construction
CAS-00162,CUS-000114,AUR,AUR-P2-B1-00175,2026-05-17 00:00:00,Snagging / Quality,Finishing Quality,Medium,Email,2026-05-17 01:27:28,2026-05-20 03:23:33,Resolved,48,False,0,Positive,False,Construction
CAS-00163,CUS-000096,AUR,AUR-P3-B4-00408,2025-10-02 00:00:00,General Inquiry,Resale Process,Medium,Phone,2025-10-02 00:15:44,2025-10-03 08:32:08,Resolved,48,True,0,Negative,False,Customer Experience
CAS-00164,CUS-000211,AUR,AUR-P1-B1-00017,2024-09-26 00:00:00,Sales Experience,Communication Quality,Low,In-Person,2024-09-26 02:04:10,2024-09-29 13:41:40,Resolved,96,True,0,Neutral,False,Sales
CAS-00165,CUS-000166,AUR,AUR-P3-B4-00388,2026-05-20 00:00:00,Construction Update,Site Visit Request,High,Phone,2026-05-20 01:43:46,2026-05-21 12:43:20,Resolved,24,True,0,Positive,False,Construction
CAS-00166,CUS-000031,AUR,AUR-P1-B4-00121,2025-03-06 00:00:00,Sales Experience,Misrepresentation Concern,Critical,In-Person,2025-03-06 00:37:51,2025-03-06 04:13:03,Resolved,4,True,0,Positive,True,Sales
CAS-00167,CUS-000028,AUR,AUR-P2-B3-00243,2024-09-02 00:00:00,Construction Update,Delay Concern,Low,Customer Portal,2024-09-02 01:55:45,2024-09-06 17:37:05,Resolved,96,True,0,Negative,False,Construction
CAS-00168,CUS-000072,AUR,AUR-P1-B2-00043,2024-09-16 00:00:00,Snagging / Quality,MEP Issue,Low,Customer Portal,2024-09-16 00:32:16,2024-09-23 01:10:26,Resolved,96,False,0,Neutral,False,Construction
CAS-00169,CUS-000073,AUR,AUR-P2-B2-00210,2024-07-08 00:00:00,Collections,Late Fee Dispute,Medium,Customer Portal,2024-07-08 01:42:55,2024-07-09 11:52:13,Resolved,48,True,0,Neutral,False,Collections
CAS-00170,CUS-000193,AUR,AUR-P2-B4-00264,2026-03-17 00:00:00,Collections,Late Fee Dispute,Medium,Email,2026-03-17 00:46:07,2026-03-18 12:31:49,Resolved,48,True,0,Negative,False,Collections
CAS-00171,CUS-000119,AUR,AUR-P2-B4-00259,2025-03-30 00:00:00,Sales Experience,Response Time,Medium,Phone,2025-03-30 01:43:02,2025-04-01 14:16:24,Resolved,48,True,0,Neutral,False,Sales
CAS-00172,CUS-000010,AUR,AUR-P3-B1-00302,2025-07-17 00:00:00,Snagging / Quality,Defect Report,Medium,Email,2025-07-17 01:00:38,2025-07-19 08:42:34,Resolved,48,True,0,Neutral,False,Construction
CAS-00173,CUS-000167,AUR,AUR-P2-B2-00177,2026-01-06 00:00:00,Construction Update,Progress Inquiry,High,Email,2026-01-06 01:24:18,2026-01-06 02:24:18,Resolved,24,True,0,Negative,False,Construction
CAS-00174,CUS-000011,AUR,AUR-P3-B3-00364,2025-09-12 00:00:00,General Inquiry,Amenities,Critical,Email,2025-09-12 02:32:28,2025-09-12 07:21:52,Resolved,4,True,0,Negative,False,Customer Experience
CAS-00175,CUS-000068,AUR,AUR-P2-B4-00252,2025-04-30 00:00:00,Snagging / Quality,MEP Issue,Low,Email,2025-04-30 00:05:00,2025-05-04 16:58:32,Resolved,96,True,0,Negative,False,Construction
CAS-00176,CUS-000216,AUR,AUR-P2-B3-00242,2024-07-28 00:00:00,Sales Experience,Communication Quality,High,WhatsApp,2024-07-28 00:32:49,2024-07-28 13:52:12,Resolved,24,True,0,Neutral,True,Sales
CAS-00177,CUS-000053,AUR,AUR-P1-B2-00052,2026-01-08 00:00:00,Sales Experience,Misrepresentation Concern,Low,WhatsApp,2026-01-08 01:16:42,2026-01-08 02:16:42,Resolved,96,True,1,Positive,False,Sales
CAS-00178,CUS-000107,AUR,AUR-P1-B2-00059,2025-06-23 00:00:00,Sales Experience,Communication Quality,Medium,Phone,2025-06-23 02:01:40,2025-06-24 20:33:08,Resolved,48,True,0,Neutral,False,Sales
CAS-00179,CUS-000097,AUR,AUR-P3-B3-00352,2025-02-04 00:00:00,Snagging / Quality,MEP Issue,Low,Customer Portal,2025-02-04 01:31:39,2025-02-05 03:33:07,Resolved,96,True,0,Neutral,False,Construction
CAS-00180,CUS-000121,AUR,AUR-P2-B4-00256,2025-01-17 00:00:00,Sales Experience,Misrepresentation Concern,High,In-Person,2025-01-17 01:08:00,2025-01-17 14:07:07,Resolved,24,True,0,Positive,False,Sales
CAS-00181,CUS-000134,AUR,AUR-P2-B1-00152,2025-04-02 00:00:00,Sales Experience,Communication Quality,Low,Phone,2025-04-02 00:28:49,2025-04-05 15:04:20,Resolved,96,True,0,Neutral,False,Sales
CAS-00182,CUS-000195,AUR,AUR-P2-B4-00275,2025-11-12 00:00:00,General Inquiry,Resale Process,Low,Email,2025-11-12 00:05:00,2025-11-16 22:12:08,Resolved,96,True,0,Positive,False,Customer Experience
CAS-00183,CUS-000041,AUR,AUR-P3-B3-00363,2024-09-24 00:00:00,General Inquiry,Resale Process,Low,In-Person,2024-09-24 00:34:41,2024-09-26 21:09:43,Resolved,96,True,0,Neutral,False,Customer Experience
CAS-00184,CUS-000196,AUR,AUR-P2-B1-00154,2024-09-20 00:00:00,Construction Update,Site Visit Request,Medium,Customer Portal,2024-09-20 02:12:19,2024-09-20 20:48:28,Resolved,48,True,0,Neutral,False,Construction
CAS-00185,CUS-000049,AUR,AUR-P2-B3-00230,2026-04-29 00:00:00,Sales Experience,Misrepresentation Concern,Low,Email,2026-04-29 01:09:43,2026-04-29 02:09:43,Resolved,96,True,0,Positive,False,Sales
CAS-00186,CUS-000183,AUR,AUR-P2-B3-00239,2024-11-30 00:00:00,General Inquiry,HOA / Facilities Management,Low,Email,2024-11-30 01:28:44,,Open,96,,0,Negative,False,Customer Experience
CAS-00187,CUS-000159,AUR,AUR-P2-B1-00145,2026-02-07 00:00:00,Sales Experience,Misrepresentation Concern,Critical,Email,2026-02-07 01:09:51,2026-02-07 03:01:54,Resolved,4,True,0,Positive,False,Sales
CAS-00188,CUS-000054,AUR,AUR-P3-B2-00349,2025-10-08 00:00:00,Sales Experience,Response Time,Low,Email,2025-10-08 01:38:51,2025-10-15 14:30:09,Resolved,96,False,0,Neutral,False,Sales
CAS-00189,CUS-000126,AUR,AUR-P1-B2-00049,2025-06-24 00:00:00,General Inquiry,Amenities,Medium,WhatsApp,2025-06-24 01:07:00,,Open,48,,0,Negative,False,Customer Experience
CAS-00190,CUS-000204,AUR,AUR-P2-B4-00263,2025-10-03 00:00:00,Handover,Documentation,Low,In-Person,2025-10-03 00:05:00,,Open,96,,0,Positive,False,Customer Experience
CAS-00191,CUS-000121,AUR,AUR-P2-B4-00256,2026-05-27 00:00:00,Snagging / Quality,Finishing Quality,High,Phone,2026-05-27 00:08:14,2026-05-28 03:07:54,Resolved,24,True,0,Neutral,True,Construction
CAS-00192,CUS-000088,AUR,AUR-P1-B1-00029,2026-04-06 00:00:00,Collections,Payment Plan Dispute,Low,Customer Portal,2026-04-06 02:48:00,2026-04-08 15:49:29,Resolved,96,True,0,Neutral,False,Collections
CAS-00193,CUS-000020,AUR,AUR-P1-B3-00098,2026-04-07 00:00:00,Construction Update,Delay Concern,Low,In-Person,2026-04-07 02:48:06,2026-04-09 19:16:39,Resolved,96,True,1,Positive,False,Construction
CAS-00194,CUS-000077,AUR,AUR-P2-B3-00228,2024-07-13 00:00:00,Collections,Installment Amount Query,Medium,In-Person,2024-07-13 00:36:44,2024-07-13 01:36:44,Resolved,48,True,0,Neutral,False,Collections
CAS-00195,CUS-000222,AUR,AUR-P3-B4-00393,2026-01-06 00:00:00,Sales Experience,Communication Quality,High,Customer Portal,2026-01-06 03:22:52,2026-01-06 21:08:34,Resolved,24,True,0,Positive,True,Sales
CAS-00196,CUS-000197,AUR,AUR-P2-B4-00248,2026-01-16 00:00:00,Handover,Handover Date Concern,Medium,WhatsApp,2026-01-16 02:11:39,2026-01-16 08:52:46,Resolved,48,True,0,Negative,False,Customer Experience
CAS-00197,CUS-000030,AUR,AUR-P1-B4-00137,2025-12-03 00:00:00,Sales Experience,Misrepresentation Concern,High,Phone,2025-12-03 02:46:22,,Open,24,,0,Negative,False,Sales
CAS-00198,CUS-000212,AUR,AUR-P1-B3-00076,2025-05-08 00:00:00,Construction Update,Delay Concern,Medium,WhatsApp,2025-05-08 01:32:01,2025-05-08 13:37:41,Resolved,48,True,1,Neutral,False,Construction
CAS-00199,CUS-000147,AUR,AUR-P3-B4-00389,2026-02-02 00:00:00,Sales Experience,Misrepresentation Concern,Low,Email,2026-02-02 00:05:00,2026-02-02 18:00:28,Resolved,96,True,0,Neutral,False,Sales
CAS-00200,CUS-000205,AUR,AUR-P3-B3-00360,2026-04-05 00:00:00,Collections,Late Fee Dispute,Medium,Email,2026-04-05 04:07:18,,Open,48,,0,Positive,False,Collections
CAS-00201,CUS-000101,AUR,AUR-P3-B3-00362,2025-12-26 00:00:00,Sales Experience,Misrepresentation Concern,High,Customer Portal,2025-12-26 02:18:49,2025-12-26 13:04:52,Resolved,24,True,0,Neutral,True,Sales
CAS-00202,CUS-000180,AUR,AUR-P3-B1-00315,2024-09-06 00:00:00,Snagging / Quality,MEP Issue,Medium,Email,2024-09-06 01:20:15,,Open,48,,0,Negative,False,Construction
CAS-00203,CUS-000241,AUR,AUR-P1-B2-00039,2024-12-02 00:00:00,Sales Experience,Misrepresentation Concern,High,Phone,2024-12-02 00:13:39,2024-12-03 08:12:51,Resolved,24,True,0,Neutral,False,Sales
CAS-00204,CUS-000235,AUR,AUR-P1-B2-00058,2024-07-22 00:00:00,Sales Experience,Communication Quality,High,WhatsApp,2024-07-22 02:09:04,,Open,24,,0,Neutral,False,Sales
CAS-00205,CUS-000134,AUR,AUR-P2-B1-00152,2025-12-09 00:00:00,Construction Update,Site Visit Request,Medium,Email,2025-12-09 01:33:14,2025-12-09 18:15:00,Resolved,48,True,0,Neutral,False,Construction
CAS-00206,CUS-000200,AUR,AUR-P2-B1-00156,2024-07-05 00:00:00,Sales Experience,Misrepresentation Concern,High,Customer Portal,2024-07-05 00:36:34,2024-07-05 01:36:34,Resolved,24,True,0,Negative,False,Sales
CAS-00207,CUS-000107,AUR,AUR-P1-B2-00059,2025-07-19 00:00:00,Sales Experience,Communication Quality,Medium,Phone,2025-07-19 01:59:55,2025-07-20 19:57:15,Resolved,48,True,0,Negative,False,Sales
CAS-00208,CUS-000108,AUR,AUR-P2-B1-00169,2025-03-10 00:00:00,General Inquiry,Resale Process,Medium,Customer Portal,2025-03-10 02:40:00,2025-03-11 03:02:29,Resolved,48,True,0,Neutral,False,Customer Experience
CAS-00209,CUS-000137,AUR,AUR-P1-B3-00081,2025-02-16 00:00:00,Handover,Documentation,Low,Phone,2025-02-16 00:47:55,,Open,96,,0,Positive,False,Customer Experience
CAS-00210,CUS-000072,AUR,AUR-P1-B2-00043,2025-02-07 00:00:00,Sales Experience,Response Time,Medium,Phone,2025-02-07 00:34:23,2025-02-09 12:45:59,Resolved,48,True,0,Negative,False,Sales
CAS-00211,CUS-000212,AUR,AUR-P1-B3-00076,2026-03-29 00:00:00,Construction Update,Progress Inquiry,Low,Phone,2026-03-29 00:43:24,2026-03-30 23:00:05,Resolved,96,True,0,Negative,False,Construction
CAS-00212,CUS-000167,AUR,AUR-P2-B2-00177,2024-09-23 00:00:00,Sales Experience,Response Time,Low,Customer Portal,2024-09-23 00:57:11,,Open,96,,0,Neutral,False,Sales
CAS-00213,CUS-000158,AUR,AUR-P2-B1-00172,2025-08-15 00:00:00,Construction Update,Site Visit Request,High,Phone,2025-08-15 02:28:28,2025-08-15 18:24:21,Resolved,24,True,0,Neutral,True,Construction
CAS-00214,CUS-000006,AUR,AUR-P2-B3-00241,2025-10-13 00:00:00,General Inquiry,HOA / Facilities Management,Low,Customer Portal,2025-10-13 00:30:14,2025-10-18 05:14:27,Resolved,96,True,0,Negative,False,Customer Experience
CAS-00215,CUS-000051,AUR,AUR-P3-B3-00384,2024-09-03 00:00:00,Handover,Documentation,Low,Phone,2024-09-03 01:54:16,2024-09-07 17:44:32,Resolved,96,True,1,Negative,False,Customer Experience
CAS-00216,CUS-000019,AUR,AUR-P2-B3-00214,2025-07-03 00:00:00,Sales Experience,Misrepresentation Concern,Medium,In-Person,2025-07-03 01:25:46,2025-07-03 02:25:46,Resolved,48,True,0,Negative,False,Sales
CAS-00217,CUS-000062,AUR,AUR-P3-B4-00404,2024-11-19 00:00:00,Collections,Payment Plan Dispute,Medium,In-Person,2024-11-19 00:25:15,2024-11-21 12:57:42,Resolved,48,True,0,Neutral,False,Collections
CAS-00218,CUS-000077,AUR,AUR-P2-B3-00228,2025-08-04 00:00:00,Sales Experience,Misrepresentation Concern,Critical,In-Person,2025-08-04 01:23:25,2025-08-04 03:45:22,Resolved,4,True,0,Positive,True,Sales
CAS-00219,CUS-000074,AUR,AUR-P3-B2-00347,2026-06-02 00:00:00,Sales Experience,Communication Quality,Medium,WhatsApp,2026-06-02 00:49:28,2026-06-04 10:12:35,Resolved,48,True,0,Negative,False,Sales
CAS-00220,CUS-000038,AUR,AUR-P1-B4-00119,2026-03-02 00:00:00,General Inquiry,HOA / Facilities Management,Medium,Customer Portal,2026-03-02 00:05:00,2026-03-03 09:59:57,Resolved,48,True,0,Positive,False,Customer Experience
CAS-00221,CUS-000004,AUR,AUR-P2-B4-00272,2026-04-24 00:00:00,Snagging / Quality,MEP Issue,Low,In-Person,2026-04-24 01:25:42,2026-04-24 02:25:42,Resolved,96,True,0,Negative,False,Construction
CAS-00222,CUS-000026,AUR,AUR-P2-B3-00231,2025-07-29 00:00:00,Sales Experience,Communication Quality,Low,WhatsApp,2025-07-29 00:13:10,2025-08-02 14:01:57,Resolved,96,True,0,Neutral,False,Sales
CAS-00223,CUS-000077,AUR,AUR-P2-B3-00228,2025-12-26 00:00:00,Snagging / Quality,MEP Issue,Medium,Email,2025-12-26 01:39:26,2025-12-28 11:13:00,Resolved,48,True,0,Neutral,False,Construction
CAS-00224,CUS-000195,AUR,AUR-P2-B4-00275,2025-01-29 00:00:00,Construction Update,Site Visit Request,Medium,Phone,2025-01-29 03:14:54,2025-01-31 13:40:41,Resolved,48,True,0,Positive,False,Construction
CAS-00225,CUS-000177,AUR,AUR-P3-B4-00419,2024-11-03 00:00:00,Collections,Installment Amount Query,High,Phone,2024-11-03 02:08:52,2024-11-04 08:30:25,Resolved,24,True,0,Negative,False,Collections
CAS-00226,CUS-000112,AUR,AUR-P2-B3-00240,2026-04-14 00:00:00,General Inquiry,HOA / Facilities Management,Medium,In-Person,2026-04-14 01:48:58,,Open,48,,0,Positive,False,Customer Experience
CAS-00227,CUS-000203,AUR,AUR-P3-B4-00399,2024-11-21 00:00:00,Sales Experience,Misrepresentation Concern,High,Customer Portal,2024-11-21 00:37:10,2024-11-21 19:20:03,Resolved,24,True,0,Positive,True,Sales
CAS-00228,CUS-000209,AUR,AUR-P1-B3-00090,2026-04-23 00:00:00,Collections,Payment Plan Dispute,High,WhatsApp,2026-04-23 00:45:58,2026-04-24 05:22:50,Resolved,24,True,0,Positive,True,Collections
CAS-00229,CUS-000005,AUR,AUR-P2-B1-00158,2025-01-24 00:00:00,General Inquiry,Resale Process,Medium,In-Person,2025-01-24 04:09:17,2025-01-25 23:31:39,Resolved,48,True,0,Negative,False,Customer Experience
CAS-00230,CUS-000022,AUR,AUR-P1-B2-00068,2025-03-17 00:00:00,Construction Update,Site Visit Request,Medium,Customer Portal,2025-03-17 01:48:21,2025-03-17 08:31:14,Resolved,48,True,0,Neutral,False,Construction
CAS-00231,CUS-000116,AUR,AUR-P1-B1-00027,2025-12-21 00:00:00,Sales Experience,Communication Quality,High,Phone,2025-12-21 02:38:39,2025-12-21 14:29:02,Resolved,24,True,0,Neutral,False,Sales
CAS-00232,CUS-000036,AUR,AUR-P2-B1-00155,2026-01-13 00:00:00,Sales Experience,Communication Quality,Low,In-Person,2026-01-13 00:26:53,,Open,96,,0,Neutral,False,Sales
CAS-00233,CUS-000122,AUR,AUR-P1-B4-00123,2024-11-18 00:00:00,General Inquiry,Amenities,Medium,WhatsApp,2024-11-18 01:08:29,,Open,48,,0,Neutral,False,Customer Experience
CAS-00234,CUS-000380,CST,CST-P1-B3-00550,2025-01-21 00:00:00,Construction Update,Delay Concern,Low,Customer Portal,2025-01-21 00:05:00,2025-01-23 20:31:46,Resolved,96,True,0,Negative,False,Construction
CAS-00235,CUS-000267,CST,CST-P1-B1-00456,2025-03-24 00:00:00,Construction Update,Progress Inquiry,High,Phone,2025-03-24 01:40:21,2025-03-24 23:22:08,Resolved,24,True,0,Neutral,False,Construction
CAS-00236,CUS-000255,CST,CST-P2-B3-00739,2026-02-28 00:00:00,Snagging / Quality,Finishing Quality,Medium,WhatsApp,2026-02-28 01:15:46,2026-02-28 10:05:10,Resolved,48,True,0,Neutral,False,Construction
CAS-00237,CUS-000487,CST,CST-P2-B1-00628,2024-08-16 00:00:00,Handover,Handover Date Concern,Critical,WhatsApp,2024-08-16 00:07:42,2024-08-16 03:21:27,Resolved,4,True,0,Negative,True,Customer Experience
CAS-00238,CUS-000259,CST,CST-P1-B1-00422,2025-12-20 00:00:00,General Inquiry,Resale Process,Low,Customer Portal,2025-12-20 02:08:31,2025-12-22 19:46:33,Resolved,96,True,0,Positive,False,Customer Experience
CAS-00239,CUS-000344,CST,CST-P1-B4-00582,2025-05-21 00:00:00,Handover,Final Payment Query,High,WhatsApp,2025-05-21 00:57:43,,Open,24,,0,Neutral,False,Customer Experience
CAS-00240,CUS-000356,CST,CST-P1-B2-00483,2025-05-07 00:00:00,Construction Update,Progress Inquiry,Low,Phone,2025-05-07 01:44:15,,Open,96,,0,Positive,False,Construction
CAS-00241,CUS-000315,CST,CST-P2-B4-00769,2025-09-20 00:00:00,Construction Update,Site Visit Request,Low,WhatsApp,2025-09-20 01:57:19,,Open,96,,0,Negative,False,Construction
CAS-00242,CUS-000347,CST,CST-P2-B4-00784,2025-01-22 00:00:00,Snagging / Quality,Finishing Quality,High,WhatsApp,2025-01-22 00:16:20,2025-01-22 14:32:02,Resolved,24,True,0,Neutral,True,Construction
CAS-00243,CUS-000360,CST,CST-P1-B1-00448,2026-02-09 00:00:00,Handover,Final Payment Query,Low,In-Person,2026-02-09 01:37:52,,Open,96,,0,Positive,False,Customer Experience
CAS-00244,CUS-000491,CST,CST-P1-B2-00472,2025-04-11 00:00:00,Sales Experience,Response Time,Medium,In-Person,2025-04-11 00:27:23,2025-04-11 07:01:37,Resolved,48,True,0,Negative,False,Sales
CAS-00245,CUS-000450,CST,CST-P2-B3-00741,2026-01-12 00:00:00,General Inquiry,Resale Process,Low,Phone,2026-01-12 01:29:06,,Open,96,,0,Positive,False,Customer Experience
CAS-00246,CUS-000302,CST,CST-P1-B3-00549,2025-01-17 00:00:00,Handover,Final Payment Query,High,Customer Portal,2025-01-17 01:45:58,,Open,24,,0,Neutral,True,Customer Experience
CAS-00247,CUS-000338,CST,CST-P1-B1-00452,2025-10-10 00:00:00,Construction Update,Delay Concern,Low,Phone,2025-10-10 01:28:17,,Open,96,,0,Negative,False,Construction
CAS-00248,CUS-000482,CST,CST-P1-B3-00559,2025-04-03 00:00:00,General Inquiry,HOA / Facilities Management,Low,Email,2025-04-03 01:34:41,,Open,96,,0,Negative,False,Customer Experience
CAS-00249,CUS-000411,CST,CST-P1-B3-00525,2025-07-12 00:00:00,General Inquiry,Amenities,High,Customer Portal,2025-07-12 01:24:35,2025-07-13 03:09:50,Resolved,24,True,0,Neutral,False,Customer Experience
CAS-00250,CUS-000343,CST,CST-P1-B4-00566,2024-09-12 00:00:00,Snagging / Quality,MEP Issue,Low,WhatsApp,2024-09-12 03:02:58,2024-09-14 07:46:26,Resolved,96,True,0,Positive,False,Construction
CAS-00251,CUS-000256,CST,CST-P1-B3-00551,2025-01-13 00:00:00,Collections,Installment Amount Query,Low,WhatsApp,2025-01-13 00:05:00,2025-01-15 06:37:02,Resolved,96,True,0,Positive,False,Collections
CAS-00252,CUS-000453,CST,CST-P2-B4-00782,2026-06-14 00:00:00,Construction Update,Site Visit Request,Critical,Email,2026-06-14 00:59:59,2026-06-14 05:11:36,Resolved,4,True,0,Neutral,True,Construction
CAS-00253,CUS-000439,CST,CST-P1-B3-00541,2024-12-02 00:00:00,Handover,Documentation,Medium,Phone,2024-12-02 01:42:25,2024-12-02 05:15:12,Resolved,48,True,0,Negative,False,Customer Experience
CAS-00254,CUS-000477,CST,CST-P1-B1-00421,2025-10-22 00:00:00,Construction Update,Delay Concern,Low,Customer Portal,2025-10-22 01:45:56,2025-10-26 02:13:25,Resolved,96,True,1,Positive,False,Construction
CAS-00255,CUS-000333,CST,CST-P1-B4-00577,2026-05-13 00:00:00,Construction Update,Progress Inquiry,Low,Email,2026-05-13 02:10:02,,Open,96,,0,Negative,False,Construction
CAS-00256,CUS-000413,CST,CST-P1-B2-00474,2024-08-25 00:00:00,Sales Experience,Response Time,Critical,Customer Portal,2024-08-25 02:13:54,2024-08-25 05:42:52,Resolved,4,True,1,Neutral,False,Sales
CAS-00257,CUS-000283,CST,CST-P2-B3-00737,2025-12-14 00:00:00,Collections,Payment Plan Dispute,Medium,Email,2025-12-14 01:50:19,2025-12-15 06:55:35,Resolved,48,True,0,Neutral,False,Collections
CAS-00258,CUS-000316,CST,CST-P1-B2-00494,2026-03-31 00:00:00,General Inquiry,Resale Process,Critical,In-Person,2026-03-31 03:50:25,2026-03-31 08:48:42,Resolved,4,True,0,Negative,False,Customer Experience
CAS-00259,CUS-000464,CST,CST-P2-B4-00796,2025-02-23 00:00:00,Collections,Late Fee Dispute,Low,In-Person,2025-02-23 00:05:00,2025-02-26 22:38:43,Resolved,96,True,0,Positive,False,Collections
CAS-00260,CUS-000371,CST,CST-P1-B4-00569,2025-02-22 00:00:00,General Inquiry,Amenities,Medium,Customer Portal,2025-02-22 01:29:40,,Open,48,,0,Neutral,False,Customer Experience
CAS-00261,CUS-000378,CST,CST-P1-B3-00537,2026-05-26 00:00:00,Construction Update,Progress Inquiry,Low,In-Person,2026-05-26 03:18:24,2026-05-28 21:10:01,Resolved,96,True,0,Negative,False,Construction
CAS-00262,CUS-000281,CST,CST-P1-B4-00579,2026-03-21 00:00:00,General Inquiry,HOA / Facilities Management,Medium,In-Person,2026-03-21 02:16:06,2026-03-24 00:17:45,Resolved,48,True,0,Neutral,False,Customer Experience
CAS-00263,CUS-000277,CST,CST-P2-B4-00757,2025-06-29 00:00:00,Collections,Late Fee Dispute,Low,Email,2025-06-29 01:15:05,2025-07-03 14:46:20,Resolved,96,True,0,Positive,False,Collections
CAS-00264,CUS-000314,CST,CST-P1-B2-00499,2025-09-07 00:00:00,Collections,Installment Amount Query,High,Customer Portal,2025-09-07 01:59:04,2025-09-07 11:03:23,Resolved,24,True,0,Neutral,True,Collections
CAS-00265,CUS-000326,CST,CST-P2-B2-00656,2024-12-26 00:00:00,Snagging / Quality,Finishing Quality,Low,Phone,2024-12-26 01:38:19,2024-12-29 22:55:17,Resolved,96,True,0,Neutral,False,Construction
CAS-00266,CUS-000308,CST,CST-P2-B1-00623,2025-10-22 00:00:00,General Inquiry,Resale Process,High,Customer Portal,2025-10-22 02:25:04,,Open,24,,0,Positive,True,Customer Experience
CAS-00267,CUS-000357,CST,CST-P1-B1-00460,2026-03-25 00:00:00,Sales Experience,Response Time,Medium,Customer Portal,2026-03-25 00:35:56,,Open,48,,0,Positive,False,Sales
CAS-00268,CUS-000472,CST,CST-P2-B2-00675,2025-08-31 00:00:00,Collections,Late Fee Dispute,Low,Phone,2025-08-31 00:14:49,,Open,96,,0,Neutral,False,Collections
CAS-00269,CUS-000410,CST,CST-P1-B3-00556,2025-12-15 00:00:00,Collections,Installment Amount Query,High,Email,2025-12-15 01:56:18,,Open,24,,0,Neutral,True,Collections
CAS-00270,CUS-000405,CST,CST-P1-B1-00439,2025-07-10 00:00:00,General Inquiry,Amenities,Low,WhatsApp,2025-07-10 01:59:06,2025-07-13 14:35:15,Resolved,96,True,0,Positive,False,Customer Experience
CAS-00271,CUS-000301,CST,CST-P1-B3-00524,2025-11-24 00:00:00,Snagging / Quality,Defect Report,High,Phone,2025-11-24 01:18:09,2025-11-24 19:50:58,Resolved,24,True,0,Positive,True,Construction
CAS-00272,CUS-000388,CST,CST-P2-B2-00688,2026-02-13 00:00:00,Sales Experience,Response Time,Critical,Phone,2026-02-13 00:05:00,2026-02-13 06:29:47,Resolved,4,False,0,Positive,True,Sales
CAS-00273,CUS-000427,CST,CST-P2-B4-00755,2026-01-29 00:00:00,Handover,Documentation,Low,Phone,2026-01-29 01:05:05,2026-01-31 01:33:13,Resolved,96,True,0,Positive,False,Customer Experience
CAS-00274,CUS-000434,CST,CST-P2-B1-00617,2024-08-24 00:00:00,General Inquiry,HOA / Facilities Management,Medium,Email,2024-08-24 01:18:29,,Open,48,,0,Negative,False,Customer Experience
CAS-00275,CUS-000359,CST,CST-P1-B1-00425,2024-10-11 00:00:00,General Inquiry,HOA / Facilities Management,Medium,Customer Portal,2024-10-11 02:34:17,2024-10-13 01:35:06,Resolved,48,True,0,Positive,False,Customer Experience
CAS-00276,CUS-000305,CST,CST-P2-B4-00781,2026-02-09 00:00:00,Handover,Documentation,Medium,In-Person,2026-02-09 00:05:00,,Open,48,,0,Neutral,False,Customer Experience
CAS-00277,CUS-000475,CST,CST-P2-B1-00625,2024-08-10 00:00:00,Construction Update,Site Visit Request,Critical,In-Person,2024-08-10 01:41:58,2024-08-10 07:11:17,Resolved,4,True,0,Positive,False,Construction
CAS-00278,CUS-000294,CST,CST-P1-B3-00522,2025-06-23 00:00:00,Snagging / Quality,Finishing Quality,Medium,Phone,2025-06-23 00:05:00,,Open,48,,0,Positive,False,Construction
CAS-00279,CUS-000275,CST,CST-P1-B3-00532,2025-10-22 00:00:00,Construction Update,Site Visit Request,Critical,Email,2025-10-22 02:04:20,2025-10-22 03:04:20,Resolved,4,True,0,Neutral,True,Construction
CAS-00280,CUS-000274,CST,CST-P2-B4-00765,2026-06-24 00:00:00,Handover,Handover Date Concern,Low,Customer Portal,2026-06-24 01:43:53,2026-06-26 03:34:12,Resolved,96,True,0,Negative,False,Customer Experience
CAS-00281,CUS-000465,CST,CST-P2-B2-00679,2025-04-26 00:00:00,Construction Update,Delay Concern,High,Phone,2025-04-26 02:26:44,2025-04-27 02:41:18,Resolved,24,True,0,Positive,False,Construction
CAS-00282,CUS-000419,CST,CST-P1-B4-00576,2026-06-25 00:00:00,Collections,Installment Amount Query,Low,In-Person,2026-06-25 02:36:25,,Open,96,,0,Neutral,False,Collections
CAS-00283,CUS-000397,CST,CST-P2-B4-00770,2025-11-26 00:00:00,Construction Update,Delay Concern,Medium,Customer Portal,2025-11-26 03:02:01,2025-11-29 06:32:52,Resolved,48,False,0,Negative,False,Construction
CAS-00284,CUS-000304,CST,CST-P1-B4-00593,2025-10-14 00:00:00,Collections,Installment Amount Query,Low,WhatsApp,2025-10-14 00:05:00,,Open,96,,0,Negative,False,Collections
CAS-00285,CUS-000408,CST,CST-P1-B4-00564,2024-10-26 00:00:00,General Inquiry,Amenities,Medium,WhatsApp,2024-10-26 01:28:12,2024-10-28 01:31:45,Resolved,48,True,0,Positive,False,Customer Experience
CAS-00286,CUS-000447,CST,CST-P1-B1-00430,2025-05-28 00:00:00,General Inquiry,Resale Process,Low,WhatsApp,2025-05-28 00:54:03,2025-06-01 17:30:01,Resolved,96,True,0,Negative,False,Customer Experience
CAS-00287,CUS-000468,CST,CST-P2-B3-00723,2026-02-23 00:00:00,General Inquiry,Amenities,Medium,Email,2026-02-23 02:38:03,2026-02-25 20:45:34,Resolved,48,True,0,Negative,False,Customer Experience
CAS-00288,CUS-000392,CST,CST-P1-B3-00542,2025-01-25 00:00:00,General Inquiry,Resale Process,Medium,WhatsApp,2025-01-25 01:37:45,2025-01-25 10:07:21,Resolved,48,True,0,Neutral,False,Customer Experience
CAS-00289,CUS-000471,CST,CST-P2-B3-00721,2024-09-24 00:00:00,General Inquiry,Amenities,Medium,WhatsApp,2024-09-24 01:26:31,2024-09-24 14:02:10,Resolved,48,True,0,Negative,False,Customer Experience
CAS-00290,CUS-000381,CST,CST-P1-B4-00602,2025-07-10 00:00:00,Sales Experience,Response Time,Low,WhatsApp,2025-07-10 01:19:17,2025-07-16 00:08:45,Resolved,96,True,0,Neutral,False,Sales
CAS-00291,CUS-000334,CST,CST-P1-B1-00447,2025-08-08 00:00:00,Sales Experience,Response Time,High,WhatsApp,2025-08-08 00:05:00,2025-08-09 06:20:39,Resolved,24,True,0,Positive,False,Sales
CAS-00292,CUS-000394,CST,CST-P2-B3-00705,2026-04-04 00:00:00,Collections,Installment Amount Query,High,Customer Portal,2026-04-04 00:05:00,2026-04-04 21:20:38,Resolved,24,True,0,Neutral,True,Collections
CAS-00293,CUS-000330,CST,CST-P1-B4-00600,2024-09-23 00:00:00,Snagging / Quality,Finishing Quality,High,In-Person,2024-09-23 00:22:53,,Open,24,,0,Neutral,False,Construction
CAS-00294,CUS-000365,CST,CST-P2-B3-00704,2024-12-30 00:00:00,Construction Update,Delay Concern,Medium,In-Person,2024-12-30 00:48:41,2024-12-31 20:57:37,Resolved,48,True,0,Negative,False,Construction
CAS-00295,CUS-000288,CST,CST-P2-B4-00768,2025-03-13 00:00:00,General Inquiry,Resale Process,Low,In-Person,2025-03-13 01:26:12,2025-03-16 05:10:57,Resolved,96,True,0,Positive,False,Customer Experience
CAS-00296,CUS-000474,CST,CST-P1-B1-00451,2026-02-28 00:00:00,General Inquiry,Resale Process,Medium,Customer Portal,2026-02-28 02:08:24,,Open,48,,0,Neutral,False,Customer Experience
CAS-00297,CUS-000373,CST,CST-P1-B2-00485,2024-07-02 00:00:00,Construction Update,Delay Concern,Medium,Customer Portal,2024-07-02 02:49:43,2024-07-04 05:00:20,Resolved,48,True,0,Neutral,False,Construction
CAS-00298,CUS-000385,CST,CST-P2-B3-00730,2025-10-05 00:00:00,General Inquiry,Amenities,Medium,Email,2025-10-05 00:30:07,,Open,48,,0,Positive,False,Customer Experience
CAS-00299,CUS-000384,CST,CST-P1-B2-00514,2025-06-23 00:00:00,Sales Experience,Communication Quality,Low,Email,2025-06-23 01:44:08,,Open,96,,0,Neutral,False,Sales
CAS-00300,CUS-000362,CST,CST-P2-B3-00735,2025-03-19 00:00:00,Construction Update,Progress Inquiry,High,Email,2025-03-19 00:05:00,2025-03-19 06:03:24,Resolved,24,True,0,Neutral,False,Construction
CAS-00301,CUS-000461,CST,CST-P1-B2-00486,2025-05-30 00:00:00,Construction Update,Progress Inquiry,Critical,Customer Portal,2025-05-30 02:27:06,2025-05-30 03:27:06,Resolved,4,True,1,Neutral,False,Construction
CAS-00302,CUS-000260,CST,CST-P2-B1-00610,2025-11-13 00:00:00,General Inquiry,HOA / Facilities Management,Medium,WhatsApp,2025-11-13 00:47:32,2025-11-14 15:59:54,Resolved,48,True,0,Neutral,False,Customer Experience
CAS-00303,CUS-000452,CST,CST-P1-B4-00601,2025-07-03 00:00:00,Snagging / Quality,Defect Report,Critical,Phone,2025-07-03 00:05:00,2025-07-03 05:14:13,Resolved,4,True,0,Positive,False,Construction
CAS-00304,CUS-000300,CST,CST-P1-B4-00584,2025-04-02 00:00:00,Handover,Handover Date Concern,Medium,Phone,2025-04-02 01:11:48,2025-04-04 02:22:15,Resolved,48,True,1,Neutral,False,Customer Experience
CAS-00305,CUS-000258,CST,CST-P1-B1-00445,2025-08-20 00:00:00,Construction Update,Progress Inquiry,Medium,In-Person,2025-08-20 02:15:25,2025-08-20 21:27:25,Resolved,48,True,0,Neutral,False,Construction
CAS-00306,CUS-000438,CST,CST-P2-B4-00779,2026-06-29 00:00:00,Handover,Documentation,High,Phone,2026-06-29 00:17:22,2026-06-29 01:17:22,Resolved,24,True,0,Negative,False,Customer Experience
CAS-00307,CUS-000425,CST,CST-P1-B2-00509,2026-02-23 00:00:00,Construction Update,Site Visit Request,High,WhatsApp,2026-02-23 01:39:21,2026-02-23 15:30:45,Resolved,24,True,0,Neutral,False,Construction
CAS-00308,CUS-000401,CST,CST-P2-B4-00774,2025-10-13 00:00:00,Handover,Documentation,Critical,Phone,2025-10-13 02:04:27,2025-10-13 03:04:27,Resolved,4,True,0,Neutral,True,Customer Experience
CAS-00309,CUS-000376,CST,CST-P2-B4-00754,2024-08-27 00:00:00,General Inquiry,Amenities,High,Email,2024-08-27 01:00:41,2024-08-27 19:12:13,Resolved,24,True,0,Positive,True,Customer Experience
CAS-00310,CUS-000446,CST,CST-P2-B2-00674,2025-12-09 00:00:00,General Inquiry,Resale Process,High,In-Person,2025-12-09 02:10:51,2025-12-09 12:43:24,Resolved,24,True,0,Positive,True,Customer Experience
CAS-00311,CUS-000319,CST,CST-P1-B2-00501,2024-08-22 00:00:00,Collections,Payment Plan Dispute,Critical,Email,2024-08-22 01:23:52,2024-08-22 02:23:52,Resolved,4,True,0,Neutral,False,Collections
CAS-00312,CUS-000441,CST,CST-P2-B1-00641,2025-09-09 00:00:00,Collections,Late Fee Dispute,Low,WhatsApp,2025-09-09 01:00:57,2025-09-10 22:46:56,Resolved,96,True,0,Negative,False,Collections
CAS-00313,CUS-000400,CST,CST-P1-B2-00479,2026-05-14 00:00:00,General Inquiry,HOA / Facilities Management,Low,WhatsApp,2026-05-14 00:16:33,2026-05-16 17:29:43,Resolved,96,True,1,Negative,False,Customer Experience
CAS-00314,CUS-000485,CST,CST-P1-B4-00604,2025-06-08 00:00:00,Sales Experience,Misrepresentation Concern,High,Email,2025-06-08 01:11:43,,Open,24,,0,Neutral,True,Sales
CAS-00315,CUS-000271,CST,CST-P2-B2-00691,2026-01-30 00:00:00,General Inquiry,HOA / Facilities Management,Medium,Phone,2026-01-30 00:05:00,2026-02-02 18:21:20,Resolved,48,False,0,Positive,False,Customer Experience
CAS-00316,CUS-000444,CST,CST-P2-B1-00653,2025-12-14 00:00:00,Collections,Late Fee Dispute,Medium,Phone,2025-12-14 01:35:03,2025-12-15 19:27:15,Resolved,48,True,0,Negative,False,Collections
CAS-00317,CUS-000375,CST,CST-P1-B2-00511,2026-06-24 00:00:00,General Inquiry,HOA / Facilities Management,Medium,Email,2026-06-24 00:56:50,2026-06-25 02:57:39,Resolved,48,True,0,Positive,False,Customer Experience
CAS-00318,CUS-000303,CST,CST-P2-B1-00649,2025-01-22 00:00:00,General Inquiry,HOA / Facilities Management,Medium,WhatsApp,2025-01-22 00:31:07,2025-01-22 20:35:00,Resolved,48,True,0,Positive,False,Customer Experience
CAS-00319,CUS-000273,CST,CST-P1-B1-00427,2025-11-25 00:00:00,Collections,Installment Amount Query,Critical,Customer Portal,2025-11-25 01:20:49,2025-11-25 02:20:49,Resolved,4,True,0,Neutral,False,Collections
CAS-00320,CUS-000290,CST,CST-P1-B4-00583,2025-07-31 00:00:00,Snagging / Quality,Defect Report,Medium,WhatsApp,2025-07-31 00:05:00,2025-07-31 09:59:22,Resolved,48,True,0,Neutral,False,Construction
CAS-00321,CUS-000389,CST,CST-P2-B2-00680,2025-05-05 00:00:00,Construction Update,Site Visit Request,Medium,Phone,2025-05-05 02:54:21,2025-05-07 14:03:33,Resolved,48,True,0,Positive,False,Construction
CAS-00322,CUS-000355,CST,CST-P2-B4-00751,2026-03-10 00:00:00,Collections,Installment Amount Query,Medium,Email,2026-03-10 01:53:08,2026-03-11 11:25:59,Resolved,48,True,0,Neutral,False,Collections
CAS-00323,CUS-000466,CST,CST-P2-B2-00702,2024-09-23 00:00:00,General Inquiry,Amenities,Medium,Email,2024-09-23 01:25:58,2024-09-24 20:53:13,Resolved,48,True,0,Neutral,False,Customer Experience
CAS-00324,CUS-000335,CST,CST-P2-B2-00685,2026-04-20 00:00:00,Sales Experience,Communication Quality,Medium,In-Person,2026-04-20 02:55:56,2026-04-21 06:49:39,Resolved,48,True,0,Positive,False,Sales
CAS-00325,CUS-000311,CST,CST-P2-B1-00612,2025-11-17 00:00:00,General Inquiry,Amenities,Medium,Phone,2025-11-17 01:37:32,2025-11-17 15:39:44,Resolved,48,True,0,Positive,False,Customer Experience
CAS-00326,CUS-000462,CST,CST-P1-B1-00450,2025-08-13 00:00:00,Snagging / Quality,Finishing Quality,Low,Phone,2025-08-13 01:02:10,2025-08-17 22:36:03,Resolved,96,True,0,Positive,False,Construction
CAS-00327,CUS-000351,CST,CST-P2-B2-00697,2025-12-08 00:00:00,Snagging / Quality,Defect Report,High,Email,2025-12-08 01:05:43,,Open,24,,0,Neutral,True,Construction
CAS-00328,CUS-000339,CST,CST-P1-B2-00480,2025-12-29 00:00:00,General Inquiry,Resale Process,Low,WhatsApp,2025-12-29 00:05:00,2025-12-31 11:41:15,Resolved,96,True,0,Positive,False,Customer Experience
CAS-00329,CUS-000257,CST,CST-P1-B3-00519,2025-02-15 00:00:00,General Inquiry,HOA / Facilities Management,Low,In-Person,2025-02-15 00:16:54,,Open,96,,0,Neutral,False,Customer Experience
CAS-00330,CUS-000323,CST,CST-P1-B4-00562,2025-08-17 00:00:00,Sales Experience,Misrepresentation Concern,Critical,WhatsApp,2025-08-17 01:48:36,2025-08-17 05:53:13,Resolved,4,True,0,Positive,False,Sales
CAS-00331,CUS-000457,CST,CST-P2-B3-00720,2025-06-22 00:00:00,Collections,Installment Amount Query,Low,Phone,2025-06-22 02:55:16,,Open,96,,0,Positive,False,Collections
CAS-00332,CUS-000349,CST,CST-P2-B2-00673,2025-12-31 00:00:00,Snagging / Quality,Defect Report,Low,In-Person,2025-12-31 01:10:44,,Open,96,,0,Positive,False,Construction
CAS-00333,CUS-000443,CST,CST-P1-B4-00586,2024-10-09 00:00:00,Snagging / Quality,MEP Issue,Low,In-Person,2024-10-09 01:04:37,2024-10-12 23:33:45,Resolved,96,True,1,Positive,False,Construction
CAS-00334,CUS-000276,CST,CST-P2-B1-00609,2025-11-05 00:00:00,Handover,Final Payment Query,High,In-Person,2025-11-05 03:24:48,2025-11-05 23:28:05,Resolved,24,True,0,Neutral,False,Customer Experience
CAS-00335,CUS-000484,CST,CST-P1-B3-00544,2026-01-21 00:00:00,General Inquiry,Resale Process,High,Phone,2026-01-21 00:59:19,2026-01-21 05:22:28,Resolved,24,True,0,Negative,False,Customer Experience
CAS-00336,CUS-000483,CST,CST-P1-B4-00588,2025-03-29 00:00:00,Sales Experience,Response Time,Medium,Email,2025-03-29 00:26:07,,Open,48,,0,Neutral,False,Sales
CAS-00337,CUS-000309,CST,CST-P1-B3-00543,2025-01-12 00:00:00,Handover,Handover Date Concern,High,In-Person,2025-01-12 01:16:19,2025-01-13 03:05:01,Resolved,24,True,0,Neutral,False,Customer Experience
CAS-00338,CUS-000353,CST,CST-P1-B2-00490,2024-07-20 00:00:00,General Inquiry,Amenities,High,In-Person,2024-07-20 01:44:27,2024-07-20 17:33:30,Resolved,24,True,0,Neutral,True,Customer Experience
CAS-00339,CUS-000454,CST,CST-P1-B1-00466,2025-04-22 00:00:00,General Inquiry,Amenities,High,In-Person,2025-04-22 00:59:53,2025-04-23 03:19:11,Resolved,24,True,0,Negative,True,Customer Experience
CAS-00340,CUS-000350,CST,CST-P1-B1-00429,2024-11-18 00:00:00,General Inquiry,Amenities,Low,In-Person,2024-11-18 01:14:54,2024-11-18 12:38:11,Resolved,96,True,0,Positive,False,Customer Experience
CAS-00341,CUS-000391,CST,CST-P2-B1-00632,2025-08-24 00:00:00,Snagging / Quality,MEP Issue,Critical,Customer Portal,2025-08-24 02:43:16,2025-08-24 09:42:47,Resolved,4,False,0,Neutral,True,Construction
CAS-00342,CUS-000473,CST,CST-P2-B2-00693,2025-03-10 00:00:00,Snagging / Quality,MEP Issue,Critical,Phone,2025-03-10 00:39:23,2025-03-10 01:39:23,Resolved,4,True,0,Positive,True,Construction
CAS-00343,CUS-000306,CST,CST-P1-B4-00599,2024-10-09 00:00:00,Collections,Late Fee Dispute,High,Customer Portal,2024-10-09 02:44:11,2024-10-09 07:14:05,Resolved,24,True,0,Negative,True,Collections
CAS-00344,CUS-000437,CST,CST-P2-B3-00729,2024-07-28 00:00:00,Snagging / Quality,Defect Report,Low,Customer Portal,2024-07-28 01:06:11,2024-08-03 12:49:49,Resolved,96,False,0,Neutral,False,Construction
CAS-00345,CUS-000337,CST,CST-P2-B2-00667,2024-08-21 00:00:00,Sales Experience,Misrepresentation Concern,Low,In-Person,2024-08-21 01:31:15,2024-08-25 11:06:22,Resolved,96,True,0,Negative,False,Sales
CAS-00346,CUS-000269,CST,CST-P2-B1-00631,2025-11-23 00:00:00,General Inquiry,HOA / Facilities Management,Medium,Customer Portal,2025-11-23 00:32:33,2025-11-26 13:56:16,Resolved,48,False,0,Neutral,False,Customer Experience
CAS-00347,CUS-000354,CST,CST-P1-B2-00498,2025-04-19 00:00:00,Collections,Payment Plan Dispute,Medium,WhatsApp,2025-04-19 00:44:31,,Open,48,,0,Negative,False,Collections
CAS-00348,CUS-000480,CST,CST-P2-B3-00743,2025-02-17 00:00:00,General Inquiry,Amenities,High,Email,2025-02-17 00:49:48,2025-02-17 09:16:50,Resolved,24,True,0,Neutral,True,Customer Experience
CAS-00349,CUS-000433,CST,CST-P1-B4-00592,2024-09-20 00:00:00,Construction Update,Delay Concern,Low,WhatsApp,2024-09-20 04:01:45,2024-09-22 20:54:18,Resolved,96,True,0,Neutral,False,Construction
CAS-00350,CUS-000428,CST,CST-P2-B1-00614,2025-10-02 00:00:00,Handover,Handover Date Concern,Medium,Customer Portal,2025-10-02 02:43:22,2025-10-02 03:43:22,Resolved,48,True,0,Negative,False,Customer Experience
CAS-00351,CUS-000340,CST,CST-P1-B3-00515,2026-02-08 00:00:00,General Inquiry,HOA / Facilities Management,Low,Customer Portal,2026-02-08 00:33:51,2026-02-11 17:54:07,Resolved,96,True,0,Neutral,False,Customer Experience
CAS-00352,CUS-000364,CST,CST-P1-B2-00512,2025-01-25 00:00:00,Snagging / Quality,Defect Report,Critical,Email,2025-01-25 01:28:49,,Open,4,,0,Positive,True,Construction
CAS-00353,CUS-000402,CST,CST-P2-B1-00624,2025-11-11 00:00:00,Construction Update,Delay Concern,Low,Customer Portal,2025-11-11 00:39:25,,Open,96,,0,Neutral,False,Construction
CAS-00354,CUS-000307,CST,CST-P2-B2-00677,2025-03-31 00:00:00,Construction Update,Progress Inquiry,Low,Phone,2025-03-31 00:41:51,2025-04-04 05:19:42,Resolved,96,True,0,Neutral,False,Construction
CAS-00355,CUS-000317,CST,CST-P2-B3-00715,2025-11-16 00:00:00,Snagging / Quality,Finishing Quality,High,WhatsApp,2025-11-16 02:08:59,2025-11-17 00:05:59,Resolved,24,True,0,Neutral,False,Construction
CAS-00356,CUS-000377,CST,CST-P1-B2-00493,2025-03-01 00:00:00,Collections,Late Fee Dispute,Medium,In-Person,2025-03-01 01:11:32,2025-03-01 09:38:50,Resolved,48,True,0,Neutral,False,Collections
CAS-00357,CUS-000367,CST,CST-P2-B4-00771,2025-03-07 00:00:00,General Inquiry,Resale Process,Medium,In-Person,2025-03-07 01:00:15,2025-03-10 00:09:16,Resolved,48,True,0,Negative,False,Customer Experience
CAS-00358,CUS-000291,CST,CST-P1-B2-00470,2025-05-28 00:00:00,Construction Update,Site Visit Request,High,WhatsApp,2025-05-28 00:26:40,2025-05-28 05:56:23,Resolved,24,True,0,Positive,False,Construction
CAS-00359,CUS-000448,CST,CST-P1-B1-00463,2025-04-15 00:00:00,General Inquiry,Resale Process,Low,Customer Portal,2025-04-15 00:22:13,2025-04-19 06:52:22,Resolved,96,True,0,Neutral,False,Customer Experience
CAS-00360,CUS-000293,CST,CST-P2-B2-00663,2025-10-28 00:00:00,Snagging / Quality,MEP Issue,Medium,In-Person,2025-10-28 00:27:33,2025-10-29 07:19:27,Resolved,48,True,0,Positive,False,Construction
CAS-00361,CUS-000263,CST,CST-P2-B3-00725,2026-06-14 00:00:00,Snagging / Quality,Finishing Quality,High,Customer Portal,2026-06-14 00:05:00,2026-06-14 23:42:41,Resolved,24,True,0,Negative,True,Construction
CAS-00362,CUS-000383,CST,CST-P1-B2-00505,2025-01-10 00:00:00,Collections,Late Fee Dispute,High,Email,2025-01-10 01:39:04,2025-01-10 14:30:00,Resolved,24,True,0,Neutral,True,Collections
CAS-00363,CUS-000398,CST,CST-P2-B1-00622,2025-05-16 00:00:00,Sales Experience,Communication Quality,Medium,WhatsApp,2025-05-16 01:37:53,2025-05-17 16:48:37,Resolved,48,True,0,Negative,False,Sales
CAS-00364,CUS-000261,CST,CST-P1-B2-00508,2026-04-05 00:00:00,Construction Update,Site Visit Request,Critical,In-Person,2026-04-05 01:43:52,2026-04-05 04:24:59,Resolved,4,True,0,Negative,True,Construction
CAS-00365,CUS-000449,CST,CST-P2-B1-00655,2025-10-15 00:00:00,General Inquiry,Resale Process,Medium,Email,2025-10-15 01:45:09,2025-10-16 14:15:01,Resolved,48,True,0,Positive,False,Customer Experience
CAS-00366,CUS-000463,CST,CST-P1-B2-00476,2024-07-30 00:00:00,General Inquiry,Amenities,Medium,WhatsApp,2024-07-30 02:13:39,2024-07-31 22:38:05,Resolved,48,True,0,Neutral,False,Customer Experience
CAS-00367,CUS-000489,CST,CST-P2-B1-00620,2024-12-18 00:00:00,Handover,Final Payment Query,Low,Phone,2024-12-18 02:52:01,2024-12-22 11:51:16,Resolved,96,True,1,Negative,False,Customer Experience
CAS-00368,CUS-000442,CST,CST-P2-B3-00714,2024-12-22 00:00:00,General Inquiry,Resale Process,Medium,Customer Portal,2024-12-22 02:27:27,2024-12-22 20:05:11,Resolved,48,True,0,Negative,False,Customer Experience
CAS-00369,CUS-000390,CST,CST-P1-B3-00555,2024-12-27 00:00:00,Sales Experience,Response Time,Low,Email,2024-12-27 03:50:55,2025-01-01 19:46:25,Resolved,96,True,0,Positive,False,Sales
CAS-00370,CUS-000423,CST,CST-P1-B3-00529,2026-03-01 00:00:00,Handover,Documentation,Low,Phone,2026-03-01 02:50:24,2026-03-05 23:13:24,Resolved,96,True,0,Neutral,False,Customer Experience
CAS-00371,CUS-000460,CST,CST-P2-B3-00722,2025-12-16 00:00:00,Collections,Late Fee Dispute,Low,Phone,2025-12-16 01:32:48,,Open,96,,0,Neutral,False,Collections
CAS-00372,CUS-000430,CST,CST-P1-B4-00581,2025-07-24 00:00:00,Collections,Late Fee Dispute,Low,WhatsApp,2025-07-24 01:19:59,2025-07-25 08:58:59,Resolved,96,True,0,Negative,False,Collections
CAS-00373,CUS-000345,CST,CST-P2-B1-00626,2026-05-08 00:00:00,Construction Update,Progress Inquiry,Medium,WhatsApp,2026-05-08 00:31:30,2026-05-08 13:17:57,Resolved,48,True,0,Positive,False,Construction
CAS-00374,CUS-000386,CST,CST-P1-B1-00446,2024-11-09 00:00:00,Snagging / Quality,MEP Issue,Low,Email,2024-11-09 01:58:34,2024-11-14 16:47:17,Resolved,96,True,0,Negative,False,Construction
CAS-00375,CUS-000409,CST,CST-P1-B1-00435,2025-07-31 00:00:00,Handover,Handover Date Concern,High,In-Person,2025-07-31 01:06:22,2025-07-31 13:30:40,Resolved,24,True,0,Neutral,True,Customer Experience
CAS-00376,CUS-000422,CST,CST-P2-B2-00682,2025-05-17 00:00:00,Collections,Installment Amount Query,Medium,Customer Portal,2025-05-17 01:45:22,2025-05-18 21:11:46,Resolved,48,True,0,Neutral,False,Collections
CAS-00377,CUS-000404,CST,CST-P2-B2-00678,2025-12-29 00:00:00,General Inquiry,HOA / Facilities Management,High,Phone,2025-12-29 00:36:32,,Open,24,,0,Neutral,False,Customer Experience
CAS-00378,CUS-000370,CST,CST-P1-B4-00574,2026-04-29 00:00:00,Sales Experience,Communication Quality,Medium,Phone,2026-04-29 03:23:09,2026-04-30 23:00:36,Resolved,48,True,0,Positive,False,Sales
CAS-00379,CUS-000363,CST,CST-P1-B1-00428,2025-03-02 00:00:00,Sales Experience,Misrepresentation Concern,Low,Email,2025-03-02 00:16:50,,Open,96,,0,Neutral,False,Sales
CAS-00380,CUS-000298,CST,CST-P2-B3-00736,2025-10-18 00:00:00,General Inquiry,HOA / Facilities Management,Low,Email,2025-10-18 03:11:20,,Open,96,,0,Positive,False,Customer Experience
CAS-00381,CUS-000417,CST,CST-P2-B2-00669,2024-09-11 00:00:00,Handover,Documentation,Critical,Customer Portal,2024-09-11 00:59:49,2024-09-11 04:02:13,Resolved,4,True,0,Neutral,True,Customer Experience
CAS-00382,CUS-000415,CST,CST-P2-B1-00642,2024-12-01 00:00:00,Handover,Handover Date Concern,Medium,In-Person,2024-12-01 01:10:02,2024-12-01 17:43:02,Resolved,48,True,1,Neutral,False,Customer Experience
CAS-00383,CUS-000295,CST,CST-P1-B2-00507,2025-05-22 00:00:00,General Inquiry,Resale Process,High,In-Person,2025-05-22 01:44:42,2025-05-22 23:14:13,Resolved,24,True,0,Positive,False,Customer Experience
CAS-00384,CUS-000508,VTX,VTX-P2-B4-01045,2024-10-30 00:00:00,Collections,Installment Amount Query,Medium,Customer Portal,2024-10-30 00:05:00,2024-10-31 01:30:24,Resolved,48,True,0,Neutral,False,Collections
CAS-00385,CUS-000594,VTX,VTX-P1-B1-00806,2024-08-18 00:00:00,Handover,Final Payment Query,Medium,Phone,2024-08-18 02:08:43,2024-08-19 17:22:50,Resolved,48,True,0,Positive,False,Customer Experience
CAS-00386,CUS-000665,VTX,VTX-P1-B2-00854,2025-09-18 00:00:00,Collections,Payment Plan Dispute,High,In-Person,2025-09-18 00:05:00,,Open,24,,0,Neutral,True,Collections
CAS-00387,CUS-000538,VTX,VTX-P2-B3-00996,2024-12-15 00:00:00,General Inquiry,HOA / Facilities Management,Low,In-Person,2024-12-15 01:11:10,2024-12-19 21:37:06,Resolved,96,True,0,Negative,False,Customer Experience
CAS-00388,CUS-000529,VTX,VTX-P2-B4-01025,2026-06-18 00:00:00,Construction Update,Delay Concern,Low,Customer Portal,2026-06-18 01:24:47,2026-06-21 05:09:53,Resolved,96,True,0,Negative,False,Construction
CAS-00389,CUS-000585,VTX,VTX-P1-B1-00809,2026-04-03 00:00:00,Collections,Payment Plan Dispute,High,WhatsApp,2026-04-03 00:05:00,2026-04-04 04:00:50,Resolved,24,True,0,Neutral,False,Collections
CAS-00390,CUS-000626,VTX,VTX-P1-B1-00827,2025-03-23 00:00:00,Snagging / Quality,Finishing Quality,Medium,In-Person,2025-03-23 00:56:56,2025-03-26 14:05:25,Resolved,48,False,0,Neutral,False,Construction
CAS-00391,CUS-000582,VTX,VTX-P1-B2-00838,2025-06-16 00:00:00,Handover,Documentation,Medium,Phone,2025-06-16 00:05:00,2025-06-18 17:52:18,Resolved,48,True,0,Neutral,False,Customer Experience
CAS-00392,CUS-000602,VTX,VTX-P2-B3-00993,2024-08-12 00:00:00,Handover,Handover Date Concern,Low,Customer Portal,2024-08-12 02:54:21,2024-08-17 02:10:25,Resolved,96,True,0,Positive,False,Customer Experience
CAS-00393,CUS-000604,VTX,VTX-P2-B4-01030,2025-05-27 00:00:00,Handover,Handover Date Concern,High,WhatsApp,2025-05-27 00:05:00,2025-05-27 21:44:41,Resolved,24,True,0,Negative,False,Customer Experience
CAS-00394,CUS-000544,VTX,VTX-P1-B3-00877,2025-04-04 00:00:00,Handover,Documentation,Medium,Phone,2025-04-04 00:48:52,2025-04-05 12:27:14,Resolved,48,True,0,Neutral,False,Customer Experience
CAS-00395,CUS-000656,VTX,VTX-P2-B3-01010,2025-06-29 00:00:00,Construction Update,Delay Concern,Low,Phone,2025-06-29 03:01:00,,Open,96,,0,Positive,False,Construction
CAS-00396,CUS-000512,VTX,VTX-P2-B2-00988,2026-01-23 00:00:00,Collections,Late Fee Dispute,Medium,Email,2026-01-23 01:36:21,,Open,48,,0,Neutral,False,Collections
CAS-00397,CUS-000520,VTX,VTX-P2-B4-01050,2026-03-11 00:00:00,Sales Experience,Misrepresentation Concern,Medium,Email,2026-03-11 01:39:31,2026-03-11 05:32:43,Resolved,48,True,0,Negative,False,Sales
CAS-00398,CUS-000558,VTX,VTX-P1-B3-00888,2026-02-23 00:00:00,General Inquiry,HOA / Facilities Management,Medium,Phone,2026-02-23 01:00:49,2026-02-24 05:21:37,Resolved,48,True,0,Negative,False,Customer Experience
CAS-00399,CUS-000569,VTX,VTX-P2-B1-00933,2025-05-04 00:00:00,Construction Update,Site Visit Request,Medium,WhatsApp,2025-05-04 03:10:51,,Open,48,,0,Positive,False,Construction
CAS-00400,CUS-000509,VTX,VTX-P1-B4-00904,2024-11-08 00:00:00,Handover,Handover Date Concern,High,Phone,2024-11-08 01:22:52,2024-11-09 06:30:50,Resolved,24,True,0,Positive,False,Customer Experience
CAS-00401,CUS-000547,VTX,VTX-P2-B3-01013,2024-12-08 00:00:00,Handover,Final Payment Query,Low,Phone,2024-12-08 02:45:33,2024-12-11 11:14:11,Resolved,96,True,0,Negative,False,Customer Experience
CAS-00402,CUS-000669,VTX,VTX-P1-B2-00839,2025-02-10 00:00:00,Snagging / Quality,MEP Issue,Medium,In-Person,2025-02-10 03:03:41,2025-02-13 09:19:07,Resolved,48,False,1,Neutral,False,Construction
CAS-00403,CUS-000668,VTX,VTX-P1-B3-00884,2024-07-11 00:00:00,Construction Update,Site Visit Request,Medium,In-Person,2024-07-11 02:45:41,,Open,48,,0,Neutral,False,Construction
CAS-00404,CUS-000525,VTX,VTX-P2-B2-00984,2025-08-05 00:00:00,Construction Update,Progress Inquiry,Medium,Customer Portal,2025-08-05 03:11:48,2025-08-05 20:45:01,Resolved,48,True,0,Negative,False,Construction
CAS-00405,CUS-000519,VTX,VTX-P1-B4-00914,2026-05-15 00:00:00,Snagging / Quality,Finishing Quality,Medium,WhatsApp,2026-05-15 00:56:26,2026-05-17 01:56:52,Resolved,48,True,0,Neutral,False,Construction
CAS-00406,CUS-000557,VTX,VTX-P2-B2-00959,2024-09-21 00:00:00,Handover,Handover Date Concern,Medium,WhatsApp,2024-09-21 00:25:36,2024-09-24 02:31:05,Resolved,48,False,0,Neutral,False,Customer Experience
CAS-00407,CUS-000676,VTX,VTX-P1-B4-00923,2025-02-01 00:00:00,Construction Update,Site Visit Request,High,Customer Portal,2025-02-01 02:53:25,2025-02-02 05:54:05,Resolved,24,True,0,Negative,True,Construction
CAS-00408,CUS-000575,VTX,VTX-P2-B1-00945,2026-03-22 00:00:00,General Inquiry,HOA / Facilities Management,Low,Customer Portal,2026-03-22 00:27:02,2026-03-23 08:27:35,Resolved,96,True,0,Neutral,False,Customer Experience
CAS-00409,CUS-000619,VTX,VTX-P1-B2-00846,2026-02-28 00:00:00,General Inquiry,HOA / Facilities Management,Low,Customer Portal,2026-02-28 00:58:18,,Open,96,,0,Neutral,False,Customer Experience
CAS-00410,CUS-000589,VTX,VTX-P2-B1-00947,2025-07-05 00:00:00,Sales Experience,Response Time,High,WhatsApp,2025-07-05 00:54:36,,Open,24,,0,Positive,False,Sales
CAS-00411,CUS-000640,VTX,VTX-P2-B2-00977,2026-01-21 00:00:00,Sales Experience,Misrepresentation Concern,Medium,In-Person,2026-01-21 02:34:01,2026-01-22 05:28:14,Resolved,48,True,1,Negative,False,Sales
CAS-00412,CUS-000618,VTX,VTX-P1-B1-00804,2025-07-07 00:00:00,General Inquiry,Amenities,Low,In-Person,2025-07-07 00:14:05,2025-07-07 01:14:05,Resolved,96,True,0,Neutral,False,Customer Experience
CAS-00413,CUS-000613,VTX,VTX-P1-B1-00799,2025-03-24 00:00:00,Collections,Payment Plan Dispute,Medium,WhatsApp,2025-03-24 03:03:45,2025-03-24 07:10:19,Resolved,48,True,0,Neutral,False,Collections
CAS-00414,CUS-000540,VTX,VTX-P2-B2-00965,2026-03-26 00:00:00,Handover,Final Payment Query,Low,Phone,2026-03-26 00:59:32,,Open,96,,0,Positive,False,Customer Experience
CAS-00415,CUS-000633,VTX,VTX-P2-B4-01041,2024-09-02 00:00:00,Handover,Documentation,Medium,In-Person,2024-09-02 00:57:58,2024-09-02 10:02:51,Resolved,48,True,1,Positive,False,Customer Experience
CAS-00416,CUS-000566,VTX,VTX-P2-B3-00998,2025-08-31 00:00:00,Collections,Installment Amount Query,Low,Customer Portal,2025-08-31 02:41:06,2025-09-04 06:56:42,Resolved,96,True,1,Neutral,False,Collections
CAS-00417,CUS-000581,VTX,VTX-P1-B1-00805,2025-05-25 00:00:00,Snagging / Quality,Defect Report,Low,Email,2025-05-25 01:08:52,2025-05-28 23:09:50,Resolved,96,True,0,Neutral,False,Construction
CAS-00418,CUS-000576,VTX,VTX-P2-B1-00934,2026-04-28 00:00:00,Handover,Final Payment Query,Low,Phone,2026-04-28 01:09:59,2026-05-04 06:47:51,Resolved,96,False,0,Positive,False,Customer Experience
CAS-00419,CUS-000654,VTX,VTX-P2-B2-00982,2026-02-11 00:00:00,Snagging / Quality,MEP Issue,High,Phone,2026-02-11 01:49:44,2026-02-11 20:36:50,Resolved,24,True,0,Neutral,False,Construction
CAS-00420,CUS-000601,VTX,VTX-P2-B4-01034,2025-12-12 00:00:00,General Inquiry,Amenities,Medium,Phone,2025-12-12 01:23:33,2025-12-12 15:22:14,Resolved,48,True,0,Neutral,False,Customer Experience
CAS-00421,CUS-000537,VTX,VTX-P1-B4-00916,2025-06-14 00:00:00,General Inquiry,HOA / Facilities Management,Medium,WhatsApp,2025-06-14 00:35:09,2025-06-15 22:45:32,Resolved,48,True,0,Positive,False,Customer Experience
CAS-00422,CUS-000623,VTX,VTX-P2-B2-00972,2025-09-03 00:00:00,Collections,Late Fee Dispute,Critical,Email,2025-09-03 02:00:23,2025-09-03 05:21:42,Resolved,4,True,0,Neutral,True,Collections
CAS-00423,CUS-000629,VTX,VTX-P1-B4-00924,2024-11-14 00:00:00,General Inquiry,Amenities,Low,In-Person,2024-11-14 00:05:00,2024-11-18 03:15:59,Resolved,96,True,0,Negative,False,Customer Experience
CAS-00424,CUS-000598,VTX,VTX-P1-B1-00807,2025-08-23 00:00:00,Construction Update,Progress Inquiry,Medium,Phone,2025-08-23 02:44:22,2025-08-25 09:29:22,Resolved,48,True,0,Neutral,False,Construction
CAS-00425,CUS-000639,VTX,VTX-P1-B2-00851,2025-12-15 00:00:00,Snagging / Quality,Defect Report,Low,Customer Portal,2025-12-15 01:00:57,2025-12-16 16:21:41,Resolved,96,True,0,Positive,False,Construction
CAS-00426,CUS-000560,VTX,VTX-P2-B1-00955,2025-09-30 00:00:00,Snagging / Quality,Finishing Quality,High,Email,2025-09-30 01:08:01,,Open,24,,0,Neutral,True,Construction
CAS-00427,CUS-000663,VTX,VTX-P2-B2-00966,2026-02-25 00:00:00,Sales Experience,Response Time,Low,WhatsApp,2026-02-25 01:16:45,,Open,96,,0,Positive,False,Sales
CAS-00428,CUS-000513,VTX,VTX-P2-B4-01047,2026-06-01 00:00:00,Handover,Documentation,Medium,Email,2026-06-01 02:17:36,2026-06-01 18:18:50,Resolved,48,True,0,Neutral,False,Customer Experience
CAS-00429,CUS-000517,VTX,VTX-P1-B4-00905,2024-11-28 00:00:00,Construction Update,Progress Inquiry,Low,Phone,2024-11-28 02:36:35,2024-12-03 19:56:48,Resolved,96,True,0,Neutral,False,Construction
CAS-00430,CUS-000536,VTX,VTX-P1-B3-00871,2026-01-12 00:00:00,General Inquiry,HOA / Facilities Management,Low,WhatsApp,2026-01-12 02:38:30,2026-01-17 17:06:57,Resolved,96,True,1,Neutral,False,Customer Experience
CAS-00431,CUS-000627,VTX,VTX-P1-B1-00803,2024-12-30 00:00:00,Handover,Documentation,High,In-Person,2024-12-30 01:06:15,2024-12-30 23:51:58,Resolved,24,True,0,Negative,False,Customer Experience
CAS-00432,CUS-000518,VTX,VTX-P1-B4-00907,2024-08-26 00:00:00,Snagging / Quality,MEP Issue,Medium,Customer Portal,2024-08-26 01:41:45,2024-08-26 19:15:34,Resolved,48,True,0,Neutral,False,Construction
CAS-00433,CUS-000592,VTX,VTX-P2-B2-00958,2024-09-26 00:00:00,Snagging / Quality,MEP Issue,Medium,Customer Portal,2024-09-26 00:43:10,2024-09-28 23:54:56,Resolved,48,True,1,Neutral,False,Construction
CAS-00434,CUS-000617,VTX,VTX-P2-B1-00929,2026-05-21 00:00:00,Construction Update,Delay Concern,Low,In-Person,2026-05-21 01:45:38,2026-05-26 02:36:19,Resolved,96,True,0,Negative,False,Construction
CAS-00435,CUS-000583,VTX,VTX-P1-B3-00872,2025-11-23 00:00:00,Sales Experience,Response Time,Medium,In-Person,2025-11-23 02:19:12,,Open,48,,0,Neutral,False,Sales
CAS-00436,CUS-000670,VTX,VTX-P1-B1-00815,2024-07-06 00:00:00,General Inquiry,Amenities,Low,WhatsApp,2024-07-06 00:56:56,2024-07-14 01:08:00,Resolved,96,False,0,Neutral,False,Customer Experience
CAS-00437,CUS-000637,VTX,VTX-P2-B4-01042,2025-12-05 00:00:00,Collections,Late Fee Dispute,High,WhatsApp,2025-12-05 02:11:03,2025-12-05 19:22:10,Resolved,24,True,0,Neutral,False,Collections
CAS-00438,CUS-000645,VTX,VTX-P2-B2-00962,2024-12-12 00:00:00,Sales Experience,Response Time,Medium,In-Person,2024-12-12 01:26:42,2024-12-13 01:43:17,Resolved,48,True,0,Positive,False,Sales
CAS-00439,CUS-000584,VTX,VTX-P1-B4-00903,2026-06-20 00:00:00,General Inquiry,Amenities,High,Phone,2026-06-20 01:26:51,2026-06-20 21:58:25,Resolved,24,True,0,Neutral,True,Customer Experience
CAS-00440,CUS-000625,VTX,VTX-P2-B4-01044,2024-11-14 00:00:00,Snagging / Quality,MEP Issue,High,WhatsApp,2024-11-14 00:46:50,2024-11-15 01:09:04,Resolved,24,True,1,Neutral,True,Construction
CAS-00441,CUS-000653,VTX,VTX-P1-B1-00810,2025-02-20 00:00:00,General Inquiry,Amenities,Low,Customer Portal,2025-02-20 01:43:11,2025-02-21 06:53:51,Resolved,96,True,0,Neutral,False,Customer Experience
CAS-00442,CUS-000614,VTX,VTX-P2-B3-00997,2024-08-20 00:00:00,General Inquiry,HOA / Facilities Management,Low,Customer Portal,2024-08-20 01:45:35,2024-08-24 20:23:39,Resolved,96,True,0,Neutral,False,Customer Experience
CAS-00443,CUS-000514,VTX,VTX-P2-B1-00941,2026-05-14 00:00:00,Snagging / Quality,Defect Report,Medium,Customer Portal,2026-05-14 03:00:37,2026-05-16 01:29:03,Resolved,48,True,0,Neutral,False,Construction
CAS-00444,CUS-000635,VTX,VTX-P2-B4-01027,2025-04-10 00:00:00,General Inquiry,Resale Process,High,Customer Portal,2025-04-10 02:38:57,2025-04-11 03:41:32,Resolved,24,True,0,Neutral,False,Customer Experience
CAS-00445,CUS-000542,VTX,VTX-P1-B1-00820,2025-06-25 00:00:00,Collections,Installment Amount Query,Medium,Email,2025-06-25 01:52:19,2025-06-27 19:44:52,Resolved,48,True,0,Neutral,False,Collections
CAS-00446,CUS-000577,VTX,VTX-P1-B4-00896,2024-09-19 00:00:00,Collections,Payment Plan Dispute,Low,Customer Portal,2024-09-19 01:33:21,2024-09-23 06:02:55,Resolved,96,True,1,Negative,False,Collections
CAS-00447,CUS-000616,VTX,VTX-P1-B3-00881,2025-09-27 00:00:00,Snagging / Quality,Defect Report,Medium,WhatsApp,2025-09-27 00:53:47,2025-09-29 13:39:06,Resolved,48,True,0,Negative,False,Construction
CAS-00448,CUS-000638,VTX,VTX-P1-B4-00900,2024-08-13 00:00:00,General Inquiry,Amenities,Critical,Phone,2024-08-13 01:24:09,2024-08-13 05:24:23,Resolved,4,True,0,Negative,True,Customer Experience
CAS-00449,CUS-000647,VTX,VTX-P2-B2-00971,2026-05-31 00:00:00,Snagging / Quality,Defect Report,Medium,WhatsApp,2026-05-31 00:41:18,2026-06-01 06:05:22,Resolved,48,True,0,Neutral,False,Construction
CAS-00450,CUS-000607,VTX,VTX-P2-B4-01049,2026-05-28 00:00:00,Handover,Handover Date Concern,Medium,Phone,2026-05-28 01:02:50,2026-05-29 12:22:38,Resolved,48,True,0,Neutral,False,Customer Experience
CAS-00451,CUS-000586,VTX,VTX-P2-B1-00942,2024-10-14 00:00:00,Snagging / Quality,Finishing Quality,Low,Customer Portal,2024-10-14 02:49:37,2024-10-16 16:47:51,Resolved,96,True,0,Neutral,False,Construction
CAS-00452,CUS-000677,VTX,VTX-P2-B1-00928,2024-09-05 00:00:00,Sales Experience,Communication Quality,Medium,In-Person,2024-09-05 02:10:32,2024-09-06 07:54:01,Resolved,48,True,0,Positive,False,Sales
CAS-00453,CUS-000579,VTX,VTX-P1-B3-00890,2025-09-07 00:00:00,Construction Update,Site Visit Request,High,WhatsApp,2025-09-07 00:30:37,2025-09-07 15:32:44,Resolved,24,True,0,Negative,False,Construction
CAS-00454,CUS-000678,VTX,VTX-P1-B1-00798,2024-07-13 00:00:00,Snagging / Quality,Finishing Quality,High,WhatsApp,2024-07-13 01:54:44,,Open,24,,0,Neutral,False,Construction
CAS-00455,CUS-000572,VTX,VTX-P1-B4-00909,2026-06-09 00:00:00,General Inquiry,Amenities,Medium,WhatsApp,2026-06-09 01:02:35,2026-06-10 15:32:29,Resolved,48,True,0,Positive,False,Customer Experience
CAS-00456,CUS-000661,VTX,VTX-P1-B2-00829,2025-01-17 00:00:00,Snagging / Quality,Defect Report,Low,Phone,2025-01-17 01:52:26,2025-01-22 16:34:54,Resolved,96,True,0,Neutral,False,Construction
CAS-00457,CUS-000644,VTX,VTX-P2-B1-00948,2025-05-16 00:00:00,General Inquiry,Resale Process,High,Customer Portal,2025-05-16 01:18:18,2025-05-16 14:18:56,Resolved,24,True,0,Negative,False,Customer Experience
CAS-00458,CUS-000516,VTX,VTX-P2-B2-00968,2026-01-01 00:00:00,Construction Update,Delay Concern,Critical,Email,2026-01-01 00:23:48,2026-01-01 05:35:49,Resolved,4,True,0,Positive,False,Construction
CAS-00459,CUS-000511,VTX,VTX-P2-B3-00992,2025-07-21 00:00:00,General Inquiry,Resale Process,High,Phone,2025-07-21 01:02:28,2025-07-21 02:02:28,Resolved,24,True,0,Neutral,False,Customer Experience
CAS-00460,CUS-000642,VTX,VTX-P1-B2-00841,2025-01-10 00:00:00,General Inquiry,HOA / Facilities Management,Medium,In-Person,2025-01-10 02:03:21,2025-01-11 20:06:04,Resolved,48,True,0,Negative,False,Customer Experience
CAS-00461,CUS-000500,VTX,VTX-P1-B4-00921,2025-05-04 00:00:00,Construction Update,Progress Inquiry,High,In-Person,2025-05-04 02:35:29,,Open,24,,0,Neutral,False,Construction
CAS-00462,CUS-000632,VTX,VTX-P2-B3-01005,2024-07-18 00:00:00,Snagging / Quality,Defect Report,Medium,WhatsApp,2024-07-18 00:40:08,2024-07-19 16:37:29,Resolved,48,True,0,Neutral,False,Construction
CAS-00463,CUS-000667,VTX,VTX-P2-B1-00940,2024-07-18 00:00:00,Sales Experience,Response Time,High,WhatsApp,2024-07-18 00:59:05,2024-07-18 18:11:58,Resolved,24,True,0,Positive,False,Sales
CAS-00464,CUS-000608,VTX,VTX-P2-B1-00935,2025-07-29 00:00:00,Handover,Documentation,Medium,WhatsApp,2025-07-29 00:23:46,2025-07-29 09:10:49,Resolved,48,True,0,Positive,False,Customer Experience
CAS-00465,CUS-000498,VTX,VTX-P1-B2-00856,2025-02-02 00:00:00,Construction Update,Site Visit Request,Low,In-Person,2025-02-02 01:15:02,2025-02-02 02:15:02,Resolved,96,True,0,Neutral,False,Construction
CAS-00466,CUS-000622,VTX,VTX-P1-B2-00859,2025-06-05 00:00:00,Snagging / Quality,MEP Issue,Low,Email,2025-06-05 01:19:09,,Open,96,,0,Negative,False,Construction
CAS-00467,CUS-000666,VTX,VTX-P2-B4-01039,2025-08-11 00:00:00,Handover,Handover Date Concern,Low,Email,2025-08-11 01:44:31,2025-08-15 13:12:05,Resolved,96,True,0,Positive,False,Customer Experience
CAS-00468,CUS-000615,VTX,VTX-P1-B1-00819,2025-11-23 00:00:00,Snagging / Quality,Finishing Quality,Low,Customer Portal,2025-11-23 01:23:26,2025-11-26 07:08:16,Resolved,96,True,0,Neutral,False,Construction
CAS-00469,CUS-000648,VTX,VTX-P2-B4-01037,2026-01-25 00:00:00,Construction Update,Delay Concern,High,Phone,2026-01-25 01:22:06,2026-01-26 11:54:34,Resolved,24,True,0,Negative,False,Construction
CAS-00470,CUS-000599,VTX,VTX-P2-B3-01007,2024-10-05 00:00:00,Handover,Final Payment Query,Low,Phone,2024-10-05 01:24:02,2024-10-10 02:28:47,Resolved,96,True,0,Negative,False,Customer Experience
CAS-00471,CUS-000553,VTX,VTX-P2-B2-00974,2025-05-02 00:00:00,Sales Experience,Response Time,Critical,Customer Portal,2025-05-02 02:03:46,,Open,4,,0,Negative,False,Sales
CAS-00472,CUS-000551,VTX,VTX-P1-B4-00915,2024-07-03 00:00:00,General Inquiry,HOA / Facilities Management,Medium,Email,2024-07-03 02:53:34,2024-07-04 16:31:35,Resolved,48,True,0,Neutral,False,Customer Experience
CAS-00473,CUS-000548,VTX,VTX-P2-B3-01003,2024-09-15 00:00:00,Collections,Installment Amount Query,Low,Phone,2024-09-15 01:26:37,2024-09-17 15:16:22,Resolved,96,True,0,Positive,False,Collections
CAS-00474,CUS-000870,HVW,HVW-P1-B3-01154,2026-06-05 00:00:00,Collections,Installment Amount Query,High,Phone,2026-06-05 00:50:41,2026-06-06 07:14:39,Resolved,24,True,0,Positive,False,Collections
CAS-00475,CUS-000957,HVW,HVW-P2-B1-01275,2025-05-20 00:00:00,Sales Experience,Communication Quality,Low,Phone,2025-05-20 01:24:04,2025-05-27 03:58:48,Resolved,96,False,0,Neutral,False,Sales
CAS-00476,CUS-000938,HVW,HVW-P3-B3-01571,2024-10-19 00:00:00,General Inquiry,Amenities,Medium,In-Person,2024-10-19 03:08:34,2024-10-20 03:30:50,Resolved,48,True,0,Neutral,False,Customer Experience
CAS-00477,CUS-000912,HVW,HVW-P1-B3-01172,2024-11-17 00:00:00,Collections,Late Fee Dispute,High,WhatsApp,2024-11-17 02:50:20,2024-11-18 07:00:29,Resolved,24,True,0,Neutral,True,Collections
CAS-00478,CUS-000847,HVW,HVW-P1-B3-01192,2025-04-19 00:00:00,Collections,Late Fee Dispute,Low,WhatsApp,2025-04-19 02:50:38,2025-04-19 19:35:02,Resolved,96,True,0,Positive,False,Collections
CAS-00479,CUS-001017,HVW,HVW-P1-B3-01155,2025-12-02 00:00:00,Collections,Payment Plan Dispute,Medium,Customer Portal,2025-12-02 00:28:33,2025-12-03 19:56:16,Resolved,48,True,0,Neutral,False,Collections
CAS-00480,CUS-001002,HVW,HVW-P1-B4-01203,2026-01-07 00:00:00,Snagging / Quality,Defect Report,Medium,WhatsApp,2026-01-07 01:02:17,2026-01-07 22:51:42,Resolved,48,True,0,Positive,False,Construction
CAS-00481,CUS-000779,HVW,HVW-P3-B4-01606,2024-07-03 00:00:00,Construction Update,Site Visit Request,Medium,In-Person,2024-07-03 01:43:25,2024-07-05 11:14:45,Resolved,48,True,0,Neutral,False,Construction
CAS-00482,CUS-000796,HVW,HVW-P3-B1-01483,2025-08-20 00:00:00,Collections,Late Fee Dispute,Medium,WhatsApp,2025-08-20 01:16:36,,Open,48,,0,Negative,False,Collections
CAS-00483,CUS-000760,HVW,HVW-P3-B4-01649,2025-11-06 00:00:00,General Inquiry,HOA / Facilities Management,High,In-Person,2025-11-06 01:51:55,,Open,24,,0,Positive,True,Customer Experience
CAS-00484,CUS-000952,HVW,HVW-P2-B1-01262,2024-11-16 00:00:00,Construction Update,Delay Concern,Medium,WhatsApp,2024-11-16 00:20:23,,Open,48,,0,Positive,False,Construction
CAS-00485,CUS-001019,HVW,HVW-P3-B1-01456,2025-09-07 00:00:00,Construction Update,Site Visit Request,Medium,Phone,2025-09-07 02:06:49,2025-09-08 05:24:51,Resolved,48,True,0,Negative,False,Construction
CAS-00486,CUS-000836,HVW,HVW-P1-B2-01143,2026-05-05 00:00:00,Collections,Late Fee Dispute,Medium,Email,2026-05-05 00:35:24,2026-05-06 06:22:26,Resolved,48,True,0,Negative,False,Collections
CAS-00487,CUS-000922,HVW,HVW-P1-B4-01210,2024-11-19 00:00:00,General Inquiry,Resale Process,Critical,Phone,2024-11-19 02:13:18,2024-11-19 04:37:45,Resolved,4,True,0,Negative,True,Customer Experience
CAS-00488,CUS-000735,HVW,HVW-P1-B3-01202,2025-01-04 00:00:00,Collections,Payment Plan Dispute,Medium,Phone,2025-01-04 02:13:38,2025-01-04 10:07:02,Resolved,48,True,0,Negative,False,Collections
CAS-00489,CUS-001048,HVW,HVW-P3-B3-01587,2024-07-29 00:00:00,Snagging / Quality,MEP Issue,Medium,In-Person,2024-07-29 00:05:00,2024-07-30 16:16:02,Resolved,48,True,0,Neutral,False,Construction
CAS-00490,CUS-001027,HVW,HVW-P3-B2-01504,2024-12-20 00:00:00,Snagging / Quality,Finishing Quality,High,Customer Portal,2024-12-20 00:31:32,2024-12-21 01:00:00,Resolved,24,True,0,Positive,False,Construction
CAS-00491,CUS-000779,HVW,HVW-P3-B4-01606,2026-04-18 00:00:00,Construction Update,Delay Concern,Critical,In-Person,2026-04-18 01:45:50,2026-04-18 02:45:50,Resolved,4,True,0,Positive,False,Construction
CAS-00492,CUS-001014,HVW,HVW-P2-B1-01274,2025-06-23 00:00:00,Snagging / Quality,MEP Issue,Low,Email,2025-06-23 01:43:08,2025-06-27 04:11:18,Resolved,96,True,0,Neutral,False,Construction
CAS-00493,CUS-001069,HVW,HVW-P1-B1-01059,2024-11-09 00:00:00,Snagging / Quality,Defect Report,Low,Customer Portal,2024-11-09 00:19:43,2024-11-09 01:19:43,Resolved,96,True,0,Positive,False,Construction
CAS-00494,CUS-000724,HVW,HVW-P1-B4-01239,2025-09-20 00:00:00,Construction Update,Delay Concern,Low,Phone,2025-09-20 01:16:22,2025-09-22 15:32:11,Resolved,96,True,0,Neutral,False,Construction
CAS-00495,CUS-000910,HVW,HVW-P1-B1-01101,2024-07-21 00:00:00,Snagging / Quality,MEP Issue,Low,In-Person,2024-07-21 00:34:41,,Open,96,,0,Neutral,False,Construction
CAS-00496,CUS-001048,HVW,HVW-P3-B3-01587,2024-07-28 00:00:00,Collections,Late Fee Dispute,High,Email,2024-07-28 02:35:06,2024-07-28 03:35:06,Resolved,24,True,0,Negative,True,Collections
CAS-00497,CUS-000989,HVW,HVW-P1-B2-01104,2024-08-04 00:00:00,Sales Experience,Communication Quality,Critical,Customer Portal,2024-08-04 00:05:00,2024-08-04 02:23:25,Resolved,4,True,0,Negative,False,Sales
CAS-00498,CUS-001002,HVW,HVW-P1-B4-01203,2025-10-05 00:00:00,General Inquiry,HOA / Facilities Management,Medium,Customer Portal,2025-10-05 01:28:17,2025-10-05 10:21:06,Resolved,48,True,0,Neutral,False,Customer Experience
CAS-00499,CUS-000786,HVW,HVW-P1-B2-01138,2025-01-23 00:00:00,Collections,Late Fee Dispute,Medium,In-Person,2025-01-23 01:34:58,2025-01-25 03:37:29,Resolved,48,True,0,Negative,False,Collections
CAS-00500,CUS-001031,HVW,HVW-P3-B4-01632,2026-03-05 00:00:00,Construction Update,Progress Inquiry,Medium,In-Person,2026-03-05 00:57:58,2026-03-08 00:01:43,Resolved,48,True,0,Positive,False,Construction
CAS-00501,CUS-000998,HVW,HVW-P2-B4-01427,2026-01-24 00:00:00,Handover,Documentation,Medium,Customer Portal,2026-01-24 00:38:28,2026-01-25 09:44:22,Resolved,48,True,0,Neutral,False,Customer Experience
CAS-00502,CUS-001003,HVW,HVW-P2-B3-01372,2025-07-27 00:00:00,Handover,Documentation,Low,In-Person,2025-07-27 01:25:56,2025-07-28 22:33:32,Resolved,96,True,0,Neutral,False,Customer Experience
CAS-00503,CUS-000688,HVW,HVW-P2-B2-01345,2026-01-19 00:00:00,Collections,Late Fee Dispute,Low,WhatsApp,2026-01-19 00:41:26,2026-01-20 01:45:19,Resolved,96,True,0,Neutral,False,Collections
CAS-00504,CUS-000924,HVW,HVW-P2-B3-01359,2025-03-28 00:00:00,Collections,Late Fee Dispute,Low,WhatsApp,2025-03-28 01:03:20,2025-03-28 20:25:43,Resolved,96,True,0,Negative,False,Collections
CAS-00505,CUS-000786,HVW,HVW-P1-B2-01138,2024-08-02 00:00:00,General Inquiry,Resale Process,High,WhatsApp,2024-08-02 01:12:08,2024-08-02 02:12:08,Resolved,24,True,0,Positive,False,Customer Experience
CAS-00506,CUS-000994,HVW,HVW-P1-B4-01212,2025-03-18 00:00:00,Sales Experience,Misrepresentation Concern,Medium,Customer Portal,2025-03-18 00:42:21,2025-03-19 11:57:28,Resolved,48,True,0,Negative,False,Sales
CAS-00507,CUS-000712,HVW,HVW-P1-B3-01173,2025-08-22 00:00:00,Sales Experience,Communication Quality,Low,In-Person,2025-08-22 00:22:45,2025-08-24 03:25:19,Resolved,96,True,0,Negative,False,Sales
CAS-00508,CUS-001028,HVW,HVW-P1-B2-01139,2024-10-04 00:00:00,Construction Update,Site Visit Request,High,WhatsApp,2024-10-04 01:56:01,2024-10-04 16:35:08,Resolved,24,True,0,Positive,False,Construction
CAS-00509,CUS-000956,HVW,HVW-P1-B4-01232,2025-10-16 00:00:00,Collections,Late Fee Dispute,Medium,Phone,2025-10-16 02:04:10,,Open,48,,0,Positive,False,Collections
CAS-00510,CUS-000756,HVW,HVW-P3-B2-01519,2025-04-24 00:00:00,Collections,Payment Plan Dispute,Low,Phone,2025-04-24 02:00:48,,Open,96,,0,Positive,False,Collections
CAS-00511,CUS-000757,HVW,HVW-P1-B2-01148,2025-05-11 00:00:00,Collections,Installment Amount Query,Critical,Phone,2025-05-11 00:59:51,2025-05-11 01:59:51,Resolved,4,True,0,Negative,False,Collections
CAS-00512,CUS-001008,HVW,HVW-P3-B1-01477,2026-02-14 00:00:00,Handover,Handover Date Concern,Low,Phone,2026-02-14 01:50:45,,Open,96,,0,Neutral,False,Customer Experience
CAS-00513,CUS-001059,HVW,HVW-P2-B3-01393,2025-05-25 00:00:00,Snagging / Quality,Finishing Quality,Low,Email,2025-05-25 03:46:06,2025-05-29 18:13:38,Resolved,96,True,0,Negative,False,Construction
CAS-00514,CUS-001051,HVW,HVW-P1-B3-01156,2025-07-30 00:00:00,Construction Update,Site Visit Request,Medium,Email,2025-07-30 00:54:08,2025-07-30 11:57:46,Resolved,48,True,0,Neutral,False,Construction
CAS-00515,CUS-001021,HVW,HVW-P1-B4-01238,2024-12-29 00:00:00,Sales Experience,Misrepresentation Concern,Medium,Email,2024-12-29 02:34:52,2024-12-29 20:49:59,Resolved,48,True,0,Neutral,False,Sales
CAS-00516,CUS-000863,HVW,HVW-P3-B1-01467,2025-05-19 00:00:00,General Inquiry,HOA / Facilities Management,Critical,WhatsApp,2025-05-19 00:05:00,2025-05-19 01:05:00,Resolved,4,True,0,Positive,False,Customer Experience
CAS-00517,CUS-000893,HVW,HVW-P1-B1-01055,2026-03-29 00:00:00,Collections,Payment Plan Dispute,Medium,Phone,2026-03-29 02:23:45,2026-03-30 17:57:27,Resolved,48,True,0,Negative,False,Collections
CAS-00518,CUS-000982,HVW,HVW-P1-B4-01205,2026-04-19 00:00:00,Snagging / Quality,Defect Report,Medium,WhatsApp,2026-04-19 00:24:30,2026-04-21 04:38:07,Resolved,48,True,0,Positive,False,Construction
CAS-00519,CUS-000843,HVW,HVW-P2-B1-01257,2026-04-16 00:00:00,Collections,Installment Amount Query,Medium,WhatsApp,2026-04-16 02:32:06,2026-04-16 23:26:40,Resolved,48,True,0,Neutral,False,Collections
CAS-00520,CUS-000901,HVW,HVW-P2-B1-01290,2025-05-04 00:00:00,General Inquiry,Resale Process,Low,WhatsApp,2025-05-04 01:16:09,2025-05-06 23:42:58,Resolved,96,True,0,Negative,False,Customer Experience
CAS-00521,CUS-000929,HVW,HVW-P1-B3-01187,2024-11-25 00:00:00,Collections,Late Fee Dispute,Medium,Email,2024-11-25 02:30:54,2024-11-27 16:32:04,Resolved,48,True,0,Neutral,False,Collections
CAS-00522,CUS-000870,HVW,HVW-P1-B3-01154,2025-11-16 00:00:00,Collections,Late Fee Dispute,Medium,WhatsApp,2025-11-16 00:16:58,2025-11-17 22:13:29,Resolved,48,True,0,Negative,False,Collections
CAS-00523,CUS-001033,HVW,HVW-P1-B2-01152,2024-12-14 00:00:00,Snagging / Quality,Finishing Quality,Low,In-Person,2024-12-14 01:20:37,2024-12-18 06:55:03,Resolved,96,True,0,Negative,False,Construction
CAS-00524,CUS-001072,HVW,HVW-P1-B4-01233,2024-09-29 00:00:00,Collections,Installment Amount Query,Medium,WhatsApp,2024-09-29 02:05:35,2024-09-29 03:07:58,Resolved,48,True,0,Neutral,False,Collections
CAS-00525,CUS-001054,HVW,HVW-P2-B2-01304,2025-08-21 00:00:00,General Inquiry,Resale Process,High,In-Person,2025-08-21 02:50:42,2025-08-21 03:50:42,Resolved,24,True,0,Neutral,False,Customer Experience
CAS-00526,CUS-001034,HVW,HVW-P2-B1-01272,2024-12-13 00:00:00,Handover,Handover Date Concern,Medium,WhatsApp,2024-12-13 02:22:36,2024-12-14 09:54:47,Resolved,48,True,0,Negative,False,Customer Experience
CAS-00527,CUS-000915,HVW,HVW-P2-B2-01312,2025-05-27 00:00:00,Collections,Installment Amount Query,Low,Phone,2025-05-27 01:04:16,2025-05-31 05:58:06,Resolved,96,True,0,Neutral,False,Collections
CAS-00528,CUS-000687,HVW,HVW-P1-B1-01060,2026-04-11 00:00:00,Collections,Installment Amount Query,Medium,WhatsApp,2026-04-11 02:32:29,2026-04-12 17:02:15,Resolved,48,True,0,Neutral,False,Collections
CAS-00529,CUS-000863,HVW,HVW-P3-B1-01467,2026-04-07 00:00:00,Handover,Handover Date Concern,High,WhatsApp,2026-04-07 00:05:00,,Open,24,,0,Neutral,False,Customer Experience
CAS-00530,CUS-000722,HVW,HVW-P2-B4-01408,2024-12-02 00:00:00,Construction Update,Site Visit Request,Medium,Customer Portal,2024-12-02 00:31:00,2024-12-04 21:28:02,Resolved,48,True,0,Positive,False,Construction
CAS-00531,CUS-001068,HVW,HVW-P3-B4-01612,2025-06-24 00:00:00,Handover,Final Payment Query,High,Phone,2025-06-24 02:21:38,,Open,24,,0,Negative,False,Customer Experience
CAS-00532,CUS-000762,HVW,HVW-P1-B4-01225,2025-09-03 00:00:00,Collections,Late Fee Dispute,Medium,In-Person,2025-09-03 00:24:57,2025-09-03 15:07:53,Resolved,48,True,0,Negative,False,Collections
CAS-00533,CUS-000752,HVW,HVW-P2-B2-01322,2025-11-27 00:00:00,General Inquiry,HOA / Facilities Management,Medium,Phone,2025-11-27 01:12:55,2025-11-28 21:55:04,Resolved,48,True,0,Negative,False,Customer Experience
CAS-00534,CUS-000871,HVW,HVW-P2-B2-01336,2025-04-01 00:00:00,General Inquiry,Resale Process,High,In-Person,2025-04-01 03:06:31,,Open,24,,0,Negative,True,Customer Experience
CAS-00535,CUS-000841,HVW,HVW-P3-B2-01517,2024-09-22 00:00:00,Collections,Payment Plan Dispute,Medium,Customer Portal,2024-09-22 01:40:52,2024-09-23 21:47:27,Resolved,48,True,0,Positive,False,Collections
CAS-00536,CUS-001037,HVW,HVW-P2-B4-01435,2026-04-30 00:00:00,Handover,Final Payment Query,Low,Email,2026-04-30 02:09:11,2026-05-03 09:42:40,Resolved,96,True,0,Positive,False,Customer Experience
CAS-00537,CUS-000857,HVW,HVW-P2-B1-01256,2024-09-15 00:00:00,Sales Experience,Communication Quality,Medium,Customer Portal,2024-09-15 02:14:10,2024-09-16 09:33:19,Resolved,48,True,0,Neutral,False,Sales
CAS-00538,CUS-000738,HVW,HVW-P1-B3-01169,2025-11-12 00:00:00,Snagging / Quality,Finishing Quality,Medium,Phone,2025-11-12 01:44:21,2025-11-12 13:30:50,Resolved,48,True,0,Neutral,False,Construction
CAS-00539,CUS-001084,HVW,HVW-P3-B3-01572,2024-11-15 00:00:00,Construction Update,Progress Inquiry,High,Phone,2024-11-15 00:05:00,2024-11-16 05:56:06,Resolved,24,True,0,Neutral,False,Construction
CAS-00540,CUS-000703,HVW,HVW-P2-B3-01375,2025-10-09 00:00:00,Collections,Installment Amount Query,Low,WhatsApp,2025-10-09 01:47:09,,Open,96,,0,Positive,False,Collections
CAS-00541,CUS-000989,HVW,HVW-P1-B2-01104,2025-08-16 00:00:00,Handover,Handover Date Concern,High,Customer Portal,2025-08-16 01:56:18,2025-08-17 12:41:15,Resolved,24,True,0,Negative,True,Customer Experience
CAS-00542,CUS-001074,HVW,HVW-P1-B3-01182,2026-01-30 00:00:00,Collections,Payment Plan Dispute,High,In-Person,2026-01-30 02:02:29,,Open,24,,0,Positive,True,Collections
CAS-00543,CUS-000784,HVW,HVW-P1-B4-01243,2025-10-05 00:00:00,Construction Update,Site Visit Request,Medium,WhatsApp,2025-10-05 01:06:57,2025-10-05 12:16:37,Resolved,48,True,0,Neutral,False,Construction
CAS-00544,CUS-001008,HVW,HVW-P3-B1-01477,2026-05-30 00:00:00,General Inquiry,Amenities,Critical,Customer Portal,2026-05-30 01:58:53,2026-05-30 03:50:15,Resolved,4,True,0,Neutral,False,Customer Experience
CAS-00545,CUS-000687,HVW,HVW-P1-B1-01060,2026-01-13 00:00:00,General Inquiry,Resale Process,Medium,Email,2026-01-13 00:05:00,2026-01-13 20:01:20,Resolved,48,True,0,Positive,False,Customer Experience
CAS-00546,CUS-000967,HVW,HVW-P2-B2-01325,2025-09-03 00:00:00,Construction Update,Delay Concern,Low,Customer Portal,2025-09-03 01:45:46,2025-09-06 19:58:15,Resolved,96,True,0,Neutral,False,Construction
CAS-00547,CUS-001036,HVW,HVW-P2-B3-01385,2024-12-24 00:00:00,General Inquiry,Resale Process,Medium,Customer Portal,2024-12-24 01:37:38,2024-12-26 00:27:19,Resolved,48,True,0,Neutral,False,Customer Experience
CAS-00548,CUS-000998,HVW,HVW-P2-B4-01427,2026-04-29 00:00:00,Collections,Installment Amount Query,Medium,Customer Portal,2026-04-29 01:17:21,,Open,48,,0,Neutral,False,Collections
CAS-00549,CUS-000775,HVW,HVW-P3-B4-01631,2026-05-10 00:00:00,Handover,Handover Date Concern,High,WhatsApp,2026-05-10 02:00:11,2026-05-10 10:08:05,Resolved,24,True,0,Neutral,False,Customer Experience
CAS-00550,CUS-000958,HVW,HVW-P1-B1-01068,2025-01-20 00:00:00,Snagging / Quality,MEP Issue,Low,Phone,2025-01-20 00:05:00,2025-01-23 13:48:19,Resolved,96,True,0,Positive,False,Construction
CAS-00551,CUS-000894,HVW,HVW-P1-B2-01112,2025-03-03 00:00:00,Collections,Late Fee Dispute,Low,In-Person,2025-03-03 00:31:03,2025-03-06 22:48:27,Resolved,96,True,0,Neutral,False,Collections
CAS-00552,CUS-000963,HVW,HVW-P1-B2-01132,2024-07-19 00:00:00,Collections,Late Fee Dispute,High,In-Person,2024-07-19 02:28:51,2024-07-20 10:19:08,Resolved,24,True,0,Negative,False,Collections
CAS-00553,CUS-000869,HVW,HVW-P2-B3-01357,2024-09-07 00:00:00,Handover,Final Payment Query,Medium,Email,2024-09-07 02:07:23,2024-09-08 05:48:19,Resolved,48,True,0,Positive,False,Customer Experience
CAS-00554,CUS-001050,HVW,HVW-P2-B4-01452,2026-05-20 00:00:00,Collections,Late Fee Dispute,Medium,In-Person,2026-05-20 02:54:49,2026-05-20 03:54:49,Resolved,48,True,0,Negative,False,Collections
CAS-00555,CUS-000960,HVW,HVW-P1-B1-01067,2025-04-24 00:00:00,Construction Update,Progress Inquiry,High,In-Person,2025-04-24 00:05:00,2025-04-24 13:52:57,Resolved,24,True,0,Negative,True,Construction
CAS-00556,CUS-000993,HVW,HVW-P2-B1-01296,2026-03-19 00:00:00,Collections,Installment Amount Query,High,In-Person,2026-03-19 00:20:32,2026-03-20 02:17:00,Resolved,24,True,0,Negative,False,Collections
CAS-00557,CUS-000995,HVW,HVW-P3-B1-01480,2024-09-09 00:00:00,Sales Experience,Response Time,Medium,Email,2024-09-09 02:13:11,2024-09-09 14:15:27,Resolved,48,True,0,Neutral,False,Sales
CAS-00558,CUS-000862,HVW,HVW-P2-B1-01284,2025-05-14 00:00:00,Collections,Installment Amount Query,Medium,Customer Portal,2025-05-14 01:54:51,2025-05-16 05:55:43,Resolved,48,True,0,Neutral,False,Collections
CAS-00559,CUS-000866,HVW,HVW-P1-B2-01106,2026-02-07 00:00:00,Collections,Late Fee Dispute,Low,WhatsApp,2026-02-07 02:26:49,2026-02-08 15:10:17,Resolved,96,True,0,Neutral,False,Collections
CAS-00560,CUS-001046,HVW,HVW-P3-B4-01608,2024-08-01 00:00:00,Collections,Installment Amount Query,Low,Phone,2024-08-01 02:39:47,2024-08-01 17:53:45,Resolved,96,True,0,Negative,False,Collections
CAS-00561,CUS-000708,HVW,HVW-P1-B3-01189,2025-10-02 00:00:00,Collections,Payment Plan Dispute,Low,Email,2025-10-02 01:00:46,2025-10-04 02:56:29,Resolved,96,True,0,Negative,False,Collections
CAS-00562,CUS-000881,HVW,HVW-P1-B2-01125,2025-05-28 00:00:00,Handover,Handover Date Concern,Medium,In-Person,2025-05-28 00:05:00,2025-05-28 06:36:34,Resolved,48,True,0,Positive,False,Customer Experience
CAS-00563,CUS-000782,HVW,HVW-P1-B4-01208,2026-01-21 00:00:00,Sales Experience,Misrepresentation Concern,Medium,Phone,2026-01-21 00:19:31,2026-01-22 23:57:20,Resolved,48,True,0,Neutral,False,Sales
CAS-00564,CUS-000688,HVW,HVW-P2-B2-01345,2024-12-12 00:00:00,Handover,Final Payment Query,Low,Customer Portal,2024-12-12 00:41:12,2024-12-12 01:41:12,Resolved,96,True,0,Negative,False,Customer Experience
CAS-00565,CUS-000966,HVW,HVW-P3-B1-01502,2024-08-29 00:00:00,Construction Update,Site Visit Request,Critical,WhatsApp,2024-08-29 00:42:56,2024-08-29 04:32:19,Resolved,4,True,0,Negative,True,Construction
CAS-00566,CUS-000688,HVW,HVW-P2-B2-01345,2025-07-16 00:00:00,Construction Update,Site Visit Request,High,WhatsApp,2025-07-16 02:25:47,2025-07-16 21:15:38,Resolved,24,True,0,Neutral,False,Construction
CAS-00567,CUS-000693,HVW,HVW-P2-B3-01361,2025-02-15 00:00:00,General Inquiry,Resale Process,Low,Phone,2025-02-15 00:55:56,2025-02-19 10:35:08,Resolved,96,True,0,Neutral,False,Customer Experience
CAS-00568,CUS-000987,HVW,HVW-P1-B3-01200,2026-03-24 00:00:00,Collections,Late Fee Dispute,Medium,Email,2026-03-24 01:05:31,2026-03-26 18:25:35,Resolved,48,True,0,Neutral,False,Collections
CAS-00569,CUS-001054,HVW,HVW-P2-B2-01304,2026-03-01 00:00:00,Sales Experience,Misrepresentation Concern,Medium,Customer Portal,2026-03-01 02:13:57,2026-03-01 23:57:26,Resolved,48,True,0,Positive,False,Sales
CAS-00570,CUS-000732,HVW,HVW-P1-B1-01073,2026-01-16 00:00:00,Snagging / Quality,Finishing Quality,Low,WhatsApp,2026-01-16 01:00:03,2026-01-19 17:31:12,Resolved,96,True,0,Positive,False,Construction
CAS-00571,CUS-001002,HVW,HVW-P1-B4-01203,2026-03-31 00:00:00,Handover,Documentation,Medium,WhatsApp,2026-03-31 03:28:49,2026-04-02 00:54:41,Resolved,48,True,0,Neutral,False,Customer Experience
CAS-00572,CUS-000862,HVW,HVW-P2-B1-01284,2025-06-26 00:00:00,Snagging / Quality,Defect Report,Low,WhatsApp,2025-06-26 01:35:26,2025-07-01 21:53:34,Resolved,96,True,0,Neutral,False,Construction
CAS-00573,CUS-000742,HVW,HVW-P2-B1-01273,2026-03-20 00:00:00,Sales Experience,Communication Quality,Medium,Phone,2026-03-20 00:33:39,2026-03-22 09:48:59,Resolved,48,True,1,Negative,False,Sales
CAS-00574,CUS-000796,HVW,HVW-P3-B1-01483,2025-04-22 00:00:00,Sales Experience,Communication Quality,Medium,Email,2025-04-22 02:18:48,,Open,48,,0,Negative,False,Sales
CAS-00575,CUS-000782,HVW,HVW-P1-B4-01208,2026-01-01 00:00:00,General Inquiry,Amenities,Medium,In-Person,2026-01-01 03:03:23,2026-01-04 06:26:52,Resolved,48,False,0,Negative,False,Customer Experience
CAS-00576,CUS-001033,HVW,HVW-P1-B2-01152,2024-07-17 00:00:00,Collections,Payment Plan Dispute,High,Phone,2024-07-17 02:39:39,,Open,24,,0,Neutral,False,Collections
CAS-00577,CUS-000917,HVW,HVW-P1-B1-01090,2024-07-15 00:00:00,Sales Experience,Response Time,Low,In-Person,2024-07-15 02:23:20,2024-07-16 13:59:16,Resolved,96,True,0,Negative,False,Sales
CAS-00578,CUS-000698,HVW,HVW-P1-B2-01111,2024-07-08 00:00:00,Collections,Payment Plan Dispute,Medium,Phone,2024-07-08 01:46:13,2024-07-08 20:47:06,Resolved,48,True,0,Negative,False,Collections
CAS-00579,CUS-000809,HVW,HVW-P3-B3-01586,2025-11-02 00:00:00,Construction Update,Delay Concern,Medium,In-Person,2025-11-02 01:24:15,2025-11-03 02:06:26,Resolved,48,True,0,Neutral,False,Construction
CAS-00580,CUS-000694,HVW,HVW-P2-B2-01344,2026-04-11 00:00:00,Collections,Late Fee Dispute,Critical,Phone,2026-04-11 01:40:39,2026-04-11 02:51:01,Resolved,4,True,0,Negative,True,Collections
CAS-00581,CUS-000930,HVW,HVW-P2-B1-01281,2024-07-30 00:00:00,Collections,Installment Amount Query,Medium,In-Person,2024-07-30 00:05:00,2024-07-30 18:10:38,Resolved,48,True,0,Negative,False,Collections
CAS-00582,CUS-000893,HVW,HVW-P1-B1-01055,2025-08-06 00:00:00,Collections,Late Fee Dispute,Critical,WhatsApp,2025-08-06 00:08:03,2025-08-06 05:12:51,Resolved,4,True,0,Neutral,True,Collections
CAS-00583,CUS-000688,HVW,HVW-P2-B2-01345,2025-11-07 00:00:00,Collections,Late Fee Dispute,High,WhatsApp,2025-11-07 01:42:41,2025-11-08 05:49:57,Resolved,24,True,1,Neutral,True,Collections
CAS-00584,CUS-000847,HVW,HVW-P1-B3-01192,2024-09-22 00:00:00,Collections,Payment Plan Dispute,Low,Email,2024-09-22 00:06:32,2024-09-24 04:56:05,Resolved,96,True,0,Negative,False,Collections
CAS-00585,CUS-001025,HVW,HVW-P1-B4-01216,2025-09-26 00:00:00,Snagging / Quality,MEP Issue,High,Customer Portal,2025-09-26 01:42:18,2025-09-26 23:06:43,Resolved,24,True,0,Neutral,False,Construction
CAS-00586,CUS-001041,HVW,HVW-P2-B2-01332,2025-07-26 00:00:00,General Inquiry,HOA / Facilities Management,High,In-Person,2025-07-26 01:10:48,2025-07-27 04:37:21,Resolved,24,True,0,Positive,True,Customer Experience
CAS-00587,CUS-000692,HVW,HVW-P2-B4-01410,2026-02-02 00:00:00,General Inquiry,Resale Process,Low,In-Person,2026-02-02 01:06:02,2026-02-04 19:47:00,Resolved,96,True,0,Positive,False,Customer Experience
CAS-00588,CUS-000788,HVW,HVW-P2-B1-01253,2024-08-28 00:00:00,Sales Experience,Response Time,High,In-Person,2024-08-28 02:13:19,2024-08-29 21:34:07,Resolved,24,False,0,Positive,True,Sales
CAS-00589,CUS-000882,HVW,HVW-P1-B4-01220,2025-02-28 00:00:00,Sales Experience,Misrepresentation Concern,Low,Email,2025-02-28 02:48:42,2025-03-02 16:34:46,Resolved,96,True,0,Neutral,False,Sales
CAS-00590,CUS-000724,HVW,HVW-P1-B4-01239,2026-03-28 00:00:00,Snagging / Quality,Finishing Quality,Medium,Email,2026-03-28 00:05:00,2026-03-30 03:38:04,Resolved,48,True,0,Negative,False,Construction
CAS-00591,CUS-000968,HVW,HVW-P3-B1-01498,2026-04-03 00:00:00,Construction Update,Delay Concern,Medium,Email,2026-04-03 01:19:32,2026-04-05 07:19:31,Resolved,48,True,0,Positive,False,Construction
CAS-00592,CUS-000985,HVW,HVW-P3-B3-01553,2024-09-21 00:00:00,Collections,Late Fee Dispute,Medium,Customer Portal,2024-09-21 01:04:43,2024-09-21 02:04:43,Resolved,48,True,0,Negative,False,Collections
CAS-00593,CUS-000758,HVW,HVW-P3-B2-01521,2025-07-14 00:00:00,General Inquiry,Amenities,High,Email,2025-07-14 03:03:46,2025-07-15 14:26:30,Resolved,24,True,0,Negative,False,Customer Experience
CAS-00594,CUS-000994,HVW,HVW-P1-B4-01212,2024-09-30 00:00:00,Construction Update,Delay Concern,Medium,Phone,2024-09-30 00:43:52,2024-09-30 01:43:52,Resolved,48,True,0,Positive,False,Construction
CAS-00595,CUS-000872,HVW,HVW-P1-B2-01103,2025-10-27 00:00:00,Construction Update,Progress Inquiry,Medium,In-Person,2025-10-27 01:05:54,2025-10-29 23:56:06,Resolved,48,True,0,Neutral,False,Construction
CAS-00596,CUS-000692,HVW,HVW-P2-B4-01410,2025-03-08 00:00:00,Snagging / Quality,Finishing Quality,Low,Customer Portal,2025-03-08 01:54:14,2025-03-11 03:37:03,Resolved,96,True,0,Neutral,False,Construction
CAS-00597,CUS-000797,HVW,HVW-P1-B4-01217,2026-02-14 00:00:00,Sales Experience,Misrepresentation Concern,High,Customer Portal,2026-02-14 02:30:13,2026-02-14 06:04:01,Resolved,24,True,0,Positive,False,Sales
CAS-00598,CUS-000767,HVW,HVW-P2-B1-01302,2025-07-27 00:00:00,Collections,Payment Plan Dispute,Low,Phone,2025-07-27 01:13:04,2025-07-28 04:38:36,Resolved,96,True,0,Negative,False,Collections
CAS-00599,CUS-000833,HVW,HVW-P3-B3-01593,2025-04-17 00:00:00,Snagging / Quality,Finishing Quality,Medium,WhatsApp,2025-04-17 02:17:42,2025-04-18 11:22:29,Resolved,48,True,0,Positive,False,Construction
CAS-00600,CUS-000892,HVW,HVW-P2-B3-01390,2026-03-21 00:00:00,Collections,Payment Plan Dispute,Medium,In-Person,2026-03-21 02:24:24,2026-03-21 12:56:37,Resolved,48,True,0,Negative,False,Collections
CAS-00601,CUS-000996,HVW,HVW-P1-B4-01229,2024-09-26 00:00:00,Collections,Late Fee Dispute,High,Email,2024-09-26 00:14:47,,Open,24,,0,Neutral,True,Collections
CAS-00602,CUS-000882,HVW,HVW-P1-B4-01220,2025-09-04 00:00:00,Sales Experience,Misrepresentation Concern,Low,Phone,2025-09-04 03:28:55,2025-09-08 11:19:54,Resolved,96,True,0,Negative,False,Sales
CAS-00603,CUS-000716,HVW,HVW-P1-B1-01089,2024-10-18 00:00:00,General Inquiry,Resale Process,Low,Phone,2024-10-18 00:44:26,,Open,96,,0,Positive,False,Customer Experience
CAS-00604,CUS-001046,HVW,HVW-P3-B4-01608,2025-04-07 00:00:00,Snagging / Quality,MEP Issue,Low,Email,2025-04-07 01:57:41,2025-04-11 03:52:49,Resolved,96,True,0,Positive,False,Construction
CAS-00605,CUS-000971,HVW,HVW-P1-B4-01226,2025-01-22 00:00:00,Collections,Installment Amount Query,Low,Phone,2025-01-22 02:24:32,2025-01-24 18:53:32,Resolved,96,True,0,Positive,False,Collections
CAS-00606,CUS-000941,HVW,HVW-P3-B3-01573,2024-12-18 00:00:00,Collections,Payment Plan Dispute,Low,Email,2024-12-18 02:21:46,2024-12-24 06:04:02,Resolved,96,False,0,Neutral,False,Collections
CAS-00607,CUS-000921,HVW,HVW-P2-B1-01299,2025-10-13 00:00:00,Construction Update,Delay Concern,Low,WhatsApp,2025-10-13 00:38:17,2025-10-17 07:03:45,Resolved,96,True,0,Neutral,False,Construction
CAS-00608,CUS-001014,HVW,HVW-P2-B1-01274,2025-12-25 00:00:00,Collections,Payment Plan Dispute,Low,Customer Portal,2025-12-25 00:11:47,2025-12-27 16:18:28,Resolved,96,True,0,Negative,False,Collections
CAS-00609,CUS-000762,HVW,HVW-P1-B4-01225,2025-04-28 00:00:00,Collections,Late Fee Dispute,Medium,Phone,2025-04-28 02:15:44,,Open,48,,0,Negative,False,Collections
CAS-00610,CUS-000791,HVW,HVW-P2-B4-01425,2025-06-01 00:00:00,Snagging / Quality,MEP Issue,Low,Phone,2025-06-01 00:36:51,,Open,96,,0,Neutral,False,Construction
CAS-00611,CUS-000850,HVW,HVW-P3-B4-01648,2024-12-17 00:00:00,Snagging / Quality,Defect Report,Medium,Email,2024-12-17 02:16:50,2024-12-17 11:40:46,Resolved,48,True,0,Positive,False,Construction
CAS-00612,CUS-001081,HVW,HVW-P3-B2-01512,2024-09-02 00:00:00,General Inquiry,HOA / Facilities Management,Medium,In-Person,2024-09-02 01:10:40,,Open,48,,0,Negative,False,Customer Experience
CAS-00613,CUS-000783,HVW,HVW-P2-B2-01319,2026-06-19 00:00:00,Construction Update,Progress Inquiry,Medium,In-Person,2026-06-19 01:38:51,2026-06-20 13:22:52,Resolved,48,True,0,Neutral,False,Construction
CAS-00614,CUS-000836,HVW,HVW-P1-B2-01143,2024-09-28 00:00:00,Snagging / Quality,MEP Issue,Medium,WhatsApp,2024-09-28 03:24:57,2024-09-29 04:13:58,Resolved,48,True,0,Neutral,False,Construction
CAS-00615,CUS-001069,HVW,HVW-P1-B1-01059,2026-02-13 00:00:00,Collections,Late Fee Dispute,Low,Email,2026-02-13 00:34:51,2026-02-15 14:23:42,Resolved,96,True,0,Positive,False,Collections
CAS-00616,CUS-000854,HVW,HVW-P3-B3-01585,2026-01-31 00:00:00,Collections,Late Fee Dispute,Medium,Email,2026-01-31 01:26:24,2026-02-03 20:31:09,Resolved,48,False,0,Negative,False,Collections
CAS-00617,CUS-000722,HVW,HVW-P2-B4-01408,2025-11-10 00:00:00,Sales Experience,Misrepresentation Concern,Low,Customer Portal,2025-11-10 03:06:58,2025-11-13 13:05:27,Resolved,96,True,0,Neutral,False,Sales
CAS-00618,CUS-000832,HVW,HVW-P2-B4-01415,2026-06-06 00:00:00,Construction Update,Progress Inquiry,Medium,Customer Portal,2026-06-06 00:42:15,2026-06-07 04:13:51,Resolved,48,True,0,Positive,False,Construction
CAS-00619,CUS-000881,HVW,HVW-P1-B2-01125,2025-02-07 00:00:00,Collections,Installment Amount Query,Medium,Phone,2025-02-07 00:20:30,,Open,48,,0,Neutral,False,Collections
CAS-00620,CUS-001034,HVW,HVW-P2-B1-01272,2024-10-10 00:00:00,Snagging / Quality,Defect Report,Low,WhatsApp,2024-10-10 00:46:49,2024-10-12 22:18:33,Resolved,96,True,0,Positive,False,Construction
CAS-00621,CUS-000922,HVW,HVW-P1-B4-01210,2025-03-19 00:00:00,Collections,Payment Plan Dispute,Medium,Customer Portal,2025-03-19 01:00:25,2025-03-19 23:55:00,Resolved,48,True,0,Neutral,False,Collections
CAS-00622,CUS-000888,HVW,HVW-P3-B2-01530,2026-05-19 00:00:00,Collections,Late Fee Dispute,Low,In-Person,2026-05-19 00:08:22,,Open,96,,0,Neutral,False,Collections
CAS-00623,CUS-000845,HVW,HVW-P3-B4-01630,2026-01-20 00:00:00,General Inquiry,HOA / Facilities Management,Low,Email,2026-01-20 01:39:06,2026-01-21 10:07:38,Resolved,96,True,0,Neutral,False,Customer Experience
CAS-00624,CUS-000727,HVW,HVW-P3-B4-01644,2025-01-21 00:00:00,Collections,Installment Amount Query,Medium,WhatsApp,2025-01-21 03:13:30,2025-01-21 12:17:13,Resolved,48,True,0,Positive,False,Collections
CAS-00625,CUS-000967,HVW,HVW-P2-B2-01325,2026-02-20 00:00:00,Snagging / Quality,Finishing Quality,Low,In-Person,2026-02-20 01:48:30,2026-02-23 06:12:56,Resolved,96,True,0,Neutral,False,Construction
CAS-00626,CUS-000917,HVW,HVW-P1-B1-01090,2024-12-22 00:00:00,Snagging / Quality,MEP Issue,Medium,Customer Portal,2024-12-22 00:58:48,,Open,48,,0,Neutral,False,Construction
CAS-00627,CUS-000983,HVW,HVW-P2-B4-01444,2024-12-27 00:00:00,Collections,Payment Plan Dispute,High,Email,2024-12-27 02:35:41,2024-12-28 02:22:46,Resolved,24,True,0,Negative,False,Collections
CAS-00628,CUS-000998,HVW,HVW-P2-B4-01427,2025-04-23 00:00:00,General Inquiry,Amenities,Medium,In-Person,2025-04-23 00:58:28,2025-04-25 18:39:00,Resolved,48,True,0,Positive,False,Customer Experience
CAS-00629,CUS-001003,HVW,HVW-P2-B3-01372,2024-07-31 00:00:00,Collections,Installment Amount Query,Low,In-Person,2024-07-31 02:07:07,2024-08-02 02:49:18,Resolved,96,True,0,Positive,False,Collections
CAS-00630,CUS-001032,HVW,HVW-P1-B4-01249,2025-03-17 00:00:00,Construction Update,Progress Inquiry,Low,WhatsApp,2025-03-17 00:14:45,2025-03-22 18:05:31,Resolved,96,True,0,Negative,False,Construction
CAS-00631,CUS-000746,HVW,HVW-P1-B1-01099,2026-01-25 00:00:00,Snagging / Quality,MEP Issue,Low,Phone,2026-01-25 02:12:29,2026-01-30 01:52:51,Resolved,96,True,0,Positive,False,Construction
CAS-00632,CUS-001057,HVW,HVW-P2-B1-01282,2024-07-05 00:00:00,Sales Experience,Misrepresentation Concern,Critical,Customer Portal,2024-07-05 01:00:49,2024-07-05 05:36:40,Resolved,4,True,0,Neutral,True,Sales
CAS-00633,CUS-000880,HVW,HVW-P1-B2-01114,2024-12-08 00:00:00,Snagging / Quality,Defect Report,Low,Email,2024-12-08 02:21:11,2024-12-09 00:12:31,Resolved,96,True,0,Positive,False,Construction
CAS-00634,CUS-000803,HVW,HVW-P2-B2-01307,2025-10-23 00:00:00,Collections,Installment Amount Query,Low,Phone,2025-10-23 01:00:39,,Open,96,,0,Neutral,False,Collections
CAS-00635,CUS-000715,HVW,HVW-P2-B2-01352,2025-07-01 00:00:00,Handover,Documentation,Critical,Customer Portal,2025-07-01 03:47:43,2025-07-01 05:18:41,Resolved,4,True,0,Positive,True,Customer Experience
CAS-00636,CUS-000833,HVW,HVW-P3-B3-01593,2025-07-09 00:00:00,Collections,Payment Plan Dispute,Critical,Customer Portal,2025-07-09 01:55:17,2025-07-09 02:55:17,Resolved,4,True,0,Negative,False,Collections
CAS-00637,CUS-000803,HVW,HVW-P2-B2-01307,2026-03-23 00:00:00,Collections,Payment Plan Dispute,Low,Phone,2026-03-23 02:21:45,,Open,96,,0,Negative,False,Collections
CAS-00638,CUS-000742,HVW,HVW-P2-B1-01273,2026-02-26 00:00:00,Collections,Installment Amount Query,Low,In-Person,2026-02-26 02:22:26,,Open,96,,0,Negative,False,Collections
CAS-00639,CUS-000927,HVW,HVW-P2-B4-01437,2025-12-03 00:00:00,Collections,Installment Amount Query,Medium,Email,2025-12-03 03:14:55,2025-12-04 20:19:49,Resolved,48,True,0,Negative,False,Collections
CAS-00640,CUS-001010,HVW,HVW-P3-B4-01620,2025-02-09 00:00:00,Collections,Payment Plan Dispute,High,Email,2025-02-09 00:53:53,2025-02-10 16:00:46,Resolved,24,False,0,Neutral,True,Collections
CAS-00641,CUS-000869,HVW,HVW-P2-B3-01357,2026-05-25 00:00:00,Collections,Installment Amount Query,Low,In-Person,2026-05-25 01:15:53,,Open,96,,0,Negative,False,Collections
CAS-00642,CUS-000860,HVW,HVW-P3-B3-01564,2025-08-17 00:00:00,Handover,Documentation,High,Phone,2025-08-17 01:18:43,2025-08-17 17:38:31,Resolved,24,True,0,Positive,True,Customer Experience
CAS-00643,CUS-000733,HVW,HVW-P3-B2-01552,2025-05-25 00:00:00,Handover,Handover Date Concern,Low,Customer Portal,2025-05-25 00:05:00,2025-05-29 15:14:23,Resolved,96,True,0,Negative,False,Customer Experience
CAS-00644,CUS-000780,HVW,HVW-P1-B2-01118,2024-08-14 00:00:00,Collections,Installment Amount Query,Medium,Email,2024-08-14 03:30:23,2024-08-15 04:40:30,Resolved,48,True,0,Positive,False,Collections
CAS-00645,CUS-000724,HVW,HVW-P1-B4-01239,2024-08-31 00:00:00,Collections,Late Fee Dispute,High,WhatsApp,2024-08-31 00:28:54,,Open,24,,0,Negative,False,Collections
CAS-00646,CUS-001004,HVW,HVW-P2-B4-01407,2024-09-22 00:00:00,Collections,Payment Plan Dispute,High,In-Person,2024-09-22 01:38:43,,Open,24,,0,Neutral,True,Collections
CAS-00647,CUS-000998,HVW,HVW-P2-B4-01427,2025-04-25 00:00:00,Sales Experience,Communication Quality,Medium,In-Person,2025-04-25 01:44:05,2025-04-26 08:14:44,Resolved,48,True,0,Neutral,False,Sales
CAS-00648,CUS-000701,HVW,HVW-P2-B4-01447,2025-05-13 00:00:00,Construction Update,Site Visit Request,Medium,Email,2025-05-13 01:34:46,2025-05-13 21:27:25,Resolved,48,True,0,Negative,False,Construction
CAS-00649,CUS-000707,HVW,HVW-P3-B1-01453,2025-08-21 00:00:00,Collections,Payment Plan Dispute,Medium,Customer Portal,2025-08-21 02:30:40,2025-08-21 08:09:31,Resolved,48,True,0,Negative,False,Collections
CAS-00650,CUS-000841,HVW,HVW-P3-B2-01517,2025-04-20 00:00:00,Snagging / Quality,Finishing Quality,High,In-Person,2025-04-20 01:00:06,2025-04-20 03:56:58,Resolved,24,True,0,Positive,False,Construction
CAS-00651,CUS-000836,HVW,HVW-P1-B2-01143,2024-10-02 00:00:00,Sales Experience,Communication Quality,Low,Customer Portal,2024-10-02 01:43:05,2024-10-06 02:19:15,Resolved,96,True,0,Positive,False,Sales
CAS-00652,CUS-000845,HVW,HVW-P3-B4-01630,2025-06-26 00:00:00,Collections,Installment Amount Query,Medium,Email,2025-06-26 02:24:18,2025-06-29 10:22:40,Resolved,48,False,0,Neutral,False,Collections
CAS-00653,CUS-000750,HVW,HVW-P2-B4-01439,2025-10-14 00:00:00,Handover,Handover Date Concern,Low,WhatsApp,2025-10-14 00:19:04,2025-10-18 11:14:07,Resolved,96,True,0,Positive,False,Customer Experience
CAS-00654,CUS-000949,HVW,HVW-P1-B1-01063,2024-12-04 00:00:00,General Inquiry,Amenities,Medium,Customer Portal,2024-12-04 01:56:03,2024-12-07 23:04:39,Resolved,48,False,0,Positive,False,Customer Experience
CAS-00655,CUS-000747,HVW,HVW-P2-B4-01421,2025-09-17 00:00:00,Sales Experience,Misrepresentation Concern,Medium,Email,2025-09-17 01:30:41,2025-09-21 10:53:27,Resolved,48,False,0,Negative,False,Sales
CAS-00656,CUS-000797,HVW,HVW-P1-B4-01217,2026-06-02 00:00:00,Handover,Final Payment Query,Medium,Email,2026-06-02 00:05:00,,Open,48,,0,Negative,False,Customer Experience
CAS-00657,CUS-001065,HVW,HVW-P3-B1-01495,2026-01-12 00:00:00,Sales Experience,Response Time,Critical,In-Person,2026-01-12 01:22:07,2026-01-12 07:44:23,Resolved,4,False,0,Positive,True,Sales
CAS-00658,CUS-001042,HVW,HVW-P3-B2-01551,2026-04-06 00:00:00,Collections,Payment Plan Dispute,High,WhatsApp,2026-04-06 03:14:37,2026-04-07 10:29:14,Resolved,24,True,0,Negative,True,Collections
CAS-00659,CUS-000840,HVW,HVW-P2-B4-01409,2026-03-31 00:00:00,General Inquiry,Resale Process,Critical,Phone,2026-03-31 01:17:36,,Open,4,,0,Positive,False,Customer Experience
CAS-00660,CUS-000720,HVW,HVW-P1-B3-01191,2025-02-10 00:00:00,Handover,Documentation,Low,Email,2025-02-10 00:11:52,2025-02-10 01:11:52,Resolved,96,True,0,Positive,False,Customer Experience
CAS-00661,CUS-000762,HVW,HVW-P1-B4-01225,2025-04-23 00:00:00,Collections,Late Fee Dispute,High,WhatsApp,2025-04-23 01:02:56,2025-04-23 15:52:55,Resolved,24,True,0,Positive,True,Collections
CAS-00662,CUS-001045,HVW,HVW-P1-B4-01236,2025-08-30 00:00:00,Sales Experience,Response Time,High,Email,2025-08-30 01:03:11,2025-08-31 14:26:12,Resolved,24,False,0,Negative,False,Sales
CAS-00663,CUS-000753,HVW,HVW-P3-B2-01508,2025-11-07 00:00:00,General Inquiry,HOA / Facilities Management,High,Email,2025-11-07 00:29:12,2025-11-07 13:08:42,Resolved,24,True,0,Neutral,False,Customer Experience
CAS-00664,CUS-000996,HVW,HVW-P1-B4-01229,2024-10-23 00:00:00,Construction Update,Delay Concern,Low,Email,2024-10-23 02:35:45,2024-10-29 18:25:35,Resolved,96,False,0,Positive,False,Construction
CAS-00665,CUS-000705,HVW,HVW-P3-B2-01541,2026-05-23 00:00:00,Sales Experience,Misrepresentation Concern,Medium,In-Person,2026-05-23 01:19:55,,Open,48,,0,Positive,False,Sales
CAS-00666,CUS-000848,HVW,HVW-P1-B4-01228,2026-06-29 00:00:00,Sales Experience,Misrepresentation Concern,Low,In-Person,2026-06-29 00:26:28,2026-07-03 04:46:25,Resolved,96,True,0,Negative,False,Sales
CAS-00667,CUS-000970,HVW,HVW-P1-B1-01058,2026-05-02 00:00:00,Construction Update,Delay Concern,Medium,Phone,2026-05-02 00:32:29,2026-05-03 09:33:36,Resolved,48,True,0,Positive,False,Construction
CAS-00668,CUS-001088,HVW,HVW-P3-B2-01525,2025-04-06 00:00:00,Handover,Final Payment Query,Low,Phone,2025-04-06 01:37:05,,Open,96,,0,Neutral,False,Customer Experience
CAS-00669,CUS-000722,HVW,HVW-P2-B4-01408,2026-04-11 00:00:00,Sales Experience,Communication Quality,Low,Email,2026-04-11 02:01:41,,Open,96,,0,Neutral,False,Sales
CAS-00670,CUS-000683,HVW,HVW-P3-B3-01567,2025-10-09 00:00:00,Collections,Late Fee Dispute,Low,Email,2025-10-09 00:12:37,2025-10-10 19:15:35,Resolved,96,True,0,Neutral,False,Collections
CAS-00671,CUS-000886,HVW,HVW-P3-B4-01637,2025-11-10 00:00:00,Collections,Installment Amount Query,Low,Customer Portal,2025-11-10 03:01:35,,Open,96,,0,Negative,False,Collections
CAS-00672,CUS-000780,HVW,HVW-P1-B2-01118,2025-12-22 00:00:00,General Inquiry,Amenities,Medium,Phone,2025-12-22 02:43:27,,Open,48,,0,Neutral,False,Customer Experience
CAS-00673,CUS-000903,HVW,HVW-P2-B1-01280,2024-07-20 00:00:00,General Inquiry,Amenities,Low,Email,2024-07-20 00:05:00,2024-07-21 12:29:23,Resolved,96,True,0,Positive,False,Customer Experience
CAS-00674,CUS-001072,HVW,HVW-P1-B4-01233,2026-03-11 00:00:00,General Inquiry,HOA / Facilities Management,Low,Customer Portal,2026-03-11 01:09:39,2026-03-12 04:12:06,Resolved,96,True,0,Positive,False,Customer Experience
CAS-00675,CUS-000800,HVW,HVW-P1-B1-01074,2026-03-26 00:00:00,Handover,Documentation,High,Email,2026-03-26 01:33:04,2026-03-27 07:18:26,Resolved,24,True,0,Negative,False,Customer Experience
CAS-00676,CUS-000962,HVW,HVW-P2-B3-01397,2024-12-05 00:00:00,Snagging / Quality,Finishing Quality,Low,Customer Portal,2024-12-05 01:03:23,2024-12-08 01:55:34,Resolved,96,True,0,Neutral,False,Construction
CAS-00677,CUS-000871,HVW,HVW-P2-B2-01336,2026-03-13 00:00:00,Handover,Final Payment Query,Medium,WhatsApp,2026-03-13 00:29:16,2026-03-15 18:15:40,Resolved,48,True,0,Neutral,False,Customer Experience
CAS-00678,CUS-000982,HVW,HVW-P1-B4-01205,2026-03-03 00:00:00,General Inquiry,Amenities,Medium,Customer Portal,2026-03-03 01:43:58,2026-03-05 18:59:37,Resolved,48,True,0,Negative,False,Customer Experience
CAS-00679,CUS-001041,HVW,HVW-P2-B2-01332,2025-06-19 00:00:00,General Inquiry,Amenities,Low,WhatsApp,2025-06-19 03:45:01,2025-06-22 19:56:11,Resolved,96,True,0,Positive,False,Customer Experience
CAS-00680,CUS-001068,HVW,HVW-P3-B4-01612,2025-05-14 00:00:00,Collections,Installment Amount Query,Low,Phone,2025-05-14 02:06:16,2025-05-17 04:48:45,Resolved,96,True,0,Neutral,False,Collections
CAS-00681,CUS-000852,HVW,HVW-P2-B3-01356,2025-11-29 00:00:00,Sales Experience,Communication Quality,Low,In-Person,2025-11-29 01:30:18,2025-12-03 04:28:48,Resolved,96,True,0,Neutral,False,Sales
CAS-00682,CUS-000767,HVW,HVW-P2-B1-01302,2025-07-23 00:00:00,Handover,Handover Date Concern,Low,Phone,2025-07-23 02:16:06,2025-07-27 09:07:54,Resolved,96,True,0,Positive,False,Customer Experience
CAS-00683,CUS-000758,HVW,HVW-P3-B2-01521,2026-06-05 00:00:00,Snagging / Quality,MEP Issue,High,Customer Portal,2026-06-05 02:18:05,2026-06-05 08:46:46,Resolved,24,True,0,Negative,False,Construction
CAS-00684,CUS-001022,HVW,HVW-P2-B3-01371,2025-09-30 00:00:00,Snagging / Quality,Defect Report,Medium,WhatsApp,2025-09-30 00:56:54,,Open,48,,0,Neutral,False,Construction
CAS-00685,CUS-001091,HVW,HVW-P3-B3-01602,2024-07-02 00:00:00,General Inquiry,Amenities,High,WhatsApp,2024-07-02 01:29:42,2024-07-02 21:56:31,Resolved,24,True,0,Positive,False,Customer Experience
CAS-00686,CUS-000762,HVW,HVW-P1-B4-01225,2024-07-25 00:00:00,Snagging / Quality,Defect Report,Low,In-Person,2024-07-25 00:46:12,2024-07-25 01:46:12,Resolved,96,True,0,Neutral,False,Construction
CAS-00687,CUS-000992,HVW,HVW-P2-B4-01450,2025-09-11 00:00:00,Collections,Installment Amount Query,Medium,Customer Portal,2025-09-11 00:25:36,2025-09-13 13:39:48,Resolved,48,True,0,Negative,False,Collections
CAS-00688,CUS-000885,HVW,HVW-P2-B2-01327,2025-02-16 00:00:00,General Inquiry,HOA / Facilities Management,Low,Phone,2025-02-16 00:07:28,2025-02-17 20:00:09,Resolved,96,True,0,Positive,False,Customer Experience
CAS-00689,CUS-000869,HVW,HVW-P2-B3-01357,2025-10-10 00:00:00,Collections,Late Fee Dispute,Low,In-Person,2025-10-10 01:48:05,2025-10-14 04:33:14,Resolved,96,True,0,Negative,False,Collections
CAS-00690,CUS-001017,HVW,HVW-P1-B3-01155,2025-12-30 00:00:00,Handover,Final Payment Query,Low,In-Person,2025-12-30 00:38:47,2026-01-02 15:27:24,Resolved,96,True,0,Negative,False,Customer Experience
CAS-00691,CUS-000687,HVW,HVW-P1-B1-01060,2026-02-11 00:00:00,Collections,Payment Plan Dispute,Medium,Email,2026-02-11 01:37:24,,Open,48,,0,Negative,False,Collections
CAS-00692,CUS-000970,HVW,HVW-P1-B1-01058,2025-08-25 00:00:00,Sales Experience,Response Time,High,In-Person,2025-08-25 01:27:50,2025-08-25 10:29:04,Resolved,24,True,0,Neutral,False,Sales
CAS-00693,CUS-001004,HVW,HVW-P2-B4-01407,2024-08-06 00:00:00,Snagging / Quality,MEP Issue,Medium,WhatsApp,2024-08-06 01:45:30,2024-08-07 16:11:49,Resolved,48,True,0,Neutral,False,Construction
CAS-00694,CUS-000903,HVW,HVW-P2-B1-01280,2024-12-21 00:00:00,General Inquiry,Amenities,Critical,WhatsApp,2024-12-21 01:55:23,2024-12-21 06:54:47,Resolved,4,True,0,Positive,False,Customer Experience
CAS-00695,CUS-000702,HVW,HVW-P1-B1-01056,2024-08-28 00:00:00,Sales Experience,Response Time,Low,Phone,2024-08-28 01:50:02,2024-09-04 16:43:33,Resolved,96,False,0,Neutral,False,Sales
CAS-00696,CUS-000714,HVW,HVW-P2-B2-01342,2024-08-30 00:00:00,General Inquiry,Amenities,Low,Email,2024-08-30 01:41:58,2024-09-04 17:02:08,Resolved,96,True,0,Neutral,False,Customer Experience
CAS-00697,CUS-001091,HVW,HVW-P3-B3-01602,2024-09-17 00:00:00,General Inquiry,Amenities,Low,Phone,2024-09-17 01:47:23,2024-09-21 03:26:38,Resolved,96,True,1,Negative,False,Customer Experience
CAS-00698,CUS-000897,HVW,HVW-P3-B2-01516,2024-08-07 00:00:00,Construction Update,Delay Concern,Low,Email,2024-08-07 01:06:32,2024-08-13 03:30:50,Resolved,96,False,0,Neutral,False,Construction
CAS-00699,CUS-000978,HVW,HVW-P2-B3-01392,2025-09-04 00:00:00,Collections,Late Fee Dispute,Low,WhatsApp,2025-09-04 01:27:44,2025-09-04 18:21:19,Resolved,96,True,0,Positive,False,Collections
CAS-00700,CUS-000703,HVW,HVW-P2-B3-01375,2025-04-07 00:00:00,Collections,Payment Plan Dispute,High,Email,2025-04-07 02:15:55,2025-04-08 03:05:37,Resolved,24,True,0,Positive,False,Collections
CAS-00701,CUS-000837,HVW,HVW-P3-B4-01651,2024-07-12 00:00:00,General Inquiry,Resale Process,Low,WhatsApp,2024-07-12 02:45:54,,Open,96,,0,Negative,False,Customer Experience
CAS-00702,CUS-000728,HVW,HVW-P1-B2-01110,2025-04-14 00:00:00,Handover,Handover Date Concern,High,In-Person,2025-04-14 02:10:03,2025-04-15 08:40:58,Resolved,24,True,1,Neutral,False,Customer Experience
CAS-00703,CUS-000786,HVW,HVW-P1-B2-01138,2025-10-05 00:00:00,Collections,Installment Amount Query,Medium,Phone,2025-10-05 01:20:32,,Open,48,,0,Negative,False,Collections
CAS-00704,CUS-000694,HVW,HVW-P2-B2-01344,2025-07-07 00:00:00,Construction Update,Delay Concern,Low,Customer Portal,2025-07-07 01:56:09,,Open,96,,0,Positive,False,Construction
CAS-00705,CUS-000694,HVW,HVW-P2-B2-01344,2025-08-13 00:00:00,Handover,Handover Date Concern,Medium,Email,2025-08-13 00:33:19,2025-08-14 22:54:45,Resolved,48,True,0,Neutral,False,Customer Experience
CAS-00706,CUS-000790,HVW,HVW-P1-B4-01214,2025-10-12 00:00:00,Collections,Late Fee Dispute,Medium,In-Person,2025-10-12 02:10:54,2025-10-13 13:04:03,Resolved,48,True,0,Positive,False,Collections
CAS-00707,CUS-000895,HVW,HVW-P2-B3-01401,2024-11-10 00:00:00,Collections,Installment Amount Query,Medium,Customer Portal,2024-11-10 00:05:00,2024-11-14 03:01:37,Resolved,48,False,0,Negative,False,Collections
CAS-00708,CUS-000962,HVW,HVW-P2-B3-01397,2024-10-21 00:00:00,General Inquiry,Amenities,Medium,Phone,2024-10-21 01:26:24,,Open,48,,0,Neutral,False,Customer Experience
CAS-00709,CUS-000903,HVW,HVW-P2-B1-01280,2025-12-09 00:00:00,Collections,Late Fee Dispute,Critical,Phone,2025-12-09 00:05:00,2025-12-09 04:09:03,Resolved,4,True,0,Negative,True,Collections
CAS-00710,CUS-000692,HVW,HVW-P2-B4-01410,2025-09-11 00:00:00,Snagging / Quality,Finishing Quality,Medium,WhatsApp,2025-09-11 00:58:49,2025-09-12 00:26:18,Resolved,48,True,0,Negative,False,Construction
CAS-00711,CUS-000849,HVW,HVW-P2-B3-01364,2024-11-10 00:00:00,Sales Experience,Response Time,Medium,In-Person,2024-11-10 01:09:04,2024-11-11 16:14:09,Resolved,48,True,0,Neutral,False,Sales
CAS-00712,CUS-001024,HVW,HVW-P3-B3-01562,2025-03-28 00:00:00,Snagging / Quality,MEP Issue,High,Email,2025-03-28 01:29:36,,Open,24,,0,Positive,False,Construction
CAS-00713,CUS-000983,HVW,HVW-P2-B4-01444,2025-06-24 00:00:00,Construction Update,Delay Concern,Medium,Phone,2025-06-24 02:17:06,2025-06-27 15:54:00,Resolved,48,False,0,Neutral,False,Construction
CAS-00714,CUS-000941,HVW,HVW-P3-B3-01573,2024-08-08 00:00:00,General Inquiry,Amenities,Low,Phone,2024-08-08 02:11:44,,Open,96,,0,Neutral,False,Customer Experience
CAS-00715,CUS-001046,HVW,HVW-P3-B4-01608,2026-04-29 00:00:00,Collections,Installment Amount Query,Medium,Customer Portal,2026-04-29 01:40:36,2026-05-01 11:49:11,Resolved,48,True,0,Neutral,False,Collections
CAS-00716,CUS-000775,HVW,HVW-P3-B4-01631,2025-05-02 00:00:00,Handover,Final Payment Query,High,In-Person,2025-05-02 00:33:25,2025-05-02 15:39:11,Resolved,24,True,0,Negative,True,Customer Experience
CAS-00717,CUS-001076,HVW,HVW-P1-B3-01161,2024-10-16 00:00:00,Construction Update,Progress Inquiry,Medium,Customer Portal,2024-10-16 01:52:09,2024-10-18 09:49:32,Resolved,48,True,0,Neutral,False,Construction
CAS-00718,CUS-000804,HVW,HVW-P1-B2-01116,2024-08-29 00:00:00,Handover,Documentation,High,In-Person,2024-08-29 01:06:48,2024-08-29 19:57:19,Resolved,24,True,1,Negative,True,Customer Experience
CAS-00719,CUS-000952,HVW,HVW-P2-B1-01262,2026-06-24 00:00:00,Collections,Installment Amount Query,Critical,In-Person,2026-06-24 00:07:28,2026-06-24 04:49:43,Resolved,4,True,0,Negative,True,Collections
CAS-00720,CUS-000949,HVW,HVW-P1-B1-01063,2025-08-09 00:00:00,General Inquiry,Resale Process,Medium,Email,2025-08-09 01:43:08,2025-08-10 07:31:44,Resolved,48,True,0,Positive,False,Customer Experience
CAS-00721,CUS-000703,HVW,HVW-P2-B3-01375,2026-05-26 00:00:00,Construction Update,Site Visit Request,Medium,WhatsApp,2026-05-26 00:05:00,2026-05-28 02:34:17,Resolved,48,True,0,Positive,False,Construction
CAS-00722,CUS-000799,HVW,HVW-P1-B1-01083,2025-11-15 00:00:00,Collections,Installment Amount Query,Medium,Phone,2025-11-15 00:05:00,,Open,48,,0,Neutral,False,Collections
CAS-00723,CUS-000841,HVW,HVW-P3-B2-01517,2025-02-15 00:00:00,General Inquiry,HOA / Facilities Management,Medium,Phone,2025-02-15 01:17:04,2025-02-17 03:23:45,Resolved,48,True,0,Positive,False,Customer Experience
CAS-00724,CUS-000804,HVW,HVW-P1-B2-01116,2026-02-23 00:00:00,Sales Experience,Misrepresentation Concern,High,In-Person,2026-02-23 01:04:37,2026-02-23 15:22:33,Resolved,24,True,0,Neutral,True,Sales
CAS-00725,CUS-000930,HVW,HVW-P2-B1-01281,2026-06-05 00:00:00,Collections,Installment Amount Query,Low,In-Person,2026-06-05 01:51:58,2026-06-09 19:47:59,Resolved,96,True,0,Neutral,False,Collections
CAS-00726,CUS-001030,HVW,HVW-P3-B3-01592,2024-10-09 00:00:00,Collections,Payment Plan Dispute,High,WhatsApp,2024-10-09 01:11:43,2024-10-09 02:11:43,Resolved,24,True,0,Negative,False,Collections
CAS-00727,CUS-000833,HVW,HVW-P3-B3-01593,2026-01-06 00:00:00,Collections,Installment Amount Query,High,Customer Portal,2026-01-06 01:04:23,2026-01-06 02:04:23,Resolved,24,True,0,Negative,True,Collections
CAS-00728,CUS-000717,HVW,HVW-P3-B1-01487,2024-08-30 00:00:00,Collections,Late Fee Dispute,Medium,Phone,2024-08-30 02:06:07,2024-09-01 09:31:44,Resolved,48,True,0,Negative,False,Collections
CAS-00729,CUS-000862,HVW,HVW-P2-B1-01284,2025-03-08 00:00:00,Handover,Final Payment Query,High,Email,2025-03-08 00:40:04,2025-03-09 20:22:57,Resolved,24,False,0,Neutral,True,Customer Experience
CAS-00730,CUS-000894,HVW,HVW-P1-B2-01112,2024-10-21 00:00:00,General Inquiry,Amenities,Critical,Customer Portal,2024-10-21 02:44:15,2024-10-21 03:44:15,Resolved,4,True,0,Negative,False,Customer Experience
CAS-00731,CUS-000954,HVW,HVW-P2-B3-01374,2025-10-07 00:00:00,Construction Update,Site Visit Request,High,Customer Portal,2025-10-07 02:07:07,2025-10-07 19:36:00,Resolved,24,True,0,Positive,False,Construction
CAS-00732,CUS-000852,HVW,HVW-P2-B3-01356,2026-02-26 00:00:00,Snagging / Quality,Defect Report,Medium,WhatsApp,2026-02-26 02:33:34,,Open,48,,0,Neutral,False,Construction
CAS-00733,CUS-000740,HVW,HVW-P3-B2-01505,2026-01-30 00:00:00,Collections,Installment Amount Query,High,In-Person,2026-01-30 01:26:28,2026-01-30 21:18:38,Resolved,24,True,0,Negative,False,Collections
CAS-00734,CUS-000768,HVW,HVW-P3-B4-01647,2026-04-21 00:00:00,General Inquiry,Resale Process,High,Phone,2026-04-21 01:09:05,2026-04-22 12:00:21,Resolved,24,True,0,Neutral,True,Customer Experience
CAS-00735,CUS-001027,HVW,HVW-P3-B2-01504,2025-07-11 00:00:00,Collections,Payment Plan Dispute,High,WhatsApp,2025-07-11 00:12:04,2025-07-11 05:04:25,Resolved,24,True,0,Neutral,False,Collections
CAS-00736,CUS-001088,HVW,HVW-P3-B2-01525,2026-03-19 00:00:00,Sales Experience,Misrepresentation Concern,Critical,WhatsApp,2026-03-19 00:14:43,2026-03-19 04:16:24,Resolved,4,True,0,Neutral,True,Sales
CAS-00737,CUS-000972,HVW,HVW-P2-B2-01326,2025-02-17 00:00:00,Snagging / Quality,Finishing Quality,Low,In-Person,2025-02-17 02:06:22,2025-02-19 19:47:38,Resolved,96,True,0,Neutral,False,Construction
CAS-00738,CUS-000886,HVW,HVW-P3-B4-01637,2024-09-02 00:00:00,Construction Update,Delay Concern,Medium,Phone,2024-09-02 01:11:29,2024-09-03 15:18:39,Resolved,48,True,1,Neutral,False,Construction
CAS-00739,CUS-001014,HVW,HVW-P2-B1-01274,2025-08-31 00:00:00,Collections,Payment Plan Dispute,High,Email,2025-08-31 01:36:26,2025-08-31 16:17:30,Resolved,24,True,0,Positive,False,Collections
CAS-00740,CUS-000924,HVW,HVW-P2-B3-01359,2025-09-18 00:00:00,Snagging / Quality,Finishing Quality,Low,In-Person,2025-09-18 03:19:56,2025-09-22 15:56:30,Resolved,96,True,0,Positive,False,Construction
CAS-00741,CUS-001065,HVW,HVW-P3-B1-01495,2025-07-10 00:00:00,Handover,Final Payment Query,Medium,Email,2025-07-10 01:05:21,2025-07-13 04:37:20,Resolved,48,False,1,Neutral,False,Customer Experience
CAS-00742,CUS-000963,HVW,HVW-P1-B2-01132,2024-08-22 00:00:00,Snagging / Quality,Finishing Quality,High,WhatsApp,2024-08-22 01:41:04,2024-08-22 23:16:44,Resolved,24,True,0,Neutral,True,Construction
CAS-00743,CUS-000772,HVW,HVW-P1-B4-01218,2024-09-13 00:00:00,General Inquiry,Amenities,High,Email,2024-09-13 02:13:04,2024-09-14 04:01:08,Resolved,24,True,0,Neutral,True,Customer Experience
CAS-00744,CUS-000809,HVW,HVW-P3-B3-01586,2025-02-03 00:00:00,Snagging / Quality,MEP Issue,High,Customer Portal,2025-02-03 01:35:31,2025-02-03 21:37:35,Resolved,24,True,0,Negative,False,Construction
CAS-00745,CUS-000899,HVW,HVW-P2-B1-01289,2026-02-07 00:00:00,Sales Experience,Communication Quality,Medium,Phone,2026-02-07 01:54:09,2026-02-09 06:08:13,Resolved,48,True,0,Neutral,False,Sales
CAS-00746,CUS-000902,HVW,HVW-P2-B1-01268,2025-05-03 00:00:00,Collections,Installment Amount Query,Low,Customer Portal,2025-05-03 02:38:18,,Open,96,,0,Negative,False,Collections
CAS-00747,CUS-000958,HVW,HVW-P1-B1-01068,2026-06-24 00:00:00,Collections,Installment Amount Query,Low,In-Person,2026-06-24 01:12:40,2026-06-26 08:41:32,Resolved,96,True,0,Neutral,False,Collections
CAS-00748,CUS-000896,HVW,HVW-P2-B4-01442,2025-05-01 00:00:00,Collections,Payment Plan Dispute,Medium,Customer Portal,2025-05-01 02:08:33,,Open,48,,0,Negative,False,Collections
CAS-00749,CUS-000813,HVW,HVW-P2-B4-01406,2024-11-04 00:00:00,Handover,Handover Date Concern,Medium,Customer Portal,2024-11-04 02:58:28,,Open,48,,0,Negative,False,Customer Experience
CAS-00750,CUS-001018,HVW,HVW-P1-B2-01151,2025-01-15 00:00:00,Collections,Installment Amount Query,Medium,In-Person,2025-01-15 01:12:57,,Open,48,,0,Positive,False,Collections
CAS-00751,CUS-001040,HVW,HVW-P1-B2-01134,2025-03-12 00:00:00,Snagging / Quality,Defect Report,High,Email,2025-03-12 02:03:04,2025-03-12 03:03:04,Resolved,24,True,0,Neutral,True,Construction
CAS-00752,CUS-000780,HVW,HVW-P1-B2-01118,2024-08-27 00:00:00,Sales Experience,Communication Quality,Medium,Customer Portal,2024-08-27 00:05:00,2024-08-29 02:38:04,Resolved,48,True,0,Negative,False,Sales
CAS-00753,CUS-000832,HVW,HVW-P2-B4-01415,2025-04-23 00:00:00,Collections,Payment Plan Dispute,Low,Email,2025-04-23 01:34:36,2025-04-23 02:34:36,Resolved,96,True,0,Neutral,False,Collections
CAS-00754,CUS-000689,HVW,HVW-P3-B2-01539,2026-01-06 00:00:00,Collections,Late Fee Dispute,Low,Phone,2026-01-06 01:33:35,2026-01-11 14:01:38,Resolved,96,True,0,Negative,False,Collections
CAS-00755,CUS-000959,HVW,HVW-P1-B1-01071,2026-02-28 00:00:00,General Inquiry,HOA / Facilities Management,Low,Email,2026-02-28 01:58:39,2026-03-02 14:57:59,Resolved,96,True,0,Neutral,False,Customer Experience
CAS-00756,CUS-000760,HVW,HVW-P3-B4-01649,2025-08-10 00:00:00,General Inquiry,HOA / Facilities Management,High,Phone,2025-08-10 00:57:47,2025-08-10 07:49:04,Resolved,24,True,0,Positive,True,Customer Experience
CAS-00757,CUS-000768,HVW,HVW-P3-B4-01647,2024-12-07 00:00:00,Collections,Payment Plan Dispute,Low,Customer Portal,2024-12-07 00:13:16,,Open,96,,0,Negative,False,Collections
CAS-00758,CUS-001013,HVW,HVW-P2-B3-01365,2025-05-30 00:00:00,Collections,Installment Amount Query,Medium,Phone,2025-05-30 00:05:00,2025-05-31 23:57:38,Resolved,48,True,0,Negative,False,Collections
CAS-00759,CUS-000727,HVW,HVW-P3-B4-01644,2025-10-07 00:00:00,Construction Update,Delay Concern,Low,Email,2025-10-07 00:31:49,2025-10-07 01:31:49,Resolved,96,True,0,Positive,False,Construction
CAS-00760,CUS-000972,HVW,HVW-P2-B2-01326,2024-07-07 00:00:00,Collections,Payment Plan Dispute,Low,WhatsApp,2024-07-07 00:05:00,2024-07-11 11:15:09,Resolved,96,True,0,Negative,False,Collections
CAS-00761,CUS-000916,HVW,HVW-P1-B1-01061,2026-04-03 00:00:00,Collections,Late Fee Dispute,Low,WhatsApp,2026-04-03 02:49:56,2026-04-05 06:21:02,Resolved,96,True,0,Neutral,False,Collections
CAS-00762,CUS-000971,HVW,HVW-P1-B4-01226,2025-05-11 00:00:00,Collections,Installment Amount Query,Low,In-Person,2025-05-11 00:05:00,,Open,96,,0,Negative,False,Collections
CAS-00763,CUS-000728,HVW,HVW-P1-B2-01110,2025-03-25 00:00:00,Snagging / Quality,MEP Issue,Low,Phone,2025-03-25 01:18:39,2025-03-27 11:47:32,Resolved,96,True,0,Neutral,False,Construction
CAS-00764,CUS-000891,HVW,HVW-P2-B2-01331,2026-01-23 00:00:00,General Inquiry,HOA / Facilities Management,Low,WhatsApp,2026-01-23 02:29:40,2026-01-27 11:41:04,Resolved,96,True,0,Neutral,False,Customer Experience
CAS-00765,CUS-000828,HVW,HVW-P3-B1-01470,2025-05-16 00:00:00,Collections,Installment Amount Query,Low,In-Person,2025-05-16 01:50:42,2025-05-18 23:24:45,Resolved,96,True,0,Negative,False,Collections
CAS-00766,CUS-001016,HVW,HVW-P1-B2-01137,2026-01-17 00:00:00,Handover,Handover Date Concern,Critical,In-Person,2026-01-17 01:43:47,2026-01-17 04:48:03,Resolved,4,True,0,Neutral,False,Customer Experience
CAS-00767,CUS-000944,HVW,HVW-P1-B4-01204,2026-05-03 00:00:00,Snagging / Quality,Defect Report,Medium,Phone,2026-05-03 01:16:56,,Open,48,,0,Neutral,False,Construction
CAS-00768,CUS-000934,HVW,HVW-P2-B4-01440,2024-10-04 00:00:00,General Inquiry,Amenities,High,Phone,2024-10-04 00:41:40,2024-10-05 02:22:44,Resolved,24,True,0,Neutral,True,Customer Experience
CAS-00769,CUS-001080,HVW,HVW-P3-B3-01575,2026-06-01 00:00:00,Collections,Payment Plan Dispute,Medium,WhatsApp,2026-06-01 00:06:06,2026-06-01 20:11:39,Resolved,48,True,0,Neutral,False,Collections
CAS-00770,CUS-000828,HVW,HVW-P3-B1-01470,2025-04-28 00:00:00,General Inquiry,HOA / Facilities Management,Medium,Customer Portal,2025-04-28 01:55:53,2025-04-29 04:26:00,Resolved,48,True,0,Negative,False,Customer Experience
CAS-00771,CUS-000910,HVW,HVW-P1-B1-01101,2025-06-12 00:00:00,Sales Experience,Response Time,High,Email,2025-06-12 01:10:21,2025-06-12 18:33:49,Resolved,24,True,0,Neutral,False,Sales
CAS-00772,CUS-000856,HVW,HVW-P2-B1-01295,2026-05-22 00:00:00,General Inquiry,HOA / Facilities Management,Medium,Email,2026-05-22 01:34:09,2026-05-22 19:36:08,Resolved,48,True,0,Negative,False,Customer Experience
CAS-00773,CUS-000982,HVW,HVW-P1-B4-01205,2025-03-31 00:00:00,Collections,Installment Amount Query,Medium,WhatsApp,2025-03-31 01:10:34,2025-04-02 21:26:41,Resolved,48,True,1,Negative,False,Collections
CAS-00774,CUS-000921,HVW,HVW-P2-B1-01299,2024-08-03 00:00:00,General Inquiry,Amenities,Medium,Customer Portal,2024-08-03 00:51:33,2024-08-04 21:39:29,Resolved,48,True,0,Positive,False,Customer Experience
CAS-00775,CUS-000874,HVW,HVW-P3-B3-01566,2026-03-10 00:00:00,Snagging / Quality,Defect Report,Medium,WhatsApp,2026-03-10 01:12:16,2026-03-11 00:56:42,Resolved,48,True,0,Positive,False,Construction
CAS-00776,CUS-000821,HVW,HVW-P3-B1-01468,2025-11-11 00:00:00,General Inquiry,HOA / Facilities Management,Low,Customer Portal,2025-11-11 00:47:34,2025-11-14 13:24:17,Resolved,96,True,0,Neutral,False,Customer Experience
CAS-00777,CUS-000803,HVW,HVW-P2-B2-01307,2025-07-10 00:00:00,Collections,Payment Plan Dispute,Medium,In-Person,2025-07-10 02:45:01,2025-07-11 14:46:23,Resolved,48,True,0,Positive,False,Collections
CAS-00778,CUS-000923,HVW,HVW-P1-B4-01221,2026-06-13 00:00:00,Collections,Installment Amount Query,Medium,In-Person,2026-06-13 03:18:31,2026-06-14 19:35:00,Resolved,48,True,0,Negative,False,Collections
CAS-00779,CUS-000694,HVW,HVW-P2-B2-01344,2026-02-13 00:00:00,Handover,Documentation,Medium,WhatsApp,2026-02-13 02:08:30,2026-02-13 14:56:32,Resolved,48,True,0,Negative,False,Customer Experience
CAS-00780,CUS-000730,HVW,HVW-P1-B1-01080,2026-01-24 00:00:00,Collections,Payment Plan Dispute,Low,Customer Portal,2026-01-24 03:56:52,,Open,96,,0,Negative,False,Collections
CAS-00781,CUS-000922,HVW,HVW-P1-B4-01210,2026-01-17 00:00:00,Construction Update,Delay Concern,Low,Phone,2026-01-17 00:05:00,2026-01-21 12:39:42,Resolved,96,True,0,Neutral,False,Construction
CAS-00782,CUS-001078,HVW,HVW-P2-B2-01341,2024-10-24 00:00:00,Collections,Installment Amount Query,Medium,Email,2024-10-24 03:31:10,2024-10-25 05:06:56,Resolved,48,True,0,Neutral,False,Collections
CAS-00783,CUS-000773,HVW,HVW-P1-B1-01072,2024-09-18 00:00:00,Handover,Handover Date Concern,Medium,Phone,2024-09-18 01:32:00,2024-09-19 17:50:57,Resolved,48,True,0,Positive,False,Customer Experience
CAS-00784,CUS-000941,HVW,HVW-P3-B3-01573,2025-08-15 00:00:00,Collections,Late Fee Dispute,Medium,Customer Portal,2025-08-15 00:33:29,2025-08-16 00:09:28,Resolved,48,True,0,Neutral,False,Collections
CAS-00785,CUS-000693,HVW,HVW-P2-B3-01361,2026-02-12 00:00:00,Handover,Handover Date Concern,Medium,WhatsApp,2026-02-12 02:27:09,2026-02-15 20:32:44,Resolved,48,False,0,Positive,False,Customer Experience
CAS-00786,CUS-000927,HVW,HVW-P2-B4-01437,2024-09-10 00:00:00,General Inquiry,HOA / Facilities Management,High,Email,2024-09-10 03:38:30,2024-09-10 19:26:55,Resolved,24,True,0,Neutral,False,Customer Experience
CAS-00787,CUS-000903,HVW,HVW-P2-B1-01280,2024-09-22 00:00:00,Snagging / Quality,Defect Report,Medium,WhatsApp,2024-09-22 01:48:40,,Open,48,,0,Positive,False,Construction
CAS-00788,CUS-000970,HVW,HVW-P1-B1-01058,2024-08-21 00:00:00,Sales Experience,Misrepresentation Concern,Medium,WhatsApp,2024-08-21 01:42:31,2024-08-23 14:15:16,Resolved,48,True,1,Negative,False,Sales
CAS-00789,CUS-001040,HVW,HVW-P1-B2-01134,2025-10-26 00:00:00,Construction Update,Delay Concern,Medium,WhatsApp,2025-10-26 01:00:27,2025-10-26 02:00:27,Resolved,48,True,0,Neutral,False,Construction
CAS-00790,CUS-000722,HVW,HVW-P2-B4-01408,2025-01-31 00:00:00,General Inquiry,Resale Process,Critical,Email,2025-01-31 02:52:11,,Open,4,,0,Neutral,False,Customer Experience
CAS-00791,CUS-001137,MER,MER-P2-B4-01945,2026-05-27 00:00:00,Construction Update,Progress Inquiry,Medium,In-Person,2026-05-27 04:01:07,,Open,48,,0,Negative,False,Construction
CAS-00792,CUS-001356,MER,MER-P2-B1-01835,2025-03-13 00:00:00,General Inquiry,Amenities,Medium,In-Person,2025-03-13 02:39:55,2025-03-14 12:02:21,Resolved,48,True,0,Neutral,False,Customer Experience
CAS-00793,CUS-001380,MER,MER-P2-B2-01838,2026-03-04 00:00:00,Snagging / Quality,Finishing Quality,Medium,Email,2026-03-04 00:51:03,2026-03-07 07:37:06,Resolved,48,False,0,Positive,False,Construction
CAS-00794,CUS-001374,MER,MER-P1-B2-01706,2025-12-12 00:00:00,Handover,Documentation,Low,Customer Portal,2025-12-12 01:41:22,2025-12-16 23:11:02,Resolved,96,True,0,Negative,False,Customer Experience
CAS-00795,CUS-001379,MER,MER-P1-B1-01680,2025-09-12 00:00:00,Handover,Documentation,Low,WhatsApp,2025-09-12 02:51:07,,Open,96,,0,Negative,False,Customer Experience
CAS-00796,CUS-001209,MER,MER-P2-B3-01900,2025-12-16 00:00:00,Snagging / Quality,Defect Report,Medium,In-Person,2025-12-16 00:13:23,2025-12-19 15:49:36,Resolved,48,False,0,Negative,False,Construction
CAS-00797,CUS-001364,MER,MER-P2-B4-01937,2025-09-09 00:00:00,Snagging / Quality,MEP Issue,Medium,Customer Portal,2025-09-09 03:51:55,2025-09-14 01:50:02,Resolved,48,False,0,Negative,False,Construction
CAS-00798,CUS-001330,MER,MER-P2-B1-01815,2026-04-03 00:00:00,Snagging / Quality,Defect Report,Low,Customer Portal,2026-04-03 02:57:19,,Open,96,,0,Neutral,False,Construction
CAS-00799,CUS-001236,MER,MER-P1-B1-01668,2026-05-02 00:00:00,Snagging / Quality,MEP Issue,High,WhatsApp,2026-05-02 00:25:44,2026-05-03 19:07:28,Resolved,24,False,1,Positive,False,Construction
CAS-00800,CUS-001210,MER,MER-P2-B2-01861,2025-12-01 00:00:00,Snagging / Quality,Finishing Quality,Medium,In-Person,2025-12-01 00:21:37,,Open,48,,0,Neutral,False,Construction
CAS-00801,CUS-001206,MER,MER-P1-B3-01752,2026-02-10 00:00:00,Handover,Documentation,High,Email,2026-02-10 00:36:12,,Open,24,,0,Negative,True,Customer Experience
CAS-00802,CUS-001253,MER,MER-P1-B4-01792,2026-01-16 00:00:00,Snagging / Quality,Defect Report,Medium,Phone,2026-01-16 03:16:33,2026-01-18 07:04:09,Resolved,48,True,0,Positive,False,Construction
CAS-00803,CUS-001320,MER,MER-P1-B1-01670,2025-09-10 00:00:00,General Inquiry,Amenities,Critical,In-Person,2025-09-10 00:56:45,2025-09-10 04:04:14,Resolved,4,True,0,Neutral,True,Customer Experience
CAS-00804,CUS-001134,MER,MER-P1-B2-01721,2025-11-13 00:00:00,General Inquiry,Resale Process,Medium,Customer Portal,2025-11-13 00:54:42,2025-11-16 03:06:44,Resolved,48,False,0,Neutral,False,Customer Experience
CAS-00805,CUS-001174,MER,MER-P1-B1-01673,2026-04-14 00:00:00,Handover,Final Payment Query,Medium,Phone,2026-04-14 02:22:21,2026-04-14 12:17:25,Resolved,48,True,0,Neutral,False,Customer Experience
CAS-00806,CUS-001122,MER,MER-P2-B1-01824,2026-04-06 00:00:00,Handover,Handover Date Concern,Medium,In-Person,2026-04-06 02:25:32,,Open,48,,0,Negative,False,Customer Experience
CAS-00807,CUS-001372,MER,MER-P2-B4-01918,2026-06-29 00:00:00,Handover,Handover Date Concern,Low,In-Person,2026-06-29 01:13:50,2026-07-11 04:35:55,Resolved,96,False,0,Neutral,False,Customer Experience
CAS-00808,CUS-001349,MER,MER-P2-B2-01873,2024-09-21 00:00:00,Construction Update,Progress Inquiry,Medium,In-Person,2024-09-21 00:53:44,2024-09-21 14:42:55,Resolved,48,True,0,Negative,False,Construction
CAS-00809,CUS-001094,MER,MER-P1-B2-01705,2026-05-12 00:00:00,Handover,Documentation,Medium,Phone,2026-05-12 03:10:22,2026-05-17 00:20:12,Resolved,48,False,1,Neutral,False,Customer Experience
CAS-00810,CUS-001116,MER,MER-P1-B4-01767,2025-10-25 00:00:00,Snagging / Quality,Defect Report,Medium,Customer Portal,2025-10-25 00:57:00,2025-10-28 08:51:30,Resolved,48,False,1,Positive,False,Construction
CAS-00811,CUS-001148,MER,MER-P1-B1-01677,2026-04-28 00:00:00,Snagging / Quality,MEP Issue,Medium,WhatsApp,2026-04-28 01:52:52,,Open,48,,0,Neutral,False,Construction
CAS-00812,CUS-001175,MER,MER-P2-B4-01948,2024-08-10 00:00:00,Construction Update,Site Visit Request,Low,WhatsApp,2024-08-10 01:24:17,2024-08-10 23:07:08,Resolved,96,True,0,Negative,False,Construction
CAS-00813,CUS-001292,MER,MER-P2-B3-01905,2026-06-20 00:00:00,Snagging / Quality,MEP Issue,Low,WhatsApp,2026-06-20 02:54:46,2026-06-25 19:44:53,Resolved,96,True,1,Neutral,False,Construction
CAS-00814,CUS-001347,MER,MER-P1-B1-01666,2025-09-13 00:00:00,Construction Update,Site Visit Request,Low,Phone,2025-09-13 01:13:22,2025-09-13 02:13:22,Resolved,96,True,0,Neutral,False,Construction
CAS-00815,CUS-001132,MER,MER-P2-B4-01946,2025-11-30 00:00:00,Snagging / Quality,MEP Issue,High,WhatsApp,2025-11-30 01:07:16,2025-12-02 02:56:28,Resolved,24,False,0,Neutral,False,Construction
CAS-00816,CUS-001202,MER,MER-P1-B4-01771,2026-06-25 00:00:00,Snagging / Quality,Defect Report,Low,WhatsApp,2026-06-25 00:36:31,2026-06-29 18:29:15,Resolved,96,True,0,Neutral,False,Construction
CAS-00817,CUS-001321,MER,MER-P1-B2-01701,2025-11-14 00:00:00,Snagging / Quality,MEP Issue,High,In-Person,2025-11-14 02:40:55,2025-11-16 00:06:14,Resolved,24,False,0,Neutral,False,Construction
CAS-00818,CUS-001222,MER,MER-P2-B1-01820,2026-05-03 00:00:00,Handover,Handover Date Concern,Critical,Customer Portal,2026-05-03 00:50:49,2026-05-03 09:01:57,Resolved,4,False,0,Negative,False,Customer Experience
CAS-00819,CUS-001164,MER,MER-P1-B2-01712,2025-12-05 00:00:00,Snagging / Quality,Finishing Quality,Low,Phone,2025-12-05 02:08:08,2025-12-14 21:47:45,Resolved,96,False,0,Positive,False,Construction
CAS-00820,CUS-001273,MER,MER-P2-B3-01890,2024-11-06 00:00:00,Collections,Late Fee Dispute,Medium,Phone,2024-11-06 00:05:00,,Open,48,,0,Negative,False,Collections
CAS-00821,CUS-001348,MER,MER-P2-B4-01942,2025-05-20 00:00:00,Sales Experience,Misrepresentation Concern,Medium,WhatsApp,2025-05-20 00:57:21,,Open,48,,0,Neutral,False,Sales
CAS-00822,CUS-001342,MER,MER-P1-B1-01661,2026-06-14 00:00:00,Handover,Handover Date Concern,High,In-Person,2026-06-14 00:13:42,2026-06-15 08:17:11,Resolved,24,True,0,Negative,False,Customer Experience
CAS-00823,CUS-001159,MER,MER-P2-B2-01853,2025-11-12 00:00:00,Handover,Handover Date Concern,Medium,In-Person,2025-11-12 00:43:51,2025-11-12 02:48:55,Resolved,48,True,0,Negative,False,Customer Experience
CAS-00824,CUS-001357,MER,MER-P2-B3-01886,2024-07-11 00:00:00,Construction Update,Progress Inquiry,Critical,Customer Portal,2024-07-11 01:23:40,,Open,4,,0,Positive,False,Construction
CAS-00825,CUS-001103,MER,MER-P2-B1-01810,2025-08-16 00:00:00,Handover,Handover Date Concern,Medium,In-Person,2025-08-16 01:51:43,,Open,48,,0,Negative,False,Customer Experience
CAS-00826,CUS-001133,MER,MER-P1-B2-01714,2025-10-23 00:00:00,Handover,Final Payment Query,Low,Phone,2025-10-23 01:09:58,2025-10-28 12:29:18,Resolved,96,True,1,Neutral,False,Customer Experience
CAS-00827,CUS-001103,MER,MER-P2-B1-01810,2026-01-28 00:00:00,Handover,Documentation,Low,Customer Portal,2026-01-28 00:05:00,2026-01-30 05:04:17,Resolved,96,True,0,Negative,False,Customer Experience
CAS-00828,CUS-001123,MER,MER-P2-B1-01811,2025-02-20 00:00:00,General Inquiry,Resale Process,Low,Customer Portal,2025-02-20 01:37:10,2025-02-22 12:39:27,Resolved,96,True,0,Negative,False,Customer Experience
CAS-00829,CUS-001221,MER,MER-P1-B2-01695,2026-01-09 00:00:00,Handover,Handover Date Concern,Low,Phone,2026-01-09 02:11:56,2026-01-16 22:11:41,Resolved,96,False,0,Negative,False,Customer Experience
CAS-00830,CUS-001171,MER,MER-P1-B1-01674,2026-04-02 00:00:00,Snagging / Quality,MEP Issue,High,In-Person,2026-04-02 02:23:31,2026-04-03 17:46:31,Resolved,24,False,0,Neutral,False,Construction
CAS-00831,CUS-001235,MER,MER-P2-B3-01903,2025-11-18 00:00:00,Handover,Final Payment Query,High,Phone,2025-11-18 00:05:00,,Open,24,,0,Neutral,False,Customer Experience
CAS-00832,CUS-001239,MER,MER-P2-B2-01855,2026-01-18 00:00:00,Snagging / Quality,Defect Report,Low,WhatsApp,2026-01-18 00:05:00,2026-01-21 09:38:08,Resolved,96,True,1,Negative,False,Construction
CAS-00833,CUS-001296,MER,MER-P1-B4-01793,2025-12-31 00:00:00,Handover,Final Payment Query,Medium,WhatsApp,2025-12-31 03:05:17,,Open,48,,0,Neutral,False,Customer Experience
CAS-00834,CUS-001314,MER,MER-P1-B4-01776,2025-09-17 00:00:00,Construction Update,Site Visit Request,Medium,In-Person,2025-09-17 01:59:42,,Open,48,,0,Negative,False,Construction
CAS-00835,CUS-001115,MER,MER-P1-B3-01737,2025-12-11 00:00:00,Construction Update,Site Visit Request,Medium,WhatsApp,2025-12-11 01:13:25,,Open,48,,0,Negative,False,Construction
CAS-00836,CUS-001152,MER,MER-P1-B2-01719,2025-10-23 00:00:00,Handover,Final Payment Query,Low,WhatsApp,2025-10-23 00:05:00,2025-11-02 10:50:40,Resolved,96,False,0,Negative,False,Customer Experience
CAS-00837,CUS-001219,MER,MER-P1-B3-01755,2026-01-05 00:00:00,Sales Experience,Communication Quality,Low,WhatsApp,2026-01-05 00:58:21,2026-01-09 15:25:14,Resolved,96,True,0,Positive,False,Sales
CAS-00838,CUS-001350,MER,MER-P1-B3-01736,2026-05-12 00:00:00,Handover,Documentation,Medium,WhatsApp,2026-05-12 01:02:01,2026-05-16 06:35:29,Resolved,48,False,0,Positive,False,Customer Experience
CAS-00839,CUS-001094,MER,MER-P1-B2-01705,2025-10-24 00:00:00,Snagging / Quality,Finishing Quality,Medium,WhatsApp,2025-10-24 01:23:02,2025-10-27 23:08:57,Resolved,48,False,0,Neutral,False,Construction
CAS-00840,CUS-001191,MER,MER-P1-B4-01782,2025-06-03 00:00:00,Collections,Installment Amount Query,Medium,Phone,2025-06-03 03:41:48,2025-06-05 05:13:07,Resolved,48,True,0,Positive,False,Collections
CAS-00841,CUS-001101,MER,MER-P2-B1-01801,2025-10-29 00:00:00,Handover,Documentation,Critical,Email,2025-10-29 02:16:14,,Open,4,,0,Negative,False,Customer Experience
CAS-00842,CUS-001284,MER,MER-P2-B3-01908,2025-02-18 00:00:00,Collections,Payment Plan Dispute,Medium,Phone,2025-02-18 00:52:57,2025-02-19 04:33:01,Resolved,48,True,0,Negative,False,Collections
CAS-00843,CUS-001196,MER,MER-P2-B4-01936,2026-05-01 00:00:00,Handover,Final Payment Query,Medium,In-Person,2026-05-01 01:58:17,2026-05-03 08:12:56,Resolved,48,True,0,Negative,False,Customer Experience
CAS-00844,CUS-001348,MER,MER-P2-B4-01942,2025-05-28 00:00:00,Collections,Payment Plan Dispute,High,WhatsApp,2025-05-28 01:01:56,2025-05-28 12:03:53,Resolved,24,True,0,Negative,False,Collections
CAS-00845,CUS-001327,MER,MER-P2-B4-01912,2026-01-09 00:00:00,Handover,Documentation,Medium,WhatsApp,2026-01-09 02:07:24,2026-01-10 13:20:09,Resolved,48,True,0,Negative,False,Customer Experience
CAS-00846,CUS-001103,MER,MER-P2-B1-01810,2025-06-24 00:00:00,Construction Update,Delay Concern,Medium,WhatsApp,2025-06-24 00:05:00,2025-06-25 17:44:31,Resolved,48,True,0,Negative,False,Construction
CAS-00847,CUS-001123,MER,MER-P2-B1-01811,2026-06-07 00:00:00,Handover,Handover Date Concern,Critical,WhatsApp,2026-06-07 01:43:25,2026-06-07 08:30:21,Resolved,4,False,0,Negative,True,Customer Experience
CAS-00848,CUS-001308,MER,MER-P2-B3-01897,2026-03-11 00:00:00,Snagging / Quality,MEP Issue,Medium,Customer Portal,2026-03-11 01:53:33,,Open,48,,0,Neutral,False,Construction
CAS-00849,CUS-001270,MER,MER-P2-B4-01931,2025-08-16 00:00:00,Handover,Handover Date Concern,High,In-Person,2025-08-16 01:02:18,2025-08-18 20:00:09,Resolved,24,False,0,Negative,True,Customer Experience
CAS-00850,CUS-001299,MER,MER-P1-B4-01770,2025-12-14 00:00:00,Snagging / Quality,MEP Issue,Low,Email,2025-12-14 00:08:02,2025-12-20 05:48:32,Resolved,96,False,0,Negative,False,Construction
CAS-00851,CUS-001244,MER,MER-P2-B3-01888,2026-01-23 00:00:00,Handover,Final Payment Query,Medium,Phone,2026-01-23 00:05:00,2026-01-30 05:23:50,Resolved,48,False,0,Neutral,False,Customer Experience
CAS-00852,CUS-001184,MER,MER-P1-B1-01684,2026-04-14 00:00:00,Handover,Handover Date Concern,Medium,Customer Portal,2026-04-14 02:37:55,2026-04-15 11:02:22,Resolved,48,True,0,Neutral,False,Customer Experience
CAS-00853,CUS-001299,MER,MER-P1-B4-01770,2025-08-08 00:00:00,Handover,Final Payment Query,High,Phone,2025-08-08 00:31:24,2025-08-08 09:45:09,Resolved,24,True,0,Neutral,False,Customer Experience
CAS-00854,CUS-001192,MER,MER-P1-B4-01790,2025-10-18 00:00:00,Snagging / Quality,Defect Report,High,Phone,2025-10-18 02:31:57,2025-10-22 04:09:27,Resolved,24,False,0,Neutral,False,Construction
CAS-00855,CUS-001139,MER,MER-P2-B2-01872,2025-12-13 00:00:00,Handover,Final Payment Query,Low,WhatsApp,2025-12-13 01:34:44,2025-12-19 04:31:48,Resolved,96,False,0,Neutral,False,Customer Experience
CAS-00856,CUS-001347,MER,MER-P1-B1-01666,2025-04-13 00:00:00,Construction Update,Progress Inquiry,High,WhatsApp,2025-04-13 01:04:38,2025-04-13 23:31:18,Resolved,24,True,0,Negative,True,Construction
CAS-00857,CUS-001361,MER,MER-P2-B3-01895,2026-02-01 00:00:00,Handover,Final Payment Query,Critical,Phone,2026-02-01 02:11:07,2026-02-01 07:49:51,Resolved,4,True,0,Neutral,False,Customer Experience
CAS-00858,CUS-001318,MER,MER-P2-B4-01939,2026-04-03 00:00:00,Snagging / Quality,Defect Report,Low,Phone,2026-04-03 03:02:13,2026-04-07 19:37:02,Resolved,96,True,0,Negative,False,Construction
CAS-00859,CUS-001095,MER,MER-P2-B3-01902,2026-01-20 00:00:00,Snagging / Quality,Finishing Quality,High,Email,2026-01-20 03:18:15,2026-01-21 17:38:10,Resolved,24,False,0,Positive,False,Construction
CAS-00860,CUS-001260,MER,MER-P2-B3-01880,2025-09-30 00:00:00,Snagging / Quality,Finishing Quality,Medium,Email,2025-09-30 02:11:26,2025-10-05 08:40:53,Resolved,48,False,0,Positive,False,Construction
CAS-00861,CUS-001242,MER,MER-P2-B4-01919,2026-05-15 00:00:00,Snagging / Quality,MEP Issue,Low,Email,2026-05-15 02:33:40,,Open,96,,0,Positive,False,Construction
CAS-00862,CUS-001280,MER,MER-P1-B1-01671,2026-01-27 00:00:00,Handover,Documentation,Critical,Email,2026-01-27 02:26:52,2026-01-27 11:16:46,Resolved,4,False,0,Neutral,False,Customer Experience
CAS-00863,CUS-001239,MER,MER-P2-B2-01855,2025-11-15 00:00:00,Handover,Documentation,Medium,Phone,2025-11-15 02:07:18,2025-11-20 10:02:32,Resolved,48,False,0,Positive,False,Customer Experience
CAS-00864,CUS-001350,MER,MER-P1-B3-01736,2025-11-18 00:00:00,Snagging / Quality,MEP Issue,Low,Customer Portal,2025-11-18 03:19:08,2025-11-26 22:24:15,Resolved,96,False,0,Neutral,False,Construction
CAS-00865,CUS-001134,MER,MER-P1-B2-01721,2025-09-16 00:00:00,Handover,Handover Date Concern,Medium,In-Person,2025-09-16 00:13:47,2025-09-21 08:42:25,Resolved,48,False,1,Negative,False,Customer Experience
CAS-00866,CUS-001269,MER,MER-P2-B2-01860,2025-07-14 00:00:00,Construction Update,Delay Concern,Low,Phone,2025-07-14 01:00:52,2025-07-15 15:53:44,Resolved,96,True,0,Negative,False,Construction
CAS-00867,CUS-001133,MER,MER-P1-B2-01714,2026-06-09 00:00:00,Construction Update,Progress Inquiry,Medium,Customer Portal,2026-06-09 01:13:34,2026-06-10 02:52:32,Resolved,48,True,0,Negative,False,Construction
CAS-00868,CUS-001331,MER,MER-P2-B1-01814,2024-11-13 00:00:00,Sales Experience,Misrepresentation Concern,Low,Email,2024-11-13 02:55:05,2024-11-15 23:49:29,Resolved,96,True,0,Negative,False,Sales
CAS-00869,CUS-001291,MER,MER-P1-B4-01798,2025-11-12 00:00:00,Handover,Documentation,Medium,Email,2025-11-12 01:10:25,2025-11-16 16:27:07,Resolved,48,False,0,Negative,False,Customer Experience
CAS-00870,CUS-001103,MER,MER-P2-B1-01810,2025-09-19 00:00:00,Handover,Handover Date Concern,Medium,Customer Portal,2025-09-19 02:16:11,2025-09-20 19:57:42,Resolved,48,True,0,Neutral,False,Customer Experience
CAS-00871,CUS-001153,MER,MER-P2-B1-01818,2026-04-19 00:00:00,Handover,Final Payment Query,Medium,Phone,2026-04-19 01:26:42,2026-04-21 19:58:58,Resolved,48,True,0,Negative,False,Customer Experience
CAS-00872,CUS-001308,MER,MER-P2-B3-01897,2024-11-11 00:00:00,Construction Update,Site Visit Request,Low,WhatsApp,2024-11-11 02:16:16,,Open,96,,0,Neutral,False,Construction
CAS-00873,CUS-001294,MER,MER-P2-B4-01935,2025-08-30 00:00:00,Handover,Documentation,Low,Email,2025-08-30 03:18:23,,Open,96,,0,Negative,False,Customer Experience
CAS-00874,CUS-001251,MER,MER-P1-B1-01664,2025-08-25 00:00:00,General Inquiry,HOA / Facilities Management,High,In-Person,2025-08-25 02:02:45,,Open,24,,0,Positive,True,Customer Experience
CAS-00875,CUS-001313,MER,MER-P1-B1-01678,2026-04-28 00:00:00,Handover,Handover Date Concern,Medium,Customer Portal,2026-04-28 00:05:00,2026-04-29 22:53:18,Resolved,48,True,0,Positive,False,Customer Experience
CAS-00876,CUS-001117,MER,MER-P2-B2-01844,2025-10-29 00:00:00,Construction Update,Site Visit Request,High,In-Person,2025-10-29 00:40:31,,Open,24,,0,Negative,False,Construction
CAS-00877,CUS-001205,MER,MER-P1-B3-01744,2025-01-26 00:00:00,Collections,Payment Plan Dispute,High,Customer Portal,2025-01-26 02:22:57,2025-01-26 11:59:44,Resolved,24,True,0,Neutral,False,Collections
CAS-00878,CUS-001283,MER,MER-P2-B4-01938,2025-08-26 00:00:00,Snagging / Quality,MEP Issue,Medium,WhatsApp,2025-08-26 02:45:58,2025-08-30 00:52:41,Resolved,48,False,1,Positive,False,Construction
CAS-00879,CUS-001336,MER,MER-P1-B4-01775,2025-10-07 00:00:00,Handover,Handover Date Concern,Medium,WhatsApp,2025-10-07 02:42:08,2025-10-11 17:47:14,Resolved,48,False,0,Negative,False,Customer Experience
CAS-00880,CUS-001265,MER,MER-P1-B1-01676,2025-11-04 00:00:00,Handover,Handover Date Concern,Low,Email,2025-11-04 00:05:00,2025-11-05 18:58:47,Resolved,96,True,0,Negative,False,Customer Experience
CAS-00881,CUS-001283,MER,MER-P2-B4-01938,2026-05-24 00:00:00,Snagging / Quality,Finishing Quality,Medium,Email,2026-05-24 01:30:22,2026-05-24 03:41:19,Resolved,48,True,0,Negative,False,Construction
CAS-00882,CUS-001371,MER,MER-P1-B2-01694,2026-06-24 00:00:00,Snagging / Quality,MEP Issue,Critical,Email,2026-06-24 02:20:23,2026-06-24 06:00:13,Resolved,4,True,0,Positive,True,Construction
CAS-00883,CUS-001096,MER,MER-P1-B3-01754,2024-10-28 00:00:00,Construction Update,Delay Concern,High,WhatsApp,2024-10-28 01:28:36,,Open,24,,0,Negative,False,Construction
CAS-00884,CUS-001122,MER,MER-P2-B1-01824,2026-04-27 00:00:00,Handover,Handover Date Concern,Low,Phone,2026-04-27 03:09:45,,Open,96,,0,Negative,False,Customer Experience
CAS-00885,CUS-001196,MER,MER-P2-B4-01936,2025-09-01 00:00:00,Snagging / Quality,MEP Issue,Low,In-Person,2025-09-01 00:37:15,2025-09-09 13:12:14,Resolved,96,False,0,Negative,False,Construction
CAS-00886,CUS-001109,MER,MER-P1-B2-01708,2025-12-27 00:00:00,Snagging / Quality,Defect Report,Medium,Customer Portal,2025-12-27 01:25:14,2025-12-28 18:07:03,Resolved,48,True,0,Positive,False,Construction
CAS-00887,CUS-001202,MER,MER-P1-B4-01771,2025-07-03 00:00:00,General Inquiry,Amenities,Critical,WhatsApp,2025-07-03 00:05:00,2025-07-03 06:09:03,Resolved,4,False,0,Positive,True,Customer Experience
CAS-00888,CUS-001284,MER,MER-P2-B3-01908,2025-12-31 00:00:00,Handover,Documentation,Low,WhatsApp,2025-12-31 01:38:02,2026-01-09 04:41:25,Resolved,96,False,0,Positive,False,Customer Experience
CAS-00889,CUS-001137,MER,MER-P2-B4-01945,2025-03-03 00:00:00,Construction Update,Delay Concern,Medium,WhatsApp,2025-03-03 03:23:49,,Open,48,,0,Negative,False,Construction
CAS-00890,CUS-001133,MER,MER-P1-B2-01714,2024-12-29 00:00:00,Construction Update,Delay Concern,Medium,In-Person,2024-12-29 02:47:13,2024-12-30 22:05:36,Resolved,48,True,0,Neutral,False,Construction
CAS-00891,CUS-001257,MER,MER-P1-B4-01784,2026-04-04 00:00:00,Construction Update,Site Visit Request,Medium,Customer Portal,2026-04-04 03:10:36,2026-04-05 06:15:24,Resolved,48,True,0,Negative,False,Construction
CAS-00892,CUS-001360,MER,MER-P2-B3-01899,2025-10-06 00:00:00,Snagging / Quality,Defect Report,Low,Customer Portal,2025-10-06 00:05:00,2025-10-06 09:25:51,Resolved,96,True,0,Negative,False,Construction
CAS-00893,CUS-001298,MER,MER-P2-B4-01922,2025-12-30 00:00:00,Construction Update,Progress Inquiry,Low,Phone,2025-12-30 02:51:45,2025-12-31 09:11:23,Resolved,96,True,0,Negative,False,Construction
CAS-00894,CUS-001263,MER,MER-P1-B3-01739,2025-09-26 00:00:00,Handover,Final Payment Query,Critical,Email,2025-09-26 01:39:30,,Open,4,,0,Neutral,True,Customer Experience
CAS-00895,CUS-001148,MER,MER-P1-B1-01677,2026-02-23 00:00:00,Sales Experience,Response Time,Medium,Email,2026-02-23 01:48:09,2026-02-26 06:38:49,Resolved,48,False,1,Neutral,False,Sales
CAS-00896,CUS-001111,MER,MER-P1-B3-01758,2026-04-10 00:00:00,Snagging / Quality,Finishing Quality,Low,Customer Portal,2026-04-10 00:56:08,2026-04-15 04:14:01,Resolved,96,True,0,Neutral,False,Construction
CAS-00897,CUS-001173,MER,MER-P2-B2-01847,2025-10-08 00:00:00,Handover,Handover Date Concern,High,In-Person,2025-10-08 02:04:10,,Open,24,,0,Neutral,True,Customer Experience
CAS-00898,CUS-001125,MER,MER-P2-B4-01947,2025-11-24 00:00:00,Snagging / Quality,Finishing Quality,Medium,In-Person,2025-11-24 02:32:59,2025-11-25 12:18:09,Resolved,48,True,0,Neutral,False,Construction
CAS-00899,CUS-001154,MER,MER-P1-B4-01788,2025-12-15 00:00:00,Construction Update,Site Visit Request,Low,Customer Portal,2025-12-15 02:22:04,2025-12-20 17:14:34,Resolved,96,True,0,Positive,False,Construction
CAS-00900,CUS-001282,MER,MER-P2-B3-01907,2025-06-04 00:00:00,Collections,Payment Plan Dispute,High,In-Person,2025-06-04 00:57:56,,Open,24,,0,Neutral,False,Collections
CAS-00901,CUS-001224,MER,MER-P2-B2-01862,2025-10-08 00:00:00,Snagging / Quality,Defect Report,Medium,Customer Portal,2025-10-08 01:14:11,,Open,48,,0,Negative,False,Construction
CAS-00902,CUS-001285,MER,MER-P1-B2-01709,2025-10-30 00:00:00,Handover,Handover Date Concern,Low,Phone,2025-10-30 02:45:51,2025-11-02 11:16:25,Resolved,96,True,0,Neutral,False,Customer Experience
CAS-00903,CUS-001219,MER,MER-P1-B3-01755,2025-09-25 00:00:00,Snagging / Quality,Defect Report,Medium,In-Person,2025-09-25 00:29:41,2025-09-25 13:25:03,Resolved,48,True,1,Neutral,False,Construction
CAS-00904,CUS-001291,MER,MER-P1-B4-01798,2026-01-18 00:00:00,Snagging / Quality,Finishing Quality,Low,WhatsApp,2026-01-18 01:18:06,2026-01-27 22:22:11,Resolved,96,False,0,Positive,False,Construction
CAS-00905,CUS-001107,MER,MER-P2-B3-01904,2026-03-20 00:00:00,Handover,Final Payment Query,Low,Phone,2026-03-20 01:16:05,2026-03-23 07:34:48,Resolved,96,True,0,Negative,False,Customer Experience
CAS-00906,CUS-001209,MER,MER-P2-B3-01900,2025-12-28 00:00:00,Snagging / Quality,Finishing Quality,Medium,Customer Portal,2025-12-28 01:40:00,2025-12-30 16:44:53,Resolved,48,True,0,Neutral,False,Construction
CAS-00907,CUS-001209,MER,MER-P2-B3-01900,2026-04-23 00:00:00,Construction Update,Progress Inquiry,High,In-Person,2026-04-23 02:00:28,2026-04-23 12:59:12,Resolved,24,True,0,Positive,False,Construction
CAS-00908,CUS-001285,MER,MER-P1-B2-01709,2026-06-21 00:00:00,Handover,Final Payment Query,Low,WhatsApp,2026-06-21 01:38:59,,Open,96,,0,Positive,False,Customer Experience
CAS-00909,CUS-001247,MER,MER-P1-B1-01654,2025-03-21 00:00:00,General Inquiry,HOA / Facilities Management,Low,Email,2025-03-21 00:50:05,2025-03-22 04:12:58,Resolved,96,True,0,Positive,False,Customer Experience
CAS-00910,CUS-001270,MER,MER-P2-B4-01931,2025-12-20 00:00:00,Handover,Documentation,Medium,WhatsApp,2025-12-20 01:45:54,,Open,48,,0,Neutral,False,Customer Experience
CAS-00911,CUS-001377,MER,MER-P2-B4-01916,2025-08-30 00:00:00,Handover,Documentation,Medium,WhatsApp,2025-08-30 01:31:05,2025-09-01 17:00:24,Resolved,48,True,0,Negative,False,Customer Experience
CAS-00912,CUS-001121,MER,MER-P1-B3-01742,2025-01-17 00:00:00,Construction Update,Progress Inquiry,Low,Email,2025-01-17 03:06:37,2025-01-18 16:29:04,Resolved,96,True,0,Positive,False,Construction
CAS-00913,CUS-001142,MER,MER-P1-B4-01772,2024-12-04 00:00:00,General Inquiry,HOA / Facilities Management,Medium,In-Person,2024-12-04 02:12:03,2024-12-04 16:01:38,Resolved,48,True,0,Positive,False,Customer Experience
CAS-00914,CUS-001255,MER,MER-P2-B4-01914,2025-09-29 00:00:00,Snagging / Quality,MEP Issue,Low,WhatsApp,2025-09-29 02:12:18,2025-10-03 12:13:44,Resolved,96,True,0,Negative,False,Construction
CAS-00915,CUS-001261,MER,MER-P2-B2-01839,2025-02-25 00:00:00,Construction Update,Site Visit Request,High,Phone,2025-02-25 01:11:27,,Open,24,,0,Neutral,False,Construction
CAS-00916,CUS-001157,MER,MER-P2-B1-01830,2025-09-13 00:00:00,Snagging / Quality,MEP Issue,Medium,WhatsApp,2025-09-13 01:18:46,2025-09-16 18:14:24,Resolved,48,False,0,Negative,False,Construction
CAS-00917,CUS-001100,MER,MER-P1-B3-01749,2024-09-24 00:00:00,Sales Experience,Response Time,Medium,WhatsApp,2024-09-24 01:50:37,2024-09-27 16:01:19,Resolved,48,False,0,Negative,False,Sales
CAS-00918,CUS-001275,MER,MER-P1-B3-01756,2026-01-16 00:00:00,Sales Experience,Communication Quality,High,Email,2026-01-16 02:15:49,2026-01-17 02:00:14,Resolved,24,True,0,Neutral,True,Sales
CAS-00919,CUS-001117,MER,MER-P2-B2-01844,2025-08-14 00:00:00,Construction Update,Progress Inquiry,High,In-Person,2025-08-14 00:53:42,2025-08-14 01:53:42,Resolved,24,True,0,Negative,False,Construction
CAS-00920,CUS-001329,MER,MER-P2-B2-01851,2026-04-22 00:00:00,Handover,Final Payment Query,High,Email,2026-04-22 01:58:41,2026-04-23 01:26:55,Resolved,24,True,0,Neutral,False,Customer Experience
CAS-00921,CUS-001227,MER,MER-P1-B2-01716,2025-10-06 00:00:00,Handover,Documentation,Low,Email,2025-10-06 01:04:38,2025-10-06 02:25:08,Resolved,96,True,0,Negative,False,Customer Experience
CAS-00922,CUS-001113,MER,MER-P1-B3-01730,2025-11-09 00:00:00,Handover,Handover Date Concern,Low,Phone,2025-11-09 01:59:31,2025-11-14 23:34:43,Resolved,96,True,0,Negative,False,Customer Experience
CAS-00923,CUS-001145,MER,MER-P2-B4-01926,2026-06-03 00:00:00,Snagging / Quality,MEP Issue,Medium,Phone,2026-06-03 00:54:42,,Open,48,,0,Negative,False,Construction
CAS-00924,CUS-001284,MER,MER-P2-B3-01908,2025-03-08 00:00:00,Construction Update,Delay Concern,High,In-Person,2025-03-08 01:55:08,2025-03-08 10:32:10,Resolved,24,True,0,Neutral,False,Construction
CAS-00925,CUS-001121,MER,MER-P1-B3-01742,2026-01-07 00:00:00,Snagging / Quality,Finishing Quality,High,In-Person,2026-01-07 01:49:11,2026-01-08 01:20:49,Resolved,24,True,0,Negative,False,Construction
CAS-00926,CUS-001303,MER,MER-P1-B4-01787,2026-04-19 00:00:00,Handover,Documentation,High,Phone,2026-04-19 01:36:44,,Open,24,,0,Negative,True,Customer Experience
CAS-00927,CUS-001378,MER,MER-P1-B3-01762,2024-12-04 00:00:00,Collections,Payment Plan Dispute,Medium,Customer Portal,2024-12-04 02:13:42,2024-12-05 21:05:55,Resolved,48,True,0,Negative,False,Collections
CAS-00928,CUS-001215,MER,MER-P2-B3-01879,2025-03-02 00:00:00,Construction Update,Site Visit Request,Medium,Phone,2025-03-02 00:22:35,2025-03-04 14:59:36,Resolved,48,True,1,Positive,False,Construction
CAS-00929,CUS-001376,MER,MER-P2-B3-01906,2026-05-15 00:00:00,Handover,Final Payment Query,Medium,Phone,2026-05-15 01:33:33,2026-05-19 04:59:15,Resolved,48,False,0,Negative,False,Customer Experience
CAS-00930,CUS-001330,MER,MER-P2-B1-01815,2026-04-25 00:00:00,Handover,Documentation,High,Email,2026-04-25 02:18:01,2026-04-26 06:20:59,Resolved,24,True,0,Neutral,True,Customer Experience
CAS-00931,CUS-001143,MER,MER-P2-B1-01809,2025-11-01 00:00:00,Snagging / Quality,Finishing Quality,Medium,Phone,2025-11-01 01:29:42,2025-11-03 12:00:58,Resolved,48,True,0,Neutral,False,Construction
CAS-00932,CUS-001093,MER,MER-P2-B4-01913,2026-05-05 00:00:00,Snagging / Quality,MEP Issue,Low,Customer Portal,2026-05-05 00:15:59,2026-05-07 04:58:16,Resolved,96,True,0,Negative,False,Construction
CAS-00933,CUS-001194,MER,MER-P2-B3-01894,2026-05-19 00:00:00,Snagging / Quality,MEP Issue,Low,WhatsApp,2026-05-19 01:11:14,2026-05-21 22:22:03,Resolved,96,True,1,Positive,False,Construction
CAS-00934,CUS-001273,MER,MER-P2-B3-01890,2025-11-10 00:00:00,Snagging / Quality,MEP Issue,Low,Phone,2025-11-10 02:36:32,,Open,96,,0,Positive,False,Construction
CAS-00935,CUS-001347,MER,MER-P1-B1-01666,2026-02-06 00:00:00,Snagging / Quality,Finishing Quality,Medium,Phone,2026-02-06 01:40:06,2026-02-09 14:37:04,Resolved,48,False,1,Positive,False,Construction
CAS-00936,CUS-001351,MER,MER-P1-B2-01725,2024-08-13 00:00:00,Collections,Payment Plan Dispute,High,In-Person,2024-08-13 00:42:54,2024-08-13 14:07:59,Resolved,24,True,0,Positive,False,Collections
CAS-00937,CUS-001312,MER,MER-P2-B1-01802,2025-04-28 00:00:00,Collections,Late Fee Dispute,High,WhatsApp,2025-04-28 01:08:17,,Open,24,,0,Positive,False,Collections
CAS-00938,CUS-001360,MER,MER-P2-B3-01899,2026-02-07 00:00:00,Handover,Final Payment Query,Low,WhatsApp,2026-02-07 00:05:00,2026-02-07 01:46:53,Resolved,96,True,0,Negative,False,Customer Experience
CAS-00939,CUS-001355,MER,MER-P1-B4-01789,2026-05-01 00:00:00,Handover,Documentation,High,Customer Portal,2026-05-01 00:05:00,2026-05-02 06:39:33,Resolved,24,True,0,Neutral,True,Customer Experience
CAS-00940,CUS-001182,MER,MER-P1-B1-01656,2025-01-28 00:00:00,Construction Update,Site Visit Request,High,WhatsApp,2025-01-28 03:09:45,2025-01-29 00:49:17,Resolved,24,True,0,Neutral,False,Construction
CAS-00941,CUS-001208,MER,MER-P1-B3-01763,2025-10-10 00:00:00,Handover,Handover Date Concern,High,Phone,2025-10-10 02:42:11,2025-10-11 08:05:04,Resolved,24,True,1,Negative,True,Customer Experience
CAS-00942,CUS-001299,MER,MER-P1-B4-01770,2026-03-25 00:00:00,Handover,Final Payment Query,Low,WhatsApp,2026-03-25 00:05:00,2026-03-30 12:25:38,Resolved,96,True,0,Negative,False,Customer Experience
CAS-00943,CUS-001276,MER,MER-P1-B1-01663,2026-06-22 00:00:00,Handover,Documentation,High,Customer Portal,2026-06-22 00:58:57,2026-06-24 15:05:03,Resolved,24,False,1,Neutral,False,Customer Experience
CAS-00944,CUS-001328,MER,MER-P2-B3-01887,2026-02-14 00:00:00,Handover,Final Payment Query,Critical,Phone,2026-02-14 01:04:12,2026-02-14 06:44:44,Resolved,4,True,0,Neutral,False,Customer Experience
CAS-00945,CUS-001306,MER,MER-P1-B4-01765,2025-08-26 00:00:00,Handover,Handover Date Concern,Low,Email,2025-08-26 00:19:30,2025-08-28 03:26:10,Resolved,96,True,0,Negative,False,Customer Experience
CAS-00946,CUS-001252,MER,MER-P2-B1-01804,2025-12-13 00:00:00,Handover,Documentation,Low,Phone,2025-12-13 00:05:00,2025-12-19 09:25:32,Resolved,96,False,0,Negative,False,Customer Experience
CAS-00947,CUS-001179,MER,MER-P1-B4-01795,2025-12-11 00:00:00,Snagging / Quality,Finishing Quality,High,Email,2025-12-11 01:16:51,2025-12-11 02:48:16,Resolved,24,True,1,Neutral,False,Construction
CAS-00948,CUS-001280,MER,MER-P1-B1-01671,2026-04-07 00:00:00,Snagging / Quality,Defect Report,High,Email,2026-04-07 01:14:15,2026-04-08 19:15:20,Resolved,24,False,1,Positive,True,Construction
CAS-00949,CUS-001171,MER,MER-P1-B1-01674,2026-06-16 00:00:00,Handover,Documentation,High,WhatsApp,2026-06-16 01:01:17,2026-06-17 13:27:02,Resolved,24,False,0,Negative,True,Customer Experience
CAS-00950,CUS-001295,MER,MER-P1-B4-01791,2025-12-02 00:00:00,Handover,Handover Date Concern,Low,Phone,2025-12-02 01:37:53,2025-12-06 11:58:04,Resolved,96,True,0,Negative,False,Customer Experience
CAS-00951,CUS-001154,MER,MER-P1-B4-01788,2026-04-04 00:00:00,Handover,Final Payment Query,Low,Phone,2026-04-04 02:19:19,2026-04-04 03:58:38,Resolved,96,True,0,Negative,False,Customer Experience
CAS-00952,CUS-001312,MER,MER-P2-B1-01802,2026-02-15 00:00:00,Handover,Documentation,Medium,Email,2026-02-15 00:46:19,2026-02-16 03:18:34,Resolved,48,True,0,Negative,False,Customer Experience
CAS-00953,CUS-001099,MER,MER-P2-B4-01927,2026-01-26 00:00:00,Snagging / Quality,MEP Issue,High,In-Person,2026-01-26 01:41:18,2026-01-28 06:41:17,Resolved,24,False,1,Neutral,True,Construction
CAS-00954,CUS-001138,MER,MER-P2-B1-01828,2026-05-09 00:00:00,Snagging / Quality,MEP Issue,Medium,Phone,2026-05-09 00:49:05,2026-05-14 16:52:01,Resolved,48,False,1,Neutral,False,Construction
CAS-00955,CUS-001115,MER,MER-P1-B3-01737,2025-12-22 00:00:00,Handover,Handover Date Concern,Medium,Email,2025-12-22 01:53:55,2025-12-24 19:48:36,Resolved,48,True,0,Negative,False,Customer Experience
CAS-00956,CUS-001117,MER,MER-P2-B2-01844,2026-05-19 00:00:00,Handover,Handover Date Concern,Critical,Email,2026-05-19 01:00:06,2026-05-19 04:11:35,Resolved,4,True,1,Positive,True,Customer Experience
CAS-00957,CUS-001248,MER,MER-P1-B1-01665,2025-09-23 00:00:00,Snagging / Quality,MEP Issue,Medium,Customer Portal,2025-09-23 02:06:35,2025-09-24 13:35:15,Resolved,48,True,1,Negative,False,Construction
CAS-00958,CUS-001232,MER,MER-P2-B2-01866,2024-11-12 00:00:00,Construction Update,Site Visit Request,Critical,WhatsApp,2024-11-12 00:05:00,,Open,4,,0,Negative,True,Construction
CAS-00959,CUS-001187,MER,MER-P1-B1-01681,2026-01-22 00:00:00,Handover,Handover Date Concern,Low,WhatsApp,2026-01-22 01:48:10,2026-01-25 06:32:52,Resolved,96,True,0,Neutral,False,Customer Experience
CAS-00960,CUS-001176,MER,MER-P2-B3-01875,2026-01-01 00:00:00,Construction Update,Delay Concern,Critical,Email,2026-01-01 02:16:07,,Open,4,,0,Negative,True,Construction
CAS-00961,CUS-001182,MER,MER-P1-B1-01656,2026-02-07 00:00:00,General Inquiry,HOA / Facilities Management,Low,Customer Portal,2026-02-07 00:52:39,,Open,96,,0,Negative,False,Customer Experience
CAS-00962,CUS-001265,MER,MER-P1-B1-01676,2025-08-25 00:00:00,Snagging / Quality,Defect Report,Critical,Phone,2025-08-25 01:32:17,2025-08-25 08:33:47,Resolved,4,False,0,Negative,False,Construction
CAS-00963,CUS-001351,MER,MER-P1-B2-01725,2026-04-09 00:00:00,Collections,Late Fee Dispute,High,WhatsApp,2026-04-09 03:04:55,2026-04-09 04:04:55,Resolved,24,True,0,Negative,True,Collections
CAS-00964,CUS-001112,MER,MER-P2-B4-01920,2025-11-28 00:00:00,Handover,Handover Date Concern,Medium,Email,2025-11-28 02:27:59,2025-11-30 08:16:24,Resolved,48,True,0,Positive,False,Customer Experience
CAS-00965,CUS-001149,MER,MER-P1-B3-01727,2025-08-11 00:00:00,Snagging / Quality,Finishing Quality,Low,Phone,2025-08-11 01:08:52,2025-08-13 03:56:08,Resolved,96,True,0,Negative,False,Construction
CAS-00966,CUS-001195,MER,MER-P2-B1-01807,2025-09-01 00:00:00,Handover,Final Payment Query,High,Phone,2025-09-01 02:03:27,2025-09-02 20:18:54,Resolved,24,False,0,Neutral,True,Customer Experience
CAS-00967,CUS-001320,MER,MER-P1-B1-01670,2026-03-18 00:00:00,Construction Update,Delay Concern,Low,Phone,2026-03-18 03:09:23,2026-03-20 00:21:01,Resolved,96,True,0,Negative,False,Construction
CAS-00968,CUS-001121,MER,MER-P1-B3-01742,2026-04-22 00:00:00,Snagging / Quality,Finishing Quality,High,WhatsApp,2026-04-22 02:44:57,2026-04-25 09:33:58,Resolved,24,False,1,Neutral,False,Construction
CAS-00969,CUS-001253,MER,MER-P1-B4-01792,2026-02-26 00:00:00,Handover,Final Payment Query,Medium,Customer Portal,2026-02-26 00:51:22,2026-02-26 21:30:14,Resolved,48,True,0,Negative,False,Customer Experience
CAS-00970,CUS-001301,MER,MER-P1-B4-01783,2026-04-27 00:00:00,Handover,Final Payment Query,Medium,WhatsApp,2026-04-27 02:16:43,2026-04-27 08:08:05,Resolved,48,True,0,Neutral,False,Customer Experience
CAS-00971,CUS-001165,MER,MER-P2-B3-01883,2025-11-08 00:00:00,Handover,Handover Date Concern,Medium,WhatsApp,2025-11-08 03:29:07,2025-11-12 05:10:32,Resolved,48,False,0,Negative,False,Customer Experience
CAS-00972,CUS-001205,MER,MER-P1-B3-01744,2026-05-04 00:00:00,Snagging / Quality,Finishing Quality,Low,Email,2026-05-04 00:31:45,2026-05-13 21:05:41,Resolved,96,False,1,Neutral,False,Construction
CAS-00973,CUS-001109,MER,MER-P1-B2-01708,2025-11-02 00:00:00,Snagging / Quality,MEP Issue,Medium,Customer Portal,2025-11-02 02:10:39,2025-11-05 21:17:43,Resolved,48,False,0,Neutral,False,Construction
CAS-00974,CUS-001304,MER,MER-P1-B1-01679,2026-01-21 00:00:00,Snagging / Quality,Defect Report,Critical,Email,2026-01-21 02:28:43,2026-01-21 06:39:20,Resolved,4,True,0,Neutral,True,Construction
CAS-00975,CUS-001237,MER,MER-P2-B1-01827,2025-11-18 00:00:00,Handover,Handover Date Concern,Medium,Customer Portal,2025-11-18 01:46:10,2025-11-21 23:25:19,Resolved,48,False,0,Neutral,False,Customer Experience
CAS-00976,CUS-001296,MER,MER-P1-B4-01793,2025-01-27 00:00:00,General Inquiry,Resale Process,Medium,WhatsApp,2025-01-27 01:41:38,2025-01-27 03:47:44,Resolved,48,True,0,Negative,False,Customer Experience
CAS-00977,CUS-001373,MER,MER-P1-B2-01703,2025-09-28 00:00:00,Snagging / Quality,Defect Report,Medium,Customer Portal,2025-09-28 00:19:47,2025-10-02 04:10:00,Resolved,48,False,0,Neutral,False,Construction
CAS-00978,CUS-001127,MER,MER-P1-B4-01766,2025-12-06 00:00:00,Handover,Final Payment Query,Low,Customer Portal,2025-12-06 01:33:18,,Open,96,,0,Neutral,False,Customer Experience
CAS-00979,CUS-001290,MER,MER-P2-B2-01845,2026-05-31 00:00:00,Handover,Documentation,Medium,Customer Portal,2026-05-31 00:28:02,2026-06-03 09:23:45,Resolved,48,False,0,Positive,False,Customer Experience
CAS-00980,CUS-001321,MER,MER-P1-B2-01701,2025-12-08 00:00:00,Snagging / Quality,Finishing Quality,Medium,WhatsApp,2025-12-08 01:40:42,2025-12-11 09:58:09,Resolved,48,False,1,Neutral,False,Construction
CAS-00981,CUS-001265,MER,MER-P1-B1-01676,2025-11-29 00:00:00,Handover,Handover Date Concern,Medium,Phone,2025-11-29 00:41:38,2025-11-29 02:29:09,Resolved,48,True,0,Negative,False,Customer Experience
CAS-00982,CUS-001377,MER,MER-P2-B4-01916,2025-11-12 00:00:00,Construction Update,Delay Concern,High,Customer Portal,2025-11-12 01:28:30,2025-11-13 09:58:26,Resolved,24,True,1,Neutral,False,Construction
CAS-00983,CUS-001299,MER,MER-P1-B4-01770,2026-02-19 00:00:00,Handover,Final Payment Query,Low,Email,2026-02-19 01:02:14,2026-02-27 12:22:34,Resolved,96,False,0,Negative,False,Customer Experience
CAS-00984,CUS-001295,MER,MER-P1-B4-01791,2026-04-16 00:00:00,Handover,Final Payment Query,Medium,Phone,2026-04-16 00:57:22,2026-04-20 09:15:12,Resolved,48,False,0,Negative,False,Customer Experience
CAS-00985,CUS-001361,MER,MER-P2-B3-01895,2026-02-20 00:00:00,Sales Experience,Response Time,Critical,Customer Portal,2026-02-20 00:47:02,2026-02-20 02:00:15,Resolved,4,True,0,Negative,False,Sales
CAS-00986,CUS-001182,MER,MER-P1-B1-01656,2026-02-21 00:00:00,Construction Update,Delay Concern,Medium,Phone,2026-02-21 00:31:05,2026-02-21 01:31:05,Resolved,48,True,0,Negative,False,Construction
CAS-00987,CUS-001271,MER,MER-P1-B2-01692,2026-05-25 00:00:00,Handover,Handover Date Concern,Medium,In-Person,2026-05-25 00:07:50,2026-05-30 05:36:08,Resolved,48,False,0,Negative,False,Customer Experience
CAS-00988,CUS-001221,MER,MER-P1-B2-01695,2026-04-23 00:00:00,Collections,Late Fee Dispute,Medium,WhatsApp,2026-04-23 02:58:58,2026-04-23 17:31:43,Resolved,48,True,0,Neutral,False,Collections
CAS-00989,CUS-001100,MER,MER-P1-B3-01749,2026-06-10 00:00:00,Snagging / Quality,MEP Issue,Critical,Phone,2026-06-10 01:24:06,2026-06-10 09:09:50,Resolved,4,False,0,Positive,False,Construction
CAS-00990,CUS-001205,MER,MER-P1-B3-01744,2026-01-11 00:00:00,Collections,Installment Amount Query,Low,Phone,2026-01-11 00:05:00,2026-01-16 19:06:54,Resolved,96,True,0,Positive,False,Collections
CAS-00991,CUS-001376,MER,MER-P2-B3-01906,2025-12-04 00:00:00,Handover,Final Payment Query,High,Email,2025-12-04 01:59:23,2025-12-06 02:50:30,Resolved,24,False,0,Neutral,True,Customer Experience
CAS-00992,CUS-001329,MER,MER-P2-B2-01851,2026-05-20 00:00:00,Snagging / Quality,MEP Issue,Low,Phone,2026-05-20 00:32:44,2026-05-27 00:06:44,Resolved,96,False,0,Positive,False,Construction
CAS-00993,CUS-001364,MER,MER-P2-B4-01937,2025-12-21 00:00:00,Handover,Handover Date Concern,Low,WhatsApp,2025-12-21 02:08:48,2025-12-30 09:25:40,Resolved,96,False,0,Negative,False,Customer Experience
CAS-00994,CUS-001251,MER,MER-P1-B1-01664,2026-03-27 00:00:00,Handover,Final Payment Query,High,Customer Portal,2026-03-27 00:40:54,2026-03-28 09:56:31,Resolved,24,True,0,Neutral,False,Customer Experience
CAS-00995,CUS-001222,MER,MER-P2-B1-01820,2026-04-23 00:00:00,Handover,Documentation,Low,Customer Portal,2026-04-23 00:05:00,2026-04-25 22:41:10,Resolved,96,True,0,Positive,False,Customer Experience
CAS-00996,CUS-001360,MER,MER-P2-B3-01899,2026-01-15 00:00:00,Snagging / Quality,MEP Issue,High,Phone,2026-01-15 01:41:44,2026-01-17 19:21:52,Resolved,24,False,0,Positive,False,Construction
CAS-00997,CUS-001272,MER,MER-P1-B3-01757,2025-07-31 00:00:00,Sales Experience,Response Time,Low,WhatsApp,2025-07-31 02:56:22,,Open,96,,0,Negative,False,Sales
CAS-00998,CUS-001117,MER,MER-P2-B2-01844,2025-09-06 00:00:00,Handover,Handover Date Concern,High,Email,2025-09-06 01:30:14,2025-09-07 05:47:03,Resolved,24,True,0,Positive,True,Customer Experience
CAS-00999,CUS-001140,MER,MER-P2-B3-01877,2025-08-23 00:00:00,Handover,Handover Date Concern,Low,In-Person,2025-08-23 02:23:00,2025-08-30 08:45:39,Resolved,96,False,0,Negative,False,Customer Experience
CAS-01000,CUS-001170,MER,MER-P1-B1-01657,2026-01-18 00:00:00,Handover,Handover Date Concern,High,In-Person,2026-01-18 00:13:54,,Open,24,,0,Negative,False,Customer Experience
CAS-01001,CUS-001093,MER,MER-P2-B4-01913,2025-08-17 00:00:00,Handover,Handover Date Concern,Medium,WhatsApp,2025-08-17 00:15:16,2025-08-20 15:24:57,Resolved,48,False,0,Negative,False,Customer Experience
CAS-01002,CUS-001259,MER,MER-P2-B1-01806,2025-07-15 00:00:00,Construction Update,Progress Inquiry,Medium,WhatsApp,2025-07-15 02:10:42,2025-07-16 20:01:59,Resolved,48,True,0,Negative,False,Construction
CAS-01003,CUS-001243,MER,MER-P2-B1-01834,2025-08-05 00:00:00,Construction Update,Delay Concern,High,Email,2025-08-05 01:34:27,2025-08-05 16:53:37,Resolved,24,True,0,Neutral,False,Construction
CAS-01004,CUS-001321,MER,MER-P1-B2-01701,2026-06-14 00:00:00,Handover,Documentation,Low,Phone,2026-06-14 01:39:36,2026-06-19 14:03:09,Resolved,96,True,0,Neutral,False,Customer Experience
CAS-01005,CUS-001162,MER,MER-P2-B4-01930,2026-01-02 00:00:00,Handover,Handover Date Concern,High,Email,2026-01-02 02:50:27,2026-01-03 06:57:56,Resolved,24,True,0,Negative,False,Customer Experience
CAS-01006,CUS-001152,MER,MER-P1-B2-01719,2025-04-11 00:00:00,Construction Update,Site Visit Request,Medium,Phone,2025-04-11 01:55:45,2025-04-12 10:47:36,Resolved,48,True,1,Neutral,False,Construction
CAS-01007,CUS-001231,MER,MER-P2-B4-01929,2025-12-31 00:00:00,Construction Update,Progress Inquiry,Critical,WhatsApp,2025-12-31 02:31:52,2025-12-31 04:03:31,Resolved,4,True,0,Positive,True,Construction
CAS-01008,CUS-001227,MER,MER-P1-B2-01716,2026-06-28 00:00:00,Snagging / Quality,MEP Issue,Low,In-Person,2026-06-28 01:37:22,2026-07-02 16:28:27,Resolved,96,True,0,Positive,False,Construction
CAS-01009,CUS-001345,MER,MER-P1-B1-01658,2025-09-01 00:00:00,Construction Update,Site Visit Request,High,Email,2025-09-01 02:11:28,,Open,24,,0,Neutral,True,Construction
CAS-01010,CUS-001256,MER,MER-P2-B2-01858,2026-01-04 00:00:00,Handover,Handover Date Concern,Critical,WhatsApp,2026-01-04 00:05:00,2026-01-04 06:37:09,Resolved,4,False,0,Positive,True,Customer Experience
CAS-01011,CUS-001206,MER,MER-P1-B3-01752,2025-12-04 00:00:00,Construction Update,Progress Inquiry,Medium,WhatsApp,2025-12-04 01:15:51,,Open,48,,0,Negative,False,Construction
CAS-01012,CUS-001163,MER,MER-P1-B3-01745,2026-05-25 00:00:00,Snagging / Quality,Finishing Quality,Low,In-Person,2026-05-25 00:05:00,2026-06-05 19:36:40,Resolved,96,False,0,Positive,False,Construction
CAS-01013,CUS-001121,MER,MER-P1-B3-01742,2026-01-31 00:00:00,Handover,Handover Date Concern,Medium,Phone,2026-01-31 00:05:40,,Open,48,,0,Negative,False,Customer Experience
CAS-01014,CUS-001215,MER,MER-P2-B3-01879,2025-08-14 00:00:00,Snagging / Quality,MEP Issue,Medium,Customer Portal,2025-08-14 01:43:20,2025-08-15 22:14:51,Resolved,48,True,1,Negative,False,Construction
CAS-01015,CUS-001338,MER,MER-P2-B2-01848,2025-09-12 00:00:00,Snagging / Quality,Finishing Quality,Low,In-Person,2025-09-12 03:18:59,,Open,96,,0,Neutral,False,Construction
CAS-01016,CUS-001115,MER,MER-P1-B3-01737,2026-02-24 00:00:00,Handover,Handover Date Concern,Medium,Email,2026-02-24 01:16:57,2026-02-28 19:56:21,Resolved,48,False,0,Neutral,False,Customer Experience
CAS-01017,CUS-001200,MER,MER-P1-B1-01682,2026-02-07 00:00:00,Handover,Final Payment Query,Critical,Customer Portal,2026-02-07 01:48:49,2026-02-07 09:02:06,Resolved,4,False,0,Neutral,True,Customer Experience
CAS-01018,CUS-001176,MER,MER-P2-B3-01875,2025-12-25 00:00:00,Collections,Payment Plan Dispute,Medium,WhatsApp,2025-12-25 02:10:41,2025-12-25 23:29:59,Resolved,48,True,0,Negative,False,Collections
CAS-01019,CUS-001203,MER,MER-P2-B2-01846,2025-08-20 00:00:00,Handover,Documentation,Low,Phone,2025-08-20 02:22:50,2025-08-22 12:27:54,Resolved,96,True,0,Negative,False,Customer Experience
CAS-01020,CUS-001197,MER,MER-P1-B2-01724,2026-04-09 00:00:00,Snagging / Quality,Finishing Quality,Medium,Email,2026-04-09 03:34:25,2026-04-11 11:43:56,Resolved,48,True,1,Negative,False,Construction
CAS-01021,CUS-001206,MER,MER-P1-B3-01752,2026-03-23 00:00:00,Collections,Payment Plan Dispute,Medium,Email,2026-03-23 02:09:12,,Open,48,,0,Negative,False,Collections
CAS-01022,CUS-001110,MER,MER-P1-B3-01751,2026-01-21 00:00:00,Handover,Handover Date Concern,Medium,WhatsApp,2026-01-21 01:00:58,2026-01-23 00:53:09,Resolved,48,True,0,Neutral,False,Customer Experience
CAS-01023,CUS-001169,MER,MER-P1-B1-01669,2026-01-12 00:00:00,Handover,Documentation,Low,WhatsApp,2026-01-12 00:05:00,,Open,96,,0,Neutral,False,Customer Experience
CAS-01024,CUS-001211,MER,MER-P1-B2-01699,2025-09-19 00:00:00,Snagging / Quality,Finishing Quality,Medium,In-Person,2025-09-19 01:00:46,2025-09-25 14:00:30,Resolved,48,False,0,Neutral,False,Construction
CAS-01025,CUS-001340,MER,MER-P2-B4-01921,2026-02-11 00:00:00,Handover,Handover Date Concern,Medium,Phone,2026-02-11 01:11:18,2026-02-15 16:18:56,Resolved,48,False,0,Negative,False,Customer Experience
CAS-01026,CUS-001201,MER,MER-P1-B4-01769,2026-04-19 00:00:00,Handover,Final Payment Query,High,Phone,2026-04-19 00:51:34,2026-04-21 22:35:04,Resolved,24,False,0,Negative,True,Customer Experience
CAS-01027,CUS-001119,MER,MER-P1-B2-01707,2024-08-10 00:00:00,Construction Update,Delay Concern,Low,Phone,2024-08-10 00:05:00,2024-08-16 06:50:47,Resolved,96,False,0,Neutral,False,Construction
CAS-01028,CUS-001155,MER,MER-P1-B4-01797,2026-01-28 00:00:00,Handover,Documentation,Low,In-Person,2026-01-28 01:31:04,,Open,96,,0,Negative,False,Customer Experience
CAS-01029,CUS-001380,MER,MER-P2-B2-01838,2025-11-28 00:00:00,Snagging / Quality,MEP Issue,Low,In-Person,2025-11-28 00:10:36,2025-12-07 04:00:18,Resolved,96,False,1,Neutral,False,Construction
CAS-01030,CUS-001130,MER,MER-P2-B2-01854,2026-04-17 00:00:00,Construction Update,Progress Inquiry,Medium,Phone,2026-04-17 01:10:56,2026-04-18 01:20:56,Resolved,48,True,0,Negative,False,Construction
CAS-01031,CUS-001136,MER,MER-P1-B3-01728,2026-03-13 00:00:00,Handover,Documentation,Medium,Email,2026-03-13 00:13:24,,Open,48,,0,Negative,False,Customer Experience
CAS-01032,CUS-001306,MER,MER-P1-B4-01765,2026-03-09 00:00:00,Snagging / Quality,Finishing Quality,Low,WhatsApp,2026-03-09 03:27:07,2026-03-17 04:08:01,Resolved,96,False,1,Neutral,False,Construction
CAS-01033,CUS-001144,MER,MER-P1-B4-01774,2026-06-02 00:00:00,Snagging / Quality,Finishing Quality,Critical,Customer Portal,2026-06-02 00:28:46,,Open,4,,0,Positive,False,Construction
CAS-01034,CUS-001318,MER,MER-P2-B4-01939,2026-05-22 00:00:00,Snagging / Quality,MEP Issue,High,Customer Portal,2026-05-22 02:01:09,2026-05-22 03:56:33,Resolved,24,True,0,Negative,False,Construction
CAS-01035,CUS-001102,MER,MER-P2-B3-01876,2025-02-20 00:00:00,Construction Update,Site Visit Request,Low,WhatsApp,2025-02-20 00:40:44,2025-02-20 01:40:44,Resolved,96,True,1,Negative,False,Construction
CAS-01036,CUS-001165,MER,MER-P2-B3-01883,2025-10-09 00:00:00,Snagging / Quality,Finishing Quality,High,Customer Portal,2025-10-09 02:16:25,2025-10-10 22:46:31,Resolved,24,False,0,Negative,True,Construction
CAS-01037,CUS-001283,MER,MER-P2-B4-01938,2026-04-04 00:00:00,Handover,Handover Date Concern,Medium,Phone,2026-04-04 00:05:00,2026-04-06 02:00:57,Resolved,48,True,0,Positive,False,Customer Experience
CAS-01038,CUS-001220,MER,MER-P2-B3-01910,2025-03-21 00:00:00,General Inquiry,HOA / Facilities Management,Medium,In-Person,2025-03-21 04:08:22,2025-03-21 09:34:34,Resolved,48,True,0,Neutral,False,Customer Experience
CAS-01039,CUS-001327,MER,MER-P2-B4-01912,2025-09-24 00:00:00,Snagging / Quality,Defect Report,Medium,In-Person,2025-09-24 03:13:23,2025-09-27 04:44:46,Resolved,48,False,0,Neutral,False,Construction
CAS-01040,CUS-001173,MER,MER-P2-B2-01847,2025-11-02 00:00:00,Snagging / Quality,Finishing Quality,Low,Customer Portal,2025-11-02 01:26:24,2025-11-06 01:56:35,Resolved,96,True,0,Positive,False,Construction
CAS-01041,CUS-001102,MER,MER-P2-B3-01876,2026-05-11 00:00:00,Handover,Handover Date Concern,Medium,Phone,2026-05-11 02:25:21,2026-05-16 22:03:25,Resolved,48,False,0,Neutral,False,Customer Experience
CAS-01042,CUS-001254,MER,MER-P1-B2-01713,2026-04-26 00:00:00,Handover,Final Payment Query,Medium,Customer Portal,2026-04-26 01:10:27,,Open,48,,0,Neutral,False,Customer Experience
CAS-01043,CUS-001323,MER,MER-P2-B1-01817,2026-03-16 00:00:00,Handover,Final Payment Query,Medium,In-Person,2026-03-16 00:32:52,2026-03-21 06:51:42,Resolved,48,False,0,Negative,False,Customer Experience
CAS-01044,CUS-001153,MER,MER-P2-B1-01818,2025-10-26 00:00:00,Handover,Handover Date Concern,Medium,Phone,2025-10-26 01:14:32,2025-10-31 11:15:15,Resolved,48,False,0,Neutral,False,Customer Experience
CAS-01045,CUS-001319,MER,MER-P2-B2-01863,2026-05-20 00:00:00,Handover,Final Payment Query,Low,WhatsApp,2026-05-20 02:36:24,2026-05-26 03:54:15,Resolved,96,False,0,Neutral,False,Customer Experience
CAS-01046,CUS-001201,MER,MER-P1-B4-01769,2025-09-06 00:00:00,Handover,Handover Date Concern,Low,Customer Portal,2025-09-06 01:56:00,2025-09-11 03:38:13,Resolved,96,True,1,Negative,False,Customer Experience
CAS-01047,CUS-001362,MER,MER-P2-B1-01837,2026-02-21 00:00:00,Snagging / Quality,Finishing Quality,Medium,In-Person,2026-02-21 01:25:36,2026-02-24 20:08:15,Resolved,48,False,0,Positive,False,Construction
CAS-01048,CUS-001298,MER,MER-P2-B4-01922,2025-12-29 00:00:00,Construction Update,Progress Inquiry,Low,Phone,2025-12-29 02:57:48,2025-12-31 17:47:34,Resolved,96,True,0,Neutral,False,Construction
CAS-01049,CUS-001272,MER,MER-P1-B3-01757,2025-08-01 00:00:00,Sales Experience,Communication Quality,Medium,Email,2025-08-01 03:01:14,2025-08-01 14:26:27,Resolved,48,True,0,Positive,False,Sales
CAS-01050,CUS-001157,MER,MER-P2-B1-01830,2025-03-15 00:00:00,Construction Update,Progress Inquiry,Medium,In-Person,2025-03-15 02:32:51,2025-03-15 22:48:05,Resolved,48,True,0,Negative,False,Construction
CAS-01051,CUS-001169,MER,MER-P1-B1-01669,2026-02-16 00:00:00,Construction Update,Site Visit Request,High,Phone,2026-02-16 02:02:41,,Open,24,,0,Neutral,True,Construction
CAS-01052,CUS-001283,MER,MER-P2-B4-01938,2026-01-13 00:00:00,Handover,Final Payment Query,Critical,WhatsApp,2026-01-13 01:35:13,2026-01-13 03:03:25,Resolved,4,True,0,Positive,False,Customer Experience
CAS-01053,CUS-001216,MER,MER-P2-B2-01857,2026-05-25 00:00:00,Handover,Documentation,Low,WhatsApp,2026-05-25 00:50:32,2026-05-29 10:26:03,Resolved,96,True,0,Neutral,False,Customer Experience
CAS-01054,CUS-001208,MER,MER-P1-B3-01763,2025-10-28 00:00:00,Handover,Final Payment Query,High,In-Person,2025-10-28 01:01:03,2025-10-28 20:05:08,Resolved,24,True,0,Neutral,False,Customer Experience
CAS-01055,CUS-001300,MER,MER-P2-B4-01943,2025-04-26 00:00:00,General Inquiry,HOA / Facilities Management,Medium,Phone,2025-04-26 00:44:23,2025-04-26 01:44:23,Resolved,48,True,0,Negative,False,Customer Experience
CAS-01056,CUS-001288,MER,MER-P2-B3-01889,2026-04-30 00:00:00,Handover,Final Payment Query,Medium,Phone,2026-04-30 00:35:23,2026-04-30 02:01:49,Resolved,48,True,0,Negative,False,Customer Experience
CAS-01057,CUS-001325,MER,MER-P2-B2-01850,2026-01-17 00:00:00,Handover,Handover Date Concern,High,Phone,2026-01-17 02:55:54,2026-01-19 15:01:42,Resolved,24,False,0,Positive,True,Customer Experience
CAS-01058,CUS-001266,MER,MER-P2-B2-01870,2026-02-15 00:00:00,Sales Experience,Response Time,Low,Customer Portal,2026-02-15 00:39:14,2026-02-15 16:49:11,Resolved,96,True,0,Negative,False,Sales
CAS-01059,CUS-001281,MER,MER-P1-B2-01720,2026-01-09 00:00:00,Handover,Documentation,High,Email,2026-01-09 02:39:59,2026-01-09 14:29:52,Resolved,24,True,0,Negative,False,Customer Experience
CAS-01060,CUS-001122,MER,MER-P2-B1-01824,2026-06-15 00:00:00,Handover,Handover Date Concern,Medium,Email,2026-06-15 01:42:05,2026-06-16 22:46:24,Resolved,48,True,0,Negative,False,Customer Experience
CAS-01061,CUS-001131,MER,MER-P2-B1-01805,2026-06-26 00:00:00,Construction Update,Site Visit Request,Medium,Email,2026-06-26 02:17:03,2026-06-27 21:17:08,Resolved,48,True,0,Positive,False,Construction
CAS-01062,CUS-001335,MER,MER-P1-B3-01738,2026-06-18 00:00:00,Handover,Documentation,Medium,In-Person,2026-06-18 00:39:00,,Open,48,,0,Positive,False,Customer Experience
CAS-01063,CUS-001311,MER,MER-P1-B3-01740,2026-05-05 00:00:00,Handover,Documentation,Low,WhatsApp,2026-05-05 01:35:05,2026-05-09 07:43:12,Resolved,96,True,0,Negative,False,Customer Experience
CAS-01064,CUS-001262,MER,MER-P1-B2-01704,2026-05-25 00:00:00,Handover,Handover Date Concern,Medium,WhatsApp,2026-05-25 00:43:10,2026-05-27 18:25:05,Resolved,48,True,0,Positive,False,Customer Experience
CAS-01065,CUS-001343,MER,MER-P1-B4-01800,2025-06-06 00:00:00,General Inquiry,Resale Process,High,In-Person,2025-06-06 02:57:58,2025-06-06 03:57:58,Resolved,24,True,0,Positive,False,Customer Experience
CAS-01066,CUS-001207,MER,MER-P2-B4-01917,2026-05-03 00:00:00,Handover,Final Payment Query,Low,Phone,2026-05-03 00:55:22,,Open,96,,0,Negative,False,Customer Experience
CAS-01067,CUS-001111,MER,MER-P1-B3-01758,2025-09-03 00:00:00,Handover,Documentation,Low,In-Person,2025-09-03 01:30:05,2025-09-06 23:05:04,Resolved,96,True,0,Negative,False,Customer Experience
CAS-01068,CUS-001171,MER,MER-P1-B1-01674,2024-08-25 00:00:00,Construction Update,Progress Inquiry,High,Phone,2024-08-25 00:28:09,,Open,24,,0,Neutral,False,Construction
CAS-01069,CUS-001299,MER,MER-P1-B4-01770,2026-05-03 00:00:00,Sales Experience,Misrepresentation Concern,Medium,Email,2026-05-03 00:51:04,2026-05-05 03:42:56,Resolved,48,True,0,Neutral,False,Sales
CAS-01070,CUS-001230,MER,MER-P2-B3-01898,2025-12-14 00:00:00,Snagging / Quality,Finishing Quality,High,Phone,2025-12-14 00:29:39,2025-12-15 10:53:07,Resolved,24,True,0,Negative,False,Construction
CAS-01071,CUS-001370,MER,MER-P1-B4-01778,2025-12-20 00:00:00,Snagging / Quality,Finishing Quality,High,Phone,2025-12-20 02:00:45,2025-12-21 11:50:52,Resolved,24,True,1,Neutral,False,Construction
