customer_id,customer_name,nationality,residency_country,age_band,customer_segment,buyer_type,purchase_purpose,household_income_band,preferred_contact_channel,acquisition_source,repeat_customer_flag,portfolio_units_owned,total_contract_value,customer_since
CUS-000001,Heba Zaki,Egyptian,Egypt,25-34,First-Time Buyer,Investor,Primary Residence,EGP 100-250k/mo,In-Person,Event,False,1,10658950.02,2026-06-25
CUS-000002,Hany Novak,Egyptian,Egypt,65+,High Net Worth,End-User,Primary Residence,EGP 50-100k/mo,Phone,Word of Mouth,False,1,12949818.46,2025-12-09
CUS-000003,Sara Zaki,Jordanian,Egypt,45-54,High Net Worth,End-User,Investment / Resale,EGP 100-250k/mo,Email,Broker Referral,False,1,7856188.28,2026-05-17
CUS-000004,Nourhan Metwally,Kuwaiti,Kuwait,35-44,High Net Worth,End-User,Rental Income,EGP 100-250k/mo,In-Person,Organic / Website,False,1,21453886.28,2026-06-26
CUS-000005,Rami Salem,Egyptian,Egypt,25-34,Mass Affluent,End-User,Investment / Resale,Over EGP 250k/mo,In-Person,Event,False,1,11410137.62,2025-08-06
CUS-000006,Amira Metwally,Saudi,Saudi Arabia,35-44,Mass Affluent,End-User,Primary Residence,Under EGP 50k/mo,WhatsApp,Word of Mouth,False,1,11188610.96,2026-06-30
CUS-000007,Sherif Shawky,Egyptian,Egypt,35-44,Mass Affluent,End-User,Primary Residence,Under EGP 50k/mo,Email,Broker Referral,False,1,7326175.57,2026-05-08
CUS-000008,Ibrahim Fahmy,Egyptian,Egypt,55-64,High Net Worth,End-User,Primary Residence,Under EGP 50k/mo,Email,Organic / Website,False,1,11080337.02,2026-06-19
CUS-000009,Mona El-Masry,Egyptian,Egypt,45-54,Mass Affluent,End-User,Primary Residence,EGP 100-250k/mo,Phone,Organic / Website,False,1,9547123.09,2026-06-15
CUS-000010,Mostafa Reda,Egyptian,Egypt,35-44,High Net Worth,End-User,Primary Residence,Under EGP 50k/mo,Phone,Word of Mouth,False,1,8677910.41,2026-05-09
CUS-000011,Reem Hegazy,Egyptian,Egypt,45-54,First-Time Buyer,End-User,Primary Residence,EGP 50-100k/mo,WhatsApp,Broker Referral,False,1,4568371.4,2026-06-09
CUS-000012,Heba El-Tahawy,Emirati,UAE,35-44,First-Time Buyer,Investor,Investment / Resale,EGP 50-100k/mo,In-Person,Broker Referral,False,1,11832964.44,2026-06-24
CUS-000013,Ahmed Anwar,Egyptian,Egypt,35-44,Investor,End-User,Primary Residence,Over EGP 250k/mo,Phone,Paid Digital,False,1,9500237.7,2024-10-26
CUS-000014,Ziad Hegazy,Egyptian,Egypt,25-34,Mass Affluent,End-User,Investment / Resale,EGP 50-100k/mo,In-Person,Broker Referral,False,1,7917505.92,2026-06-30
CUS-000015,Wael Hegazy,Egyptian,Egypt,45-54,Mass Affluent,End-User,Investment / Resale,EGP 50-100k/mo,Email,Word of Mouth,False,1,8635168.64,2026-01-07
CUS-000016,Hana Al-Fahim,Emirati,UAE,45-54,High Net Worth,End-User,Rental Income,Over EGP 250k/mo,Email,Paid Digital,False,1,21566120.3,2024-10-22
CUS-000017,Jana Reda,Saudi,Egypt,45-54,Investor,End-User,Investment / Resale,EGP 100-250k/mo,Phone,Word of Mouth,False,1,8262473.12,2026-05-22
CUS-000018,Yasmin Zaki,Egyptian,Egypt,45-54,First-Time Buyer,End-User,Second Home,Under EGP 50k/mo,In-Person,Organic / Website,False,1,25779763.65,2025-05-28
CUS-000019,Sara Shawky,Egyptian,Egypt,25-34,Investor,Investor,Rental Income,Under EGP 50k/mo,WhatsApp,Organic / Website,False,1,11347161.12,2026-06-21
CUS-000020,Wael Hussein,Egyptian,Egypt,45-54,High Net Worth,End-User,Second Home,Over EGP 250k/mo,Phone,Paid Digital,False,1,6792301.69,2026-05-07
CUS-000021,Hany El-Tahawy,British,United Kingdom,45-54,High Net Worth,End-User,Investment / Resale,Under EGP 50k/mo,Email,Word of Mouth,False,1,11420225.23,2026-06-24
CUS-000022,Nada Farouk,Saudi,Saudi Arabia,55-64,Investor,End-User,Investment / Resale,EGP 50-100k/mo,Email,Broker Referral,False,1,8497360.28,2026-05-02
CUS-000023,Ahmed Aziz,Egyptian,Egypt,35-44,High Net Worth,End-User,Second Home,Over EGP 250k/mo,In-Person,Event,False,1,8547801.72,2026-05-20
CUS-000024,Malak Reda,Egyptian,Egypt,35-44,Mass Affluent,End-User,Second Home,Over EGP 250k/mo,In-Person,Word of Mouth,False,1,7603814.55,2025-07-23
CUS-000025,Laila Farouk,Egyptian,Egypt,25-34,Investor,End-User,Rental Income,EGP 50-100k/mo,Phone,Word of Mouth,False,1,8172507.8,2026-06-18
CUS-000026,Farida Anwar,Egyptian,Egypt,45-54,Investor,End-User,Second Home,Over EGP 250k/mo,Email,Word of Mouth,False,1,4900104.56,2026-06-17
CUS-000027,Mona Youssef,Kuwaiti,Kuwait,35-44,Mass Affluent,End-User,Rental Income,Over EGP 250k/mo,WhatsApp,Paid Digital,False,1,15492024.53,2026-05-16
CUS-000028,Ashraf Kamal,British,United Kingdom,45-54,Mass Affluent,End-User,Investment / Resale,EGP 100-250k/mo,Email,Word of Mouth,False,1,12072370.18,2026-05-30
CUS-000029,Khaled Youssef,Saudi,Saudi Arabia,35-44,Investor,End-User,Second Home,EGP 50-100k/mo,In-Person,Event,False,1,6219247.1,2026-02-02
CUS-000030,Khaled Zaki,Egyptian,Egypt,45-54,High Net Worth,Investor,Second Home,Under EGP 50k/mo,In-Person,Paid Digital,False,1,6661797.85,2026-06-30
CUS-000031,Laila Al-Rashid,Saudi,Saudi Arabia,35-44,Investor,End-User,Investment / Resale,EGP 100-250k/mo,Phone,Organic / Website,False,1,9025554.26,2026-06-27
CUS-000032,Sara Abdallah,Egyptian,Egypt,55-64,Investor,Investor,Investment / Resale,EGP 100-250k/mo,In-Person,Broker Referral,False,1,5304403.1,2026-06-17
CUS-000033,Rami El-Tahawy,Egyptian,Egypt,45-54,High Net Worth,End-User,Rental Income,EGP 100-250k/mo,Email,Event,False,1,17265322.39,2026-06-19
CUS-000034,Dalia Mostafa,Egyptian,Egypt,25-34,High Net Worth,End-User,Primary Residence,Under EGP 50k/mo,WhatsApp,Organic / Website,False,1,10238794.19,2026-06-30
CUS-000035,Mostafa Farouk,Egyptian,Egypt,35-44,First-Time Buyer,Investor,Rental Income,Under EGP 50k/mo,In-Person,Organic / Website,False,1,6952888.73,2026-05-31
CUS-000036,Heba Mostafa,Emirati,UAE,35-44,Mass Affluent,End-User,Primary Residence,EGP 100-250k/mo,Phone,Event,False,1,10413023.5,2025-05-10
CUS-000037,Mariam Al-Fahim,Egyptian,Egypt,55-64,Investor,End-User,Primary Residence,Under EGP 50k/mo,Phone,Paid Digital,False,1,11405991.83,2025-04-16
CUS-000038,Ashraf Farouk,Egyptian,Egypt,35-44,High Net Worth,End-User,Primary Residence,Over EGP 250k/mo,Phone,Event,False,1,12611836.34,2025-11-18
CUS-000039,Nour El-Masry,Egyptian,Egypt,55-64,Mass Affluent,End-User,Primary Residence,EGP 50-100k/mo,Email,Event,False,1,10019119.51,2026-03-14
CUS-000040,Hana Fathy,Saudi,Egypt,25-34,Mass Affluent,End-User,Investment / Resale,EGP 50-100k/mo,WhatsApp,Event,False,1,12325494.94,2025-12-14
CUS-000041,Amira Kamal,Egyptian,Egypt,25-34,High Net Worth,End-User,Primary Residence,EGP 50-100k/mo,In-Person,Paid Digital,False,1,8476167.5,2025-10-11
CUS-000042,Emad Youssef,Egyptian,Egypt,25-34,Investor,End-User,Second Home,EGP 50-100k/mo,In-Person,Broker Referral,False,1,9037729.09,2026-05-04
CUS-000043,Aya Rashad,Egyptian,Egypt,25-34,Investor,End-User,Investment / Resale,EGP 50-100k/mo,Email,Word of Mouth,False,1,10468606.84,2026-06-30
CUS-000044,Nour Youssef,Egyptian,Egypt,25-34,Investor,End-User,Rental Income,Under EGP 50k/mo,WhatsApp,Event,False,1,10313651.25,2025-07-04
CUS-000045,Dalia Salem,Egyptian,Egypt,45-54,Mass Affluent,End-User,Primary Residence,Under EGP 50k/mo,Phone,Broker Referral,False,1,12330150.47,2026-01-16
CUS-000046,Wael Barakat,Egyptian,Egypt,45-54,First-Time Buyer,End-User,Primary Residence,EGP 100-250k/mo,WhatsApp,Paid Digital,False,1,9599109.64,2026-03-04
CUS-000047,Wael Nour,Egyptian,Egypt,35-44,High Net Worth,End-User,Investment / Resale,EGP 50-100k/mo,Phone,Broker Referral,False,1,7960446.49,2024-09-30
CUS-000048,Ibrahim Chevalier,Egyptian,Egypt,35-44,First-Time Buyer,End-User,Second Home,Under EGP 50k/mo,Email,Event,False,1,15479595.58,2026-01-11
CUS-000049,Mona Anwar,Egyptian,Egypt,25-34,Investor,End-User,Second Home,Over EGP 250k/mo,WhatsApp,Word of Mouth,False,1,10694014.85,2024-08-22
CUS-000050,Hany Al-Rashid,Emirati,UAE,35-44,First-Time Buyer,End-User,Investment / Resale,Under EGP 50k/mo,Email,Event,False,1,11880414.97,2025-07-17
CUS-000051,Youssef Reda,Egyptian,Egypt,35-44,High Net Worth,End-User,Primary Residence,Under EGP 50k/mo,Email,Broker Referral,False,1,17161717.7,2025-06-10
CUS-000052,Khaled Barakat,Emirati,UAE,25-34,High Net Worth,End-User,Rental Income,Over EGP 250k/mo,Email,Organic / Website,False,1,22473541.93,2025-02-28
CUS-000053,Ramy Anwar,Egyptian,Egypt,25-34,Investor,End-User,Primary Residence,Over EGP 250k/mo,Phone,Paid Digital,False,1,13161402.87,2026-04-23
CUS-000054,Ramy Al-Fahim,Egyptian,Egypt,25-34,High Net Worth,End-User,Second Home,EGP 50-100k/mo,WhatsApp,Paid Digital,False,1,12585803.51,2025-10-08
CUS-000055,Ziad El-Tahawy,Egyptian,Egypt,35-44,High Net Worth,End-User,Investment / Resale,Under EGP 50k/mo,Email,Organic / Website,False,1,16928415.36,2025-10-02
CUS-000056,Malak Al-Fahim,Egyptian,Egypt,45-54,High Net Worth,End-User,Primary Residence,Under EGP 50k/mo,Email,Paid Digital,False,1,6081146.37,2025-01-28
CUS-000057,Youssef Aziz,Egyptian,Egypt,35-44,Investor,End-User,Second Home,Over EGP 250k/mo,Email,Event,False,1,14642511.59,2025-09-03
CUS-000058,Nourhan El-Masry,Jordanian,Egypt,55-64,Investor,End-User,Rental Income,EGP 100-250k/mo,WhatsApp,Word of Mouth,False,1,7430239.45,2025-10-20
CUS-000059,Amira Naguib,Egyptian,Egypt,35-44,High Net Worth,End-User,Rental Income,Under EGP 50k/mo,WhatsApp,Broker Referral,False,1,5524228.85,2025-09-13
CUS-000060,Mostafa Aziz,Egyptian,Egypt,35-44,Mass Affluent,End-User,Primary Residence,Over EGP 250k/mo,Email,Broker Referral,False,1,6095568.79,2025-12-04
CUS-000061,Dina Reda,Saudi,Saudi Arabia,45-54,First-Time Buyer,End-User,Investment / Resale,Over EGP 250k/mo,Phone,Event,False,1,11696687.97,2025-11-11
CUS-000062,Hassan Sabry,Saudi,Egypt,45-54,Mass Affluent,End-User,Primary Residence,EGP 100-250k/mo,Phone,Event,False,1,18771100.66,2024-11-30
CUS-000063,Yasmin Chevalier,Egyptian,Egypt,35-44,Mass Affluent,End-User,Rental Income,Under EGP 50k/mo,In-Person,Word of Mouth,False,1,6875543.82,2025-02-03
CUS-000064,Adel El-Tahawy,Egyptian,Egypt,35-44,Investor,End-User,Rental Income,Under EGP 50k/mo,WhatsApp,Paid Digital,False,1,11665039.42,2025-04-19
CUS-000065,Nada Shawky,Egyptian,Egypt,45-54,Mass Affluent,End-User,Rental Income,EGP 50-100k/mo,Email,Event,False,1,7204244.9,2026-02-26
CUS-000066,Karim Al-Rashid,British,United Kingdom,55-64,First-Time Buyer,End-User,Second Home,Over EGP 250k/mo,Email,Paid Digital,False,1,11175218.2,2025-05-14
CUS-000067,Youssef Abdallah,Egyptian,Egypt,35-44,Investor,End-User,Rental Income,Under EGP 50k/mo,Phone,Organic / Website,False,1,4686187.01,2024-12-14
CUS-000068,Ibrahim Farouk,Egyptian,Egypt,55-64,Mass Affluent,End-User,Rental Income,Over EGP 250k/mo,Phone,Organic / Website,False,1,10768346.28,2026-01-07
CUS-000069,Hana El-Masry,Egyptian,Egypt,45-54,Investor,End-User,Rental Income,Under EGP 50k/mo,Phone,Broker Referral,False,1,13678200.9,2024-11-04
CUS-000070,Mostafa Hegazy,Egyptian,Egypt,25-34,Mass Affluent,End-User,Second Home,Under EGP 50k/mo,In-Person,Paid Digital,False,1,11831600.22,2025-01-19
CUS-000071,Wael Al-Rashid,Egyptian,Egypt,35-44,Mass Affluent,End-User,Second Home,EGP 50-100k/mo,Email,Word of Mouth,False,1,7069750.85,2024-09-24
CUS-000072,Amr Zaki,Egyptian,Egypt,35-44,Investor,End-User,Second Home,Under EGP 50k/mo,Phone,Organic / Website,False,1,9930550.59,2025-07-10
CUS-000073,Nourhan Novak,Egyptian,Egypt,55-64,Investor,End-User,Second Home,Over EGP 250k/mo,WhatsApp,Paid Digital,False,1,7249994.66,2024-10-09
CUS-000074,Wael Aziz,Egyptian,Egypt,45-54,Investor,End-User,Second Home,EGP 100-250k/mo,Email,Event,False,1,6966426.11,2024-11-05
CUS-000075,Mona Metwally,Egyptian,Egypt,45-54,Mass Affluent,End-User,Rental Income,EGP 100-250k/mo,In-Person,Organic / Website,False,1,8541447.23,2025-09-02
CUS-000076,Sameh Novak,Egyptian,Egypt,35-44,Mass Affluent,End-User,Primary Residence,EGP 50-100k/mo,In-Person,Word of Mouth,False,1,6176326.7,2025-06-07
CUS-000077,Hany Naguib,Jordanian,Egypt,45-54,Mass Affluent,End-User,Primary Residence,Over EGP 250k/mo,In-Person,Event,False,1,5116249.37,2025-06-02
CUS-000078,Jana Metwally,Egyptian,Egypt,55-64,High Net Worth,End-User,Investment / Resale,EGP 50-100k/mo,In-Person,Event,False,1,10590717.8,2024-08-11
CUS-000079,Sameh Metwally,Egyptian,Egypt,45-54,Investor,End-User,Second Home,Under EGP 50k/mo,Email,Broker Referral,False,1,4853411.64,2024-12-31
CUS-000080,Ashraf Novak,Egyptian,Egypt,25-34,First-Time Buyer,End-User,Investment / Resale,EGP 100-250k/mo,Phone,Word of Mouth,False,1,7504181.55,2024-12-28
CUS-000081,Ashraf Gomaa,Egyptian,Egypt,35-44,First-Time Buyer,End-User,Primary Residence,Over EGP 250k/mo,WhatsApp,Event,False,1,5128890.49,2025-12-07
CUS-000082,Ashraf Al-Rashid,Egyptian,Egypt,45-54,Mass Affluent,End-User,Investment / Resale,EGP 100-250k/mo,In-Person,Paid Digital,False,1,7441801.52,2025-05-04
CUS-000083,Rana Fathy,Egyptian,Egypt,35-44,Mass Affluent,End-User,Rental Income,Under EGP 50k/mo,In-Person,Broker Referral,False,1,9117338.04,2025-06-11
CUS-000084,Dina El-Tahawy,Egyptian,Egypt,25-34,First-Time Buyer,End-User,Second Home,Over EGP 250k/mo,WhatsApp,Event,False,1,8890239.4,2025-10-16
CUS-000085,Nour Nour,British,United Kingdom,45-54,Mass Affluent,End-User,Second Home,EGP 50-100k/mo,Email,Organic / Website,False,1,12808490.18,2024-09-04
CUS-000086,Adel Hegazy,Egyptian,Egypt,35-44,First-Time Buyer,End-User,Rental Income,Under EGP 50k/mo,In-Person,Paid Digital,False,1,5024889.96,2024-10-24
CUS-000087,Adel Hegazy,Egyptian,Egypt,45-54,High Net Worth,End-User,Primary Residence,EGP 50-100k/mo,In-Person,Paid Digital,False,1,7590265.53,2026-01-06
CUS-000088,Fady Rashad,Egyptian,Egypt,35-44,High Net Worth,End-User,Primary Residence,EGP 50-100k/mo,In-Person,Word of Mouth,False,1,11830983.37,2025-10-11
CUS-000089,Sara Reda,Egyptian,Egypt,35-44,First-Time Buyer,End-User,Primary Residence,EGP 50-100k/mo,WhatsApp,Event,False,1,11183487.87,2025-09-15
CUS-000090,Ibrahim Hegazy,Egyptian,Egypt,45-54,Investor,End-User,Investment / Resale,Over EGP 250k/mo,Email,Word of Mouth,False,1,6703198.84,2024-10-04
CUS-000091,Ziad Novak,Egyptian,Egypt,45-54,First-Time Buyer,End-User,Investment / Resale,EGP 50-100k/mo,In-Person,Broker Referral,False,1,8469242.07,2025-06-21
CUS-000092,Hassan Abdallah,Egyptian,Egypt,45-54,Investor,End-User,Investment / Resale,EGP 50-100k/mo,Phone,Broker Referral,False,1,12511214.59,2025-01-05
CUS-000093,Reem El-Tahawy,Emirati,UAE,65+,High Net Worth,End-User,Rental Income,Under EGP 50k/mo,WhatsApp,Organic / Website,False,1,5872850.65,2025-08-07
CUS-000094,Wael Mostafa,Kuwaiti,Kuwait,65+,Mass Affluent,End-User,Investment / Resale,EGP 100-250k/mo,Email,Broker Referral,False,1,12583758.51,2026-04-19
CUS-000095,Youssef El-Sayed,Egyptian,Egypt,35-44,Investor,End-User,Investment / Resale,Under EGP 50k/mo,In-Person,Broker Referral,False,1,9297305.14,2024-11-06
CUS-000096,Farida Gomaa,Egyptian,Egypt,35-44,First-Time Buyer,End-User,Investment / Resale,EGP 50-100k/mo,In-Person,Organic / Website,False,1,7596236.19,2025-09-06
CUS-000097,Yassin El-Sayed,Saudi,Egypt,55-64,High Net Worth,End-User,Investment / Resale,EGP 50-100k/mo,Phone,Paid Digital,False,1,10915131.35,2026-04-30
CUS-000098,Dina Gomaa,Jordanian,Jordan,45-54,Mass Affluent,End-User,Rental Income,Under EGP 50k/mo,Phone,Paid Digital,False,1,6592148.06,2025-06-30
CUS-000099,Heba Fathy,Egyptian,Egypt,35-44,Investor,End-User,Primary Residence,Under EGP 50k/mo,In-Person,Organic / Website,False,1,9038664.07,2024-09-30
CUS-000100,Hassan Shawky,Egyptian,Egypt,45-54,First-Time Buyer,End-User,Investment / Resale,Under EGP 50k/mo,In-Person,Broker Referral,False,1,3895849.92,2026-02-14
CUS-000101,Jana Hussein,Egyptian,Egypt,25-34,High Net Worth,End-User,Rental Income,Under EGP 50k/mo,In-Person,Word of Mouth,False,1,10168302.91,2025-04-17
CUS-000102,Rami El-Sayed,Saudi,Egypt,25-34,First-Time Buyer,End-User,Second Home,EGP 50-100k/mo,In-Person,Word of Mouth,False,1,5354584.77,2024-07-21
CUS-000103,Karim Metwally,British,United Kingdom,55-64,Mass Affluent,End-User,Primary Residence,Over EGP 250k/mo,In-Person,Organic / Website,False,1,5154574.74,2025-07-11
CUS-000104,Jana Kamal,Egyptian,Egypt,25-34,Investor,End-User,Second Home,Under EGP 50k/mo,Email,Word of Mouth,False,1,11659863.98,2025-09-05
CUS-000105,Dina Chevalier,Egyptian,Egypt,35-44,Mass Affluent,End-User,Investment / Resale,Over EGP 250k/mo,In-Person,Paid Digital,False,1,31708915.45,2025-04-11
CUS-000106,Mariam El-Tahawy,Egyptian,Egypt,45-54,High Net Worth,End-User,Investment / Resale,EGP 100-250k/mo,In-Person,Organic / Website,False,1,4739269.36,2024-07-31
CUS-000107,Yasmin Nour,Egyptian,Egypt,25-34,Mass Affluent,End-User,Primary Residence,EGP 100-250k/mo,WhatsApp,Broker Referral,False,1,9408868.62,2024-12-31
CUS-000108,Khaled El-Sayed,Egyptian,Egypt,35-44,Mass Affluent,End-User,Primary Residence,Over EGP 250k/mo,In-Person,Event,False,1,27769656.33,2025-05-24
CUS-000109,Malak Fathy,Jordanian,Egypt,35-44,Investor,End-User,Rental Income,Under EGP 50k/mo,Phone,Word of Mouth,False,1,9388212.9,2026-04-02
CUS-000110,Emad Mostafa,Egyptian,Egypt,35-44,First-Time Buyer,End-User,Rental Income,Over EGP 250k/mo,In-Person,Event,False,1,7749127.41,2026-04-13
CUS-000111,Malak Metwally,Egyptian,Egypt,35-44,Investor,End-User,Investment / Resale,Under EGP 50k/mo,Phone,Broker Referral,False,1,11436849.58,2024-08-24
CUS-000112,Ashraf El-Masry,Saudi,Egypt,45-54,High Net Worth,End-User,Primary Residence,Under EGP 50k/mo,WhatsApp,Paid Digital,False,1,9649336.43,2025-12-20
CUS-000113,Karim Shawky,Egyptian,Egypt,25-34,Investor,End-User,Rental Income,EGP 50-100k/mo,In-Person,Event,False,1,7565922.82,2024-12-17
CUS-000114,Yasmin Hussein,Egyptian,Egypt,55-64,Mass Affluent,End-User,Investment / Resale,EGP 100-250k/mo,WhatsApp,Event,False,1,9833154.06,2025-02-14
CUS-000115,Ramy Hegazy,Egyptian,Egypt,65+,Investor,End-User,Primary Residence,Under EGP 50k/mo,Phone,Broker Referral,False,1,16958663.93,2024-12-21
CUS-000116,Mostafa Fahmy,Egyptian,Egypt,55-64,Mass Affluent,End-User,Primary Residence,EGP 100-250k/mo,In-Person,Organic / Website,False,1,7854722.95,2025-07-07
CUS-000117,Ibrahim Aziz,Egyptian,Egypt,25-34,High Net Worth,End-User,Rental Income,EGP 50-100k/mo,Email,Organic / Website,False,1,7373556.82,2025-03-21
CUS-000118,Mariam Naguib,Egyptian,Egypt,45-54,First-Time Buyer,End-User,Investment / Resale,EGP 100-250k/mo,Email,Event,False,1,11367294.25,2025-11-24
CUS-000119,Mostafa Aziz,Egyptian,Egypt,35-44,High Net Worth,End-User,Second Home,EGP 50-100k/mo,In-Person,Broker Referral,False,1,6480233.57,2024-10-09
CUS-000120,Hana Mansour,Egyptian,Egypt,45-54,Mass Affluent,End-User,Primary Residence,Under EGP 50k/mo,In-Person,Paid Digital,False,1,12716497.44,2024-10-23
CUS-000121,Wael Anwar,Egyptian,Egypt,25-34,Investor,End-User,Rental Income,Under EGP 50k/mo,Email,Organic / Website,False,1,8634482.38,2024-12-06
CUS-000122,Ashraf Shawky,Egyptian,Egypt,25-34,First-Time Buyer,End-User,Rental Income,Under EGP 50k/mo,WhatsApp,Organic / Website,False,1,11283081.36,2025-09-22
CUS-000123,Mostafa Fahmy,Other,Other,55-64,Mass Affluent,End-User,Rental Income,Under EGP 50k/mo,Email,Broker Referral,False,1,7385131.01,2025-12-23
CUS-000124,Karim Sabry,Egyptian,Egypt,25-34,First-Time Buyer,End-User,Rental Income,EGP 50-100k/mo,Phone,Paid Digital,False,1,11086916.67,2025-03-28
CUS-000125,Omar Fathy,Egyptian,Egypt,55-64,Investor,End-User,Second Home,Under EGP 50k/mo,In-Person,Broker Referral,False,1,8730786.55,2026-01-27
CUS-000126,Dalia Nour,Egyptian,Egypt,35-44,High Net Worth,End-User,Second Home,EGP 100-250k/mo,In-Person,Paid Digital,False,1,23290326.38,2026-02-26
CUS-000127,Malak Hussein,Kuwaiti,Kuwait,45-54,High Net Worth,End-User,Primary Residence,EGP 100-250k/mo,Phone,Organic / Website,False,1,5571786.08,2024-11-05
CUS-000128,Nada Reda,Emirati,UAE,25-34,High Net Worth,End-User,Primary Residence,EGP 100-250k/mo,WhatsApp,Paid Digital,False,1,12563646.19,2024-12-13
CUS-000129,Jana Rashad,Egyptian,Egypt,65+,Investor,End-User,Investment / Resale,EGP 50-100k/mo,Email,Word of Mouth,False,1,6235668.93,2026-04-22
CUS-000130,Khaled Reda,Egyptian,Egypt,55-64,First-Time Buyer,End-User,Primary Residence,Over EGP 250k/mo,In-Person,Word of Mouth,False,1,11607714.33,2025-10-14
CUS-000131,Nada Fahmy,Egyptian,Egypt,55-64,High Net Worth,End-User,Investment / Resale,Under EGP 50k/mo,Email,Organic / Website,False,1,5277772.67,2024-09-03
CUS-000132,Amr Shawky,Egyptian,Egypt,55-64,High Net Worth,End-User,Second Home,EGP 100-250k/mo,In-Person,Broker Referral,False,1,8296060.8,2025-12-13
CUS-000133,Nour Rashad,Emirati,UAE,45-54,First-Time Buyer,End-User,Investment / Resale,Under EGP 50k/mo,WhatsApp,Organic / Website,False,1,5896077.49,2025-10-16
CUS-000134,Mariam Al-Fahim,Egyptian,Egypt,25-34,First-Time Buyer,End-User,Rental Income,Under EGP 50k/mo,Email,Event,False,1,11635450.06,2025-08-19
CUS-000135,Hassan Gomaa,Egyptian,Egypt,45-54,High Net Worth,End-User,Second Home,EGP 100-250k/mo,Phone,Word of Mouth,False,1,13850544.69,2024-09-22
CUS-000136,Hassan El-Tahawy,Egyptian,Egypt,25-34,Mass Affluent,End-User,Second Home,Over EGP 250k/mo,Email,Paid Digital,False,1,10751844.19,2025-04-01
CUS-000137,Karim Reda,Jordanian,Jordan,55-64,Investor,End-User,Rental Income,EGP 50-100k/mo,In-Person,Paid Digital,False,1,6788254.96,2025-06-15
CUS-000138,Hany Youssef,British,United Kingdom,45-54,First-Time Buyer,End-User,Investment / Resale,EGP 50-100k/mo,In-Person,Word of Mouth,False,1,7810950.06,2025-07-05
CUS-000139,Aya El-Masry,Egyptian,Egypt,55-64,Investor,End-User,Second Home,EGP 50-100k/mo,Phone,Event,False,1,7277653.07,2025-02-26
CUS-000140,Dalia Youssef,Emirati,UAE,45-54,High Net Worth,End-User,Second Home,Under EGP 50k/mo,In-Person,Event,False,1,20765998.87,2026-05-31
CUS-000141,Emad Barakat,Saudi,Saudi Arabia,35-44,High Net Worth,End-User,Investment / Resale,EGP 100-250k/mo,Phone,Event,False,1,25801288.52,2024-08-08
CUS-000142,Yasmin Rashad,Saudi,Egypt,25-34,High Net Worth,End-User,Second Home,EGP 50-100k/mo,WhatsApp,Event,False,1,5419509.57,2025-06-14
CUS-000143,Sara Aziz,Egyptian,Egypt,55-64,High Net Worth,End-User,Rental Income,Over EGP 250k/mo,Phone,Word of Mouth,False,1,4432563.07,2025-09-28
CUS-000144,Aya Naguib,Saudi,Egypt,35-44,First-Time Buyer,End-User,Second Home,EGP 100-250k/mo,In-Person,Organic / Website,False,1,12079865.14,2026-04-29
CUS-000145,Salma Anwar,Saudi,Saudi Arabia,45-54,High Net Worth,End-User,Second Home,Over EGP 250k/mo,Email,Word of Mouth,False,1,9270280.4,2025-01-06
CUS-000146,Farida Hussein,Egyptian,Egypt,55-64,First-Time Buyer,End-User,Primary Residence,Over EGP 250k/mo,In-Person,Paid Digital,False,1,5086708.22,2026-01-03
CUS-000147,Ramy Novak,Other,Other,25-34,Investor,End-User,Second Home,Over EGP 250k/mo,In-Person,Paid Digital,False,1,10405771.45,2025-11-11
CUS-000148,Fady Anwar,Egyptian,Egypt,35-44,Mass Affluent,End-User,Primary Residence,EGP 50-100k/mo,Phone,Broker Referral,False,1,12027350.73,2026-03-03
CUS-000149,Hassan Rashad,Egyptian,Egypt,55-64,High Net Worth,End-User,Second Home,EGP 50-100k/mo,In-Person,Event,False,1,27096980.62,2026-06-12
CUS-000150,Fady Mansour,Egyptian,Egypt,35-44,First-Time Buyer,End-User,Primary Residence,Under EGP 50k/mo,Email,Broker Referral,False,1,14126038.4,2025-08-25
CUS-000151,Rami Youssef,Egyptian,Egypt,45-54,Mass Affluent,End-User,Rental Income,Over EGP 250k/mo,Email,Paid Digital,False,1,6303909.73,2025-08-08
CUS-000152,Mohamed Novak,Egyptian,Egypt,35-44,High Net Worth,End-User,Investment / Resale,EGP 100-250k/mo,WhatsApp,Paid Digital,False,1,5960047.5,2026-04-25
CUS-000153,Heba Chevalier,Egyptian,Egypt,25-34,First-Time Buyer,End-User,Rental Income,Over EGP 250k/mo,Phone,Event,False,1,8825067.24,2026-04-09
CUS-000154,Hany Hegazy,Kuwaiti,Kuwait,55-64,Investor,End-User,Investment / Resale,EGP 100-250k/mo,WhatsApp,Paid Digital,False,1,9063578.11,2024-12-14
CUS-000155,Rana Mansour,Emirati,UAE,45-54,Investor,End-User,Rental Income,EGP 100-250k/mo,Email,Paid Digital,False,1,8604801.49,2024-11-20
CUS-000156,Heba Barakat,Egyptian,Egypt,45-54,High Net Worth,End-User,Investment / Resale,Under EGP 50k/mo,WhatsApp,Word of Mouth,False,1,22895534.58,2025-09-28
CUS-000157,Mariam Zaki,Emirati,UAE,35-44,First-Time Buyer,End-User,Rental Income,EGP 50-100k/mo,Phone,Organic / Website,False,1,20333055.42,2024-12-14
CUS-000158,Laila El-Sayed,British,United Kingdom,25-34,Mass Affluent,End-User,Investment / Resale,Under EGP 50k/mo,WhatsApp,Event,False,1,11558781.71,2025-12-30
CUS-000159,Ibrahim Al-Fahim,Egyptian,Egypt,25-34,Investor,End-User,Rental Income,EGP 100-250k/mo,In-Person,Event,False,1,7354411.94,2025-12-03
CUS-000160,Hany Shawky,Egyptian,Egypt,25-34,Investor,End-User,Investment / Resale,Over EGP 250k/mo,Email,Organic / Website,False,1,21848867.75,2025-02-19
CUS-000161,Omar Al-Rashid,Jordanian,Jordan,65+,Mass Affluent,End-User,Rental Income,EGP 100-250k/mo,In-Person,Word of Mouth,False,1,20538772.74,2025-10-14
CUS-000162,Khaled Barakat,Egyptian,Egypt,45-54,High Net Worth,End-User,Primary Residence,EGP 50-100k/mo,WhatsApp,Organic / Website,False,1,10300950.54,2026-06-30
CUS-000163,Jana Salem,Egyptian,Egypt,35-44,First-Time Buyer,End-User,Investment / Resale,EGP 50-100k/mo,Email,Broker Referral,False,1,11027980.53,2024-08-11
CUS-000164,Adel Mostafa,Other,Egypt,45-54,First-Time Buyer,End-User,Second Home,EGP 100-250k/mo,WhatsApp,Organic / Website,False,1,9960363.01,2025-06-10
CUS-000165,Dina Anwar,Egyptian,Egypt,55-64,First-Time Buyer,End-User,Primary Residence,Under EGP 50k/mo,Phone,Word of Mouth,False,1,9132037.15,2025-09-02
CUS-000166,Fady Hussein,Egyptian,Egypt,35-44,High Net Worth,End-User,Second Home,EGP 100-250k/mo,Phone,Word of Mouth,False,1,11919182.27,2025-04-03
CUS-000167,Ramy El-Tahawy,Egyptian,Egypt,35-44,Mass Affluent,End-User,Rental Income,EGP 100-250k/mo,In-Person,Paid Digital,False,1,6938879.23,2026-02-28
CUS-000168,Nourhan Farouk,Egyptian,Egypt,55-64,Investor,End-User,Investment / Resale,EGP 50-100k/mo,Email,Paid Digital,False,1,6833164.45,2026-06-09
CUS-000169,Sherif Mostafa,Egyptian,Egypt,25-34,Investor,End-User,Investment / Resale,EGP 100-250k/mo,In-Person,Broker Referral,False,1,10543459.94,2025-12-22
CUS-000170,Sara Fahmy,Saudi,Egypt,35-44,First-Time Buyer,End-User,Second Home,EGP 50-100k/mo,In-Person,Organic / Website,False,1,13216856.02,2025-02-22
CUS-000171,Youssef Naguib,Saudi,Saudi Arabia,35-44,Mass Affluent,End-User,Second Home,Under EGP 50k/mo,WhatsApp,Broker Referral,False,1,9667917.15,2026-06-01
CUS-000172,Ashraf Rashad,Egyptian,Egypt,35-44,High Net Worth,End-User,Rental Income,EGP 100-250k/mo,Email,Broker Referral,False,1,9879939.16,2026-06-04
CUS-000173,Sameh El-Masry,Kuwaiti,Kuwait,55-64,Investor,End-User,Primary Residence,EGP 50-100k/mo,Phone,Paid Digital,False,1,6965097.46,2025-04-12
CUS-000174,Mariam Abdallah,Jordanian,Jordan,35-44,Investor,End-User,Primary Residence,Under EGP 50k/mo,Phone,Organic / Website,False,1,11216610.82,2026-06-14
CUS-000175,Ziad El-Masry,Kuwaiti,Kuwait,35-44,Mass Affluent,End-User,Investment / Resale,EGP 100-250k/mo,Phone,Word of Mouth,False,1,9560185.33,2026-01-22
CUS-000176,Mariam Anwar,Egyptian,Egypt,35-44,First-Time Buyer,End-User,Primary Residence,Over EGP 250k/mo,In-Person,Event,False,1,6019846.53,2025-09-22
CUS-000177,Sherif Farouk,Egyptian,Egypt,55-64,High Net Worth,End-User,Primary Residence,EGP 50-100k/mo,Email,Paid Digital,False,1,5545995.61,2025-03-02
CUS-000178,Sherif Sabry,Egyptian,Egypt,45-54,Mass Affluent,End-User,Second Home,EGP 100-250k/mo,In-Person,Paid Digital,False,1,5809450.56,2025-11-09
CUS-000179,Hassan Salem,Egyptian,Egypt,45-54,High Net Worth,End-User,Rental Income,EGP 100-250k/mo,Email,Event,False,1,6242926.21,2024-07-27
CUS-000180,Sameh Mansour,Egyptian,Egypt,25-34,High Net Worth,End-User,Primary Residence,EGP 100-250k/mo,Email,Event,False,1,6846056.22,2024-07-28
CUS-000181,Amira Metwally,Other,Other,25-34,High Net Worth,End-User,Rental Income,EGP 50-100k/mo,Email,Event,False,1,10745014.14,2025-01-13
CUS-000182,Farida Fahmy,Egyptian,Egypt,35-44,First-Time Buyer,End-User,Primary Residence,Over EGP 250k/mo,Phone,Paid Digital,False,1,9923216.29,2024-11-05
CUS-000183,Sara Chevalier,Egyptian,Egypt,35-44,High Net Worth,End-User,Second Home,EGP 50-100k/mo,In-Person,Organic / Website,False,1,5919753.65,2025-07-10
CUS-000184,Sherif Farouk,Egyptian,Egypt,45-54,Investor,End-User,Primary Residence,EGP 50-100k/mo,Phone,Event,False,1,5000180.02,2026-05-13
CUS-000185,Karim Novak,Egyptian,Egypt,45-54,High Net Worth,End-User,Primary Residence,EGP 50-100k/mo,In-Person,Broker Referral,False,1,24439635.54,2025-11-22
CUS-000186,Heba Fathy,Egyptian,Egypt,35-44,High Net Worth,End-User,Second Home,Over EGP 250k/mo,Phone,Word of Mouth,False,1,8252334.54,2025-02-24
CUS-000187,Laila Zaki,Emirati,UAE,25-34,Investor,End-User,Investment / Resale,Over EGP 250k/mo,In-Person,Word of Mouth,False,1,5990482.73,2024-11-26
CUS-000188,Ahmed Hegazy,Emirati,UAE,35-44,Investor,End-User,Primary Residence,EGP 50-100k/mo,In-Person,Word of Mouth,False,1,22114176.33,2024-09-20
CUS-000189,Reem Reda,Egyptian,Egypt,35-44,First-Time Buyer,End-User,Rental Income,Under EGP 50k/mo,WhatsApp,Event,False,1,7610033.63,2024-12-13
CUS-000190,Ibrahim Anwar,Egyptian,Egypt,25-34,High Net Worth,End-User,Rental Income,EGP 100-250k/mo,WhatsApp,Paid Digital,False,1,11037696.09,2024-11-06
CUS-000191,Fady Anwar,Egyptian,Egypt,25-34,First-Time Buyer,End-User,Investment / Resale,EGP 100-250k/mo,WhatsApp,Broker Referral,False,1,8096972.01,2026-03-29
CUS-000192,Aya Reda,Egyptian,Egypt,25-34,Investor,End-User,Second Home,EGP 100-250k/mo,Email,Organic / Website,False,1,26188327.98,2026-01-20
CUS-000193,Ahmed Hussein,Emirati,UAE,55-64,First-Time Buyer,End-User,Primary Residence,EGP 100-250k/mo,Phone,Word of Mouth,False,1,8753540.88,2025-04-03
CUS-000194,Ashraf Abdallah,British,United Kingdom,55-64,High Net Worth,End-User,Rental Income,Under EGP 50k/mo,Email,Paid Digital,False,1,16802396.35,2024-11-05
CUS-000195,Hana Abdallah,Egyptian,Egypt,35-44,High Net Worth,End-User,Investment / Resale,EGP 100-250k/mo,WhatsApp,Organic / Website,False,1,24190616.52,2024-07-12
CUS-000196,Ramy Novak,Kuwaiti,Kuwait,55-64,Mass Affluent,End-User,Investment / Resale,EGP 100-250k/mo,Phone,Event,False,1,8176183.74,2026-05-09
CUS-000197,Heba Mansour,Egyptian,Egypt,45-54,High Net Worth,End-User,Investment / Resale,EGP 50-100k/mo,WhatsApp,Organic / Website,False,1,19420117.65,2025-03-07
CUS-000198,Ziad Farouk,Egyptian,Egypt,25-34,High Net Worth,End-User,Second Home,Under EGP 50k/mo,Email,Word of Mouth,False,1,10223020.9,2026-05-11
CUS-000199,Dina Naguib,Saudi,Saudi Arabia,45-54,Investor,End-User,Investment / Resale,Over EGP 250k/mo,In-Person,Word of Mouth,False,1,10134781.97,2026-05-19
CUS-000200,Mahmoud El-Tahawy,Egyptian,Egypt,45-54,First-Time Buyer,End-User,Rental Income,Over EGP 250k/mo,WhatsApp,Organic / Website,False,1,6109755.15,2025-10-24
CUS-000201,Rana Metwally,Egyptian,Egypt,65+,Investor,End-User,Primary Residence,EGP 100-250k/mo,Email,Word of Mouth,False,1,11254076.06,2025-08-24
CUS-000202,Reem Nour,British,United Kingdom,35-44,Investor,End-User,Rental Income,Over EGP 250k/mo,In-Person,Event,False,1,9698255.4,2026-01-31
CUS-000203,Mona Metwally,Egyptian,Egypt,25-34,First-Time Buyer,End-User,Second Home,EGP 100-250k/mo,Phone,Word of Mouth,False,1,7329698.82,2025-02-27
CUS-000204,Dina Naguib,Egyptian,Egypt,35-44,Investor,End-User,Second Home,Under EGP 50k/mo,Phone,Word of Mouth,False,1,12864955.15,2024-07-10
CUS-000205,Ramy Shawky,Egyptian,Egypt,35-44,First-Time Buyer,End-User,Rental Income,EGP 100-250k/mo,Phone,Broker Referral,False,1,12345227.07,2025-01-10
CUS-000206,Sameh Nour,Kuwaiti,Kuwait,55-64,Mass Affluent,End-User,Second Home,Under EGP 50k/mo,Phone,Organic / Website,False,1,6144104.34,2025-04-26
CUS-000207,Mostafa Metwally,Egyptian,Egypt,55-64,Investor,End-User,Investment / Resale,EGP 100-250k/mo,In-Person,Broker Referral,False,1,6778650.24,2025-05-20
CUS-000208,Mahmoud Rashad,Egyptian,Egypt,35-44,Investor,End-User,Rental Income,Under EGP 50k/mo,WhatsApp,Broker Referral,False,1,7873684.72,2025-08-29
CUS-000209,Salma Shawky,Emirati,UAE,45-54,Mass Affluent,End-User,Investment / Resale,EGP 100-250k/mo,WhatsApp,Organic / Website,False,1,11444023.37,2025-03-28
CUS-000210,Sara El-Tahawy,Egyptian,Egypt,35-44,Mass Affluent,End-User,Second Home,EGP 100-250k/mo,Phone,Word of Mouth,False,1,9495992.69,2026-03-24
CUS-000211,Hana Farouk,Egyptian,Egypt,35-44,Investor,End-User,Investment / Resale,EGP 50-100k/mo,Email,Paid Digital,False,1,8144603.82,2025-07-05
CUS-000212,Mahmoud Barakat,Egyptian,Egypt,35-44,Investor,End-User,Investment / Resale,EGP 50-100k/mo,In-Person,Broker Referral,False,1,13033534.34,2026-05-02
CUS-000213,Nour Nour,Egyptian,Egypt,65+,First-Time Buyer,End-User,Second Home,EGP 50-100k/mo,In-Person,Broker Referral,False,1,8923296.9,2025-03-30
CUS-000214,Wael Hussein,Saudi,Saudi Arabia,35-44,Mass Affluent,End-User,Primary Residence,Over EGP 250k/mo,Phone,Organic / Website,False,1,10572400.67,2025-10-18
CUS-000215,Ziad El-Masry,Saudi,Egypt,45-54,High Net Worth,End-User,Investment / Resale,Over EGP 250k/mo,In-Person,Broker Referral,False,1,7526347.17,2026-06-25
CUS-000216,Sameh Hegazy,Egyptian,Egypt,35-44,Mass Affluent,End-User,Primary Residence,Over EGP 250k/mo,Phone,Broker Referral,False,1,27493313.54,2025-09-20
CUS-000217,Emad Chevalier,Saudi,Saudi Arabia,35-44,First-Time Buyer,End-User,Second Home,Over EGP 250k/mo,Phone,Paid Digital,False,1,5455813.01,2024-12-03
CUS-000218,Ibrahim Farouk,Kuwaiti,Kuwait,25-34,Investor,End-User,Rental Income,Over EGP 250k/mo,Email,Broker Referral,False,1,10216454.41,2026-05-30
CUS-000219,Adel El-Sayed,British,United Kingdom,25-34,First-Time Buyer,End-User,Primary Residence,EGP 100-250k/mo,Email,Organic / Website,False,1,10530047.82,2026-06-11
CUS-000220,Youssef Sabry,Saudi,Egypt,45-54,Mass Affluent,End-User,Primary Residence,Under EGP 50k/mo,Email,Paid Digital,False,1,10508419.68,2025-01-02
CUS-000221,Ramy Al-Rashid,Egyptian,Egypt,35-44,Investor,End-User,Rental Income,Over EGP 250k/mo,Phone,Broker Referral,False,1,6006662.53,2025-05-12
CUS-000222,Hany Hussein,Egyptian,Egypt,45-54,Investor,End-User,Primary Residence,Over EGP 250k/mo,Phone,Organic / Website,False,1,10746249.21,2025-08-05
CUS-000223,Heba Zaki,Egyptian,Egypt,45-54,First-Time Buyer,End-User,Second Home,Over EGP 250k/mo,Email,Word of Mouth,False,1,10225138.01,2024-08-02
CUS-000224,Mahmoud Naguib,Saudi,Egypt,25-34,First-Time Buyer,End-User,Second Home,Over EGP 250k/mo,WhatsApp,Organic / Website,False,1,7190380.23,2025-10-04
CUS-000225,Amira Nour,Egyptian,Egypt,45-54,First-Time Buyer,End-User,Primary Residence,EGP 100-250k/mo,In-Person,Paid Digital,False,1,6796173.56,2025-12-09
CUS-000226,Amr Barakat,Egyptian,Egypt,65+,First-Time Buyer,End-User,Primary Residence,EGP 100-250k/mo,Email,Paid Digital,False,1,7489044.32,2024-10-23
CUS-000227,Yassin Abdallah,Egyptian,Egypt,25-34,First-Time Buyer,End-User,Investment / Resale,Under EGP 50k/mo,WhatsApp,Word of Mouth,False,1,6716217.91,2025-10-09
CUS-000228,Sameh Kamal,British,United Kingdom,25-34,Investor,End-User,Rental Income,EGP 50-100k/mo,In-Person,Event,False,1,20933060.09,2025-05-17
CUS-000229,Ahmed Rashad,British,United Kingdom,35-44,Mass Affluent,End-User,Second Home,Under EGP 50k/mo,In-Person,Word of Mouth,False,1,9890537.18,2025-11-22
CUS-000230,Hany Barakat,Egyptian,Egypt,45-54,High Net Worth,End-User,Second Home,Under EGP 50k/mo,In-Person,Event,False,1,6425901.99,2024-11-15
CUS-000231,Ziad Salem,Kuwaiti,Kuwait,45-54,High Net Worth,End-User,Investment / Resale,EGP 100-250k/mo,Email,Event,False,1,7249510.98,2026-01-01
CUS-000232,Nour Farouk,Saudi,Egypt,35-44,High Net Worth,End-User,Investment / Resale,EGP 100-250k/mo,In-Person,Organic / Website,False,1,12696534.94,2026-05-17
CUS-000233,Mohamed El-Tahawy,Jordanian,Jordan,25-34,High Net Worth,End-User,Rental Income,Under EGP 50k/mo,WhatsApp,Broker Referral,False,1,9157215.5,2025-11-21
CUS-000234,Khaled Rashad,Kuwaiti,Kuwait,65+,Mass Affluent,End-User,Primary Residence,Over EGP 250k/mo,In-Person,Broker Referral,False,1,9750230.05,2026-05-07
CUS-000235,Sara Hussein,Saudi,Saudi Arabia,55-64,Investor,End-User,Primary Residence,EGP 100-250k/mo,WhatsApp,Broker Referral,False,1,7210465.61,2026-02-25
CUS-000236,Mohamed Fahmy,Emirati,UAE,65+,First-Time Buyer,End-User,Second Home,Over EGP 250k/mo,WhatsApp,Paid Digital,False,1,11871621.54,2025-10-06
CUS-000237,Tarek Shawky,Egyptian,Egypt,45-54,First-Time Buyer,End-User,Primary Residence,EGP 100-250k/mo,Phone,Event,False,1,9100726.69,2024-11-25
CUS-000238,Sara Aziz,Emirati,UAE,35-44,Investor,End-User,Second Home,Over EGP 250k/mo,WhatsApp,Paid Digital,False,1,11322423.8,2026-03-31
CUS-000239,Emad Naguib,British,United Kingdom,25-34,Mass Affluent,End-User,Second Home,Over EGP 250k/mo,Phone,Paid Digital,False,1,17411238.08,2026-03-15
CUS-000240,Rana Novak,Egyptian,Egypt,65+,First-Time Buyer,End-User,Rental Income,Under EGP 50k/mo,In-Person,Word of Mouth,False,1,8211908.68,2025-07-07
CUS-000241,Amr Fathy,Egyptian,Egypt,35-44,First-Time Buyer,End-User,Rental Income,EGP 50-100k/mo,Email,Paid Digital,False,1,25281315.91,2026-04-17
CUS-000242,Jana Mostafa,Jordanian,Egypt,35-44,First-Time Buyer,End-User,Second Home,EGP 100-250k/mo,WhatsApp,Paid Digital,False,1,18665446.99,2025-12-28
CUS-000243,Karim El-Sayed,Egyptian,Egypt,55-64,High Net Worth,End-User,Second Home,Over EGP 250k/mo,Phone,Word of Mouth,False,1,23428801.08,2025-01-10
CUS-000244,Dalia Chevalier,Egyptian,Egypt,35-44,Mass Affluent,End-User,Rental Income,EGP 50-100k/mo,WhatsApp,Organic / Website,False,1,15251775.42,2024-11-29
CUS-000245,Hassan Fahmy,Egyptian,Egypt,35-44,High Net Worth,End-User,Primary Residence,EGP 100-250k/mo,Email,Organic / Website,False,1,9039227.58,2024-10-26
CUS-000246,Farida Al-Fahim,Egyptian,Egypt,55-64,Mass Affluent,End-User,Second Home,EGP 100-250k/mo,WhatsApp,Word of Mouth,False,1,13812882.05,2024-10-21
CUS-000247,Mohamed Mostafa,Egyptian,Egypt,25-34,Mass Affluent,End-User,Investment / Resale,Under EGP 50k/mo,In-Person,Word of Mouth,False,1,5888491.54,2024-11-17
CUS-000248,Dalia Sabry,Other,Egypt,25-34,First-Time Buyer,End-User,Second Home,EGP 100-250k/mo,Phone,Organic / Website,False,1,10957580.4,2024-12-21
CUS-000249,Yassin Salem,Egyptian,Egypt,55-64,Mass Affluent,End-User,Second Home,EGP 50-100k/mo,Email,Organic / Website,False,1,7260043.39,2024-08-06
CUS-000250,Dina Hussein,Jordanian,Egypt,25-34,High Net Worth,End-User,Second Home,Over EGP 250k/mo,In-Person,Organic / Website,False,1,14334270.71,2025-04-20
CUS-000251,Adel El-Masry,Egyptian,Egypt,35-44,High Net Worth,End-User,Primary Residence,Under EGP 50k/mo,Email,Broker Referral,False,1,12637624.44,2025-02-08
CUS-000252,Aya Hussein,Kuwaiti,Kuwait,55-64,First-Time Buyer,End-User,Rental Income,Over EGP 250k/mo,WhatsApp,Word of Mouth,False,1,7516071.67,2024-10-10
CUS-000253,Karim Gomaa,Egyptian,Egypt,35-44,First-Time Buyer,End-User,Rental Income,EGP 50-100k/mo,Email,Broker Referral,False,1,9186358.54,2026-06-30
CUS-000254,Ibrahim Salem,Egyptian,Egypt,35-44,First-Time Buyer,End-User,Investment / Resale,Over EGP 250k/mo,WhatsApp,Paid Digital,False,1,10039205.3,2026-06-30
CUS-000255,Salma El-Masry,Egyptian,Egypt,45-54,High Net Worth,End-User,Primary Residence,EGP 100-250k/mo,In-Person,Organic / Website,False,1,6708131.26,2026-06-30
CUS-000256,Malak Novak,British,United Kingdom,35-44,First-Time Buyer,End-User,Primary Residence,EGP 100-250k/mo,WhatsApp,Broker Referral,False,1,17414713.38,2025-05-26
CUS-000257,Hana Kamal,Egyptian,Egypt,35-44,High Net Worth,Investor,Investment / Resale,Over EGP 250k/mo,WhatsApp,Broker Referral,False,1,8788329.98,2026-06-30
CUS-000258,Ramy Hussein,Egyptian,Egypt,25-34,High Net Worth,End-User,Second Home,Under EGP 50k/mo,WhatsApp,Event,False,1,24895691.46,2026-06-30
CUS-000259,Salma El-Sayed,Other,Other,35-44,Investor,End-User,Investment / Resale,Over EGP 250k/mo,Phone,Broker Referral,False,1,10420935.52,2026-06-30
CUS-000260,Laila Mansour,Saudi,Saudi Arabia,35-44,Investor,End-User,Primary Residence,Under EGP 50k/mo,Email,Broker Referral,False,1,6163365.26,2026-06-30
CUS-000261,Hassan Barakat,Egyptian,Egypt,25-34,High Net Worth,End-User,Investment / Resale,Over EGP 250k/mo,Email,Event,False,1,13421657.66,2026-06-30
CUS-000262,Farida Mostafa,Egyptian,Egypt,25-34,First-Time Buyer,End-User,Primary Residence,Under EGP 50k/mo,In-Person,Broker Referral,False,1,10199158.2,2025-02-20
CUS-000263,Yasmin Sabry,Egyptian,Egypt,65+,High Net Worth,Investor,Rental Income,Under EGP 50k/mo,Phone,Organic / Website,False,1,6857912.63,2026-05-19
CUS-000264,Jana Zaki,Egyptian,Egypt,35-44,First-Time Buyer,End-User,Investment / Resale,EGP 100-250k/mo,Phone,Paid Digital,False,1,4155882.48,2024-11-29
CUS-000265,Aya Sabry,Saudi,Saudi Arabia,55-64,Mass Affluent,End-User,Rental Income,Under EGP 50k/mo,WhatsApp,Paid Digital,False,1,10157353.21,2026-06-12
CUS-000266,Nour Gomaa,Egyptian,Egypt,45-54,Investor,End-User,Primary Residence,EGP 50-100k/mo,Phone,Paid Digital,False,1,5167641.07,2026-06-30
CUS-000267,Mariam El-Tahawy,Egyptian,Egypt,45-54,High Net Worth,End-User,Investment / Resale,EGP 100-250k/mo,Phone,Organic / Website,False,1,4267559.04,2026-06-30
CUS-000268,Dina Farouk,Other,Other,65+,Investor,End-User,Second Home,EGP 100-250k/mo,WhatsApp,Organic / Website,False,1,7263945.35,2025-01-27
CUS-000269,Hany Reda,Egyptian,Egypt,55-64,Mass Affluent,Investor,Primary Residence,Over EGP 250k/mo,Email,Event,False,1,9179287.87,2026-06-30
CUS-000270,Ramy Aziz,Egyptian,Egypt,25-34,First-Time Buyer,End-User,Rental Income,Under EGP 50k/mo,In-Person,Organic / Website,False,1,7502250.29,2026-06-30
CUS-000271,Yassin Zaki,Egyptian,Egypt,25-34,Mass Affluent,End-User,Primary Residence,EGP 100-250k/mo,In-Person,Paid Digital,False,1,7839885.33,2026-06-22
CUS-000272,Ibrahim Kamal,Saudi,Egypt,55-64,First-Time Buyer,End-User,Primary Residence,EGP 50-100k/mo,In-Person,Event,False,1,6811020.52,2026-06-30
CUS-000273,Nourhan Mostafa,Egyptian,Egypt,35-44,High Net Worth,Investor,Rental Income,Under EGP 50k/mo,Phone,Paid Digital,False,1,9288716.74,2026-05-08
CUS-000274,Amira Fathy,British,United Kingdom,35-44,First-Time Buyer,End-User,Investment / Resale,Under EGP 50k/mo,In-Person,Word of Mouth,False,1,5073076.06,2026-01-08
CUS-000275,Malak Shawky,Egyptian,Egypt,35-44,Mass Affluent,Investor,Investment / Resale,EGP 50-100k/mo,Email,Word of Mouth,False,1,18881153.19,2026-06-10
CUS-000276,Nour Al-Rashid,Jordanian,Egypt,35-44,First-Time Buyer,End-User,Rental Income,Under EGP 50k/mo,WhatsApp,Broker Referral,False,1,6365525.41,2026-06-30
CUS-000277,Sara Metwally,Egyptian,Egypt,25-34,First-Time Buyer,End-User,Investment / Resale,Under EGP 50k/mo,Email,Word of Mouth,False,1,10279805.89,2024-09-28
CUS-000278,Adel Al-Fahim,Egyptian,Egypt,65+,Investor,End-User,Investment / Resale,Under EGP 50k/mo,Email,Organic / Website,False,1,26186094.33,2026-06-30
CUS-000279,Hany Anwar,Saudi,Saudi Arabia,55-64,Mass Affluent,End-User,Investment / Resale,EGP 100-250k/mo,WhatsApp,Paid Digital,False,1,7653616.07,2026-06-30
CUS-000280,Sherif Metwally,Emirati,UAE,25-34,Mass Affluent,End-User,Rental Income,EGP 50-100k/mo,In-Person,Organic / Website,False,1,7095660.0,2026-06-01
CUS-000281,Khaled Novak,Egyptian,Egypt,35-44,First-Time Buyer,End-User,Rental Income,Over EGP 250k/mo,Phone,Word of Mouth,False,1,6777699.57,2025-09-29
CUS-000282,Amira Aziz,Egyptian,Egypt,65+,Mass Affluent,End-User,Primary Residence,Over EGP 250k/mo,WhatsApp,Organic / Website,False,1,3400312.04,2026-06-30
CUS-000283,Dina Kamal,Egyptian,Egypt,65+,Investor,End-User,Rental Income,EGP 100-250k/mo,Email,Word of Mouth,False,1,9148887.51,2026-06-30
CUS-000284,Salma Sabry,Egyptian,Egypt,35-44,First-Time Buyer,End-User,Rental Income,EGP 100-250k/mo,WhatsApp,Paid Digital,False,1,3324691.81,2025-09-22
CUS-000285,Yasmin Aziz,Egyptian,Egypt,25-34,Mass Affluent,End-User,Second Home,EGP 50-100k/mo,Phone,Paid Digital,False,1,10075390.66,2026-05-13
CUS-000286,Reem El-Tahawy,Egyptian,Egypt,45-54,High Net Worth,End-User,Investment / Resale,Under EGP 50k/mo,Email,Word of Mouth,False,1,10925293.72,2026-06-30
CUS-000287,Sara Farouk,Egyptian,Egypt,35-44,Mass Affluent,End-User,Rental Income,Over EGP 250k/mo,WhatsApp,Organic / Website,False,1,7583181.9,2025-07-06
CUS-000288,Aya Aziz,Egyptian,Egypt,45-54,Investor,End-User,Investment / Resale,EGP 100-250k/mo,Email,Organic / Website,False,1,7905696.25,2026-06-30
CUS-000289,Rana Anwar,Egyptian,Egypt,55-64,Investor,Investor,Primary Residence,Under EGP 50k/mo,WhatsApp,Organic / Website,False,1,5335386.9,2026-06-16
CUS-000290,Rana Rashad,Egyptian,Egypt,25-34,Mass Affluent,End-User,Rental Income,EGP 100-250k/mo,Email,Paid Digital,False,1,7357182.89,2025-05-22
CUS-000291,Nourhan El-Tahawy,Egyptian,Egypt,25-34,High Net Worth,End-User,Primary Residence,Under EGP 50k/mo,WhatsApp,Paid Digital,False,1,13685877.45,2026-06-30
CUS-000292,Malak Naguib,Saudi,Egypt,65+,First-Time Buyer,End-User,Investment / Resale,EGP 50-100k/mo,Email,Broker Referral,False,1,6107654.79,2026-06-30
CUS-000293,Ahmed Salem,Egyptian,Egypt,35-44,High Net Worth,End-User,Primary Residence,Over EGP 250k/mo,In-Person,Paid Digital,False,1,11126962.3,2026-06-30
CUS-000294,Sherif Kamal,Egyptian,Egypt,65+,Mass Affluent,Investor,Investment / Resale,Over EGP 250k/mo,WhatsApp,Event,False,1,16632820.59,2026-06-14
CUS-000295,Ibrahim Gomaa,Egyptian,Egypt,45-54,Mass Affluent,End-User,Primary Residence,EGP 50-100k/mo,WhatsApp,Organic / Website,False,1,6089022.93,2026-05-14
CUS-000296,Karim Farouk,Emirati,UAE,35-44,Investor,End-User,Investment / Resale,EGP 100-250k/mo,WhatsApp,Event,False,1,5422672.64,2026-02-01
CUS-000297,Salma Mansour,Emirati,UAE,25-34,High Net Worth,End-User,Rental Income,Over EGP 250k/mo,In-Person,Paid Digital,False,1,12644172.68,2026-06-30
CUS-000298,Mariam Shawky,Egyptian,Egypt,55-64,Mass Affluent,End-User,Investment / Resale,Under EGP 50k/mo,WhatsApp,Broker Referral,False,1,7984284.66,2026-06-30
CUS-000299,Mariam Hussein,Egyptian,Egypt,25-34,High Net Worth,End-User,Second Home,Over EGP 250k/mo,Phone,Word of Mouth,False,1,14929537.02,2026-06-30
CUS-000300,Mariam El-Tahawy,Egyptian,Egypt,55-64,Mass Affluent,End-User,Investment / Resale,Over EGP 250k/mo,Phone,Word of Mouth,False,1,16190642.12,2026-06-30
CUS-000301,Ziad Kamal,Egyptian,Egypt,25-34,Mass Affluent,End-User,Investment / Resale,EGP 50-100k/mo,Phone,Event,False,1,21184562.2,2026-06-30
CUS-000302,Amira Rashad,Saudi,Egypt,45-54,Mass Affluent,Investor,Rental Income,Over EGP 250k/mo,Email,Event,False,1,11340175.0,2026-06-30
CUS-000303,Rana Nour,Kuwaiti,Kuwait,55-64,First-Time Buyer,End-User,Rental Income,Over EGP 250k/mo,Email,Word of Mouth,False,1,5353810.58,2024-10-10
CUS-000304,Mona Zaki,Egyptian,Egypt,35-44,Investor,End-User,Investment / Resale,Over EGP 250k/mo,Email,Word of Mouth,False,1,9172722.54,2026-06-30
CUS-000305,Mona Kamal,Egyptian,Egypt,25-34,Mass Affluent,End-User,Investment / Resale,EGP 100-250k/mo,In-Person,Paid Digital,False,1,10496276.33,2026-05-16
CUS-000306,Amira Mostafa,Egyptian,Egypt,45-54,First-Time Buyer,End-User,Rental Income,EGP 50-100k/mo,In-Person,Word of Mouth,False,1,11491627.18,2025-08-18
CUS-000307,Nour Abdallah,Emirati,UAE,55-64,Mass Affluent,End-User,Primary Residence,Under EGP 50k/mo,In-Person,Organic / Website,False,1,5574750.86,2026-06-30
CUS-000308,Mariam Barakat,Egyptian,Egypt,65+,Investor,End-User,Primary Residence,EGP 100-250k/mo,Email,Paid Digital,False,1,7872463.18,2026-06-11
CUS-000309,Heba El-Masry,Emirati,UAE,25-34,Investor,End-User,Second Home,Over EGP 250k/mo,WhatsApp,Word of Mouth,False,1,6981087.97,2026-06-30
CUS-000310,Mona Hegazy,Saudi,Egypt,45-54,Mass Affluent,End-User,Rental Income,EGP 100-250k/mo,Phone,Broker Referral,False,1,10082474.73,2024-09-07
CUS-000311,Jana Fathy,Egyptian,Egypt,45-54,Investor,End-User,Second Home,EGP 100-250k/mo,Phone,Word of Mouth,False,1,5646278.79,2026-06-30
CUS-000312,Nada Shawky,Egyptian,Egypt,35-44,Investor,End-User,Investment / Resale,EGP 100-250k/mo,Phone,Paid Digital,False,1,6333142.06,2025-04-15
CUS-000313,Emad Al-Rashid,Egyptian,Egypt,55-64,First-Time Buyer,End-User,Investment / Resale,EGP 50-100k/mo,In-Person,Broker Referral,False,1,11267211.28,2026-06-30
CUS-000314,Farida Naguib,British,United Kingdom,55-64,Investor,Investor,Rental Income,Under EGP 50k/mo,In-Person,Paid Digital,False,1,7278652.76,2026-06-30
CUS-000315,Heba Mansour,Egyptian,Egypt,65+,First-Time Buyer,End-User,Investment / Resale,EGP 50-100k/mo,Phone,Word of Mouth,False,1,11219777.26,2026-03-14
CUS-000316,Nour Aziz,Egyptian,Egypt,35-44,Mass Affluent,End-User,Primary Residence,Under EGP 50k/mo,WhatsApp,Paid Digital,False,1,8472868.47,2026-06-22
CUS-000317,Ibrahim Mostafa,Egyptian,Egypt,25-34,Mass Affluent,End-User,Primary Residence,EGP 50-100k/mo,Phone,Organic / Website,False,1,9509936.01,2026-06-30
CUS-000318,Tarek Aziz,Egyptian,Egypt,45-54,First-Time Buyer,End-User,Primary Residence,Under EGP 50k/mo,WhatsApp,Broker Referral,False,1,6293538.58,2025-11-23
CUS-000319,Ramy Zaki,Egyptian,Egypt,25-34,Mass Affluent,End-User,Primary Residence,Under EGP 50k/mo,Phone,Event,False,1,6390842.85,2025-10-23
CUS-000320,Sameh El-Masry,Egyptian,Egypt,55-64,Mass Affluent,Investor,Second Home,Under EGP 50k/mo,Email,Organic / Website,False,1,5754238.74,2026-06-30
CUS-000321,Yasmin Zaki,Jordanian,Egypt,45-54,Investor,End-User,Second Home,EGP 50-100k/mo,WhatsApp,Word of Mouth,False,1,16144058.57,2024-09-01
CUS-000322,Rami El-Masry,Egyptian,Egypt,65+,Mass Affluent,End-User,Investment / Resale,EGP 100-250k/mo,Email,Organic / Website,False,1,7425646.64,2026-06-30
CUS-000323,Salma Fathy,Egyptian,Egypt,35-44,Mass Affluent,End-User,Second Home,EGP 100-250k/mo,WhatsApp,Paid Digital,False,1,12308331.27,2026-06-23
CUS-000324,Dalia Sabry,Emirati,UAE,45-54,Investor,End-User,Investment / Resale,Under EGP 50k/mo,In-Person,Event,False,1,4387429.44,2026-06-30
CUS-000325,Amr Fahmy,Egyptian,Egypt,25-34,Investor,End-User,Primary Residence,EGP 50-100k/mo,Phone,Organic / Website,False,1,5688996.25,2025-10-11
CUS-000326,Jana Hegazy,Egyptian,Egypt,45-54,Investor,End-User,Second Home,EGP 50-100k/mo,WhatsApp,Word of Mouth,False,1,11134260.17,2026-06-30
CUS-000327,Aya El-Sayed,Kuwaiti,Kuwait,45-54,High Net Worth,End-User,Rental Income,Under EGP 50k/mo,In-Person,Paid Digital,False,1,16184414.05,2026-05-13
CUS-000328,Jana Al-Fahim,Egyptian,Egypt,45-54,High Net Worth,End-User,Rental Income,Under EGP 50k/mo,Email,Broker Referral,False,1,14823717.72,2026-06-30
CUS-000329,Yassin Nour,Kuwaiti,Kuwait,45-54,First-Time Buyer,End-User,Second Home,Under EGP 50k/mo,Phone,Word of Mouth,False,1,10730518.5,2026-06-30
CUS-000330,Khaled Gomaa,British,United Kingdom,25-34,First-Time Buyer,Investor,Primary Residence,EGP 100-250k/mo,Phone,Broker Referral,False,1,9380209.13,2026-06-28
CUS-000331,Nour Fahmy,Egyptian,Egypt,35-44,First-Time Buyer,End-User,Rental Income,EGP 50-100k/mo,Email,Paid Digital,False,1,7730591.5,2026-01-27
CUS-000332,Nour El-Tahawy,Saudi,Saudi Arabia,25-34,High Net Worth,End-User,Rental Income,Under EGP 50k/mo,Email,Event,False,1,10028460.24,2026-05-21
CUS-000333,Reem Salem,British,United Kingdom,65+,Mass Affluent,Investor,Primary Residence,Under EGP 50k/mo,In-Person,Paid Digital,False,1,7937475.6,2026-06-30
CUS-000334,Mohamed Farouk,Egyptian,Egypt,35-44,Mass Affluent,Investor,Rental Income,EGP 100-250k/mo,In-Person,Organic / Website,False,1,10615215.59,2026-06-30
CUS-000335,Omar Anwar,Egyptian,Egypt,25-34,High Net Worth,End-User,Investment / Resale,EGP 50-100k/mo,Email,Paid Digital,False,1,24463701.97,2026-06-30
CUS-000336,Dalia Novak,Emirati,UAE,25-34,Investor,End-User,Primary Residence,EGP 50-100k/mo,In-Person,Paid Digital,False,1,12036646.85,2026-02-20
CUS-000337,Mahmoud Fahmy,Saudi,Saudi Arabia,25-34,Mass Affluent,End-User,Second Home,Under EGP 50k/mo,In-Person,Word of Mouth,False,1,4318854.28,2026-06-30
CUS-000338,Adel Rashad,Jordanian,Jordan,35-44,High Net Worth,End-User,Investment / Resale,Over EGP 250k/mo,In-Person,Paid Digital,False,1,10984313.27,2026-06-27
CUS-000339,Ashraf Aziz,Egyptian,Egypt,55-64,High Net Worth,End-User,Primary Residence,EGP 50-100k/mo,WhatsApp,Paid Digital,False,1,4128451.19,2026-06-30
CUS-000340,Youssef Youssef,Egyptian,Egypt,45-54,Mass Affluent,End-User,Second Home,Over EGP 250k/mo,Phone,Paid Digital,False,1,8532836.44,2025-12-13
CUS-000341,Wael Hegazy,Egyptian,Egypt,35-44,Investor,End-User,Investment / Resale,EGP 50-100k/mo,Email,Event,False,1,5433204.8,2026-02-09
CUS-000342,Ashraf Reda,Egyptian,Egypt,55-64,Investor,Investor,Investment / Resale,Over EGP 250k/mo,Phone,Word of Mouth,False,1,6517829.2,2026-05-08
CUS-000343,Mostafa Shawky,Egyptian,Egypt,25-34,Investor,End-User,Second Home,Under EGP 50k/mo,In-Person,Broker Referral,False,1,17293619.73,2026-05-18
CUS-000344,Ibrahim Fahmy,Egyptian,Egypt,35-44,High Net Worth,End-User,Investment / Resale,Under EGP 50k/mo,Phone,Event,False,1,17297446.0,2026-06-30
CUS-000345,Ramy Nour,Egyptian,Egypt,25-34,First-Time Buyer,Investor,Second Home,Under EGP 50k/mo,In-Person,Event,False,1,18196023.27,2026-05-15
CUS-000346,Mahmoud Novak,British,United Kingdom,55-64,Mass Affluent,End-User,Second Home,Under EGP 50k/mo,WhatsApp,Word of Mouth,False,1,7451755.16,2026-06-30
CUS-000347,Nada Naguib,Egyptian,Egypt,25-34,High Net Worth,End-User,Primary Residence,EGP 100-250k/mo,WhatsApp,Word of Mouth,False,1,7538596.05,2025-12-22
CUS-000348,Mahmoud Anwar,Kuwaiti,Kuwait,45-54,High Net Worth,End-User,Rental Income,EGP 50-100k/mo,In-Person,Broker Referral,False,1,8957078.46,2026-05-26
CUS-000349,Aya Hegazy,Egyptian,Egypt,35-44,High Net Worth,Investor,Rental Income,EGP 50-100k/mo,Phone,Word of Mouth,False,1,8046026.43,2026-06-30
CUS-000350,Dalia Zaki,Egyptian,Egypt,45-54,Investor,End-User,Investment / Resale,Over EGP 250k/mo,Email,Organic / Website,False,1,9768372.99,2026-06-30
CUS-000351,Hany Hegazy,Kuwaiti,Kuwait,45-54,First-Time Buyer,End-User,Second Home,EGP 50-100k/mo,Email,Event,False,1,10592879.86,2026-06-30
CUS-000352,Emad Fahmy,Egyptian,Egypt,35-44,Investor,End-User,Primary Residence,EGP 50-100k/mo,Phone,Event,False,1,4743005.03,2026-01-25
CUS-000353,Hany Farouk,Egyptian,Egypt,45-54,High Net Worth,End-User,Second Home,EGP 100-250k/mo,Email,Organic / Website,False,1,7663733.15,2026-06-30
CUS-000354,Mariam Anwar,Egyptian,Egypt,45-54,First-Time Buyer,End-User,Investment / Resale,EGP 50-100k/mo,Email,Organic / Website,False,1,10024009.68,2026-06-08
CUS-000355,Nada Aziz,Egyptian,Egypt,25-34,First-Time Buyer,End-User,Primary Residence,EGP 50-100k/mo,In-Person,Paid Digital,False,1,4679507.15,2026-06-30
CUS-000356,Nour Kamal,Emirati,UAE,55-64,High Net Worth,End-User,Investment / Resale,Under EGP 50k/mo,Phone,Organic / Website,False,1,4113980.93,2025-09-10
CUS-000357,Nourhan Hegazy,Egyptian,Egypt,25-34,Investor,End-User,Primary Residence,EGP 100-250k/mo,Phone,Organic / Website,False,1,4681503.74,2026-06-30
CUS-000358,Dina Metwally,Saudi,Saudi Arabia,25-34,First-Time Buyer,End-User,Second Home,EGP 50-100k/mo,Phone,Word of Mouth,False,1,6726451.68,2026-05-05
CUS-000359,Ashraf Fahmy,Emirati,UAE,25-34,High Net Worth,End-User,Second Home,Over EGP 250k/mo,In-Person,Organic / Website,False,1,4271346.46,2026-06-30
CUS-000360,Mona El-Masry,Kuwaiti,Kuwait,35-44,High Net Worth,End-User,Second Home,EGP 50-100k/mo,In-Person,Broker Referral,False,1,7706738.58,2026-06-30
CUS-000361,Rana Novak,Emirati,UAE,35-44,First-Time Buyer,End-User,Rental Income,Under EGP 50k/mo,Email,Organic / Website,False,1,7489449.42,2026-06-30
CUS-000362,Fady Sabry,Egyptian,Egypt,45-54,First-Time Buyer,End-User,Second Home,Over EGP 250k/mo,In-Person,Word of Mouth,False,1,8913115.29,2026-05-24
CUS-000363,Dalia Chevalier,Saudi,Egypt,35-44,First-Time Buyer,Investor,Rental Income,Under EGP 50k/mo,Phone,Broker Referral,False,1,12616561.15,2026-05-25
CUS-000364,Reem Fahmy,Other,Egypt,25-34,High Net Worth,End-User,Rental Income,Over EGP 250k/mo,Email,Broker Referral,False,1,7894564.8,2026-06-26
CUS-000365,Farida Kamal,Egyptian,Egypt,45-54,First-Time Buyer,End-User,Rental Income,Under EGP 50k/mo,WhatsApp,Broker Referral,False,1,4031242.02,2024-08-26
CUS-000366,Nourhan Aziz,Egyptian,Egypt,45-54,First-Time Buyer,End-User,Investment / Resale,EGP 50-100k/mo,WhatsApp,Event,False,1,7611273.87,2024-09-23
CUS-000367,Amira Fathy,Egyptian,Egypt,25-34,Investor,End-User,Investment / Resale,Over EGP 250k/mo,WhatsApp,Event,False,1,7793369.47,2025-03-09
CUS-000368,Amr Anwar,Saudi,Saudi Arabia,55-64,First-Time Buyer,End-User,Investment / Resale,EGP 100-250k/mo,WhatsApp,Broker Referral,False,1,7625047.96,2025-05-11
CUS-000369,Mariam Al-Fahim,Egyptian,Egypt,45-54,First-Time Buyer,End-User,Rental Income,Under EGP 50k/mo,Email,Organic / Website,False,1,16698131.07,2025-12-13
CUS-000370,Hany Youssef,Egyptian,Egypt,65+,First-Time Buyer,End-User,Second Home,EGP 100-250k/mo,In-Person,Event,False,1,26247976.68,2025-07-14
CUS-000371,Salma Kamal,Egyptian,Egypt,55-64,Mass Affluent,End-User,Primary Residence,EGP 50-100k/mo,In-Person,Word of Mouth,False,1,6669650.59,2025-03-18
CUS-000372,Yasmin Zaki,Egyptian,Egypt,45-54,Mass Affluent,End-User,Second Home,EGP 50-100k/mo,Phone,Word of Mouth,False,1,10735106.99,2025-04-05
CUS-000373,Mostafa Novak,Egyptian,Egypt,35-44,High Net Worth,End-User,Second Home,EGP 100-250k/mo,WhatsApp,Word of Mouth,False,1,5284122.24,2024-08-04
CUS-000374,Salma Novak,Egyptian,Egypt,45-54,Mass Affluent,End-User,Rental Income,EGP 100-250k/mo,Phone,Event,False,1,8022577.96,2025-03-31
CUS-000375,Jana Nour,Jordanian,Egypt,65+,High Net Worth,End-User,Rental Income,EGP 50-100k/mo,In-Person,Organic / Website,False,1,22920714.74,2025-05-04
CUS-000376,Rami Mansour,Egyptian,Egypt,45-54,First-Time Buyer,End-User,Second Home,Under EGP 50k/mo,In-Person,Paid Digital,False,1,7017789.41,2024-07-28
CUS-000377,Amira Rashad,Egyptian,Egypt,45-54,First-Time Buyer,End-User,Investment / Resale,EGP 50-100k/mo,In-Person,Paid Digital,False,1,8084248.09,2025-12-13
CUS-000378,Rana Sabry,Egyptian,Egypt,35-44,Investor,End-User,Investment / Resale,Under EGP 50k/mo,In-Person,Broker Referral,False,1,8244339.11,2025-08-12
CUS-000379,Khaled Gomaa,Saudi,Saudi Arabia,55-64,First-Time Buyer,End-User,Investment / Resale,EGP 50-100k/mo,WhatsApp,Word of Mouth,False,1,3911615.23,2024-08-10
CUS-000380,Mostafa Sabry,British,United Kingdom,55-64,Mass Affluent,End-User,Second Home,EGP 100-250k/mo,Email,Broker Referral,False,1,6958171.03,2026-03-13
CUS-000381,Yasmin El-Sayed,Egyptian,Egypt,25-34,First-Time Buyer,End-User,Primary Residence,Over EGP 250k/mo,WhatsApp,Paid Digital,False,1,18830220.42,2025-12-24
CUS-000382,Dalia Metwally,Egyptian,Egypt,35-44,First-Time Buyer,End-User,Second Home,EGP 100-250k/mo,In-Person,Word of Mouth,False,1,4737492.72,2025-10-13
CUS-000383,Ahmed Aziz,Egyptian,Egypt,25-34,Investor,End-User,Investment / Resale,EGP 100-250k/mo,Phone,Organic / Website,False,1,4249200.95,2025-11-29
CUS-000384,Mariam Gomaa,Egyptian,Egypt,35-44,First-Time Buyer,End-User,Rental Income,EGP 50-100k/mo,In-Person,Broker Referral,False,1,10652432.69,2026-04-05
CUS-000385,Sara Rashad,Egyptian,Egypt,25-34,First-Time Buyer,End-User,Rental Income,EGP 100-250k/mo,Email,Paid Digital,False,1,6132950.06,2026-05-22
CUS-000386,Mohamed Hegazy,Egyptian,Egypt,45-54,High Net Worth,End-User,Investment / Resale,EGP 50-100k/mo,WhatsApp,Paid Digital,False,1,11162108.38,2026-06-16
CUS-000387,Farida Mostafa,Egyptian,Egypt,45-54,High Net Worth,End-User,Rental Income,Over EGP 250k/mo,Phone,Broker Referral,False,1,23979162.42,2025-12-15
CUS-000388,Jana Al-Rashid,Egyptian,Egypt,25-34,First-Time Buyer,End-User,Primary Residence,EGP 100-250k/mo,WhatsApp,Word of Mouth,False,1,12884219.97,2025-12-22
CUS-000389,Ashraf Chevalier,Egyptian,Egypt,35-44,Mass Affluent,End-User,Rental Income,EGP 50-100k/mo,Phone,Word of Mouth,False,1,4329218.03,2025-12-31
CUS-000390,Rami Al-Fahim,Emirati,UAE,25-34,Mass Affluent,End-User,Rental Income,Under EGP 50k/mo,In-Person,Paid Digital,False,1,7421769.72,2025-11-08
CUS-000391,Sherif Mansour,Other,Egypt,35-44,Mass Affluent,End-User,Investment / Resale,EGP 100-250k/mo,Email,Broker Referral,False,1,15788305.87,2025-02-20
CUS-000392,Amr Novak,Egyptian,Egypt,35-44,Investor,End-User,Investment / Resale,Over EGP 250k/mo,Email,Word of Mouth,False,1,4965180.9,2025-09-03
CUS-000393,Nour Mostafa,Saudi,Saudi Arabia,35-44,Mass Affluent,End-User,Second Home,Under EGP 50k/mo,In-Person,Broker Referral,False,1,23256779.9,2025-11-25
CUS-000394,Nourhan Farouk,Egyptian,Egypt,55-64,High Net Worth,End-User,Investment / Resale,EGP 100-250k/mo,In-Person,Paid Digital,False,1,9819354.97,2025-07-07
CUS-000395,Yasmin Mansour,Egyptian,Egypt,35-44,Investor,End-User,Investment / Resale,EGP 100-250k/mo,Email,Event,False,1,16153969.93,2025-07-14
CUS-000396,Ashraf Reda,Egyptian,Egypt,35-44,First-Time Buyer,End-User,Primary Residence,Over EGP 250k/mo,Phone,Event,False,1,10021101.01,2025-02-16
CUS-000397,Ahmed Nour,Egyptian,Egypt,25-34,High Net Worth,End-User,Rental Income,EGP 50-100k/mo,In-Person,Broker Referral,False,1,6219070.79,2026-02-13
CUS-000398,Ramy Zaki,Egyptian,Egypt,45-54,High Net Worth,End-User,Investment / Resale,Under EGP 50k/mo,WhatsApp,Broker Referral,False,1,6596235.19,2024-08-27
CUS-000399,Rami Al-Rashid,Egyptian,Egypt,35-44,High Net Worth,End-User,Rental Income,Over EGP 250k/mo,Phone,Organic / Website,False,1,9843837.76,2026-02-06
CUS-000400,Nourhan Kamal,British,United Kingdom,35-44,First-Time Buyer,End-User,Second Home,Over EGP 250k/mo,Email,Organic / Website,False,1,11309157.94,2026-05-30
CUS-000401,Nada Naguib,Egyptian,Egypt,65+,Mass Affluent,End-User,Primary Residence,EGP 100-250k/mo,WhatsApp,Organic / Website,False,1,4673967.35,2025-06-17
CUS-000402,Aya El-Sayed,Egyptian,Egypt,45-54,Mass Affluent,End-User,Rental Income,Under EGP 50k/mo,In-Person,Event,False,1,8919467.97,2024-08-08
CUS-000403,Hassan Fathy,Egyptian,Egypt,35-44,Investor,End-User,Rental Income,EGP 50-100k/mo,WhatsApp,Word of Mouth,False,1,5807908.69,2026-03-24
CUS-000404,Sherif Gomaa,Egyptian,Egypt,35-44,Mass Affluent,End-User,Second Home,EGP 50-100k/mo,WhatsApp,Organic / Website,False,1,6330623.04,2026-02-02
CUS-000405,Amira Shawky,Emirati,UAE,35-44,High Net Worth,End-User,Primary Residence,EGP 50-100k/mo,Phone,Word of Mouth,False,1,21283189.23,2025-06-25
CUS-000406,Nour Salem,Kuwaiti,Kuwait,45-54,Mass Affluent,End-User,Primary Residence,EGP 50-100k/mo,Email,Organic / Website,False,1,9754017.47,2026-01-31
CUS-000407,Rami Fahmy,Egyptian,Egypt,35-44,High Net Worth,End-User,Primary Residence,EGP 100-250k/mo,WhatsApp,Organic / Website,False,1,8358432.77,2025-11-23
CUS-000408,Malak Hussein,Egyptian,Egypt,25-34,High Net Worth,End-User,Rental Income,EGP 50-100k/mo,Email,Organic / Website,False,1,10551688.54,2024-11-15
CUS-000409,Hana Aziz,Egyptian,Egypt,35-44,Mass Affluent,End-User,Investment / Resale,EGP 50-100k/mo,WhatsApp,Organic / Website,False,1,14778439.91,2026-03-16
CUS-000410,Tarek Novak,Egyptian,Egypt,65+,Investor,End-User,Second Home,Over EGP 250k/mo,Email,Broker Referral,False,1,4396765.69,2025-02-22
CUS-000411,Amr Al-Fahim,Jordanian,Jordan,35-44,High Net Worth,End-User,Second Home,Over EGP 250k/mo,WhatsApp,Paid Digital,False,1,6421636.32,2025-10-06
CUS-000412,Ahmed Sabry,Egyptian,Egypt,25-34,Mass Affluent,End-User,Primary Residence,Under EGP 50k/mo,Email,Word of Mouth,False,1,7932980.63,2025-05-28
CUS-000413,Malak El-Tahawy,Egyptian,Egypt,45-54,High Net Worth,End-User,Investment / Resale,EGP 50-100k/mo,In-Person,Organic / Website,False,1,8760731.05,2024-11-21
CUS-000414,Ahmed Shawky,Jordanian,Jordan,25-34,High Net Worth,End-User,Second Home,Under EGP 50k/mo,In-Person,Organic / Website,False,1,7700362.59,2024-11-11
CUS-000415,Fady Aziz,Egyptian,Egypt,55-64,Mass Affluent,End-User,Primary Residence,EGP 50-100k/mo,Email,Broker Referral,False,1,6319408.09,2025-06-09
CUS-000416,Nour Hussein,Egyptian,Egypt,25-34,Investor,End-User,Investment / Resale,EGP 100-250k/mo,WhatsApp,Organic / Website,False,1,4353748.72,2024-11-15
CUS-000417,Nour El-Sayed,Egyptian,Egypt,65+,First-Time Buyer,End-User,Second Home,EGP 50-100k/mo,In-Person,Organic / Website,False,1,21372889.38,2026-01-02
CUS-000418,Dalia Salem,Egyptian,Egypt,35-44,High Net Worth,End-User,Investment / Resale,Under EGP 50k/mo,Phone,Event,False,1,16189300.32,2025-07-31
CUS-000419,Fady Rashad,Egyptian,Egypt,45-54,High Net Worth,End-User,Second Home,Under EGP 50k/mo,WhatsApp,Event,False,1,15004647.2,2026-02-26
CUS-000420,Aya Hussein,Emirati,UAE,35-44,Investor,End-User,Investment / Resale,EGP 50-100k/mo,In-Person,Organic / Website,False,1,22220427.6,2024-11-11
CUS-000421,Nour Sabry,Egyptian,Egypt,45-54,High Net Worth,End-User,Rental Income,EGP 50-100k/mo,Email,Word of Mouth,False,1,5760874.89,2025-09-28
CUS-000422,Dalia Youssef,Egyptian,Egypt,35-44,Mass Affluent,End-User,Second Home,EGP 50-100k/mo,WhatsApp,Broker Referral,False,1,6800391.14,2025-06-28
CUS-000423,Sameh Anwar,Egyptian,Egypt,65+,Mass Affluent,End-User,Rental Income,Under EGP 50k/mo,Email,Paid Digital,False,1,6477917.6,2025-10-29
CUS-000424,Wael Shawky,Egyptian,Egypt,55-64,Mass Affluent,End-User,Rental Income,EGP 50-100k/mo,WhatsApp,Word of Mouth,False,1,6407181.0,2024-09-06
CUS-000425,Adel Abdallah,British,United Kingdom,65+,High Net Worth,End-User,Primary Residence,Under EGP 50k/mo,Phone,Event,False,1,7794891.73,2025-03-13
CUS-000426,Reem Sabry,Egyptian,Egypt,55-64,First-Time Buyer,End-User,Investment / Resale,EGP 100-250k/mo,Phone,Event,False,1,4185023.67,2026-01-19
CUS-000427,Reem Nour,Egyptian,Egypt,65+,First-Time Buyer,End-User,Primary Residence,EGP 100-250k/mo,Phone,Paid Digital,False,1,8868607.49,2025-09-24
CUS-000428,Jana Reda,Egyptian,Egypt,35-44,High Net Worth,End-User,Rental Income,Over EGP 250k/mo,In-Person,Broker Referral,False,1,7602652.34,2025-08-15
CUS-000429,Dina Gomaa,Egyptian,Egypt,35-44,First-Time Buyer,End-User,Investment / Resale,EGP 100-250k/mo,In-Person,Broker Referral,False,1,10942451.66,2024-10-21
CUS-000430,Nour Abdallah,Egyptian,Egypt,65+,High Net Worth,End-User,Rental Income,Over EGP 250k/mo,In-Person,Event,False,1,8994694.3,2025-11-29
CUS-000431,Nada Nour,Egyptian,Egypt,65+,High Net Worth,End-User,Rental Income,EGP 100-250k/mo,In-Person,Word of Mouth,False,1,8858633.15,2026-05-13
CUS-000432,Ramy Shawky,Egyptian,Egypt,25-34,First-Time Buyer,End-User,Investment / Resale,EGP 100-250k/mo,In-Person,Event,False,1,7682806.37,2024-08-12
CUS-000433,Omar El-Tahawy,Egyptian,Egypt,35-44,High Net Worth,End-User,Investment / Resale,EGP 50-100k/mo,WhatsApp,Word of Mouth,False,1,6643681.9,2025-08-23
CUS-000434,Ramy El-Masry,Egyptian,Egypt,35-44,Investor,End-User,Investment / Resale,EGP 50-100k/mo,Phone,Event,False,1,8708975.6,2025-01-04
CUS-000435,Rana El-Tahawy,Egyptian,Egypt,45-54,Investor,End-User,Primary Residence,EGP 100-250k/mo,Email,Paid Digital,False,1,11373750.55,2025-03-06
CUS-000436,Ziad Youssef,Egyptian,Egypt,65+,Investor,End-User,Second Home,Under EGP 50k/mo,Email,Word of Mouth,False,1,7219493.87,2024-11-24
CUS-000437,Jana Salem,Other,Egypt,65+,Mass Affluent,End-User,Rental Income,EGP 50-100k/mo,Email,Organic / Website,False,1,3311349.84,2026-05-18
CUS-000438,Ziad Barakat,Egyptian,Egypt,45-54,Investor,End-User,Investment / Resale,EGP 100-250k/mo,In-Person,Word of Mouth,False,1,7491395.97,2025-10-24
CUS-000439,Nourhan Mostafa,Saudi,Saudi Arabia,65+,Mass Affluent,End-User,Primary Residence,EGP 50-100k/mo,Phone,Paid Digital,False,1,12520349.73,2024-10-15
CUS-000440,Rami Al-Rashid,Egyptian,Egypt,35-44,First-Time Buyer,End-User,Investment / Resale,Under EGP 50k/mo,In-Person,Broker Referral,False,1,13430907.51,2025-07-04
CUS-000441,Amr Reda,Egyptian,Egypt,45-54,High Net Worth,End-User,Primary Residence,EGP 50-100k/mo,WhatsApp,Word of Mouth,False,1,9217236.01,2024-10-08
CUS-000442,Salma Fathy,Egyptian,Egypt,35-44,Investor,End-User,Second Home,Over EGP 250k/mo,Phone,Event,False,1,4190601.25,2025-06-14
CUS-000443,Rana Aziz,Egyptian,Egypt,45-54,Mass Affluent,End-User,Investment / Resale,EGP 100-250k/mo,Phone,Event,False,1,16958341.26,2024-10-29
CUS-000444,Fady Abdallah,Jordanian,Jordan,25-34,High Net Worth,End-User,Primary Residence,Under EGP 50k/mo,Email,Paid Digital,False,1,10185013.98,2024-12-01
CUS-000445,Rana Hussein,Egyptian,Egypt,35-44,First-Time Buyer,End-User,Second Home,EGP 100-250k/mo,Phone,Paid Digital,False,1,6267665.86,2025-11-02
CUS-000446,Mariam Gomaa,Saudi,Saudi Arabia,25-34,Mass Affluent,End-User,Primary Residence,EGP 50-100k/mo,WhatsApp,Broker Referral,False,1,6355241.8,2025-08-16
CUS-000447,Youssef Fathy,Egyptian,Egypt,45-54,Investor,End-User,Rental Income,EGP 100-250k/mo,Email,Organic / Website,False,1,3970707.36,2026-02-20
CUS-000448,Mona Gomaa,Other,Other,25-34,Mass Affluent,End-User,Rental Income,EGP 100-250k/mo,Email,Organic / Website,False,1,8422154.9,2025-06-19
CUS-000449,Ibrahim Zaki,Egyptian,Egypt,55-64,High Net Worth,End-User,Rental Income,Over EGP 250k/mo,WhatsApp,Word of Mouth,False,1,8903379.72,2024-07-13
CUS-000450,Mostafa Fathy,Saudi,Saudi Arabia,45-54,High Net Worth,End-User,Primary Residence,EGP 50-100k/mo,WhatsApp,Broker Referral,False,1,21425275.28,2026-05-23
CUS-000451,Omar Sabry,Egyptian,Egypt,55-64,Mass Affluent,End-User,Rental Income,Over EGP 250k/mo,In-Person,Event,False,1,5680483.31,2024-09-07
CUS-000452,Ahmed Chevalier,Egyptian,Egypt,55-64,First-Time Buyer,End-User,Primary Residence,EGP 50-100k/mo,In-Person,Word of Mouth,False,1,14708714.09,2025-07-20
CUS-000453,Mohamed Zaki,Emirati,UAE,45-54,High Net Worth,End-User,Rental Income,EGP 50-100k/mo,Email,Broker Referral,False,1,4541689.4,2026-03-31
CUS-000454,Laila Hegazy,Other,Egypt,55-64,Investor,End-User,Rental Income,Under EGP 50k/mo,In-Person,Word of Mouth,False,1,3825859.29,2025-02-20
CUS-000455,Laila Sabry,British,United Kingdom,45-54,Mass Affluent,End-User,Investment / Resale,EGP 100-250k/mo,Phone,Event,False,1,26506211.62,2025-04-27
CUS-000456,Karim Sabry,Egyptian,Egypt,35-44,Investor,End-User,Investment / Resale,Under EGP 50k/mo,In-Person,Broker Referral,False,1,11982413.89,2025-05-03
CUS-000457,Heba Barakat,Egyptian,Egypt,35-44,Investor,End-User,Rental Income,EGP 50-100k/mo,Email,Paid Digital,False,1,19728230.18,2024-11-26
CUS-000458,Youssef Barakat,Egyptian,Egypt,35-44,First-Time Buyer,End-User,Rental Income,Under EGP 50k/mo,Phone,Paid Digital,False,1,7727525.02,2025-09-23
CUS-000459,Dalia El-Masry,Egyptian,Egypt,35-44,Investor,End-User,Investment / Resale,Under EGP 50k/mo,In-Person,Word of Mouth,False,1,16226592.45,2024-11-30
CUS-000460,Mostafa Naguib,Egyptian,Egypt,35-44,Investor,End-User,Rental Income,EGP 100-250k/mo,WhatsApp,Paid Digital,False,1,11875267.2,2026-04-30
CUS-000461,Omar Hussein,Egyptian,Egypt,35-44,First-Time Buyer,End-User,Primary Residence,Under EGP 50k/mo,Phone,Paid Digital,False,1,9112771.88,2025-11-29
CUS-000462,Ramy Barakat,Emirati,UAE,25-34,First-Time Buyer,End-User,Primary Residence,Over EGP 250k/mo,Phone,Broker Referral,False,1,12373593.85,2024-12-02
CUS-000463,Salma Shawky,British,United Kingdom,35-44,High Net Worth,End-User,Rental Income,EGP 50-100k/mo,WhatsApp,Broker Referral,False,1,14334837.44,2026-01-03
CUS-000464,Wael Metwally,Saudi,Saudi Arabia,25-34,First-Time Buyer,End-User,Second Home,Under EGP 50k/mo,In-Person,Word of Mouth,False,1,12325160.63,2024-11-26
CUS-000465,Sara Zaki,Egyptian,Egypt,65+,Investor,End-User,Investment / Resale,EGP 50-100k/mo,In-Person,Paid Digital,False,1,7476602.01,2025-02-08
CUS-000466,Ramy Youssef,Emirati,UAE,45-54,Mass Affluent,End-User,Primary Residence,EGP 100-250k/mo,WhatsApp,Paid Digital,False,1,6161495.08,2025-12-12
CUS-000467,Hassan Barakat,Saudi,Saudi Arabia,65+,Mass Affluent,End-User,Investment / Resale,Under EGP 50k/mo,Email,Event,False,1,13098361.32,2025-05-16
CUS-000468,Farida Novak,Emirati,UAE,25-34,Mass Affluent,End-User,Investment / Resale,EGP 50-100k/mo,Email,Paid Digital,False,1,6568334.14,2026-04-01
CUS-000469,Yassin Nour,Egyptian,Egypt,35-44,First-Time Buyer,End-User,Primary Residence,EGP 50-100k/mo,WhatsApp,Event,False,1,8793371.35,2024-10-15
CUS-000470,Dalia Zaki,Egyptian,Egypt,45-54,High Net Worth,End-User,Second Home,Over EGP 250k/mo,WhatsApp,Event,False,1,8691222.52,2025-01-17
CUS-000471,Mona El-Masry,Emirati,UAE,65+,High Net Worth,End-User,Investment / Resale,EGP 100-250k/mo,WhatsApp,Event,False,1,15788523.68,2025-07-15
CUS-000472,Ashraf Al-Fahim,Saudi,Egypt,45-54,Investor,End-User,Investment / Resale,Under EGP 50k/mo,WhatsApp,Organic / Website,False,1,21803110.17,2026-04-16
CUS-000473,Laila El-Sayed,Egyptian,Egypt,55-64,High Net Worth,End-User,Investment / Resale,EGP 100-250k/mo,WhatsApp,Paid Digital,False,1,10852744.64,2025-10-09
CUS-000474,Sara Reda,Egyptian,Egypt,35-44,Investor,End-User,Rental Income,EGP 50-100k/mo,Phone,Broker Referral,False,1,10850026.02,2026-03-21
CUS-000475,Ahmed Kamal,Egyptian,Egypt,25-34,High Net Worth,End-User,Investment / Resale,EGP 50-100k/mo,WhatsApp,Broker Referral,False,1,6695649.88,2025-08-10
CUS-000476,Sameh Sabry,Egyptian,Egypt,35-44,High Net Worth,End-User,Rental Income,EGP 100-250k/mo,Email,Event,False,1,3023117.48,2026-02-20
CUS-000477,Dina Hussein,Egyptian,Egypt,25-34,First-Time Buyer,End-User,Investment / Resale,EGP 100-250k/mo,Phone,Word of Mouth,False,1,10950486.03,2025-06-21
CUS-000478,Hassan Al-Rashid,British,United Kingdom,35-44,Investor,End-User,Rental Income,EGP 100-250k/mo,WhatsApp,Paid Digital,False,1,10073412.73,2025-04-26
CUS-000479,Rami Hegazy,Emirati,UAE,45-54,Mass Affluent,End-User,Investment / Resale,EGP 50-100k/mo,Email,Broker Referral,False,1,11212091.15,2026-03-22
CUS-000480,Dalia El-Tahawy,Egyptian,Egypt,35-44,First-Time Buyer,End-User,Rental Income,Over EGP 250k/mo,Phone,Event,False,1,15079389.8,2024-09-30
CUS-000481,Farida Zaki,Egyptian,Egypt,45-54,Investor,End-User,Second Home,Over EGP 250k/mo,In-Person,Event,False,1,4625753.22,2026-01-24
CUS-000482,Omar Metwally,Other,Other,35-44,Investor,End-User,Investment / Resale,EGP 100-250k/mo,In-Person,Word of Mouth,False,1,6065579.52,2026-05-16
CUS-000483,Emad Zaki,Kuwaiti,Kuwait,25-34,Investor,End-User,Investment / Resale,EGP 50-100k/mo,WhatsApp,Word of Mouth,False,1,4390630.91,2025-01-01
CUS-000484,Sameh El-Masry,Egyptian,Egypt,65+,Investor,End-User,Rental Income,Under EGP 50k/mo,WhatsApp,Paid Digital,False,1,4104766.26,2025-06-23
CUS-000485,Nada Hegazy,Saudi,Egypt,35-44,High Net Worth,End-User,Investment / Resale,Over EGP 250k/mo,In-Person,Event,False,1,5048363.4,2026-03-12
CUS-000486,Omar Fathy,Jordanian,Jordan,35-44,Mass Affluent,End-User,Rental Income,Over EGP 250k/mo,Email,Organic / Website,False,1,7737985.08,2026-01-19
CUS-000487,Laila Chevalier,Egyptian,Egypt,45-54,Mass Affluent,End-User,Investment / Resale,Under EGP 50k/mo,WhatsApp,Organic / Website,False,1,7137182.75,2025-01-04
CUS-000488,Farida Barakat,Jordanian,Egypt,45-54,First-Time Buyer,End-User,Rental Income,EGP 100-250k/mo,In-Person,Organic / Website,False,1,4257701.94,2025-05-27
CUS-000489,Karim Rashad,Jordanian,Egypt,55-64,First-Time Buyer,End-User,Second Home,EGP 50-100k/mo,WhatsApp,Organic / Website,False,1,21136701.76,2024-10-25
CUS-000490,Khaled Novak,Egyptian,Egypt,45-54,Investor,End-User,Investment / Resale,EGP 100-250k/mo,Email,Word of Mouth,False,1,5439482.28,2024-10-15
CUS-000491,Rami Novak,Saudi,Egypt,35-44,Mass Affluent,End-User,Second Home,EGP 100-250k/mo,WhatsApp,Broker Referral,False,1,11044808.46,2026-05-21
CUS-000492,Farida Abdallah,Egyptian,Egypt,35-44,Investor,Investor,Rental Income,Over EGP 250k/mo,Email,Event,False,1,9520454.03,2025-10-29
CUS-000493,Hany Fathy,Egyptian,Egypt,55-64,Mass Affluent,Investor,Second Home,EGP 50-100k/mo,WhatsApp,Organic / Website,False,1,9366023.86,2025-12-23
CUS-000494,Mostafa Barakat,Emirati,UAE,25-34,High Net Worth,Investor,Primary Residence,Over EGP 250k/mo,In-Person,Word of Mouth,False,1,17151271.44,2025-03-25
CUS-000495,Sameh Fathy,Egyptian,Egypt,35-44,Mass Affluent,Investor,Primary Residence,Under EGP 50k/mo,In-Person,Word of Mouth,False,1,10275470.01,2025-06-01
CUS-000496,Nour Gomaa,Egyptian,Egypt,55-64,High Net Worth,Investor,Rental Income,Over EGP 250k/mo,Email,Organic / Website,False,1,14482577.84,2026-05-05
CUS-000497,Mona Zaki,Egyptian,Egypt,45-54,Mass Affluent,Investor,Rental Income,EGP 100-250k/mo,WhatsApp,Organic / Website,False,1,15565614.61,2026-05-21
CUS-000498,Amira Rashad,Egyptian,Egypt,35-44,First-Time Buyer,Investor,Second Home,Over EGP 250k/mo,Phone,Word of Mouth,False,1,9912092.19,2026-06-22
CUS-000499,Hassan Hussein,Egyptian,Egypt,25-34,Investor,Investor,Investment / Resale,Under EGP 50k/mo,In-Person,Organic / Website,False,1,12735392.83,2026-06-28
CUS-000500,Malak Hegazy,Egyptian,Egypt,45-54,Investor,Investor,Primary Residence,EGP 100-250k/mo,Email,Event,False,1,14797279.67,2026-05-16
CUS-000501,Dina Metwally,Jordanian,Egypt,35-44,Investor,Investor,Primary Residence,EGP 100-250k/mo,Email,Event,False,1,4995345.5,2026-06-25
CUS-000502,Mohamed Aziz,Egyptian,Egypt,25-34,Mass Affluent,Investor,Primary Residence,EGP 100-250k/mo,Phone,Word of Mouth,False,1,7975159.78,2025-11-23
CUS-000503,Ashraf Hussein,Egyptian,Egypt,45-54,First-Time Buyer,Investor,Investment / Resale,EGP 100-250k/mo,Phone,Word of Mouth,False,1,18927772.9,2024-11-14
CUS-000504,Amira Novak,Jordanian,Egypt,45-54,Mass Affluent,Investor,Second Home,Under EGP 50k/mo,WhatsApp,Paid Digital,False,1,15133856.19,2026-05-30
CUS-000505,Nour Fahmy,Egyptian,Egypt,35-44,High Net Worth,Investor,Primary Residence,Over EGP 250k/mo,In-Person,Organic / Website,False,1,6743062.32,2026-06-02
CUS-000506,Amr Mansour,Egyptian,Egypt,55-64,Mass Affluent,Investor,Investment / Resale,Over EGP 250k/mo,In-Person,Event,False,1,4948017.4,2026-05-22
CUS-000507,Ramy Youssef,British,United Kingdom,35-44,First-Time Buyer,Investor,Rental Income,Under EGP 50k/mo,WhatsApp,Paid Digital,False,1,6336844.65,2026-06-11
CUS-000508,Jana Metwally,Egyptian,Egypt,45-54,High Net Worth,Investor,Investment / Resale,Over EGP 250k/mo,WhatsApp,Word of Mouth,False,1,15162958.38,2024-11-02
CUS-000509,Reem Abdallah,Egyptian,Egypt,35-44,Investor,Investor,Investment / Resale,EGP 50-100k/mo,WhatsApp,Event,False,1,9665757.69,2026-06-05
CUS-000510,Jana Youssef,Egyptian,Egypt,45-54,First-Time Buyer,Investor,Second Home,EGP 100-250k/mo,WhatsApp,Event,False,1,13670590.47,2025-01-19
CUS-000511,Adel Nour,Egyptian,Egypt,55-64,First-Time Buyer,Investor,Rental Income,Over EGP 250k/mo,In-Person,Paid Digital,False,1,12430174.96,2025-10-27
CUS-000512,Sherif Chevalier,British,United Kingdom,45-54,First-Time Buyer,Investor,Investment / Resale,EGP 100-250k/mo,Phone,Paid Digital,False,1,11622768.18,2026-05-30
CUS-000513,Hany Salem,British,United Kingdom,35-44,High Net Worth,Investor,Investment / Resale,Under EGP 50k/mo,In-Person,Broker Referral,False,1,8388713.73,2026-02-08
CUS-000514,Rana Gomaa,Egyptian,Egypt,35-44,Investor,Investor,Primary Residence,EGP 100-250k/mo,Phone,Event,False,1,2228630.83,2026-05-22
CUS-000515,Sameh Chevalier,Other,Other,55-64,High Net Worth,Investor,Second Home,Under EGP 50k/mo,Email,Event,False,1,4212451.81,2024-11-08
CUS-000516,Adel Zaki,Egyptian,Egypt,55-64,Investor,Investor,Rental Income,Under EGP 50k/mo,Email,Broker Referral,False,1,9977816.6,2025-05-20
CUS-000517,Tarek Gomaa,Egyptian,Egypt,35-44,High Net Worth,Investor,Second Home,EGP 50-100k/mo,Email,Broker Referral,False,1,12088873.09,2026-05-21
CUS-000518,Nour Reda,Egyptian,Egypt,25-34,Mass Affluent,Investor,Primary Residence,EGP 50-100k/mo,WhatsApp,Organic / Website,False,1,12177697.63,2026-05-13
CUS-000519,Dina Metwally,Egyptian,Egypt,25-34,Investor,Investor,Primary Residence,Over EGP 250k/mo,Email,Word of Mouth,False,1,4656756.79,2026-06-05
CUS-000520,Sherif Barakat,Egyptian,Egypt,35-44,Mass Affluent,Investor,Primary Residence,EGP 100-250k/mo,Email,Organic / Website,False,1,14758438.26,2025-07-20
CUS-000521,Heba Abdallah,Egyptian,Egypt,45-54,Mass Affluent,Investor,Primary Residence,Under EGP 50k/mo,Phone,Event,False,1,3846578.18,2026-05-06
CUS-000522,Dalia Al-Rashid,Egyptian,Egypt,35-44,First-Time Buyer,Investor,Primary Residence,EGP 50-100k/mo,In-Person,Event,False,1,12366963.2,2025-04-06
CUS-000523,Mariam Sabry,Egyptian,Egypt,35-44,Mass Affluent,Investor,Primary Residence,EGP 50-100k/mo,Phone,Paid Digital,False,1,6385005.81,2025-11-30
CUS-000524,Rami Naguib,Egyptian,Egypt,25-34,Mass Affluent,Investor,Rental Income,Under EGP 50k/mo,In-Person,Organic / Website,False,1,14902808.75,2025-08-03
CUS-000525,Heba Hegazy,Jordanian,Egypt,35-44,High Net Worth,Investor,Second Home,EGP 50-100k/mo,Email,Word of Mouth,False,1,21033077.58,2024-09-27
CUS-000526,Nada Salem,Other,Other,55-64,First-Time Buyer,Investor,Primary Residence,Under EGP 50k/mo,Phone,Event,False,1,15537506.44,2025-01-01
CUS-000527,Emad Nour,Egyptian,Egypt,55-64,First-Time Buyer,Investor,Second Home,Under EGP 50k/mo,Phone,Broker Referral,False,1,9869672.12,2025-08-06
CUS-000528,Farida Mansour,Egyptian,Egypt,55-64,Mass Affluent,Investor,Second Home,Under EGP 50k/mo,In-Person,Word of Mouth,False,1,15153129.1,2025-06-18
CUS-000529,Adel El-Sayed,Egyptian,Egypt,25-34,Mass Affluent,Investor,Rental Income,EGP 100-250k/mo,Phone,Event,False,1,22071746.69,2026-05-24
CUS-000530,Omar El-Masry,Kuwaiti,Kuwait,45-54,First-Time Buyer,Investor,Investment / Resale,EGP 100-250k/mo,In-Person,Broker Referral,False,1,4946075.44,2026-02-15
CUS-000531,Ashraf Abdallah,Egyptian,Egypt,35-44,Mass Affluent,Investor,Rental Income,Under EGP 50k/mo,In-Person,Paid Digital,False,1,4011569.55,2026-02-23
CUS-000532,Sherif Zaki,Kuwaiti,Kuwait,35-44,First-Time Buyer,Investor,Second Home,EGP 50-100k/mo,In-Person,Event,False,1,19138831.73,2026-03-01
CUS-000533,Nour Gomaa,Emirati,UAE,35-44,Investor,Investor,Investment / Resale,EGP 50-100k/mo,Email,Organic / Website,False,1,9772048.08,2026-01-21
CUS-000534,Nourhan El-Masry,Emirati,UAE,45-54,Investor,Investor,Primary Residence,Under EGP 50k/mo,Phone,Organic / Website,False,1,8420236.11,2025-02-20
CUS-000535,Hana Kamal,Egyptian,Egypt,35-44,Investor,Investor,Investment / Resale,Under EGP 50k/mo,In-Person,Word of Mouth,False,1,14999353.12,2025-12-11
CUS-000536,Malak Metwally,Egyptian,Egypt,45-54,First-Time Buyer,Investor,Second Home,EGP 100-250k/mo,Phone,Broker Referral,False,1,9222261.62,2025-03-21
CUS-000537,Amira Mostafa,Emirati,UAE,55-64,First-Time Buyer,Investor,Primary Residence,EGP 100-250k/mo,WhatsApp,Broker Referral,False,1,11724471.11,2025-01-06
CUS-000538,Jana Salem,Egyptian,Egypt,25-34,High Net Worth,Investor,Primary Residence,Over EGP 250k/mo,In-Person,Event,False,1,14651744.46,2024-09-02
CUS-000539,Sara El-Masry,Jordanian,Jordan,35-44,High Net Worth,Investor,Second Home,EGP 50-100k/mo,Email,Paid Digital,False,1,11770838.4,2025-04-21
CUS-000540,Hana Barakat,Egyptian,Egypt,45-54,First-Time Buyer,Investor,Second Home,Over EGP 250k/mo,Phone,Word of Mouth,False,1,9040086.06,2024-12-31
CUS-000541,Amr Fahmy,Egyptian,Egypt,45-54,Investor,Investor,Rental Income,EGP 50-100k/mo,In-Person,Paid Digital,False,1,8261662.23,2024-10-02
CUS-000542,Heba Zaki,Jordanian,Egypt,35-44,Mass Affluent,Investor,Second Home,EGP 100-250k/mo,In-Person,Paid Digital,False,1,16114000.73,2025-10-08
CUS-000543,Mostafa Aziz,Emirati,UAE,45-54,First-Time Buyer,Investor,Investment / Resale,Under EGP 50k/mo,Phone,Organic / Website,False,1,17977084.2,2024-10-04
CUS-000544,Reem Sabry,Egyptian,Egypt,55-64,Mass Affluent,Investor,Second Home,Under EGP 50k/mo,Phone,Organic / Website,False,1,10891257.05,2025-01-19
CUS-000545,Youssef Naguib,Other,Egypt,25-34,Mass Affluent,Investor,Second Home,EGP 50-100k/mo,Email,Event,False,1,8819101.42,2025-12-19
CUS-000546,Nour Rashad,Egyptian,Egypt,25-34,High Net Worth,Investor,Primary Residence,Under EGP 50k/mo,Phone,Event,False,1,8727015.33,2025-07-04
CUS-000547,Yassin Fathy,Emirati,UAE,45-54,High Net Worth,Investor,Primary Residence,Under EGP 50k/mo,In-Person,Organic / Website,False,1,8478525.99,2024-10-01
CUS-000548,Emad El-Sayed,Egyptian,Egypt,55-64,Investor,Investor,Primary Residence,EGP 50-100k/mo,Phone,Event,False,1,2590535.85,2025-12-31
CUS-000549,Sara Hussein,Jordanian,Egypt,25-34,High Net Worth,Investor,Rental Income,EGP 100-250k/mo,Phone,Paid Digital,False,1,9234482.31,2024-09-25
CUS-000550,Yassin Fahmy,Jordanian,Egypt,45-54,Mass Affluent,Investor,Second Home,Over EGP 250k/mo,WhatsApp,Event,False,1,11309273.0,2026-05-17
CUS-000551,Mariam Nour,Other,Egypt,35-44,High Net Worth,Investor,Investment / Resale,EGP 50-100k/mo,In-Person,Organic / Website,False,1,17079151.17,2024-10-25
CUS-000552,Salma Salem,British,United Kingdom,35-44,High Net Worth,Investor,Primary Residence,EGP 50-100k/mo,In-Person,Paid Digital,False,1,7595467.72,2025-01-01
CUS-000553,Nada Hegazy,Egyptian,Egypt,55-64,High Net Worth,Investor,Primary Residence,Over EGP 250k/mo,Email,Organic / Website,False,1,8782758.78,2024-12-19
CUS-000554,Fady Barakat,Saudi,Saudi Arabia,55-64,Investor,Investor,Primary Residence,Under EGP 50k/mo,WhatsApp,Paid Digital,False,1,9682159.59,2026-03-31
CUS-000555,Sameh Gomaa,Egyptian,Egypt,25-34,High Net Worth,Investor,Rental Income,EGP 50-100k/mo,In-Person,Paid Digital,False,1,16427545.34,2025-08-18
CUS-000556,Ibrahim Kamal,Jordanian,Egypt,45-54,First-Time Buyer,Investor,Rental Income,EGP 100-250k/mo,In-Person,Event,False,1,7086922.96,2025-02-17
CUS-000557,Karim Mansour,Egyptian,Egypt,45-54,Mass Affluent,Investor,Primary Residence,EGP 100-250k/mo,In-Person,Organic / Website,False,1,14910897.29,2025-07-23
CUS-000558,Ibrahim El-Masry,Jordanian,Jordan,45-54,Investor,Investor,Rental Income,EGP 50-100k/mo,Phone,Paid Digital,False,1,4280786.5,2026-05-28
CUS-000559,Mahmoud El-Masry,Egyptian,Egypt,35-44,First-Time Buyer,Investor,Primary Residence,EGP 50-100k/mo,Phone,Broker Referral,False,1,9502085.02,2026-06-13
CUS-000560,Hana Shawky,Saudi,Egypt,45-54,Investor,Investor,Second Home,Under EGP 50k/mo,In-Person,Word of Mouth,False,1,19472872.31,2026-06-21
CUS-000561,Hany Rashad,Egyptian,Egypt,45-54,High Net Worth,Investor,Rental Income,EGP 50-100k/mo,In-Person,Word of Mouth,False,1,12579716.5,2026-06-04
CUS-000562,Mariam Metwally,Egyptian,Egypt,65+,High Net Worth,Investor,Rental Income,EGP 100-250k/mo,WhatsApp,Word of Mouth,False,1,17639173.16,2024-10-19
CUS-000563,Mona Anwar,Egyptian,Egypt,35-44,First-Time Buyer,Investor,Second Home,Over EGP 250k/mo,In-Person,Broker Referral,False,1,14262568.01,2024-10-01
CUS-000564,Salma Novak,Egyptian,Egypt,35-44,High Net Worth,Investor,Second Home,EGP 100-250k/mo,Phone,Broker Referral,False,1,9677385.5,2025-06-09
CUS-000565,Farida Mansour,Egyptian,Egypt,35-44,High Net Worth,Investor,Second Home,Over EGP 250k/mo,Phone,Paid Digital,False,1,11422088.84,2024-11-28
CUS-000566,Nour El-Masry,Egyptian,Egypt,35-44,First-Time Buyer,Investor,Rental Income,Over EGP 250k/mo,Phone,Organic / Website,False,1,10589007.46,2024-11-11
CUS-000567,Wael Fathy,Jordanian,Egypt,65+,Investor,Investor,Second Home,EGP 100-250k/mo,WhatsApp,Broker Referral,False,1,4909882.85,2026-04-04
CUS-000568,Rana Barakat,Egyptian,Egypt,35-44,High Net Worth,Investor,Rental Income,Under EGP 50k/mo,In-Person,Event,False,1,11385060.74,2026-04-20
CUS-000569,Laila Hussein,Egyptian,Egypt,55-64,High Net Worth,Investor,Rental Income,EGP 100-250k/mo,In-Person,Paid Digital,False,1,3697948.62,2025-07-02
CUS-000570,Dalia El-Sayed,Egyptian,Egypt,35-44,Mass Affluent,Investor,Rental Income,EGP 50-100k/mo,In-Person,Word of Mouth,False,1,17807881.57,2024-11-19
CUS-000571,Reem Metwally,Saudi,Egypt,35-44,First-Time Buyer,Investor,Investment / Resale,EGP 50-100k/mo,Email,Paid Digital,False,1,10704454.75,2026-06-09
CUS-000572,Mariam Shawky,Egyptian,Egypt,25-34,High Net Worth,Investor,Primary Residence,Under EGP 50k/mo,Email,Organic / Website,False,1,20593020.24,2024-11-02
CUS-000573,Fady Aziz,Egyptian,Egypt,35-44,High Net Worth,Investor,Rental Income,EGP 50-100k/mo,Email,Organic / Website,False,1,13515731.94,2025-09-25
CUS-000574,Ziad Anwar,Egyptian,Egypt,25-34,High Net Worth,Investor,Rental Income,Over EGP 250k/mo,WhatsApp,Paid Digital,False,1,16602313.5,2025-09-10
CUS-000575,Tarek Youssef,Saudi,Egypt,35-44,First-Time Buyer,Investor,Rental Income,EGP 100-250k/mo,WhatsApp,Broker Referral,False,1,4859070.16,2025-05-04
CUS-000576,Rana Fahmy,Egyptian,Egypt,55-64,First-Time Buyer,Investor,Rental Income,EGP 100-250k/mo,Email,Organic / Website,False,1,4661376.24,2026-03-25
CUS-000577,Wael Nour,Egyptian,Egypt,45-54,High Net Worth,Investor,Primary Residence,EGP 50-100k/mo,WhatsApp,Event,False,1,19800193.93,2026-01-28
CUS-000578,Nour Youssef,Egyptian,Egypt,45-54,First-Time Buyer,Investor,Rental Income,Under EGP 50k/mo,Email,Event,False,1,9089044.23,2025-01-25
CUS-000579,Dalia Hegazy,Saudi,Saudi Arabia,25-34,Investor,Investor,Rental Income,EGP 50-100k/mo,In-Person,Word of Mouth,False,1,3033718.45,2024-10-10
CUS-000580,Fady El-Sayed,Egyptian,Egypt,35-44,High Net Worth,Investor,Primary Residence,EGP 50-100k/mo,Phone,Broker Referral,False,1,12743870.23,2025-01-12
CUS-000581,Laila Chevalier,Jordanian,Egypt,35-44,High Net Worth,Investor,Investment / Resale,Over EGP 250k/mo,Email,Paid Digital,False,1,13823202.09,2025-07-10
CUS-000582,Sara Zaki,Egyptian,Egypt,25-34,First-Time Buyer,Investor,Investment / Resale,EGP 50-100k/mo,Phone,Organic / Website,False,1,4734232.06,2026-04-03
CUS-000583,Nour Gomaa,Egyptian,Egypt,25-34,Investor,Investor,Second Home,EGP 50-100k/mo,Phone,Event,False,1,20444431.02,2025-04-01
CUS-000584,Omar Metwally,Egyptian,Egypt,35-44,First-Time Buyer,Investor,Rental Income,Under EGP 50k/mo,Email,Organic / Website,False,1,16715151.95,2025-04-24
CUS-000585,Mariam Sabry,Egyptian,Egypt,35-44,First-Time Buyer,Investor,Second Home,EGP 100-250k/mo,In-Person,Paid Digital,False,1,8516969.3,2025-06-27
CUS-000586,Adel El-Tahawy,Egyptian,Egypt,45-54,Investor,Investor,Investment / Resale,Under EGP 50k/mo,WhatsApp,Paid Digital,False,1,3806492.48,2025-05-29
CUS-000587,Hana Reda,Egyptian,Egypt,35-44,First-Time Buyer,Investor,Primary Residence,EGP 100-250k/mo,Email,Paid Digital,False,1,9527788.54,2024-07-20
CUS-000588,Mona Rashad,Egyptian,Egypt,35-44,First-Time Buyer,Investor,Primary Residence,Under EGP 50k/mo,Email,Organic / Website,False,1,21120041.8,2024-08-11
CUS-000589,Yasmin El-Masry,Egyptian,Egypt,25-34,Mass Affluent,Investor,Rental Income,Under EGP 50k/mo,In-Person,Broker Referral,False,1,23210025.31,2025-02-23
CUS-000590,Tarek Abdallah,Egyptian,Egypt,35-44,First-Time Buyer,Investor,Second Home,Over EGP 250k/mo,WhatsApp,Organic / Website,False,1,12695722.01,2025-04-15
CUS-000591,Sara Naguib,Emirati,UAE,45-54,High Net Worth,Investor,Primary Residence,Over EGP 250k/mo,Phone,Broker Referral,False,1,2855617.31,2025-06-24
CUS-000592,Jana Fahmy,Egyptian,Egypt,35-44,First-Time Buyer,Investor,Rental Income,EGP 100-250k/mo,WhatsApp,Event,False,1,20559779.48,2024-12-06
CUS-000593,Ibrahim Fathy,Emirati,UAE,25-34,High Net Worth,Investor,Primary Residence,EGP 100-250k/mo,Phone,Organic / Website,False,1,4468313.56,2024-08-14
CUS-000594,Dalia Metwally,Saudi,Egypt,25-34,First-Time Buyer,Investor,Rental Income,EGP 100-250k/mo,In-Person,Organic / Website,False,1,11560327.35,2025-06-13
CUS-000595,Fady Mostafa,Jordanian,Egypt,65+,High Net Worth,Investor,Primary Residence,EGP 100-250k/mo,WhatsApp,Paid Digital,False,1,11746087.29,2025-07-27
CUS-000596,Nour Abdallah,Egyptian,Egypt,25-34,First-Time Buyer,Investor,Second Home,Over EGP 250k/mo,Phone,Word of Mouth,False,1,19042405.21,2026-04-04
CUS-000597,Mostafa Hussein,Egyptian,Egypt,25-34,Investor,Investor,Investment / Resale,Over EGP 250k/mo,Phone,Event,False,1,8600057.17,2025-08-03
CUS-000598,Tarek Al-Fahim,Egyptian,Egypt,55-64,Investor,Investor,Second Home,Over EGP 250k/mo,Email,Broker Referral,False,1,10000908.8,2026-03-30
CUS-000599,Wael Shawky,Egyptian,Egypt,55-64,Investor,Investor,Primary Residence,EGP 100-250k/mo,Phone,Word of Mouth,False,1,11895790.72,2025-05-18
CUS-000600,Nourhan Fahmy,Egyptian,Egypt,55-64,High Net Worth,Investor,Primary Residence,Under EGP 50k/mo,WhatsApp,Broker Referral,False,1,16946907.8,2025-06-10
CUS-000601,Adel Novak,Egyptian,Egypt,25-34,High Net Worth,Investor,Primary Residence,EGP 100-250k/mo,WhatsApp,Word of Mouth,False,1,10205627.9,2025-02-11
CUS-000602,Fady Novak,Egyptian,Egypt,45-54,Mass Affluent,Investor,Rental Income,Under EGP 50k/mo,In-Person,Paid Digital,False,1,12241522.16,2026-04-02
CUS-000603,Reem Fahmy,Emirati,UAE,25-34,High Net Worth,Investor,Primary Residence,Over EGP 250k/mo,Phone,Paid Digital,False,1,10555859.72,2024-07-20
CUS-000604,Hany Salem,Egyptian,Egypt,45-54,Investor,Investor,Investment / Resale,Over EGP 250k/mo,Phone,Paid Digital,False,1,3493645.92,2026-01-04
CUS-000605,Karim Barakat,Egyptian,Egypt,35-44,High Net Worth,Investor,Primary Residence,EGP 100-250k/mo,Phone,Organic / Website,False,1,13990549.67,2025-10-23
CUS-000606,Ramy Reda,Egyptian,Egypt,35-44,High Net Worth,Investor,Primary Residence,EGP 50-100k/mo,Phone,Paid Digital,False,1,3272776.12,2024-11-23
CUS-000607,Mohamed Abdallah,Egyptian,Egypt,65+,First-Time Buyer,Investor,Primary Residence,EGP 100-250k/mo,Phone,Broker Referral,False,1,8911798.95,2026-04-10
CUS-000608,Tarek Rashad,Jordanian,Jordan,45-54,Mass Affluent,Investor,Rental Income,Under EGP 50k/mo,In-Person,Broker Referral,False,1,19191716.35,2025-12-09
CUS-000609,Salma Naguib,Egyptian,Egypt,45-54,Mass Affluent,Investor,Rental Income,Under EGP 50k/mo,In-Person,Word of Mouth,False,1,11802437.14,2025-03-14
CUS-000610,Aya Naguib,Jordanian,Jordan,25-34,Mass Affluent,Investor,Primary Residence,EGP 100-250k/mo,In-Person,Event,False,1,8158734.99,2025-12-20
CUS-000611,Wael Zaki,Saudi,Saudi Arabia,35-44,First-Time Buyer,Investor,Rental Income,Over EGP 250k/mo,Phone,Organic / Website,False,1,16807456.4,2025-06-03
CUS-000612,Ashraf Zaki,Saudi,Egypt,35-44,High Net Worth,Investor,Investment / Resale,Under EGP 50k/mo,In-Person,Broker Referral,False,1,9877752.7,2026-03-24
CUS-000613,Fady Al-Rashid,Saudi,Egypt,55-64,High Net Worth,Investor,Investment / Resale,Under EGP 50k/mo,WhatsApp,Organic / Website,False,1,8579627.76,2025-06-01
CUS-000614,Nourhan Farouk,Other,Egypt,35-44,First-Time Buyer,Investor,Second Home,Under EGP 50k/mo,Phone,Event,False,1,8669445.88,2026-01-04
CUS-000615,Sameh Chevalier,Egyptian,Egypt,55-64,Investor,Investor,Second Home,EGP 50-100k/mo,In-Person,Word of Mouth,False,1,10540423.3,2026-02-02
CUS-000616,Rana Aziz,Egyptian,Egypt,35-44,Investor,Investor,Second Home,EGP 100-250k/mo,In-Person,Paid Digital,False,1,17671627.6,2025-09-21
CUS-000617,Dalia Mansour,Egyptian,Egypt,25-34,Mass Affluent,Investor,Second Home,Over EGP 250k/mo,In-Person,Word of Mouth,False,1,4317773.88,2025-12-20
CUS-000618,Yassin Fahmy,Egyptian,Egypt,25-34,Investor,Investor,Second Home,EGP 100-250k/mo,In-Person,Paid Digital,False,1,4992013.82,2025-05-28
CUS-000619,Rana Mostafa,Emirati,UAE,25-34,High Net Worth,Investor,Rental Income,Over EGP 250k/mo,Email,Paid Digital,False,1,12736815.29,2024-12-05
CUS-000620,Sara Anwar,Egyptian,Egypt,45-54,First-Time Buyer,Investor,Second Home,EGP 100-250k/mo,Email,Word of Mouth,False,1,11316146.22,2025-10-01
CUS-000621,Ahmed Kamal,Egyptian,Egypt,45-54,First-Time Buyer,Investor,Investment / Resale,EGP 100-250k/mo,Email,Paid Digital,False,1,13023155.44,2025-09-27
CUS-000622,Heba Metwally,Saudi,Saudi Arabia,45-54,High Net Worth,Investor,Primary Residence,Over EGP 250k/mo,WhatsApp,Broker Referral,False,1,8438242.52,2026-05-08
CUS-000623,Amira Gomaa,Egyptian,Egypt,45-54,Mass Affluent,Investor,Rental Income,EGP 100-250k/mo,Phone,Paid Digital,False,1,16454715.84,2024-12-05
CUS-000624,Nour Al-Fahim,Egyptian,Egypt,35-44,First-Time Buyer,Investor,Second Home,Over EGP 250k/mo,WhatsApp,Word of Mouth,False,1,3900578.03,2024-11-05
CUS-000625,Dalia Salem,Egyptian,Egypt,45-54,Mass Affluent,Investor,Investment / Resale,EGP 100-250k/mo,Email,Paid Digital,False,1,12555136.81,2025-06-04
CUS-000626,Salma Anwar,Egyptian,Egypt,25-34,High Net Worth,Investor,Second Home,EGP 100-250k/mo,In-Person,Paid Digital,False,1,5504963.1,2025-05-06
CUS-000627,Khaled Hussein,Emirati,UAE,65+,High Net Worth,Investor,Investment / Resale,Over EGP 250k/mo,Phone,Word of Mouth,False,1,3738919.36,2024-12-10
CUS-000628,Khaled Hussein,Egyptian,Egypt,25-34,First-Time Buyer,Investor,Investment / Resale,EGP 50-100k/mo,In-Person,Word of Mouth,False,1,6443950.66,2025-08-03
CUS-000629,Mohamed Zaki,Emirati,UAE,55-64,Investor,Investor,Primary Residence,EGP 100-250k/mo,In-Person,Paid Digital,False,1,12661754.74,2025-02-20
CUS-000630,Nada El-Masry,Egyptian,Egypt,35-44,First-Time Buyer,Investor,Primary Residence,Under EGP 50k/mo,Phone,Word of Mouth,False,1,10023317.9,2025-08-29
CUS-000631,Mohamed El-Tahawy,Egyptian,Egypt,55-64,First-Time Buyer,Investor,Second Home,EGP 100-250k/mo,WhatsApp,Organic / Website,False,1,22962445.49,2025-01-26
CUS-000632,Omar Mostafa,Emirati,UAE,35-44,First-Time Buyer,Investor,Investment / Resale,Under EGP 50k/mo,Email,Organic / Website,False,1,4757546.56,2025-03-22
CUS-000633,Sherif Sabry,Kuwaiti,Kuwait,35-44,Mass Affluent,Investor,Investment / Resale,EGP 100-250k/mo,WhatsApp,Organic / Website,False,1,17383160.59,2026-03-20
CUS-000634,Tarek Salem,Kuwaiti,Kuwait,25-34,High Net Worth,Investor,Rental Income,EGP 50-100k/mo,Email,Organic / Website,False,1,10206861.48,2024-07-15
CUS-000635,Emad El-Sayed,Egyptian,Egypt,55-64,Mass Affluent,Investor,Investment / Resale,Over EGP 250k/mo,In-Person,Event,False,1,19118805.19,2026-06-30
CUS-000636,Farida Fahmy,Egyptian,Egypt,25-34,Investor,Investor,Investment / Resale,Over EGP 250k/mo,In-Person,Broker Referral,False,1,8376813.75,2026-05-03
CUS-000637,Ramy Al-Fahim,Saudi,Egypt,45-54,Investor,Investor,Investment / Resale,EGP 100-250k/mo,WhatsApp,Paid Digital,False,1,12680550.34,2026-06-11
CUS-000638,Sameh Hegazy,Egyptian,Egypt,25-34,First-Time Buyer,Investor,Investment / Resale,Over EGP 250k/mo,WhatsApp,Word of Mouth,False,1,10623377.09,2026-04-08
CUS-000639,Emad Farouk,Emirati,UAE,45-54,Mass Affluent,Investor,Investment / Resale,Over EGP 250k/mo,In-Person,Paid Digital,False,1,12077357.37,2025-09-03
CUS-000640,Mariam Shawky,Egyptian,Egypt,55-64,First-Time Buyer,Investor,Second Home,EGP 50-100k/mo,Phone,Broker Referral,False,1,14178098.69,2024-10-08
CUS-000641,Salma Zaki,Jordanian,Egypt,35-44,High Net Worth,Investor,Rental Income,Under EGP 50k/mo,Email,Broker Referral,False,1,12088687.56,2026-05-28
CUS-000642,Yassin Hegazy,Egyptian,Egypt,55-64,High Net Worth,Investor,Primary Residence,EGP 100-250k/mo,In-Person,Broker Referral,False,1,13429883.65,2025-09-29
CUS-000643,Emad Nour,British,United Kingdom,35-44,High Net Worth,Investor,Second Home,EGP 50-100k/mo,Phone,Organic / Website,False,1,17193332.57,2025-10-04
CUS-000644,Laila Zaki,Egyptian,Egypt,65+,High Net Worth,Investor,Second Home,Over EGP 250k/mo,In-Person,Word of Mouth,False,1,18261921.82,2024-12-10
CUS-000645,Nada El-Tahawy,Egyptian,Egypt,55-64,First-Time Buyer,Investor,Primary Residence,EGP 100-250k/mo,Email,Event,False,1,3187758.18,2025-09-15
CUS-000646,Ziad Mostafa,Egyptian,Egypt,35-44,Investor,Investor,Primary Residence,Over EGP 250k/mo,WhatsApp,Broker Referral,False,1,7126373.85,2025-09-28
CUS-000647,Mostafa Reda,Other,Other,55-64,First-Time Buyer,Investor,Rental Income,EGP 50-100k/mo,WhatsApp,Broker Referral,False,1,14368935.73,2024-09-26
CUS-000648,Tarek Fathy,Egyptian,Egypt,35-44,First-Time Buyer,Investor,Primary Residence,EGP 100-250k/mo,Phone,Organic / Website,False,1,18489473.19,2025-02-23
CUS-000649,Hany Aziz,Egyptian,Egypt,35-44,Investor,Investor,Primary Residence,EGP 50-100k/mo,In-Person,Organic / Website,False,1,7313501.57,2025-07-14
CUS-000650,Hany El-Sayed,Egyptian,Egypt,55-64,Investor,Investor,Rental Income,EGP 50-100k/mo,Email,Organic / Website,False,1,7647131.96,2025-11-15
CUS-000651,Ziad Zaki,Jordanian,Jordan,25-34,First-Time Buyer,Investor,Investment / Resale,Over EGP 250k/mo,Phone,Organic / Website,False,1,2643288.72,2024-07-12
CUS-000652,Nourhan Al-Fahim,Egyptian,Egypt,35-44,High Net Worth,Investor,Rental Income,EGP 50-100k/mo,WhatsApp,Broker Referral,False,1,3481006.34,2026-05-26
CUS-000653,Sameh Anwar,Egyptian,Egypt,55-64,First-Time Buyer,Investor,Investment / Resale,EGP 50-100k/mo,Email,Event,False,1,15023936.93,2026-03-07
CUS-000654,Wael Barakat,Egyptian,Egypt,35-44,Mass Affluent,Investor,Investment / Resale,EGP 100-250k/mo,Email,Organic / Website,False,1,12057542.53,2025-07-15
CUS-000655,Hana Anwar,Egyptian,Egypt,55-64,Investor,Investor,Second Home,EGP 100-250k/mo,WhatsApp,Event,False,1,14285051.98,2025-06-15
CUS-000656,Sherif Mostafa,Kuwaiti,Kuwait,65+,Investor,Investor,Primary Residence,Under EGP 50k/mo,WhatsApp,Broker Referral,False,1,8027286.42,2024-10-25
CUS-000657,Khaled Abdallah,Egyptian,Egypt,45-54,Investor,Investor,Rental Income,Under EGP 50k/mo,In-Person,Broker Referral,False,1,13900730.23,2026-03-20
CUS-000658,Mariam Mostafa,Egyptian,Egypt,25-34,First-Time Buyer,Investor,Second Home,Under EGP 50k/mo,In-Person,Broker Referral,False,1,6789726.94,2025-07-03
CUS-000659,Nourhan Anwar,Egyptian,Egypt,25-34,First-Time Buyer,Investor,Second Home,EGP 50-100k/mo,Phone,Organic / Website,False,1,21666158.25,2025-05-18
CUS-000660,Sameh Anwar,Egyptian,Egypt,55-64,High Net Worth,Investor,Second Home,EGP 100-250k/mo,WhatsApp,Word of Mouth,False,1,15216517.63,2025-01-30
CUS-000661,Yassin El-Sayed,Saudi,Saudi Arabia,25-34,First-Time Buyer,Investor,Primary Residence,EGP 50-100k/mo,WhatsApp,Word of Mouth,False,1,14442397.82,2024-11-08
CUS-000662,Ibrahim Abdallah,Egyptian,Egypt,25-34,First-Time Buyer,Investor,Second Home,Over EGP 250k/mo,In-Person,Paid Digital,False,1,18981473.06,2026-04-17
CUS-000663,Ashraf Abdallah,Egyptian,Egypt,45-54,High Net Worth,Investor,Rental Income,EGP 50-100k/mo,Phone,Paid Digital,False,1,13954338.72,2024-09-28
CUS-000664,Adel Hegazy,Egyptian,Egypt,45-54,Investor,Investor,Investment / Resale,EGP 100-250k/mo,In-Person,Paid Digital,False,1,14607097.02,2025-01-01
CUS-000665,Yasmin Fahmy,Egyptian,Egypt,45-54,High Net Worth,Investor,Second Home,Under EGP 50k/mo,WhatsApp,Word of Mouth,False,1,7274396.47,2024-12-02
CUS-000666,Mahmoud Youssef,Egyptian,Egypt,25-34,Mass Affluent,Investor,Second Home,EGP 100-250k/mo,WhatsApp,Organic / Website,False,1,11958602.59,2025-10-10
CUS-000667,Emad Hussein,Emirati,UAE,35-44,Investor,Investor,Primary Residence,EGP 100-250k/mo,In-Person,Event,False,1,5414493.79,2024-07-17
CUS-000668,Youssef Chevalier,Egyptian,Egypt,45-54,Investor,Investor,Investment / Resale,Under EGP 50k/mo,Email,Word of Mouth,False,1,12746253.69,2026-05-14
CUS-000669,Nour Rashad,Egyptian,Egypt,25-34,First-Time Buyer,Investor,Rental Income,Under EGP 50k/mo,Email,Word of Mouth,False,1,8462684.48,2024-12-02
CUS-000670,Hassan Fahmy,Emirati,UAE,35-44,High Net Worth,Investor,Rental Income,Under EGP 50k/mo,WhatsApp,Word of Mouth,False,1,16970145.37,2024-10-28
CUS-000671,Nourhan Mostafa,Egyptian,Egypt,65+,Investor,Investor,Primary Residence,EGP 100-250k/mo,Email,Organic / Website,False,1,3121961.82,2024-09-27
CUS-000672,Mostafa Anwar,Saudi,Saudi Arabia,55-64,First-Time Buyer,Investor,Second Home,EGP 100-250k/mo,In-Person,Event,False,1,4385640.35,2024-12-26
CUS-000673,Malak Fathy,British,United Kingdom,45-54,Investor,Investor,Rental Income,Under EGP 50k/mo,WhatsApp,Organic / Website,False,1,17180466.65,2024-10-31
CUS-000674,Laila Kamal,British,United Kingdom,35-44,First-Time Buyer,Investor,Second Home,Over EGP 250k/mo,In-Person,Word of Mouth,False,1,6319184.62,2025-04-30
CUS-000675,Yasmin Reda,Saudi,Saudi Arabia,55-64,High Net Worth,Investor,Primary Residence,EGP 100-250k/mo,In-Person,Word of Mouth,False,1,13605712.41,2025-05-21
CUS-000676,Amr Gomaa,Egyptian,Egypt,35-44,Investor,Investor,Second Home,EGP 50-100k/mo,WhatsApp,Event,False,1,21342314.98,2024-08-17
CUS-000677,Youssef Mostafa,Egyptian,Egypt,25-34,High Net Worth,Investor,Rental Income,EGP 100-250k/mo,Email,Event,False,1,17296994.12,2025-09-09
CUS-000678,Hana El-Sayed,Egyptian,Egypt,35-44,First-Time Buyer,Investor,Investment / Resale,EGP 100-250k/mo,Email,Paid Digital,False,1,13020515.51,2025-03-22
CUS-000679,Nada Metwally,British,United Kingdom,45-54,Investor,End-User,Primary Residence,Under EGP 50k/mo,Email,Broker Referral,False,1,1829582.21,2026-05-28
CUS-000680,Rami Abdallah,Egyptian,Egypt,55-64,Mass Affluent,End-User,Rental Income,EGP 50-100k/mo,In-Person,Paid Digital,False,1,1796828.25,2024-10-06
CUS-000681,Mariam Kamal,Emirati,UAE,35-44,Investor,Investor,Investment / Resale,Under EGP 50k/mo,In-Person,Word of Mouth,False,1,3220881.57,2026-06-26
CUS-000682,Fady Hegazy,Egyptian,Egypt,25-34,Mass Affluent,End-User,Investment / Resale,Over EGP 250k/mo,In-Person,Organic / Website,False,1,3629156.36,2025-07-10
CUS-000683,Sara Hussein,Egyptian,Egypt,45-54,Investor,End-User,Primary Residence,EGP 100-250k/mo,WhatsApp,Word of Mouth,False,1,3230616.54,2026-06-05
CUS-000684,Ziad El-Tahawy,Egyptian,Egypt,45-54,High Net Worth,End-User,Primary Residence,EGP 100-250k/mo,Phone,Word of Mouth,False,1,3506832.86,2026-06-30
CUS-000685,Sara El-Sayed,Egyptian,Egypt,45-54,High Net Worth,End-User,Rental Income,Over EGP 250k/mo,In-Person,Broker Referral,False,1,3859110.64,2026-06-24
CUS-000686,Ziad Anwar,British,United Kingdom,35-44,First-Time Buyer,End-User,Investment / Resale,Under EGP 50k/mo,In-Person,Event,False,1,3596531.56,2026-06-30
CUS-000687,Mostafa Barakat,Egyptian,Egypt,65+,Investor,End-User,Investment / Resale,EGP 100-250k/mo,Email,Paid Digital,False,1,5241863.3,2025-01-24
CUS-000688,Nada Al-Fahim,Egyptian,Egypt,45-54,High Net Worth,End-User,Rental Income,Under EGP 50k/mo,Email,Event,False,1,2594054.87,2025-04-29
CUS-000689,Khaled Novak,Egyptian,Egypt,45-54,Investor,End-User,Investment / Resale,Under EGP 50k/mo,Email,Word of Mouth,False,1,3978735.72,2026-05-08
CUS-000690,Ramy Metwally,Egyptian,Egypt,35-44,Investor,End-User,Rental Income,Under EGP 50k/mo,Email,Broker Referral,False,1,5199712.67,2024-11-16
CUS-000691,Ziad El-Tahawy,Kuwaiti,Kuwait,25-34,High Net Worth,Investor,Primary Residence,Under EGP 50k/mo,Email,Word of Mouth,False,1,4654167.35,2026-06-27
CUS-000692,Farida Salem,Egyptian,Egypt,45-54,Mass Affluent,End-User,Primary Residence,EGP 50-100k/mo,Email,Paid Digital,False,1,5964225.87,2026-06-30
CUS-000693,Dalia Fathy,Egyptian,Egypt,35-44,Mass Affluent,Investor,Primary Residence,EGP 50-100k/mo,Email,Event,False,1,3298346.1,2026-05-09
CUS-000694,Heba Barakat,Egyptian,Egypt,45-54,First-Time Buyer,End-User,Primary Residence,EGP 100-250k/mo,In-Person,Organic / Website,False,1,4662233.1,2026-06-08
CUS-000695,Yasmin Zaki,Egyptian,Egypt,35-44,Investor,End-User,Investment / Resale,EGP 50-100k/mo,WhatsApp,Broker Referral,False,1,2635591.92,2026-06-17
CUS-000696,Khaled Kamal,Egyptian,Egypt,35-44,First-Time Buyer,End-User,Primary Residence,Under EGP 50k/mo,In-Person,Word of Mouth,False,1,3962652.47,2026-06-30
CUS-000697,Reem Anwar,Egyptian,Egypt,25-34,Mass Affluent,End-User,Investment / Resale,Under EGP 50k/mo,WhatsApp,Paid Digital,False,1,4752291.26,2026-06-06
CUS-000698,Jana Al-Fahim,Egyptian,Egypt,55-64,Mass Affluent,End-User,Second Home,EGP 100-250k/mo,Phone,Organic / Website,False,1,4246396.65,2025-12-29
CUS-000699,Nour El-Tahawy,Egyptian,Egypt,45-54,High Net Worth,End-User,Second Home,EGP 100-250k/mo,In-Person,Organic / Website,False,1,2166823.08,2026-06-24
CUS-000700,Ahmed Mostafa,Saudi,Egypt,25-34,High Net Worth,End-User,Primary Residence,Under EGP 50k/mo,Phone,Organic / Website,False,1,2082610.2,2026-06-11
CUS-000701,Mohamed Shawky,Egyptian,Egypt,45-54,Investor,Investor,Primary Residence,EGP 100-250k/mo,Phone,Paid Digital,False,1,2861869.19,2026-06-30
CUS-000702,Sherif Gomaa,Egyptian,Egypt,35-44,Mass Affluent,End-User,Rental Income,EGP 100-250k/mo,WhatsApp,Event,False,1,1796250.24,2026-05-16
CUS-000703,Ziad Metwally,Saudi,Egypt,65+,First-Time Buyer,End-User,Rental Income,EGP 100-250k/mo,Email,Organic / Website,False,1,3596711.89,2026-05-29
CUS-000704,Wael Reda,Emirati,UAE,55-64,Investor,End-User,Primary Residence,Over EGP 250k/mo,In-Person,Paid Digital,False,1,2549714.77,2025-05-02
CUS-000705,Sameh Zaki,Egyptian,Egypt,45-54,Investor,End-User,Second Home,Over EGP 250k/mo,Phone,Paid Digital,False,1,3995537.44,2025-06-23
CUS-000706,Heba Chevalier,Egyptian,Egypt,45-54,Investor,End-User,Rental Income,EGP 50-100k/mo,Email,Event,False,1,2756204.08,2026-04-27
CUS-000707,Hassan Reda,Egyptian,Egypt,35-44,Investor,End-User,Primary Residence,Over EGP 250k/mo,WhatsApp,Broker Referral,False,1,2357994.24,2026-05-04
CUS-000708,Amira Naguib,Saudi,Saudi Arabia,25-34,Investor,End-User,Investment / Resale,EGP 100-250k/mo,Phone,Event,False,1,4295449.54,2026-05-12
CUS-000709,Khaled Chevalier,Egyptian,Egypt,45-54,Investor,End-User,Second Home,Under EGP 50k/mo,In-Person,Broker Referral,False,1,4038494.96,2026-06-20
CUS-000710,Laila Chevalier,Egyptian,Egypt,45-54,Mass Affluent,End-User,Investment / Resale,EGP 100-250k/mo,WhatsApp,Organic / Website,False,1,4075424.33,2026-05-27
CUS-000711,Amr Mansour,Egyptian,Egypt,35-44,High Net Worth,End-User,Second Home,EGP 50-100k/mo,Email,Word of Mouth,False,1,3268585.39,2026-05-30
CUS-000712,Mahmoud Hussein,Egyptian,Egypt,25-34,High Net Worth,End-User,Rental Income,Under EGP 50k/mo,Phone,Organic / Website,False,1,3589292.71,2024-12-29
CUS-000713,Adel El-Sayed,Egyptian,Egypt,35-44,First-Time Buyer,End-User,Rental Income,EGP 100-250k/mo,WhatsApp,Word of Mouth,False,1,2263019.94,2026-05-31
CUS-000714,Mohamed Nour,Egyptian,Egypt,25-34,Investor,End-User,Investment / Resale,Under EGP 50k/mo,Phone,Paid Digital,False,1,1981415.72,2026-05-16
CUS-000715,Laila Novak,Egyptian,Egypt,45-54,Investor,End-User,Primary Residence,Under EGP 50k/mo,WhatsApp,Event,False,1,3080747.49,2025-03-25
CUS-000716,Adel Naguib,Egyptian,Egypt,45-54,Investor,End-User,Rental Income,EGP 100-250k/mo,WhatsApp,Broker Referral,False,1,4107788.8,2026-03-08
CUS-000717,Dalia Barakat,Emirati,UAE,35-44,Investor,End-User,Investment / Resale,EGP 50-100k/mo,WhatsApp,Broker Referral,False,1,5472513.62,2025-04-16
CUS-000718,Ashraf Mostafa,Saudi,Saudi Arabia,45-54,Mass Affluent,End-User,Primary Residence,Under EGP 50k/mo,Phone,Organic / Website,False,1,2481041.76,2025-02-27
CUS-000719,Wael Novak,Emirati,UAE,25-34,High Net Worth,End-User,Investment / Resale,Over EGP 250k/mo,WhatsApp,Event,False,1,5241695.76,2025-10-11
CUS-000720,Omar Aziz,Emirati,UAE,35-44,First-Time Buyer,End-User,Primary Residence,EGP 100-250k/mo,In-Person,Event,False,1,4803768.23,2025-09-24
CUS-000721,Khaled Salem,Egyptian,Egypt,35-44,First-Time Buyer,End-User,Investment / Resale,Over EGP 250k/mo,Email,Event,False,1,3959870.69,2026-04-07
CUS-000722,Laila Chevalier,Egyptian,Egypt,25-34,First-Time Buyer,End-User,Primary Residence,EGP 100-250k/mo,Phone,Word of Mouth,False,1,3802141.69,2026-04-11
CUS-000723,Yasmin El-Tahawy,Emirati,UAE,65+,Mass Affluent,End-User,Primary Residence,Under EGP 50k/mo,Phone,Broker Referral,False,1,3032860.99,2026-06-10
CUS-000724,Heba Salem,Egyptian,Egypt,45-54,Investor,End-User,Primary Residence,EGP 50-100k/mo,In-Person,Event,False,1,4872422.67,2025-05-08
CUS-000725,Yasmin Mansour,Jordanian,Jordan,25-34,High Net Worth,End-User,Primary Residence,EGP 100-250k/mo,In-Person,Broker Referral,False,1,3101295.19,2025-01-22
CUS-000726,Jana Barakat,Other,Egypt,65+,Mass Affluent,End-User,Primary Residence,Under EGP 50k/mo,Phone,Organic / Website,False,1,3023874.8,2025-02-08
CUS-000727,Ashraf Mansour,Egyptian,Egypt,55-64,Mass Affluent,End-User,Primary Residence,Under EGP 50k/mo,Email,Event,False,1,4370451.51,2024-08-18
CUS-000728,Hassan Salem,Egyptian,Egypt,55-64,Investor,End-User,Primary Residence,EGP 50-100k/mo,WhatsApp,Event,False,1,5056972.06,2025-12-10
CUS-000729,Dalia Reda,Jordanian,Egypt,35-44,Mass Affluent,End-User,Primary Residence,Under EGP 50k/mo,Phone,Organic / Website,False,1,3577898.17,2025-08-04
CUS-000730,Dalia Anwar,Egyptian,Egypt,25-34,First-Time Buyer,End-User,Investment / Resale,EGP 100-250k/mo,Email,Broker Referral,False,1,3750829.43,2025-11-12
CUS-000731,Mostafa Chevalier,Jordanian,Egypt,35-44,Investor,End-User,Primary Residence,EGP 50-100k/mo,WhatsApp,Organic / Website,False,1,3648566.81,2025-10-27
CUS-000732,Rami Abdallah,Egyptian,Egypt,45-54,Mass Affluent,End-User,Rental Income,Over EGP 250k/mo,Phone,Event,False,1,3011654.45,2026-01-05
CUS-000733,Khaled Fahmy,Saudi,Saudi Arabia,25-34,Mass Affluent,End-User,Second Home,EGP 50-100k/mo,WhatsApp,Organic / Website,False,1,1936637.13,2025-06-27
CUS-000734,Rami Farouk,Egyptian,Egypt,45-54,High Net Worth,End-User,Primary Residence,EGP 50-100k/mo,In-Person,Broker Referral,False,1,2803160.1,2025-12-28
CUS-000735,Dalia El-Tahawy,Other,Other,65+,First-Time Buyer,End-User,Investment / Resale,Under EGP 50k/mo,WhatsApp,Event,False,1,4684799.62,2024-07-24
CUS-000736,Hana Hussein,Egyptian,Egypt,25-34,High Net Worth,End-User,Primary Residence,Over EGP 250k/mo,WhatsApp,Word of Mouth,False,1,4682696.79,2025-07-18
CUS-000737,Hany Barakat,Egyptian,Egypt,35-44,Mass Affluent,End-User,Second Home,Under EGP 50k/mo,Phone,Broker Referral,False,1,3586292.86,2025-01-07
CUS-000738,Yasmin Novak,Saudi,Saudi Arabia,45-54,Investor,End-User,Investment / Resale,EGP 100-250k/mo,Email,Paid Digital,False,1,4113127.14,2025-06-04
CUS-000739,Laila Fathy,Egyptian,Egypt,35-44,First-Time Buyer,End-User,Investment / Resale,Under EGP 50k/mo,In-Person,Broker Referral,False,1,3628445.51,2024-08-29
CUS-000740,Nada Barakat,Egyptian,Egypt,55-64,Investor,End-User,Second Home,Under EGP 50k/mo,Phone,Paid Digital,False,1,3548888.36,2025-08-20
CUS-000741,Laila Barakat,Egyptian,Egypt,65+,First-Time Buyer,End-User,Investment / Resale,EGP 50-100k/mo,WhatsApp,Paid Digital,False,1,4787751.78,2024-09-07
CUS-000742,Sameh Mostafa,Egyptian,Egypt,65+,Investor,End-User,Rental Income,Over EGP 250k/mo,WhatsApp,Word of Mouth,False,1,5214043.73,2025-04-11
CUS-000743,Ibrahim Reda,Egyptian,Egypt,35-44,Investor,End-User,Investment / Resale,EGP 100-250k/mo,In-Person,Event,False,1,3050696.72,2024-11-29
CUS-000744,Youssef Metwally,Egyptian,Egypt,35-44,Mass Affluent,End-User,Primary Residence,Under EGP 50k/mo,Email,Organic / Website,False,1,2326264.01,2025-07-02
CUS-000745,Salma Al-Rashid,Egyptian,Egypt,45-54,High Net Worth,End-User,Primary Residence,Under EGP 50k/mo,Phone,Word of Mouth,False,1,3458717.04,2026-03-20
CUS-000746,Malak Hegazy,Egyptian,Egypt,65+,High Net Worth,End-User,Investment / Resale,EGP 100-250k/mo,In-Person,Broker Referral,False,1,3055139.87,2024-12-21
CUS-000747,Omar Mostafa,Egyptian,Egypt,35-44,Investor,End-User,Investment / Resale,Under EGP 50k/mo,Email,Event,False,1,5969827.24,2025-02-03
CUS-000748,Hany Chevalier,Saudi,Saudi Arabia,55-64,Investor,End-User,Primary Residence,Over EGP 250k/mo,WhatsApp,Broker Referral,False,1,2769211.78,2025-02-24
CUS-000749,Youssef Al-Rashid,Egyptian,Egypt,35-44,First-Time Buyer,End-User,Investment / Resale,EGP 50-100k/mo,In-Person,Event,False,1,4029085.9,2024-08-14
CUS-000750,Heba Hussein,Egyptian,Egypt,25-34,Investor,End-User,Second Home,EGP 50-100k/mo,WhatsApp,Word of Mouth,False,1,3892612.18,2025-06-02
CUS-000751,Jana Chevalier,Egyptian,Egypt,35-44,Mass Affluent,End-User,Second Home,EGP 50-100k/mo,In-Person,Word of Mouth,False,1,4108862.33,2026-02-21
CUS-000752,Jana El-Tahawy,Egyptian,Egypt,45-54,Investor,End-User,Primary Residence,EGP 50-100k/mo,Phone,Broker Referral,False,1,1703745.93,2025-11-17
CUS-000753,Dina Mostafa,Egyptian,Egypt,55-64,Mass Affluent,End-User,Rental Income,EGP 50-100k/mo,Phone,Broker Referral,False,1,4943891.49,2026-06-18
CUS-000754,Wael Mansour,Egyptian,Egypt,35-44,First-Time Buyer,End-User,Investment / Resale,EGP 50-100k/mo,Phone,Broker Referral,False,1,4812442.37,2024-07-16
CUS-000755,Mahmoud Sabry,Egyptian,Egypt,25-34,High Net Worth,End-User,Investment / Resale,Over EGP 250k/mo,In-Person,Paid Digital,False,1,3502688.67,2025-09-30
CUS-000756,Nada Naguib,Saudi,Egypt,55-64,Investor,End-User,Investment / Resale,EGP 50-100k/mo,Email,Word of Mouth,False,1,2857786.31,2025-03-14
CUS-000757,Aya Fathy,Egyptian,Egypt,45-54,Investor,End-User,Primary Residence,Over EGP 250k/mo,In-Person,Paid Digital,False,1,5205199.88,2025-08-16
CUS-000758,Nour Hegazy,Egyptian,Egypt,35-44,Investor,End-User,Second Home,Over EGP 250k/mo,Email,Event,False,1,3669366.46,2025-12-16
CUS-000759,Mostafa Aziz,Egyptian,Egypt,25-34,Investor,End-User,Second Home,Over EGP 250k/mo,WhatsApp,Word of Mouth,False,1,3676984.13,2026-03-05
CUS-000760,Sameh Hegazy,Egyptian,Egypt,35-44,Mass Affluent,End-User,Second Home,Over EGP 250k/mo,Phone,Word of Mouth,False,1,3305210.62,2025-04-19
CUS-000761,Ashraf Novak,Egyptian,Egypt,55-64,Investor,End-User,Investment / Resale,Under EGP 50k/mo,In-Person,Word of Mouth,False,1,4830028.34,2024-12-10
CUS-000762,Emad El-Tahawy,Other,Other,35-44,Mass Affluent,End-User,Rental Income,EGP 50-100k/mo,Phone,Organic / Website,False,1,4104835.66,2024-12-17
CUS-000763,Rana Youssef,Egyptian,Egypt,55-64,First-Time Buyer,End-User,Second Home,EGP 50-100k/mo,Phone,Word of Mouth,False,1,3087402.55,2026-01-30
CUS-000764,Nada Abdallah,Egyptian,Egypt,25-34,Investor,End-User,Primary Residence,EGP 50-100k/mo,Phone,Word of Mouth,False,1,3161363.84,2025-02-07
CUS-000765,Yassin Kamal,Egyptian,Egypt,45-54,First-Time Buyer,End-User,Rental Income,Over EGP 250k/mo,Email,Organic / Website,False,1,5203148.85,2025-07-05
CUS-000766,Ramy Aziz,Egyptian,Egypt,45-54,Mass Affluent,End-User,Investment / Resale,Under EGP 50k/mo,Email,Word of Mouth,False,1,4988552.24,2024-12-07
CUS-000767,Khaled Fahmy,Egyptian,Egypt,55-64,Mass Affluent,End-User,Second Home,EGP 100-250k/mo,Email,Organic / Website,False,1,4069275.91,2026-01-30
CUS-000768,Reem El-Sayed,Saudi,Saudi Arabia,45-54,Mass Affluent,End-User,Second Home,Over EGP 250k/mo,Phone,Paid Digital,False,1,4281028.23,2026-04-13
CUS-000769,Jana Zaki,Egyptian,Egypt,35-44,First-Time Buyer,End-User,Primary Residence,EGP 100-250k/mo,Email,Organic / Website,False,1,3467647.22,2025-11-23
CUS-000770,Dalia Hegazy,Egyptian,Egypt,35-44,First-Time Buyer,End-User,Second Home,EGP 100-250k/mo,WhatsApp,Event,False,1,4640627.7,2026-06-06
CUS-000771,Dalia Hegazy,Egyptian,Egypt,35-44,Investor,End-User,Investment / Resale,EGP 100-250k/mo,Phone,Organic / Website,False,1,4148558.65,2025-04-01
CUS-000772,Ibrahim Mostafa,Kuwaiti,Kuwait,45-54,Investor,End-User,Second Home,Over EGP 250k/mo,WhatsApp,Word of Mouth,False,1,4232017.44,2025-08-15
CUS-000773,Wael Farouk,Emirati,UAE,45-54,Investor,End-User,Rental Income,Under EGP 50k/mo,In-Person,Broker Referral,False,1,1786286.39,2025-08-05
CUS-000774,Emad Youssef,Egyptian,Egypt,35-44,High Net Worth,End-User,Rental Income,Under EGP 50k/mo,Email,Word of Mouth,False,1,2297419.84,2026-04-03
CUS-000775,Amira Nour,Egyptian,Egypt,35-44,High Net Worth,End-User,Primary Residence,Over EGP 250k/mo,Phone,Paid Digital,False,1,3819433.06,2025-01-13
CUS-000776,Ramy Kamal,Jordanian,Egypt,55-64,First-Time Buyer,End-User,Primary Residence,EGP 50-100k/mo,In-Person,Paid Digital,False,1,4266349.07,2025-10-31
CUS-000777,Khaled Sabry,Kuwaiti,Kuwait,35-44,Mass Affluent,End-User,Investment / Resale,Over EGP 250k/mo,Email,Word of Mouth,False,1,3618278.83,2025-05-16
CUS-000778,Ashraf Hussein,Egyptian,Egypt,35-44,Mass Affluent,End-User,Second Home,EGP 100-250k/mo,Phone,Broker Referral,False,1,4579185.63,2025-09-12
CUS-000779,Youssef Novak,British,United Kingdom,45-54,Mass Affluent,End-User,Rental Income,EGP 100-250k/mo,Phone,Paid Digital,False,1,5222275.16,2026-05-26
CUS-000780,Rami Novak,Egyptian,Egypt,45-54,High Net Worth,End-User,Primary Residence,EGP 50-100k/mo,WhatsApp,Organic / Website,False,1,2867615.7,2025-10-31
CUS-000781,Ashraf Reda,Egyptian,Egypt,45-54,Mass Affluent,End-User,Second Home,EGP 100-250k/mo,In-Person,Event,False,1,5847001.83,2024-12-09
CUS-000782,Youssef Barakat,Egyptian,Egypt,55-64,High Net Worth,End-User,Primary Residence,Over EGP 250k/mo,WhatsApp,Paid Digital,False,1,2963908.01,2026-03-30
CUS-000783,Malak Rashad,Kuwaiti,Kuwait,45-54,First-Time Buyer,End-User,Second Home,Under EGP 50k/mo,Email,Paid Digital,False,1,4632897.98,2024-08-08
CUS-000784,Yassin Reda,Egyptian,Egypt,25-34,High Net Worth,End-User,Primary Residence,EGP 50-100k/mo,Phone,Organic / Website,False,1,4807477.28,2025-09-18
CUS-000785,Amr Fathy,British,United Kingdom,35-44,High Net Worth,End-User,Rental Income,Over EGP 250k/mo,In-Person,Broker Referral,False,1,4451354.89,2025-07-22
CUS-000786,Amr Hussein,Egyptian,Egypt,45-54,Investor,End-User,Rental Income,EGP 50-100k/mo,WhatsApp,Event,False,1,4108096.37,2025-09-05
CUS-000787,Mariam Mansour,Egyptian,Egypt,55-64,Mass Affluent,End-User,Primary Residence,EGP 50-100k/mo,In-Person,Event,False,1,3868049.68,2024-10-03
CUS-000788,Dalia Sabry,Saudi,Saudi Arabia,55-64,Mass Affluent,End-User,Primary Residence,Under EGP 50k/mo,WhatsApp,Word of Mouth,False,1,2526951.3,2025-02-13
CUS-000789,Heba Fahmy,Egyptian,Egypt,35-44,Investor,End-User,Investment / Resale,Under EGP 50k/mo,Email,Paid Digital,False,1,5733950.4,2025-03-20
CUS-000790,Mona Barakat,British,United Kingdom,45-54,Mass Affluent,End-User,Second Home,Over EGP 250k/mo,In-Person,Broker Referral,False,1,2622069.56,2025-04-13
CUS-000791,Hany Nour,Egyptian,Egypt,25-34,Mass Affluent,End-User,Investment / Resale,EGP 50-100k/mo,Phone,Organic / Website,False,1,3015452.37,2025-01-28
CUS-000792,Reem Zaki,Egyptian,Egypt,35-44,Mass Affluent,End-User,Second Home,EGP 100-250k/mo,WhatsApp,Event,False,1,5163207.0,2025-06-11
CUS-000793,Laila El-Tahawy,Egyptian,Egypt,55-64,High Net Worth,End-User,Second Home,EGP 100-250k/mo,Email,Broker Referral,False,1,2181022.36,2026-06-13
CUS-000794,Nour Aziz,Egyptian,Egypt,55-64,High Net Worth,End-User,Investment / Resale,Under EGP 50k/mo,Email,Broker Referral,False,1,3983302.46,2025-11-06
CUS-000795,Rami Mansour,Saudi,Egypt,35-44,First-Time Buyer,End-User,Second Home,Under EGP 50k/mo,Phone,Organic / Website,False,1,4434627.69,2025-05-20
CUS-000796,Nour Fahmy,Egyptian,Egypt,35-44,First-Time Buyer,End-User,Second Home,Over EGP 250k/mo,WhatsApp,Paid Digital,False,1,3432659.98,2025-07-13
CUS-000797,Ziad Barakat,Kuwaiti,Kuwait,35-44,Investor,End-User,Rental Income,EGP 100-250k/mo,Phone,Word of Mouth,False,1,4246367.76,2026-01-06
CUS-000798,Omar El-Tahawy,Egyptian,Egypt,35-44,Investor,End-User,Second Home,EGP 100-250k/mo,Email,Paid Digital,False,1,2519802.58,2026-04-18
CUS-000799,Nada Youssef,Egyptian,Egypt,25-34,High Net Worth,End-User,Investment / Resale,EGP 50-100k/mo,Email,Event,False,1,2223177.02,2024-10-01
CUS-000800,Sara Zaki,Egyptian,Egypt,45-54,High Net Worth,End-User,Investment / Resale,Under EGP 50k/mo,WhatsApp,Event,False,1,2981729.86,2024-12-05
CUS-000801,Hana Abdallah,Saudi,Egypt,25-34,High Net Worth,End-User,Rental Income,EGP 50-100k/mo,In-Person,Organic / Website,False,1,2345346.04,2025-10-22
CUS-000802,Fady El-Masry,Egyptian,Egypt,55-64,Mass Affluent,End-User,Rental Income,Under EGP 50k/mo,Email,Paid Digital,False,1,3819949.43,2025-02-10
CUS-000803,Yasmin Chevalier,Egyptian,Egypt,35-44,Mass Affluent,End-User,Primary Residence,Over EGP 250k/mo,Email,Word of Mouth,False,1,2380247.97,2025-01-27
CUS-000804,Tarek Shawky,Egyptian,Egypt,45-54,High Net Worth,End-User,Rental Income,EGP 100-250k/mo,Phone,Word of Mouth,False,1,5007935.12,2026-05-30
CUS-000805,Khaled Aziz,Saudi,Egypt,55-64,Investor,End-User,Second Home,EGP 100-250k/mo,Phone,Word of Mouth,False,1,3101723.23,2026-04-05
CUS-000806,Mostafa Reda,Egyptian,Egypt,35-44,Investor,End-User,Second Home,Over EGP 250k/mo,Email,Paid Digital,False,1,3466438.03,2024-12-22
CUS-000807,Farida Naguib,Egyptian,Egypt,35-44,Mass Affluent,End-User,Second Home,Under EGP 50k/mo,In-Person,Broker Referral,False,1,3943343.44,2025-02-05
CUS-000808,Nourhan Mostafa,Egyptian,Egypt,25-34,First-Time Buyer,End-User,Rental Income,EGP 100-250k/mo,Email,Paid Digital,False,1,3890916.22,2026-02-06
CUS-000809,Emad Reda,Egyptian,Egypt,65+,High Net Worth,End-User,Primary Residence,EGP 100-250k/mo,WhatsApp,Paid Digital,False,1,5093510.67,2025-08-25
CUS-000810,Ramy Nour,Egyptian,Egypt,45-54,First-Time Buyer,End-User,Primary Residence,Under EGP 50k/mo,Email,Paid Digital,False,1,5860207.52,2025-09-05
CUS-000811,Emad Fathy,Egyptian,Egypt,25-34,Investor,End-User,Primary Residence,EGP 50-100k/mo,Email,Organic / Website,False,1,2710662.36,2025-05-08
CUS-000812,Hassan Aziz,Kuwaiti,Kuwait,25-34,Mass Affluent,End-User,Primary Residence,EGP 50-100k/mo,Phone,Word of Mouth,False,1,3805107.71,2025-03-05
CUS-000813,Fady Al-Fahim,Egyptian,Egypt,35-44,First-Time Buyer,End-User,Investment / Resale,EGP 50-100k/mo,Email,Broker Referral,False,1,3996800.08,2025-10-14
CUS-000814,Amr Novak,Jordanian,Jordan,25-34,Mass Affluent,End-User,Rental Income,Over EGP 250k/mo,Email,Paid Digital,False,1,3574044.67,2026-01-25
CUS-000815,Farida Mostafa,Egyptian,Egypt,35-44,Mass Affluent,End-User,Investment / Resale,Under EGP 50k/mo,Email,Word of Mouth,False,1,2092257.79,2025-08-12
CUS-000816,Farida Hussein,Egyptian,Egypt,25-34,Investor,End-User,Second Home,EGP 100-250k/mo,WhatsApp,Word of Mouth,False,1,3593694.18,2025-05-21
CUS-000817,Nourhan Anwar,Saudi,Egypt,65+,First-Time Buyer,End-User,Second Home,Over EGP 250k/mo,Phone,Organic / Website,False,1,4333822.01,2025-11-03
CUS-000818,Heba Sabry,Egyptian,Egypt,45-54,High Net Worth,End-User,Second Home,EGP 100-250k/mo,Email,Event,False,1,3198336.83,2024-07-15
CUS-000819,Omar Fahmy,Egyptian,Egypt,45-54,High Net Worth,End-User,Primary Residence,EGP 100-250k/mo,WhatsApp,Word of Mouth,False,1,4420841.29,2025-07-14
CUS-000820,Mahmoud Nour,Egyptian,Egypt,35-44,Mass Affluent,End-User,Rental Income,Over EGP 250k/mo,WhatsApp,Event,False,1,2784065.36,2024-07-28
CUS-000821,Wael Reda,Kuwaiti,Kuwait,55-64,High Net Worth,End-User,Primary Residence,Over EGP 250k/mo,Email,Broker Referral,False,1,2447438.8,2025-02-17
CUS-000822,Fady Barakat,British,United Kingdom,45-54,First-Time Buyer,End-User,Rental Income,Under EGP 50k/mo,WhatsApp,Broker Referral,False,1,2152671.99,2025-09-24
CUS-000823,Nour El-Masry,Egyptian,Egypt,55-64,Investor,End-User,Investment / Resale,Over EGP 250k/mo,Phone,Event,False,1,4444752.6,2025-06-28
CUS-000824,Ziad Hegazy,Egyptian,Egypt,55-64,High Net Worth,End-User,Rental Income,Under EGP 50k/mo,Phone,Paid Digital,False,1,4492341.22,2025-09-13
CUS-000825,Nada Naguib,Egyptian,Egypt,45-54,Investor,End-User,Rental Income,EGP 50-100k/mo,In-Person,Event,False,1,5053301.18,2025-03-04
CUS-000826,Ramy Al-Rashid,Kuwaiti,Kuwait,45-54,Mass Affluent,End-User,Second Home,EGP 50-100k/mo,Phone,Broker Referral,False,1,4479074.93,2026-01-12
CUS-000827,Khaled Kamal,Other,Egypt,35-44,High Net Worth,End-User,Rental Income,EGP 50-100k/mo,In-Person,Organic / Website,False,1,1951301.47,2025-07-26
CUS-000828,Farida Novak,Egyptian,Egypt,45-54,Investor,End-User,Rental Income,EGP 50-100k/mo,Email,Word of Mouth,False,1,1759343.06,2025-08-29
CUS-000829,Ashraf Al-Rashid,Kuwaiti,Kuwait,45-54,First-Time Buyer,End-User,Investment / Resale,EGP 100-250k/mo,Email,Organic / Website,False,1,4517401.06,2026-05-25
CUS-000830,Nada Anwar,Egyptian,Egypt,35-44,High Net Worth,End-User,Investment / Resale,EGP 100-250k/mo,Phone,Paid Digital,False,1,4206941.55,2026-06-25
CUS-000831,Heba Hussein,Egyptian,Egypt,25-34,Investor,End-User,Investment / Resale,Under EGP 50k/mo,WhatsApp,Paid Digital,False,1,5662522.86,2025-10-11
CUS-000832,Salma Novak,Egyptian,Egypt,35-44,Mass Affluent,End-User,Investment / Resale,EGP 100-250k/mo,Phone,Word of Mouth,False,1,5644106.16,2025-03-28
CUS-000833,Rami Barakat,Other,Other,25-34,First-Time Buyer,End-User,Primary Residence,Under EGP 50k/mo,WhatsApp,Word of Mouth,False,1,3649559.8,2026-04-11
CUS-000834,Mohamed Farouk,Egyptian,Egypt,35-44,Mass Affluent,End-User,Primary Residence,EGP 50-100k/mo,Email,Word of Mouth,False,1,4585006.43,2024-09-13
CUS-000835,Heba Zaki,Kuwaiti,Kuwait,55-64,High Net Worth,End-User,Second Home,Under EGP 50k/mo,Email,Paid Digital,False,1,2253120.26,2024-08-13
CUS-000836,Ramy Fahmy,Egyptian,Egypt,45-54,First-Time Buyer,End-User,Second Home,Over EGP 250k/mo,In-Person,Broker Referral,False,1,5363190.95,2025-01-04
CUS-000837,Nourhan Anwar,Egyptian,Egypt,25-34,Investor,End-User,Rental Income,Under EGP 50k/mo,WhatsApp,Broker Referral,False,1,5308809.69,2025-06-24
CUS-000838,Ziad Reda,Kuwaiti,Kuwait,35-44,Mass Affluent,End-User,Second Home,EGP 100-250k/mo,In-Person,Word of Mouth,False,1,3515225.18,2025-06-25
CUS-000839,Hassan Hegazy,Egyptian,Egypt,55-64,Investor,End-User,Rental Income,Over EGP 250k/mo,Phone,Broker Referral,False,1,4031234.06,2026-04-22
CUS-000840,Ramy Nour,British,United Kingdom,45-54,Mass Affluent,End-User,Investment / Resale,EGP 50-100k/mo,In-Person,Event,False,1,2204956.53,2025-09-08
CUS-000841,Yasmin Al-Rashid,Egyptian,Egypt,45-54,Investor,End-User,Second Home,Over EGP 250k/mo,Phone,Broker Referral,False,1,2271522.97,2025-09-27
CUS-000842,Sameh Salem,Egyptian,Egypt,25-34,First-Time Buyer,End-User,Second Home,Over EGP 250k/mo,Phone,Broker Referral,False,1,3928936.52,2025-01-09
CUS-000843,Sameh Youssef,British,United Kingdom,35-44,Investor,End-User,Second Home,Under EGP 50k/mo,In-Person,Broker Referral,False,1,3257306.42,2024-11-29
CUS-000844,Sara Mostafa,Emirati,UAE,65+,First-Time Buyer,End-User,Rental Income,Under EGP 50k/mo,WhatsApp,Organic / Website,False,1,6147993.26,2024-11-07
CUS-000845,Heba Metwally,Egyptian,Egypt,65+,High Net Worth,End-User,Investment / Resale,EGP 50-100k/mo,Email,Paid Digital,False,1,5285980.97,2025-11-29
CUS-000846,Mona Hussein,Saudi,Saudi Arabia,35-44,Investor,End-User,Second Home,EGP 100-250k/mo,In-Person,Paid Digital,False,1,5630768.0,2025-12-09
CUS-000847,Rami Reda,Egyptian,Egypt,35-44,High Net Worth,End-User,Rental Income,Under EGP 50k/mo,Phone,Broker Referral,False,1,4407873.03,2025-03-19
CUS-000848,Wael Al-Fahim,Egyptian,Egypt,45-54,First-Time Buyer,End-User,Primary Residence,Over EGP 250k/mo,WhatsApp,Word of Mouth,False,1,2542566.0,2024-09-23
CUS-000849,Khaled Fahmy,Jordanian,Egypt,25-34,High Net Worth,End-User,Primary Residence,EGP 100-250k/mo,Phone,Word of Mouth,False,1,3840503.5,2026-05-23
CUS-000850,Nour Naguib,Jordanian,Jordan,35-44,First-Time Buyer,End-User,Second Home,EGP 50-100k/mo,WhatsApp,Paid Digital,False,1,4361686.06,2025-12-27
CUS-000851,Tarek Salem,British,United Kingdom,35-44,Investor,End-User,Rental Income,Under EGP 50k/mo,WhatsApp,Broker Referral,False,1,4061239.3,2025-12-30
CUS-000852,Wael Reda,Egyptian,Egypt,35-44,Mass Affluent,End-User,Investment / Resale,Under EGP 50k/mo,Email,Word of Mouth,False,1,4044195.93,2026-02-05
CUS-000853,Fady Sabry,British,United Kingdom,35-44,Investor,End-User,Second Home,EGP 50-100k/mo,Phone,Event,False,1,5545640.04,2025-11-16
CUS-000854,Yassin Rashad,Egyptian,Egypt,25-34,First-Time Buyer,End-User,Rental Income,Over EGP 250k/mo,Phone,Organic / Website,False,1,2846567.44,2025-06-04
CUS-000855,Malak El-Masry,Egyptian,Egypt,65+,Investor,End-User,Rental Income,Over EGP 250k/mo,Email,Broker Referral,False,1,3634386.67,2026-01-17
CUS-000856,Farida Novak,Egyptian,Egypt,25-34,First-Time Buyer,End-User,Investment / Resale,EGP 100-250k/mo,Email,Paid Digital,False,1,2295791.52,2026-05-04
CUS-000857,Yassin Nour,Egyptian,Egypt,45-54,Investor,End-User,Second Home,EGP 50-100k/mo,In-Person,Organic / Website,False,1,5329653.7,2025-02-04
CUS-000858,Heba Al-Fahim,Egyptian,Egypt,55-64,First-Time Buyer,End-User,Primary Residence,EGP 100-250k/mo,Email,Event,False,1,4230079.93,2025-11-18
CUS-000859,Rana Hussein,Emirati,UAE,35-44,Mass Affluent,End-User,Second Home,EGP 100-250k/mo,WhatsApp,Event,False,1,4037792.4,2025-08-28
CUS-000860,Mahmoud Fathy,Jordanian,Egypt,25-34,High Net Worth,End-User,Investment / Resale,Under EGP 50k/mo,Email,Word of Mouth,False,1,2317740.22,2024-07-29
CUS-000861,Ramy Hegazy,Egyptian,Egypt,45-54,Mass Affluent,End-User,Investment / Resale,EGP 100-250k/mo,Email,Broker Referral,False,1,3759543.95,2025-01-03
CUS-000862,Nour Naguib,Egyptian,Egypt,55-64,Mass Affluent,End-User,Investment / Resale,Under EGP 50k/mo,WhatsApp,Word of Mouth,False,1,3385648.35,2025-04-01
CUS-000863,Ahmed Gomaa,Egyptian,Egypt,45-54,Mass Affluent,End-User,Rental Income,EGP 100-250k/mo,Phone,Paid Digital,False,1,2838348.74,2025-08-25
CUS-000864,Ahmed El-Sayed,Egyptian,Egypt,45-54,High Net Worth,End-User,Investment / Resale,Over EGP 250k/mo,WhatsApp,Paid Digital,False,1,3879676.88,2025-08-09
CUS-000865,Yassin Hegazy,Egyptian,Egypt,25-34,High Net Worth,End-User,Primary Residence,Over EGP 250k/mo,WhatsApp,Broker Referral,False,1,4724840.81,2025-11-29
CUS-000866,Youssef Zaki,Egyptian,Egypt,45-54,First-Time Buyer,End-User,Primary Residence,EGP 100-250k/mo,Phone,Word of Mouth,False,1,2778646.79,2025-07-29
CUS-000867,Mariam Chevalier,Egyptian,Egypt,55-64,Investor,End-User,Second Home,Under EGP 50k/mo,WhatsApp,Event,False,1,3072269.97,2025-07-11
CUS-000868,Sameh Aziz,Saudi,Egypt,35-44,Investor,End-User,Investment / Resale,EGP 50-100k/mo,In-Person,Event,False,1,4543961.8,2024-10-27
CUS-000869,Yassin Hegazy,Egyptian,Egypt,25-34,Investor,End-User,Second Home,EGP 50-100k/mo,Phone,Broker Referral,False,1,3530722.91,2025-08-28
CUS-000870,Farida Hussein,Egyptian,Egypt,25-34,Investor,End-User,Investment / Resale,EGP 50-100k/mo,In-Person,Broker Referral,False,1,4346911.84,2025-03-25
CUS-000871,Mahmoud Kamal,Egyptian,Egypt,25-34,High Net Worth,End-User,Primary Residence,EGP 100-250k/mo,Phone,Word of Mouth,False,1,3662040.38,2026-05-25
CUS-000872,Omar Aziz,Egyptian,Egypt,25-34,Mass Affluent,End-User,Investment / Resale,Over EGP 250k/mo,WhatsApp,Organic / Website,False,1,4616995.84,2026-04-04
CUS-000873,Amr Rashad,Jordanian,Egypt,25-34,Investor,End-User,Rental Income,Under EGP 50k/mo,In-Person,Paid Digital,False,1,3858237.69,2024-10-15
CUS-000874,Yasmin Fathy,Egyptian,Egypt,65+,First-Time Buyer,End-User,Second Home,Over EGP 250k/mo,WhatsApp,Paid Digital,False,1,4296426.42,2024-08-31
CUS-000875,Heba Shawky,Saudi,Egypt,35-44,Mass Affluent,End-User,Rental Income,Over EGP 250k/mo,In-Person,Word of Mouth,False,1,3748416.26,2025-02-28
CUS-000876,Youssef Chevalier,Egyptian,Egypt,35-44,First-Time Buyer,End-User,Rental Income,Over EGP 250k/mo,Phone,Word of Mouth,False,1,4265933.68,2024-11-20
CUS-000877,Hana Aziz,Egyptian,Egypt,65+,First-Time Buyer,End-User,Investment / Resale,Under EGP 50k/mo,Email,Organic / Website,False,1,4672656.33,2025-08-30
CUS-000878,Sameh Mostafa,Egyptian,Egypt,45-54,Investor,End-User,Rental Income,Over EGP 250k/mo,In-Person,Organic / Website,False,1,5038929.63,2026-01-08
CUS-000879,Yassin Rashad,Egyptian,Egypt,55-64,Investor,End-User,Rental Income,EGP 100-250k/mo,WhatsApp,Paid Digital,False,1,1989094.17,2025-08-02
CUS-000880,Jana El-Sayed,Kuwaiti,Kuwait,35-44,Mass Affluent,End-User,Investment / Resale,Under EGP 50k/mo,Email,Event,False,1,3683869.36,2026-05-01
CUS-000881,Yasmin Kamal,Egyptian,Egypt,35-44,Investor,End-User,Primary Residence,Under EGP 50k/mo,Phone,Organic / Website,False,1,4123585.75,2026-03-19
CUS-000882,Rana Al-Rashid,Egyptian,Egypt,35-44,High Net Worth,End-User,Investment / Resale,Under EGP 50k/mo,Email,Organic / Website,False,1,3342071.33,2026-02-16
CUS-000883,Dalia Chevalier,Emirati,UAE,45-54,First-Time Buyer,End-User,Primary Residence,Over EGP 250k/mo,Email,Word of Mouth,False,1,3125475.42,2024-12-21
CUS-000884,Youssef Novak,Egyptian,Egypt,25-34,First-Time Buyer,End-User,Rental Income,EGP 100-250k/mo,WhatsApp,Word of Mouth,False,1,3466581.77,2025-10-20
CUS-000885,Karim Metwally,Egyptian,Egypt,25-34,Investor,End-User,Rental Income,Under EGP 50k/mo,In-Person,Broker Referral,False,1,3909301.86,2025-12-09
CUS-000886,Fady Reda,Egyptian,Egypt,55-64,Mass Affluent,End-User,Rental Income,Over EGP 250k/mo,WhatsApp,Paid Digital,False,1,2608584.69,2026-05-21
CUS-000887,Laila Hussein,Egyptian,Egypt,55-64,Mass Affluent,End-User,Second Home,Under EGP 50k/mo,Email,Organic / Website,False,1,3558622.94,2025-07-01
CUS-000888,Farida Rashad,Egyptian,Egypt,45-54,High Net Worth,End-User,Rental Income,EGP 100-250k/mo,WhatsApp,Word of Mouth,False,1,4314571.55,2026-06-27
CUS-000889,Mohamed El-Sayed,Egyptian,Egypt,25-34,Investor,End-User,Second Home,EGP 100-250k/mo,Phone,Word of Mouth,False,1,2685813.19,2025-09-09
CUS-000890,Karim El-Masry,Egyptian,Egypt,55-64,High Net Worth,End-User,Rental Income,Over EGP 250k/mo,WhatsApp,Organic / Website,False,1,2661660.26,2024-09-04
CUS-000891,Rana Farouk,Egyptian,Egypt,65+,First-Time Buyer,End-User,Rental Income,Over EGP 250k/mo,Email,Organic / Website,False,1,2442730.56,2025-06-07
CUS-000892,Hany Mostafa,Egyptian,Egypt,45-54,Investor,End-User,Primary Residence,EGP 50-100k/mo,WhatsApp,Paid Digital,False,1,4102878.76,2025-09-07
CUS-000893,Salma Metwally,Saudi,Egypt,35-44,High Net Worth,End-User,Investment / Resale,Over EGP 250k/mo,Email,Paid Digital,False,1,2758647.54,2024-12-29
CUS-000894,Reem Hegazy,Egyptian,Egypt,25-34,Mass Affluent,End-User,Primary Residence,Over EGP 250k/mo,Phone,Paid Digital,False,1,3333913.42,2025-10-17
CUS-000895,Ahmed Hegazy,Egyptian,Egypt,25-34,Investor,End-User,Investment / Resale,EGP 100-250k/mo,In-Person,Organic / Website,False,1,3231665.78,2025-10-15
CUS-000896,Ashraf Al-Fahim,Egyptian,Egypt,45-54,Mass Affluent,End-User,Second Home,EGP 50-100k/mo,Email,Broker Referral,False,1,2128888.27,2025-12-07
CUS-000897,Sameh Gomaa,Egyptian,Egypt,35-44,High Net Worth,End-User,Investment / Resale,Over EGP 250k/mo,Phone,Paid Digital,False,1,3844398.48,2026-03-11
CUS-000898,Rami Naguib,Saudi,Saudi Arabia,45-54,First-Time Buyer,End-User,Second Home,EGP 50-100k/mo,WhatsApp,Word of Mouth,False,1,5547659.84,2024-12-01
CUS-000899,Ramy Novak,British,United Kingdom,35-44,High Net Worth,End-User,Rental Income,EGP 100-250k/mo,Email,Event,False,1,3213809.75,2025-08-08
CUS-000900,Laila Aziz,Egyptian,Egypt,35-44,Mass Affluent,End-User,Primary Residence,Under EGP 50k/mo,WhatsApp,Event,False,1,2500816.68,2026-06-30
CUS-000901,Khaled Sabry,Egyptian,Egypt,25-34,Mass Affluent,End-User,Investment / Resale,EGP 50-100k/mo,WhatsApp,Broker Referral,False,1,4808695.06,2026-05-30
CUS-000902,Tarek El-Masry,Egyptian,Egypt,35-44,High Net Worth,End-User,Investment / Resale,EGP 100-250k/mo,In-Person,Word of Mouth,False,1,5095659.68,2026-04-21
CUS-000903,Hany El-Masry,British,United Kingdom,35-44,Investor,End-User,Primary Residence,EGP 100-250k/mo,Email,Paid Digital,False,1,2413816.24,2025-08-05
CUS-000904,Amira Farouk,Egyptian,Egypt,45-54,High Net Worth,End-User,Primary Residence,Over EGP 250k/mo,Email,Word of Mouth,False,1,4344673.09,2024-08-31
CUS-000905,Mostafa Shawky,British,United Kingdom,35-44,High Net Worth,End-User,Rental Income,Under EGP 50k/mo,WhatsApp,Broker Referral,False,1,3617492.61,2024-08-05
CUS-000906,Nour Hegazy,Saudi,Egypt,45-54,Mass Affluent,End-User,Primary Residence,Over EGP 250k/mo,WhatsApp,Organic / Website,False,1,2611263.39,2025-12-17
CUS-000907,Farida Fathy,Emirati,UAE,25-34,High Net Worth,End-User,Second Home,EGP 50-100k/mo,WhatsApp,Organic / Website,False,1,4786557.54,2024-09-10
CUS-000908,Yassin Shawky,Egyptian,Egypt,65+,High Net Worth,End-User,Second Home,Over EGP 250k/mo,Phone,Broker Referral,False,1,2576081.02,2025-07-26
CUS-000909,Yasmin Mansour,Egyptian,Egypt,35-44,First-Time Buyer,End-User,Rental Income,Under EGP 50k/mo,Email,Broker Referral,False,1,4008494.7,2024-09-06
CUS-000910,Rami Chevalier,Egyptian,Egypt,35-44,Mass Affluent,End-User,Primary Residence,Under EGP 50k/mo,In-Person,Paid Digital,False,1,2601809.36,2026-04-30
CUS-000911,Tarek Mansour,Emirati,UAE,45-54,High Net Worth,End-User,Investment / Resale,EGP 50-100k/mo,WhatsApp,Broker Referral,False,1,3179392.71,2025-01-05
CUS-000912,Yasmin Rashad,Emirati,UAE,55-64,High Net Worth,End-User,Primary Residence,Under EGP 50k/mo,Email,Event,False,1,2933259.56,2025-02-12
CUS-000913,Mohamed Reda,Egyptian,Egypt,35-44,High Net Worth,End-User,Second Home,EGP 100-250k/mo,WhatsApp,Event,False,1,3783304.52,2025-06-13
CUS-000914,Dalia Youssef,Saudi,Saudi Arabia,55-64,First-Time Buyer,End-User,Rental Income,Under EGP 50k/mo,Phone,Event,False,1,4156476.63,2025-02-15
CUS-000915,Karim Chevalier,British,United Kingdom,35-44,High Net Worth,End-User,Primary Residence,Over EGP 250k/mo,Email,Event,False,1,2317492.83,2025-07-10
CUS-000916,Emad Hegazy,British,United Kingdom,45-54,Mass Affluent,End-User,Rental Income,EGP 100-250k/mo,In-Person,Word of Mouth,False,1,3779074.11,2025-02-25
CUS-000917,Emad Chevalier,Kuwaiti,Kuwait,25-34,Mass Affluent,End-User,Second Home,EGP 100-250k/mo,In-Person,Organic / Website,False,1,2701802.25,2025-02-04
CUS-000918,Yasmin Shawky,Egyptian,Egypt,45-54,Investor,End-User,Rental Income,EGP 50-100k/mo,In-Person,Organic / Website,False,1,3405989.87,2024-10-27
CUS-000919,Dina Zaki,Emirati,UAE,25-34,High Net Worth,End-User,Primary Residence,Under EGP 50k/mo,Phone,Paid Digital,False,1,3373408.21,2024-07-11
CUS-000920,Ahmed Al-Fahim,Egyptian,Egypt,45-54,High Net Worth,End-User,Primary Residence,EGP 100-250k/mo,Phone,Word of Mouth,False,1,4123378.3,2025-04-03
CUS-000921,Youssef Naguib,Jordanian,Jordan,35-44,Mass Affluent,End-User,Second Home,EGP 100-250k/mo,Phone,Broker Referral,False,1,3849716.64,2024-12-03
CUS-000922,Ahmed Kamal,Egyptian,Egypt,45-54,First-Time Buyer,End-User,Primary Residence,EGP 50-100k/mo,Phone,Broker Referral,False,1,4077231.51,2025-04-11
CUS-000923,Mariam Al-Fahim,Other,Egypt,35-44,Mass Affluent,End-User,Rental Income,EGP 100-250k/mo,Phone,Event,False,1,3396937.59,2026-05-08
CUS-000924,Ziad Fahmy,Saudi,Saudi Arabia,25-34,Investor,End-User,Primary Residence,Under EGP 50k/mo,In-Person,Paid Digital,False,1,3970483.2,2025-09-20
CUS-000925,Tarek Aziz,Other,Egypt,45-54,Investor,End-User,Rental Income,EGP 100-250k/mo,WhatsApp,Paid Digital,False,1,3572384.8,2025-10-19
CUS-000926,Emad Shawky,Saudi,Egypt,45-54,High Net Worth,End-User,Second Home,Over EGP 250k/mo,In-Person,Organic / Website,False,1,4535398.79,2024-12-26
CUS-000927,Ziad Nour,Egyptian,Egypt,45-54,Investor,End-User,Second Home,EGP 100-250k/mo,Email,Paid Digital,False,1,2399134.46,2025-06-03
CUS-000928,Heba Hegazy,Egyptian,Egypt,45-54,High Net Worth,End-User,Second Home,Under EGP 50k/mo,Email,Paid Digital,False,1,3678053.19,2025-10-14
CUS-000929,Salma Aziz,Jordanian,Jordan,45-54,First-Time Buyer,End-User,Investment / Resale,EGP 100-250k/mo,In-Person,Event,False,1,2416596.06,2025-07-09
CUS-000930,Yassin Aziz,Egyptian,Egypt,25-34,Mass Affluent,End-User,Investment / Resale,Over EGP 250k/mo,Phone,Organic / Website,False,1,3212307.0,2024-10-19
CUS-000931,Nour Fahmy,Egyptian,Egypt,55-64,High Net Worth,End-User,Primary Residence,EGP 100-250k/mo,In-Person,Organic / Website,False,1,4389056.81,2024-12-17
CUS-000932,Nour El-Masry,Saudi,Saudi Arabia,45-54,First-Time Buyer,End-User,Second Home,EGP 100-250k/mo,Email,Paid Digital,False,1,3904465.6,2025-05-24
CUS-000933,Ashraf Kamal,Emirati,UAE,25-34,First-Time Buyer,End-User,Rental Income,Over EGP 250k/mo,WhatsApp,Word of Mouth,False,1,4369962.54,2024-11-10
CUS-000934,Khaled Hussein,Jordanian,Egypt,35-44,High Net Worth,End-User,Investment / Resale,Under EGP 50k/mo,Email,Event,False,1,3770398.69,2024-10-02
CUS-000935,Youssef Kamal,Jordanian,Jordan,55-64,First-Time Buyer,End-User,Rental Income,EGP 100-250k/mo,Email,Broker Referral,False,1,3856282.56,2024-10-26
CUS-000936,Ashraf Mansour,Saudi,Egypt,45-54,Mass Affluent,End-User,Investment / Resale,Over EGP 250k/mo,In-Person,Organic / Website,False,1,3913476.06,2024-12-22
CUS-000937,Farida Youssef,Egyptian,Egypt,45-54,Mass Affluent,End-User,Primary Residence,Under EGP 50k/mo,Email,Paid Digital,False,1,5735682.9,2026-05-28
CUS-000938,Mariam Farouk,Egyptian,Egypt,35-44,High Net Worth,End-User,Investment / Resale,EGP 100-250k/mo,Email,Organic / Website,False,1,4223161.09,2025-05-10
CUS-000939,Omar Al-Rashid,Emirati,UAE,35-44,Mass Affluent,End-User,Second Home,Over EGP 250k/mo,WhatsApp,Organic / Website,False,1,3903450.55,2025-05-04
CUS-000940,Yassin Barakat,Egyptian,Egypt,55-64,High Net Worth,End-User,Investment / Resale,EGP 100-250k/mo,WhatsApp,Broker Referral,False,1,4439939.77,2026-04-08
CUS-000941,Khaled Nour,Egyptian,Egypt,45-54,Mass Affluent,End-User,Rental Income,EGP 50-100k/mo,WhatsApp,Paid Digital,False,1,3386936.17,2026-03-12
CUS-000942,Wael Gomaa,Egyptian,Egypt,65+,Investor,End-User,Rental Income,Under EGP 50k/mo,WhatsApp,Paid Digital,False,1,3988434.36,2026-04-29
CUS-000943,Jana Shawky,Egyptian,Egypt,45-54,First-Time Buyer,End-User,Primary Residence,EGP 50-100k/mo,In-Person,Paid Digital,False,1,3705660.34,2026-04-24
CUS-000944,Yasmin Hussein,Egyptian,Egypt,35-44,Mass Affluent,End-User,Primary Residence,EGP 50-100k/mo,In-Person,Paid Digital,False,1,3767361.41,2024-07-11
CUS-000945,Hany Mansour,Egyptian,Egypt,45-54,Mass Affluent,End-User,Primary Residence,EGP 100-250k/mo,Email,Organic / Website,False,1,4650879.77,2026-01-17
CUS-000946,Reem Hussein,Kuwaiti,Kuwait,25-34,Investor,End-User,Rental Income,EGP 50-100k/mo,In-Person,Event,False,1,3904123.94,2026-01-20
CUS-000947,Hany Mostafa,Jordanian,Jordan,65+,Investor,End-User,Primary Residence,Over EGP 250k/mo,Email,Event,False,1,5694300.18,2025-04-13
CUS-000948,Ashraf El-Masry,Saudi,Egypt,35-44,Mass Affluent,End-User,Rental Income,Under EGP 50k/mo,In-Person,Organic / Website,False,1,1961708.54,2024-08-05
CUS-000949,Hana Al-Fahim,Kuwaiti,Kuwait,25-34,High Net Worth,End-User,Rental Income,EGP 50-100k/mo,In-Person,Event,False,1,3556084.57,2025-06-11
CUS-000950,Laila Al-Fahim,Saudi,Egypt,35-44,High Net Worth,End-User,Investment / Resale,Over EGP 250k/mo,In-Person,Broker Referral,False,1,4645321.14,2024-07-26
CUS-000951,Mariam Kamal,Egyptian,Egypt,25-34,Investor,End-User,Rental Income,EGP 50-100k/mo,In-Person,Broker Referral,False,1,5531532.78,2025-06-12
CUS-000952,Nada Abdallah,Egyptian,Egypt,35-44,Investor,End-User,Rental Income,Under EGP 50k/mo,WhatsApp,Paid Digital,False,1,5806436.1,2024-10-31
CUS-000953,Mona Aziz,Saudi,Saudi Arabia,45-54,Mass Affluent,End-User,Investment / Resale,Over EGP 250k/mo,In-Person,Broker Referral,False,1,3743934.6,2025-09-14
CUS-000954,Laila El-Tahawy,Egyptian,Egypt,35-44,First-Time Buyer,End-User,Primary Residence,EGP 50-100k/mo,In-Person,Paid Digital,False,1,5255461.31,2025-12-09
CUS-000955,Sara Youssef,Kuwaiti,Kuwait,55-64,Mass Affluent,End-User,Primary Residence,EGP 100-250k/mo,In-Person,Word of Mouth,False,1,2512922.05,2026-05-22
CUS-000956,Heba Fathy,Egyptian,Egypt,45-54,Mass Affluent,End-User,Primary Residence,Under EGP 50k/mo,Email,Word of Mouth,False,1,4616127.18,2025-01-18
CUS-000957,Ahmed Sabry,Egyptian,Egypt,35-44,High Net Worth,End-User,Second Home,Over EGP 250k/mo,Email,Paid Digital,False,1,4730940.2,2025-10-12
CUS-000958,Farida Abdallah,Kuwaiti,Kuwait,65+,Mass Affluent,End-User,Second Home,EGP 100-250k/mo,WhatsApp,Word of Mouth,False,1,4837409.24,2026-05-24
CUS-000959,Tarek Farouk,Egyptian,Egypt,45-54,First-Time Buyer,End-User,Primary Residence,Over EGP 250k/mo,WhatsApp,Organic / Website,False,1,3193876.68,2024-08-04
CUS-000960,Nada Farouk,Egyptian,Egypt,35-44,Investor,End-User,Second Home,EGP 100-250k/mo,Email,Paid Digital,False,1,3848352.21,2026-03-29
CUS-000961,Tarek Abdallah,Egyptian,Egypt,55-64,Investor,End-User,Rental Income,EGP 50-100k/mo,Phone,Word of Mouth,False,1,4396421.47,2024-10-04
CUS-000962,Emad Metwally,Egyptian,Egypt,35-44,Investor,End-User,Investment / Resale,EGP 100-250k/mo,In-Person,Paid Digital,False,1,3406978.11,2025-04-25
CUS-000963,Nour Al-Fahim,Emirati,UAE,35-44,Mass Affluent,End-User,Rental Income,Over EGP 250k/mo,Phone,Organic / Website,False,1,3098518.99,2025-05-23
CUS-000964,Hana Fahmy,Egyptian,Egypt,35-44,First-Time Buyer,End-User,Second Home,Over EGP 250k/mo,In-Person,Event,False,1,3078707.19,2025-11-21
CUS-000965,Ramy Anwar,Egyptian,Egypt,25-34,First-Time Buyer,End-User,Rental Income,EGP 50-100k/mo,WhatsApp,Broker Referral,False,1,2138965.01,2026-01-18
CUS-000966,Nour Anwar,Emirati,UAE,55-64,First-Time Buyer,End-User,Second Home,EGP 100-250k/mo,In-Person,Organic / Website,False,1,1875080.79,2025-04-13
CUS-000967,Hassan Shawky,Kuwaiti,Kuwait,35-44,Investor,End-User,Primary Residence,EGP 50-100k/mo,WhatsApp,Paid Digital,False,1,4156864.78,2025-12-03
CUS-000968,Yassin Rashad,Egyptian,Egypt,35-44,First-Time Buyer,End-User,Investment / Resale,Over EGP 250k/mo,Phone,Broker Referral,False,1,3562161.32,2026-06-28
CUS-000969,Yassin Mostafa,Egyptian,Egypt,25-34,Mass Affluent,End-User,Investment / Resale,EGP 50-100k/mo,WhatsApp,Broker Referral,False,1,2909622.11,2025-06-26
CUS-000970,Farida Zaki,Egyptian,Egypt,65+,Investor,End-User,Primary Residence,Under EGP 50k/mo,Phone,Paid Digital,False,1,2875375.88,2024-08-28
CUS-000971,Wael Al-Rashid,Egyptian,Egypt,65+,Investor,End-User,Rental Income,EGP 50-100k/mo,In-Person,Paid Digital,False,1,4993445.28,2024-09-19
CUS-000972,Heba Rashad,Egyptian,Egypt,55-64,High Net Worth,End-User,Investment / Resale,EGP 50-100k/mo,In-Person,Broker Referral,False,1,3189683.33,2024-10-18
CUS-000973,Hassan Metwally,Kuwaiti,Kuwait,35-44,Investor,End-User,Rental Income,EGP 100-250k/mo,WhatsApp,Word of Mouth,False,1,2360641.25,2026-03-11
CUS-000974,Malak Chevalier,Kuwaiti,Kuwait,35-44,Mass Affluent,End-User,Rental Income,EGP 100-250k/mo,Phone,Paid Digital,False,1,4749194.97,2025-08-11
CUS-000975,Hassan Zaki,Egyptian,Egypt,25-34,Investor,End-User,Investment / Resale,EGP 50-100k/mo,WhatsApp,Paid Digital,False,1,3406932.77,2024-11-14
CUS-000976,Ibrahim El-Sayed,Egyptian,Egypt,55-64,Mass Affluent,End-User,Investment / Resale,EGP 100-250k/mo,In-Person,Organic / Website,False,1,2996959.52,2025-06-16
CUS-000977,Nour Aziz,Egyptian,Egypt,25-34,Mass Affluent,End-User,Rental Income,Under EGP 50k/mo,Email,Word of Mouth,False,1,4029689.33,2026-04-04
CUS-000978,Nour Anwar,Egyptian,Egypt,35-44,Mass Affluent,End-User,Second Home,EGP 100-250k/mo,In-Person,Organic / Website,False,1,2215018.41,2026-03-02
CUS-000979,Mona Metwally,Egyptian,Egypt,35-44,First-Time Buyer,End-User,Rental Income,EGP 100-250k/mo,Email,Broker Referral,False,1,2115812.45,2026-05-12
CUS-000980,Mostafa Aziz,Egyptian,Egypt,45-54,High Net Worth,End-User,Primary Residence,EGP 50-100k/mo,In-Person,Organic / Website,False,1,2024571.48,2026-02-07
CUS-000981,Laila Novak,Egyptian,Egypt,65+,Mass Affluent,End-User,Second Home,EGP 50-100k/mo,Phone,Word of Mouth,False,1,4390554.82,2026-02-09
CUS-000982,Malak Gomaa,Egyptian,Egypt,45-54,Mass Affluent,End-User,Investment / Resale,Over EGP 250k/mo,In-Person,Broker Referral,False,1,4560249.95,2025-09-30
CUS-000983,Sherif Anwar,Saudi,Saudi Arabia,65+,Mass Affluent,End-User,Primary Residence,EGP 100-250k/mo,Email,Event,False,1,2940558.57,2025-03-03
CUS-000984,Ibrahim Gomaa,Egyptian,Egypt,45-54,Investor,End-User,Primary Residence,Over EGP 250k/mo,Phone,Event,False,1,4523317.33,2025-01-30
CUS-000985,Yassin Farouk,Saudi,Egypt,55-64,First-Time Buyer,End-User,Investment / Resale,EGP 100-250k/mo,In-Person,Word of Mouth,False,1,4292884.85,2026-04-28
CUS-000986,Dina Salem,Egyptian,Egypt,35-44,High Net Worth,End-User,Rental Income,Over EGP 250k/mo,WhatsApp,Organic / Website,False,1,3791262.72,2025-12-31
CUS-000987,Mostafa Novak,Saudi,Saudi Arabia,65+,First-Time Buyer,End-User,Primary Residence,Over EGP 250k/mo,In-Person,Organic / Website,False,1,3126391.67,2024-09-07
CUS-000988,Mona Kamal,Egyptian,Egypt,25-34,High Net Worth,End-User,Investment / Resale,EGP 100-250k/mo,Phone,Word of Mouth,False,1,3819456.21,2025-07-26
CUS-000989,Malak Zaki,Egyptian,Egypt,45-54,High Net Worth,End-User,Primary Residence,Over EGP 250k/mo,Phone,Broker Referral,False,1,3500897.5,2024-12-24
CUS-000990,Tarek Mansour,Egyptian,Egypt,55-64,High Net Worth,End-User,Rental Income,EGP 50-100k/mo,WhatsApp,Paid Digital,False,1,3297250.21,2026-01-11
CUS-000991,Amr Al-Rashid,Saudi,Egypt,25-34,First-Time Buyer,End-User,Rental Income,EGP 50-100k/mo,Phone,Broker Referral,False,1,1923260.18,2025-01-23
CUS-000992,Amira Nour,Egyptian,Egypt,35-44,Investor,End-User,Second Home,Under EGP 50k/mo,WhatsApp,Organic / Website,False,1,4696083.36,2026-02-11
CUS-000993,Mona Fathy,British,United Kingdom,65+,High Net Worth,End-User,Second Home,EGP 100-250k/mo,Phone,Broker Referral,False,1,4296648.38,2025-01-22
CUS-000994,Adel Zaki,Egyptian,Egypt,45-54,Mass Affluent,End-User,Second Home,EGP 100-250k/mo,In-Person,Word of Mouth,False,1,4246459.92,2025-09-30
CUS-000995,Mostafa Fahmy,Saudi,Saudi Arabia,45-54,High Net Worth,End-User,Primary Residence,Over EGP 250k/mo,In-Person,Broker Referral,False,1,3832476.84,2025-10-27
CUS-000996,Dina Zaki,Emirati,UAE,35-44,High Net Worth,End-User,Primary Residence,Under EGP 50k/mo,Phone,Word of Mouth,False,1,4577906.39,2024-11-28
CUS-000997,Ashraf Hegazy,Egyptian,Egypt,35-44,Mass Affluent,End-User,Investment / Resale,Under EGP 50k/mo,WhatsApp,Word of Mouth,False,1,4468330.81,2026-01-28
CUS-000998,Sameh Anwar,Egyptian,Egypt,45-54,High Net Worth,End-User,Investment / Resale,EGP 50-100k/mo,In-Person,Event,False,1,4225960.39,2026-03-08
CUS-000999,Amr Nour,Egyptian,Egypt,65+,Mass Affluent,End-User,Investment / Resale,EGP 100-250k/mo,Phone,Paid Digital,False,1,4708417.55,2025-01-14
CUS-001000,Sameh Novak,Other,Egypt,45-54,Mass Affluent,End-User,Rental Income,Under EGP 50k/mo,Phone,Broker Referral,False,1,5244431.69,2024-11-13
CUS-001001,Mostafa Reda,Saudi,Saudi Arabia,45-54,First-Time Buyer,End-User,Rental Income,EGP 100-250k/mo,In-Person,Paid Digital,False,1,2097715.23,2026-01-09
CUS-001002,Adel Fathy,Egyptian,Egypt,35-44,High Net Worth,End-User,Second Home,Over EGP 250k/mo,Email,Paid Digital,False,1,4197004.99,2025-11-26
CUS-001003,Reem Farouk,Emirati,UAE,25-34,High Net Worth,End-User,Second Home,Over EGP 250k/mo,Email,Paid Digital,False,1,4354111.07,2024-12-01
CUS-001004,Hany Sabry,Egyptian,Egypt,25-34,High Net Worth,End-User,Rental Income,EGP 100-250k/mo,Phone,Word of Mouth,False,1,4524924.87,2026-04-03
CUS-001005,Ahmed Aziz,Egyptian,Egypt,45-54,Investor,End-User,Investment / Resale,Under EGP 50k/mo,Phone,Broker Referral,False,1,4010372.45,2025-11-20
CUS-001006,Mohamed Al-Fahim,Egyptian,Egypt,35-44,First-Time Buyer,End-User,Rental Income,EGP 100-250k/mo,Phone,Broker Referral,False,1,2327115.75,2024-09-12
CUS-001007,Mariam Hussein,Jordanian,Egypt,45-54,Investor,End-User,Second Home,EGP 50-100k/mo,Email,Broker Referral,False,1,5009010.74,2025-06-07
CUS-001008,Jana Reda,Egyptian,Egypt,25-34,High Net Worth,End-User,Second Home,Under EGP 50k/mo,Email,Organic / Website,False,1,2477470.98,2026-06-30
CUS-001009,Dina Novak,British,United Kingdom,35-44,First-Time Buyer,End-User,Rental Income,Over EGP 250k/mo,Email,Organic / Website,False,1,4619110.86,2025-08-09
CUS-001010,Sameh Rashad,Saudi,Saudi Arabia,65+,First-Time Buyer,End-User,Second Home,EGP 50-100k/mo,Phone,Broker Referral,False,1,2128130.52,2025-03-09
CUS-001011,Ibrahim El-Tahawy,Egyptian,Egypt,25-34,Investor,End-User,Primary Residence,Under EGP 50k/mo,In-Person,Organic / Website,False,1,2675006.88,2025-02-01
CUS-001012,Mohamed Mansour,Emirati,UAE,35-44,High Net Worth,End-User,Investment / Resale,EGP 50-100k/mo,WhatsApp,Organic / Website,False,1,4228922.04,2025-09-28
CUS-001013,Jana Sabry,Kuwaiti,Kuwait,45-54,High Net Worth,End-User,Second Home,Under EGP 50k/mo,Email,Word of Mouth,False,1,3591034.47,2024-08-16
CUS-001014,Heba Hussein,Egyptian,Egypt,35-44,High Net Worth,End-User,Rental Income,Under EGP 50k/mo,In-Person,Organic / Website,False,1,2541567.07,2025-06-25
CUS-001015,Khaled Al-Fahim,Egyptian,Egypt,45-54,Investor,End-User,Investment / Resale,Over EGP 250k/mo,Phone,Broker Referral,False,1,2341834.25,2025-12-19
CUS-001016,Heba El-Tahawy,Saudi,Saudi Arabia,35-44,Mass Affluent,End-User,Primary Residence,EGP 100-250k/mo,Email,Word of Mouth,False,1,4107447.72,2026-02-16
CUS-001017,Nour Hussein,Egyptian,Egypt,35-44,First-Time Buyer,End-User,Primary Residence,Under EGP 50k/mo,In-Person,Broker Referral,False,1,4429102.85,2025-05-08
CUS-001018,Rami Metwally,Egyptian,Egypt,25-34,Mass Affluent,End-User,Second Home,Under EGP 50k/mo,WhatsApp,Paid Digital,False,1,3513062.12,2025-01-11
CUS-001019,Mariam Salem,Emirati,UAE,45-54,Mass Affluent,End-User,Investment / Resale,EGP 50-100k/mo,Email,Word of Mouth,False,1,4362526.22,2025-12-17
CUS-001020,Wael Al-Rashid,Egyptian,Egypt,45-54,First-Time Buyer,End-User,Investment / Resale,EGP 100-250k/mo,Email,Paid Digital,False,1,5459362.5,2024-10-20
CUS-001021,Farida El-Masry,Jordanian,Egypt,35-44,High Net Worth,End-User,Primary Residence,Over EGP 250k/mo,Phone,Event,False,1,2174334.61,2024-07-18
CUS-001022,Yassin Kamal,Egyptian,Egypt,65+,Investor,End-User,Rental Income,EGP 50-100k/mo,WhatsApp,Word of Mouth,False,1,5009170.79,2025-08-30
CUS-001023,Rami Novak,Other,Other,25-34,First-Time Buyer,End-User,Investment / Resale,Under EGP 50k/mo,WhatsApp,Broker Referral,False,1,2036431.18,2025-08-08
CUS-001024,Ibrahim Salem,Egyptian,Egypt,35-44,Mass Affluent,End-User,Primary Residence,Under EGP 50k/mo,Email,Organic / Website,False,1,5730721.45,2025-10-27
CUS-001025,Rana Gomaa,Emirati,UAE,55-64,First-Time Buyer,End-User,Rental Income,Over EGP 250k/mo,WhatsApp,Word of Mouth,False,1,5061305.5,2025-10-17
CUS-001026,Mariam Gomaa,Emirati,UAE,55-64,Investor,End-User,Rental Income,Under EGP 50k/mo,In-Person,Word of Mouth,False,1,2627411.82,2026-03-09
CUS-001027,Rana Nour,Egyptian,Egypt,25-34,First-Time Buyer,End-User,Primary Residence,Under EGP 50k/mo,WhatsApp,Organic / Website,False,1,2771254.58,2025-09-12
CUS-001028,Mahmoud Salem,Other,Egypt,45-54,Mass Affluent,End-User,Rental Income,Over EGP 250k/mo,Phone,Paid Digital,False,1,2199566.4,2025-02-01
CUS-001029,Ziad Metwally,Egyptian,Egypt,25-34,First-Time Buyer,End-User,Primary Residence,Under EGP 50k/mo,WhatsApp,Broker Referral,False,1,2668325.2,2025-10-07
CUS-001030,Nour Salem,Egyptian,Egypt,45-54,High Net Worth,End-User,Investment / Resale,EGP 100-250k/mo,In-Person,Broker Referral,False,1,3838811.99,2026-03-01
CUS-001031,Ibrahim Al-Rashid,Egyptian,Egypt,35-44,High Net Worth,End-User,Investment / Resale,EGP 100-250k/mo,In-Person,Organic / Website,False,1,3160525.37,2025-01-12
CUS-001032,Ziad Hegazy,Emirati,UAE,25-34,Mass Affluent,End-User,Investment / Resale,EGP 50-100k/mo,Phone,Event,False,1,2555484.55,2024-12-21
CUS-001033,Amira El-Masry,Egyptian,Egypt,45-54,Mass Affluent,End-User,Primary Residence,Over EGP 250k/mo,In-Person,Word of Mouth,False,1,4870693.11,2024-07-17
CUS-001034,Rami Reda,Egyptian,Egypt,55-64,High Net Worth,End-User,Rental Income,Over EGP 250k/mo,WhatsApp,Organic / Website,False,1,4406893.32,2025-01-26
CUS-001035,Wael El-Sayed,Jordanian,Jordan,55-64,Investor,End-User,Rental Income,Over EGP 250k/mo,Email,Word of Mouth,False,1,5840763.81,2026-02-12
CUS-001036,Heba El-Tahawy,British,United Kingdom,55-64,High Net Worth,End-User,Investment / Resale,Over EGP 250k/mo,In-Person,Word of Mouth,False,1,4246168.85,2025-12-10
CUS-001037,Laila Reda,British,United Kingdom,45-54,High Net Worth,End-User,Primary Residence,Over EGP 250k/mo,WhatsApp,Paid Digital,False,1,3468990.36,2025-04-16
CUS-001038,Dina Metwally,British,United Kingdom,35-44,Mass Affluent,End-User,Investment / Resale,EGP 100-250k/mo,In-Person,Broker Referral,False,1,4218540.94,2025-10-22
CUS-001039,Karim Fathy,Emirati,UAE,65+,High Net Worth,End-User,Primary Residence,Under EGP 50k/mo,WhatsApp,Broker Referral,False,1,4253391.02,2025-11-24
CUS-001040,Wael Sabry,Saudi,Egypt,25-34,Mass Affluent,End-User,Primary Residence,EGP 100-250k/mo,WhatsApp,Paid Digital,False,1,4660127.39,2026-03-14
CUS-001041,Sherif Al-Fahim,Egyptian,Egypt,35-44,High Net Worth,End-User,Investment / Resale,Over EGP 250k/mo,WhatsApp,Event,False,1,4724201.47,2026-02-24
CUS-001042,Khaled Mansour,British,United Kingdom,25-34,Mass Affluent,End-User,Rental Income,EGP 50-100k/mo,In-Person,Broker Referral,False,1,4047427.97,2024-07-22
CUS-001043,Karim Metwally,Saudi,Egypt,65+,Mass Affluent,End-User,Second Home,Over EGP 250k/mo,Email,Paid Digital,False,1,2565995.54,2025-11-25
CUS-001044,Sara Fathy,Egyptian,Egypt,55-64,First-Time Buyer,End-User,Second Home,Under EGP 50k/mo,Phone,Organic / Website,False,1,1999476.67,2024-08-01
CUS-001045,Reem Rashad,Jordanian,Jordan,55-64,First-Time Buyer,End-User,Primary Residence,EGP 100-250k/mo,Email,Word of Mouth,False,1,1795874.44,2024-09-10
CUS-001046,Salma Kamal,Egyptian,Egypt,35-44,First-Time Buyer,End-User,Investment / Resale,EGP 50-100k/mo,In-Person,Word of Mouth,False,1,2756551.3,2024-10-03
CUS-001047,Jana Aziz,Saudi,Saudi Arabia,35-44,High Net Worth,End-User,Rental Income,EGP 100-250k/mo,In-Person,Paid Digital,False,1,5585618.98,2025-10-19
CUS-001048,Amira Shawky,Other,Egypt,45-54,First-Time Buyer,End-User,Investment / Resale,EGP 100-250k/mo,WhatsApp,Word of Mouth,False,1,5189883.31,2024-12-06
CUS-001049,Laila Rashad,Egyptian,Egypt,45-54,High Net Worth,End-User,Rental Income,EGP 50-100k/mo,Phone,Broker Referral,False,1,5130521.9,2025-08-14
CUS-001050,Nourhan Aziz,Other,Other,55-64,Mass Affluent,End-User,Rental Income,Over EGP 250k/mo,Email,Paid Digital,False,1,4448570.11,2024-11-09
CUS-001051,Adel Novak,Egyptian,Egypt,45-54,High Net Worth,End-User,Rental Income,Over EGP 250k/mo,Phone,Word of Mouth,False,1,5374862.15,2025-10-14
CUS-001052,Rami Barakat,Egyptian,Egypt,55-64,Mass Affluent,End-User,Primary Residence,EGP 50-100k/mo,Email,Broker Referral,False,1,1857965.02,2026-02-15
CUS-001053,Laila Kamal,Egyptian,Egypt,45-54,Investor,End-User,Rental Income,Over EGP 250k/mo,In-Person,Word of Mouth,False,1,3800506.66,2025-12-25
CUS-001054,Sherif Hegazy,Egyptian,Egypt,45-54,Investor,End-User,Primary Residence,Under EGP 50k/mo,Email,Organic / Website,False,1,3244867.71,2025-08-03
CUS-001055,Mahmoud Salem,Egyptian,Egypt,45-54,Mass Affluent,End-User,Primary Residence,Over EGP 250k/mo,Phone,Organic / Website,False,1,3966156.44,2025-05-29
CUS-001056,Sameh Al-Fahim,Kuwaiti,Kuwait,35-44,Mass Affluent,End-User,Rental Income,Over EGP 250k/mo,Phone,Event,False,1,6460509.31,2025-10-06
CUS-001057,Adel Mostafa,Egyptian,Egypt,35-44,Investor,End-User,Second Home,Under EGP 50k/mo,Phone,Paid Digital,False,1,4110716.77,2026-05-09
CUS-001058,Nourhan Novak,Egyptian,Egypt,55-64,Investor,End-User,Second Home,EGP 100-250k/mo,WhatsApp,Organic / Website,False,1,3881645.51,2025-06-07
CUS-001059,Adel Reda,Egyptian,Egypt,25-34,High Net Worth,End-User,Primary Residence,EGP 100-250k/mo,In-Person,Event,False,1,2014825.3,2026-06-01
CUS-001060,Ziad Gomaa,Egyptian,Egypt,35-44,First-Time Buyer,End-User,Second Home,EGP 50-100k/mo,Email,Broker Referral,False,1,3378917.32,2026-03-20
CUS-001061,Adel El-Sayed,Egyptian,Egypt,65+,Investor,End-User,Investment / Resale,Over EGP 250k/mo,WhatsApp,Broker Referral,False,1,3965484.54,2026-01-10
CUS-001062,Tarek Fahmy,Egyptian,Egypt,55-64,First-Time Buyer,End-User,Primary Residence,Under EGP 50k/mo,In-Person,Word of Mouth,False,1,4016094.03,2025-09-26
CUS-001063,Salma Fahmy,Egyptian,Egypt,35-44,First-Time Buyer,End-User,Investment / Resale,EGP 100-250k/mo,WhatsApp,Event,False,1,3264646.49,2024-07-27
CUS-001064,Rami Hegazy,Kuwaiti,Kuwait,35-44,Investor,End-User,Rental Income,Over EGP 250k/mo,Phone,Organic / Website,False,1,4028390.16,2025-10-28
CUS-001065,Hany Barakat,Egyptian,Egypt,35-44,Mass Affluent,End-User,Rental Income,EGP 100-250k/mo,In-Person,Word of Mouth,False,1,3887728.57,2025-09-21
CUS-001066,Ramy Mostafa,Kuwaiti,Kuwait,55-64,High Net Worth,End-User,Rental Income,Over EGP 250k/mo,Phone,Event,False,1,5016668.3,2024-11-17
CUS-001067,Youssef Mostafa,Saudi,Egypt,45-54,Mass Affluent,End-User,Second Home,EGP 50-100k/mo,Phone,Organic / Website,False,1,5920296.62,2024-09-20
CUS-001068,Rana El-Masry,Egyptian,Egypt,35-44,Mass Affluent,End-User,Rental Income,EGP 100-250k/mo,In-Person,Organic / Website,False,1,4677412.46,2025-05-29
CUS-001069,Hassan Salem,Egyptian,Egypt,55-64,High Net Worth,End-User,Second Home,EGP 100-250k/mo,Phone,Organic / Website,False,1,2472618.93,2025-11-11
CUS-001070,Hassan Reda,Other,Egypt,25-34,Investor,End-User,Rental Income,Over EGP 250k/mo,WhatsApp,Event,False,1,3116464.27,2026-06-07
CUS-001071,Amr Kamal,Jordanian,Jordan,35-44,High Net Worth,End-User,Primary Residence,Under EGP 50k/mo,In-Person,Event,False,1,5769469.56,2026-03-12
CUS-001072,Rana El-Tahawy,Jordanian,Jordan,55-64,First-Time Buyer,End-User,Primary Residence,Over EGP 250k/mo,WhatsApp,Organic / Website,False,1,2339787.92,2024-08-16
CUS-001073,Wael Mansour,Egyptian,Egypt,55-64,High Net Worth,End-User,Primary Residence,Under EGP 50k/mo,WhatsApp,Organic / Website,False,1,3384633.31,2024-07-24
CUS-001074,Nourhan El-Tahawy,Egyptian,Egypt,45-54,Mass Affluent,End-User,Primary Residence,Under EGP 50k/mo,Email,Word of Mouth,False,1,3214720.5,2025-10-27
CUS-001075,Tarek Rashad,Egyptian,Egypt,45-54,Investor,End-User,Rental Income,EGP 50-100k/mo,WhatsApp,Event,False,1,3834010.67,2025-07-16
CUS-001076,Salma Fathy,Egyptian,Egypt,35-44,Mass Affluent,End-User,Rental Income,Under EGP 50k/mo,Email,Broker Referral,False,1,5054286.87,2025-05-03
CUS-001077,Ziad Fahmy,Egyptian,Egypt,35-44,Investor,End-User,Rental Income,EGP 50-100k/mo,Phone,Paid Digital,False,1,4100911.59,2025-05-31
CUS-001078,Rami Hegazy,Egyptian,Egypt,45-54,High Net Worth,End-User,Primary Residence,EGP 100-250k/mo,In-Person,Event,False,1,2594123.19,2026-02-13
CUS-001079,Hana Al-Fahim,Other,Egypt,25-34,Investor,End-User,Second Home,Under EGP 50k/mo,WhatsApp,Organic / Website,False,1,3770715.94,2026-04-26
CUS-001080,Reem Hegazy,Egyptian,Egypt,25-34,Investor,End-User,Rental Income,EGP 50-100k/mo,In-Person,Event,False,1,4312237.29,2025-03-22
CUS-001081,Tarek Al-Fahim,Kuwaiti,Kuwait,25-34,Mass Affluent,End-User,Second Home,EGP 100-250k/mo,WhatsApp,Word of Mouth,False,1,3157187.6,2025-05-01
CUS-001082,Aya Metwally,Egyptian,Egypt,65+,Mass Affluent,End-User,Primary Residence,EGP 100-250k/mo,Phone,Word of Mouth,False,1,1887438.97,2026-01-26
CUS-001083,Dalia Aziz,Egyptian,Egypt,45-54,First-Time Buyer,End-User,Second Home,Over EGP 250k/mo,Email,Organic / Website,False,1,5233351.33,2025-10-24
CUS-001084,Aya Reda,Egyptian,Egypt,55-64,First-Time Buyer,End-User,Second Home,Under EGP 50k/mo,In-Person,Broker Referral,False,1,4595512.48,2024-08-02
CUS-001085,Youssef Metwally,Egyptian,Egypt,25-34,First-Time Buyer,End-User,Investment / Resale,Under EGP 50k/mo,In-Person,Organic / Website,False,1,3841228.81,2024-12-30
CUS-001086,Tarek Naguib,Emirati,UAE,35-44,High Net Worth,End-User,Investment / Resale,Under EGP 50k/mo,Email,Broker Referral,False,1,4021893.85,2024-11-30
CUS-001087,Ziad Anwar,Saudi,Egypt,35-44,First-Time Buyer,End-User,Primary Residence,EGP 100-250k/mo,Phone,Event,False,1,2087729.49,2026-02-17
CUS-001088,Laila Youssef,Other,Egypt,25-34,Investor,End-User,Investment / Resale,Under EGP 50k/mo,In-Person,Broker Referral,False,1,3928813.46,2025-03-23
CUS-001089,Fady Farouk,Jordanian,Jordan,35-44,High Net Worth,End-User,Rental Income,Under EGP 50k/mo,In-Person,Paid Digital,False,1,4360357.84,2025-05-08
CUS-001090,Reem Nour,Saudi,Saudi Arabia,25-34,Investor,End-User,Investment / Resale,EGP 100-250k/mo,Phone,Broker Referral,False,1,5078403.29,2026-04-21
CUS-001091,Sherif Salem,Kuwaiti,Kuwait,35-44,Investor,End-User,Primary Residence,EGP 50-100k/mo,Phone,Event,False,1,2729511.25,2024-10-05
CUS-001092,Dina Fahmy,Saudi,Egypt,65+,Investor,End-User,Second Home,Under EGP 50k/mo,In-Person,Organic / Website,False,1,3413419.55,2024-09-01
CUS-001093,Fady Hussein,Egyptian,Egypt,35-44,High Net Worth,End-User,Investment / Resale,Under EGP 50k/mo,Phone,Organic / Website,False,1,10759804.99,2026-06-28
CUS-001094,Ahmed Hussein,Egyptian,Egypt,45-54,High Net Worth,End-User,Rental Income,Over EGP 250k/mo,In-Person,Paid Digital,False,1,4879130.81,2025-01-28
CUS-001095,Jana Anwar,Saudi,Egypt,45-54,First-Time Buyer,End-User,Primary Residence,Over EGP 250k/mo,Email,Organic / Website,False,1,8240309.91,2024-11-12
CUS-001096,Nour Sabry,Egyptian,Egypt,55-64,High Net Worth,End-User,Primary Residence,Over EGP 250k/mo,WhatsApp,Broker Referral,False,1,4814109.98,2026-05-03
CUS-001097,Rami Salem,Egyptian,Egypt,45-54,First-Time Buyer,End-User,Investment / Resale,EGP 50-100k/mo,Phone,Event,False,1,4366884.07,2025-12-31
CUS-001098,Yassin Anwar,Egyptian,Egypt,65+,High Net Worth,End-User,Investment / Resale,Under EGP 50k/mo,WhatsApp,Word of Mouth,False,1,3898414.92,2024-09-12
CUS-001099,Farida Abdallah,Egyptian,Egypt,55-64,First-Time Buyer,End-User,Second Home,EGP 50-100k/mo,Email,Word of Mouth,False,1,6224980.64,2025-12-01
CUS-001100,Malak Fahmy,Egyptian,Egypt,55-64,Investor,End-User,Primary Residence,Under EGP 50k/mo,Phone,Event,False,1,7846712.32,2025-03-27
CUS-001101,Hassan Hussein,Egyptian,Egypt,45-54,High Net Worth,End-User,Primary Residence,Under EGP 50k/mo,Email,Broker Referral,False,1,6960401.6,2024-12-17
CUS-001102,Jana Salem,Emirati,UAE,25-34,First-Time Buyer,End-User,Primary Residence,Under EGP 50k/mo,Email,Word of Mouth,False,1,10338784.0,2025-03-13
CUS-001103,Ibrahim Naguib,Kuwaiti,Kuwait,35-44,First-Time Buyer,End-User,Primary Residence,EGP 100-250k/mo,Phone,Event,False,1,6826069.26,2024-11-24
CUS-001104,Nada Al-Rashid,Egyptian,Egypt,35-44,Mass Affluent,End-User,Primary Residence,EGP 50-100k/mo,WhatsApp,Organic / Website,False,1,7057945.12,2024-11-16
CUS-001105,Hassan El-Masry,Egyptian,Egypt,25-34,First-Time Buyer,End-User,Investment / Resale,EGP 50-100k/mo,Email,Broker Referral,False,1,8506322.25,2025-12-25
CUS-001106,Heba Salem,Egyptian,Egypt,45-54,First-Time Buyer,End-User,Second Home,EGP 50-100k/mo,Email,Paid Digital,False,1,7928451.81,2026-04-04
CUS-001107,Nourhan Zaki,Emirati,UAE,45-54,High Net Worth,End-User,Rental Income,Under EGP 50k/mo,WhatsApp,Organic / Website,False,1,9216824.76,2025-07-17
CUS-001108,Wael Hussein,Egyptian,Egypt,55-64,Investor,End-User,Investment / Resale,Over EGP 250k/mo,WhatsApp,Word of Mouth,False,1,4648621.14,2024-11-25
CUS-001109,Amira Al-Fahim,Jordanian,Egypt,35-44,Investor,End-User,Rental Income,EGP 100-250k/mo,In-Person,Paid Digital,False,1,7228784.7,2026-06-18
CUS-001110,Laila Al-Fahim,Egyptian,Egypt,35-44,High Net Worth,End-User,Investment / Resale,Under EGP 50k/mo,Phone,Event,False,1,5306554.6,2025-02-12
CUS-001111,Reem Fathy,Egyptian,Egypt,35-44,First-Time Buyer,End-User,Second Home,Over EGP 250k/mo,In-Person,Paid Digital,False,1,9012521.55,2026-04-01
CUS-001112,Ahmed Novak,Egyptian,Egypt,65+,High Net Worth,End-User,Primary Residence,Over EGP 250k/mo,WhatsApp,Broker Referral,False,1,11201272.11,2024-11-24
CUS-001113,Sara Youssef,Egyptian,Egypt,35-44,High Net Worth,End-User,Second Home,Under EGP 50k/mo,WhatsApp,Event,False,1,7868533.46,2024-10-16
CUS-001114,Amira Youssef,Egyptian,Egypt,45-54,High Net Worth,End-User,Second Home,Over EGP 250k/mo,Email,Paid Digital,False,1,6353489.12,2026-03-23
CUS-001115,Ziad Mostafa,Egyptian,Egypt,55-64,High Net Worth,End-User,Rental Income,EGP 50-100k/mo,Email,Broker Referral,False,1,7606685.52,2024-07-17
CUS-001116,Salma Gomaa,Kuwaiti,Kuwait,35-44,First-Time Buyer,End-User,Investment / Resale,Over EGP 250k/mo,In-Person,Word of Mouth,False,1,9708508.09,2025-06-21
CUS-001117,Dina Sabry,Egyptian,Egypt,25-34,High Net Worth,End-User,Investment / Resale,Over EGP 250k/mo,In-Person,Word of Mouth,False,1,9390657.74,2026-04-16
CUS-001118,Dalia El-Masry,Egyptian,Egypt,35-44,High Net Worth,End-User,Investment / Resale,Under EGP 50k/mo,WhatsApp,Event,False,1,10209576.88,2026-05-20
CUS-001119,Karim Chevalier,Egyptian,Egypt,45-54,Mass Affluent,End-User,Rental Income,EGP 50-100k/mo,WhatsApp,Paid Digital,False,1,11642725.96,2025-12-19
CUS-001120,Laila Youssef,Egyptian,Egypt,45-54,High Net Worth,End-User,Investment / Resale,Over EGP 250k/mo,WhatsApp,Event,False,1,9505157.94,2026-03-11
CUS-001121,Khaled Reda,Egyptian,Egypt,45-54,Mass Affluent,End-User,Second Home,Under EGP 50k/mo,Email,Event,False,1,6840910.19,2025-08-03
CUS-001122,Amira Nour,Egyptian,Egypt,35-44,Mass Affluent,End-User,Primary Residence,EGP 50-100k/mo,Email,Broker Referral,False,1,4598990.46,2025-12-16
CUS-001123,Amr Hussein,Egyptian,Egypt,55-64,High Net Worth,End-User,Rental Income,Under EGP 50k/mo,In-Person,Broker Referral,False,1,7482164.76,2025-01-29
CUS-001124,Jana Naguib,Egyptian,Egypt,45-54,First-Time Buyer,End-User,Second Home,EGP 50-100k/mo,In-Person,Paid Digital,False,1,7479402.75,2025-06-16
CUS-001125,Dalia Barakat,Egyptian,Egypt,35-44,First-Time Buyer,End-User,Investment / Resale,Under EGP 50k/mo,In-Person,Broker Referral,False,1,6141416.82,2025-06-03
CUS-001126,Rana El-Masry,Egyptian,Egypt,55-64,First-Time Buyer,End-User,Primary Residence,EGP 50-100k/mo,In-Person,Paid Digital,False,1,7787414.54,2026-05-31
CUS-001127,Rana Nour,Egyptian,Egypt,35-44,First-Time Buyer,End-User,Primary Residence,Over EGP 250k/mo,In-Person,Organic / Website,False,1,9566307.15,2024-07-15
CUS-001128,Sherif Hussein,Egyptian,Egypt,45-54,Mass Affluent,End-User,Investment / Resale,EGP 100-250k/mo,Phone,Organic / Website,False,1,8197082.12,2025-11-19
CUS-001129,Sara Al-Fahim,Saudi,Saudi Arabia,55-64,Mass Affluent,End-User,Primary Residence,Under EGP 50k/mo,WhatsApp,Organic / Website,False,1,10811567.91,2026-02-16
CUS-001130,Heba Mansour,Egyptian,Egypt,25-34,First-Time Buyer,End-User,Investment / Resale,Over EGP 250k/mo,WhatsApp,Paid Digital,False,1,4764717.09,2024-11-07
CUS-001131,Fady Naguib,Egyptian,Egypt,55-64,First-Time Buyer,End-User,Investment / Resale,EGP 100-250k/mo,In-Person,Word of Mouth,False,1,7407258.3,2024-08-10
CUS-001132,Ziad Reda,Jordanian,Jordan,25-34,Investor,End-User,Investment / Resale,EGP 100-250k/mo,Phone,Event,False,1,9621224.66,2024-07-09
CUS-001133,Ramy Aziz,Saudi,Egypt,45-54,First-Time Buyer,End-User,Rental Income,EGP 100-250k/mo,WhatsApp,Word of Mouth,False,1,7591029.09,2025-12-22
CUS-001134,Sherif Al-Fahim,Egyptian,Egypt,25-34,Mass Affluent,End-User,Primary Residence,Over EGP 250k/mo,WhatsApp,Organic / Website,False,1,12339624.8,2025-05-03
CUS-001135,Mona Salem,Egyptian,Egypt,25-34,Investor,End-User,Second Home,Over EGP 250k/mo,WhatsApp,Paid Digital,False,1,4721432.88,2025-11-15
CUS-001136,Salma Al-Rashid,Jordanian,Jordan,55-64,High Net Worth,End-User,Second Home,EGP 100-250k/mo,Phone,Paid Digital,False,1,9619261.57,2025-01-03
CUS-001137,Khaled Barakat,Egyptian,Egypt,35-44,Investor,End-User,Primary Residence,Over EGP 250k/mo,In-Person,Paid Digital,False,1,11049973.17,2025-02-12
CUS-001138,Malak Kamal,Emirati,UAE,45-54,Investor,End-User,Primary Residence,Under EGP 50k/mo,WhatsApp,Paid Digital,False,1,6412946.1,2024-12-29
CUS-001139,Fady Al-Fahim,Egyptian,Egypt,25-34,High Net Worth,End-User,Rental Income,Under EGP 50k/mo,Phone,Word of Mouth,False,1,7114144.91,2026-03-19
CUS-001140,Heba Hegazy,Egyptian,Egypt,25-34,Mass Affluent,End-User,Investment / Resale,Under EGP 50k/mo,Phone,Paid Digital,False,1,4349555.9,2025-08-06
CUS-001141,Emad Novak,Egyptian,Egypt,35-44,Mass Affluent,End-User,Primary Residence,EGP 100-250k/mo,WhatsApp,Organic / Website,False,1,7321071.11,2026-05-22
CUS-001142,Mahmoud Sabry,Egyptian,Egypt,45-54,Mass Affluent,End-User,Rental Income,Over EGP 250k/mo,In-Person,Organic / Website,False,1,4391869.11,2025-03-07
CUS-001143,Mostafa Gomaa,Egyptian,Egypt,25-34,Mass Affluent,End-User,Rental Income,EGP 100-250k/mo,Phone,Broker Referral,False,1,8884238.27,2024-09-05
CUS-001144,Hana Fahmy,Egyptian,Egypt,55-64,Mass Affluent,End-User,Investment / Resale,Over EGP 250k/mo,Phone,Organic / Website,False,1,7949492.54,2025-11-21
CUS-001145,Malak El-Sayed,Egyptian,Egypt,35-44,First-Time Buyer,End-User,Rental Income,EGP 100-250k/mo,WhatsApp,Event,False,1,8180954.96,2025-05-08
CUS-001146,Amira Al-Fahim,Egyptian,Egypt,35-44,First-Time Buyer,End-User,Investment / Resale,Under EGP 50k/mo,Phone,Broker Referral,False,1,8407684.67,2026-06-30
CUS-001147,Malak Nour,Egyptian,Egypt,55-64,First-Time Buyer,End-User,Primary Residence,Under EGP 50k/mo,In-Person,Word of Mouth,False,1,9239569.89,2025-08-30
CUS-001148,Wael Hussein,Egyptian,Egypt,45-54,High Net Worth,End-User,Primary Residence,EGP 50-100k/mo,WhatsApp,Organic / Website,False,1,5053978.8,2026-04-10
CUS-001149,Hany Mansour,Saudi,Egypt,45-54,Mass Affluent,End-User,Second Home,Over EGP 250k/mo,Email,Word of Mouth,False,1,10438069.36,2024-08-27
CUS-001150,Tarek Hussein,Egyptian,Egypt,35-44,First-Time Buyer,End-User,Second Home,EGP 50-100k/mo,In-Person,Broker Referral,False,1,9772497.16,2026-05-16
CUS-001151,Nada Nour,Other,Egypt,35-44,High Net Worth,End-User,Rental Income,Under EGP 50k/mo,WhatsApp,Organic / Website,False,1,4986117.84,2025-08-06
CUS-001152,Ramy El-Tahawy,Egyptian,Egypt,55-64,First-Time Buyer,End-User,Investment / Resale,EGP 100-250k/mo,Phone,Event,False,1,4326756.22,2026-03-12
CUS-001153,Sameh Zaki,Egyptian,Egypt,45-54,Mass Affluent,End-User,Second Home,Under EGP 50k/mo,Phone,Paid Digital,False,1,5524374.41,2024-12-23
CUS-001154,Hany Sabry,Egyptian,Egypt,65+,High Net Worth,End-User,Investment / Resale,EGP 100-250k/mo,Email,Event,False,1,7207333.36,2026-03-23
CUS-001155,Salma Youssef,Egyptian,Egypt,25-34,High Net Worth,End-User,Second Home,Over EGP 250k/mo,WhatsApp,Event,False,1,5743823.64,2025-08-23
CUS-001156,Nour Mansour,Egyptian,Egypt,25-34,High Net Worth,End-User,Investment / Resale,EGP 50-100k/mo,Phone,Broker Referral,False,1,8620242.52,2025-04-22
CUS-001157,Wael Mostafa,Egyptian,Egypt,25-34,First-Time Buyer,End-User,Investment / Resale,EGP 50-100k/mo,Phone,Broker Referral,False,1,9940350.09,2025-03-26
CUS-001158,Amira Novak,Egyptian,Egypt,35-44,Mass Affluent,End-User,Investment / Resale,Under EGP 50k/mo,In-Person,Paid Digital,False,1,10116870.09,2026-01-26
CUS-001159,Yassin Hegazy,Egyptian,Egypt,35-44,First-Time Buyer,End-User,Investment / Resale,EGP 100-250k/mo,Email,Event,False,1,5605383.14,2026-05-28
CUS-001160,Amr Abdallah,Jordanian,Jordan,45-54,First-Time Buyer,End-User,Primary Residence,Under EGP 50k/mo,WhatsApp,Organic / Website,False,1,5831187.03,2025-06-23
CUS-001161,Fady Zaki,Kuwaiti,Kuwait,35-44,Investor,End-User,Second Home,Under EGP 50k/mo,WhatsApp,Broker Referral,False,1,10023149.58,2024-08-09
CUS-001162,Sara Al-Fahim,Jordanian,Jordan,45-54,Mass Affluent,End-User,Second Home,EGP 50-100k/mo,In-Person,Organic / Website,False,1,4819316.71,2024-11-03
CUS-001163,Ashraf Shawky,Egyptian,Egypt,55-64,Investor,End-User,Second Home,EGP 100-250k/mo,WhatsApp,Word of Mouth,False,1,10837555.39,2025-03-24
CUS-001164,Nour Gomaa,Egyptian,Egypt,25-34,First-Time Buyer,End-User,Investment / Resale,Under EGP 50k/mo,WhatsApp,Broker Referral,False,1,9994343.88,2025-12-14
CUS-001165,Dina Al-Fahim,Egyptian,Egypt,25-34,High Net Worth,End-User,Investment / Resale,EGP 50-100k/mo,WhatsApp,Word of Mouth,False,1,6426652.44,2026-01-09
CUS-001166,Youssef Mansour,Egyptian,Egypt,55-64,Mass Affluent,End-User,Investment / Resale,EGP 50-100k/mo,Email,Paid Digital,False,1,7587140.4,2024-08-19
CUS-001167,Aya Farouk,Egyptian,Egypt,35-44,High Net Worth,End-User,Rental Income,Over EGP 250k/mo,In-Person,Organic / Website,False,1,4816593.16,2025-05-20
CUS-001168,Yassin El-Sayed,Saudi,Saudi Arabia,25-34,Investor,End-User,Rental Income,Over EGP 250k/mo,Phone,Event,False,1,9960818.11,2025-08-06
CUS-001169,Salma Barakat,Egyptian,Egypt,45-54,Mass Affluent,End-User,Primary Residence,Under EGP 50k/mo,WhatsApp,Broker Referral,False,1,12623971.82,2025-04-26
CUS-001170,Nada Mansour,Emirati,UAE,35-44,First-Time Buyer,End-User,Second Home,Over EGP 250k/mo,Phone,Paid Digital,False,1,5323141.53,2025-09-21
CUS-001171,Farida Reda,Egyptian,Egypt,35-44,Investor,End-User,Rental Income,Over EGP 250k/mo,In-Person,Broker Referral,False,1,8241962.51,2026-01-04
CUS-001172,Tarek Novak,Egyptian,Egypt,45-54,Mass Affluent,End-User,Investment / Resale,EGP 50-100k/mo,Email,Paid Digital,False,1,6178358.66,2024-08-01
CUS-001173,Salma Metwally,Egyptian,Egypt,35-44,Investor,End-User,Investment / Resale,Over EGP 250k/mo,Phone,Event,False,1,5199601.55,2025-03-09
CUS-001174,Hany Farouk,Egyptian,Egypt,45-54,Investor,End-User,Investment / Resale,EGP 100-250k/mo,In-Person,Broker Referral,False,1,5541142.37,2026-01-24
CUS-001175,Mohamed Zaki,Egyptian,Egypt,55-64,Mass Affluent,End-User,Second Home,Over EGP 250k/mo,Email,Broker Referral,False,1,4710615.0,2025-10-30
CUS-001176,Aya Novak,Egyptian,Egypt,35-44,Mass Affluent,End-User,Second Home,EGP 100-250k/mo,Phone,Paid Digital,False,1,6352340.48,2026-05-07
CUS-001177,Nada Farouk,Egyptian,Egypt,65+,Mass Affluent,End-User,Rental Income,Over EGP 250k/mo,Phone,Event,False,1,9825357.67,2024-11-22
CUS-001178,Yasmin El-Sayed,Kuwaiti,Kuwait,35-44,High Net Worth,End-User,Rental Income,Under EGP 50k/mo,Email,Word of Mouth,False,1,6755566.08,2025-12-03
CUS-001179,Fady Mostafa,Egyptian,Egypt,55-64,Mass Affluent,End-User,Investment / Resale,Over EGP 250k/mo,Phone,Broker Referral,False,1,6206531.47,2025-08-02
CUS-001180,Karim Mansour,Egyptian,Egypt,25-34,First-Time Buyer,End-User,Investment / Resale,EGP 50-100k/mo,Phone,Broker Referral,False,1,5948898.9,2024-12-24
CUS-001181,Adel Al-Rashid,Egyptian,Egypt,25-34,First-Time Buyer,End-User,Investment / Resale,Under EGP 50k/mo,In-Person,Event,False,1,10393411.54,2025-01-01
CUS-001182,Ibrahim Al-Rashid,Egyptian,Egypt,25-34,First-Time Buyer,End-User,Second Home,EGP 50-100k/mo,Phone,Word of Mouth,False,1,8717560.52,2025-12-31
CUS-001183,Ramy Shawky,Kuwaiti,Kuwait,45-54,Investor,End-User,Rental Income,EGP 100-250k/mo,Email,Organic / Website,False,1,8416114.6,2025-10-10
CUS-001184,Dalia Metwally,Saudi,Egypt,35-44,First-Time Buyer,End-User,Primary Residence,Under EGP 50k/mo,WhatsApp,Event,False,1,9430001.08,2026-01-06
CUS-001185,Karim Youssef,Egyptian,Egypt,25-34,First-Time Buyer,End-User,Rental Income,Over EGP 250k/mo,Phone,Paid Digital,False,1,10023382.75,2025-09-10
CUS-001186,Tarek Barakat,Egyptian,Egypt,35-44,First-Time Buyer,End-User,Second Home,Over EGP 250k/mo,Phone,Event,False,1,4161497.04,2025-10-31
CUS-001187,Mohamed Zaki,Emirati,UAE,45-54,Mass Affluent,End-User,Rental Income,Under EGP 50k/mo,In-Person,Event,False,1,4197327.79,2024-07-30
CUS-001188,Reem Aziz,Jordanian,Egypt,45-54,First-Time Buyer,End-User,Second Home,EGP 50-100k/mo,Email,Broker Referral,False,1,4850443.21,2025-03-22
CUS-001189,Ibrahim El-Sayed,Egyptian,Egypt,35-44,First-Time Buyer,End-User,Investment / Resale,EGP 100-250k/mo,Phone,Event,False,1,9951020.12,2025-09-21
CUS-001190,Emad Barakat,Egyptian,Egypt,25-34,Investor,End-User,Investment / Resale,EGP 100-250k/mo,In-Person,Broker Referral,False,1,11096159.76,2025-01-24
CUS-001191,Ziad Rashad,Egyptian,Egypt,25-34,Investor,End-User,Rental Income,EGP 50-100k/mo,WhatsApp,Event,False,1,4031492.72,2025-12-09
CUS-001192,Amr Al-Fahim,Egyptian,Egypt,35-44,High Net Worth,End-User,Primary Residence,EGP 100-250k/mo,WhatsApp,Broker Referral,False,1,8826241.44,2025-01-29
CUS-001193,Malak Naguib,Other,Other,45-54,High Net Worth,End-User,Primary Residence,Over EGP 250k/mo,Phone,Event,False,1,6113998.42,2025-04-27
CUS-001194,Mostafa Hegazy,Egyptian,Egypt,45-54,Mass Affluent,End-User,Primary Residence,EGP 100-250k/mo,WhatsApp,Paid Digital,False,1,4602635.09,2025-04-09
CUS-001195,Tarek El-Tahawy,Egyptian,Egypt,35-44,First-Time Buyer,End-User,Rental Income,EGP 100-250k/mo,Email,Broker Referral,False,1,5513487.12,2024-11-06
CUS-001196,Rami Farouk,Saudi,Saudi Arabia,35-44,Mass Affluent,End-User,Second Home,Under EGP 50k/mo,Email,Event,False,1,8860619.99,2025-12-29
CUS-001197,Amira Barakat,Egyptian,Egypt,25-34,First-Time Buyer,End-User,Investment / Resale,EGP 50-100k/mo,In-Person,Paid Digital,False,1,5547288.36,2024-10-14
CUS-001198,Dina Chevalier,Egyptian,Egypt,25-34,Investor,End-User,Second Home,EGP 100-250k/mo,WhatsApp,Paid Digital,False,1,3976287.72,2025-07-10
CUS-001199,Ashraf Farouk,Egyptian,Egypt,45-54,Investor,End-User,Second Home,Under EGP 50k/mo,Phone,Event,False,1,10355266.15,2025-11-13
CUS-001200,Nour Aziz,Egyptian,Egypt,25-34,High Net Worth,End-User,Primary Residence,Under EGP 50k/mo,Email,Paid Digital,False,1,8580581.98,2024-08-01
CUS-001201,Tarek Nour,Egyptian,Egypt,45-54,First-Time Buyer,End-User,Second Home,Over EGP 250k/mo,In-Person,Paid Digital,False,1,6623441.11,2024-10-28
CUS-001202,Mostafa Metwally,Egyptian,Egypt,35-44,Mass Affluent,End-User,Second Home,EGP 50-100k/mo,Phone,Paid Digital,False,1,5997075.01,2026-06-04
CUS-001203,Ziad Shawky,Emirati,UAE,35-44,Mass Affluent,End-User,Primary Residence,EGP 100-250k/mo,Phone,Word of Mouth,False,1,6607974.28,2025-05-04
CUS-001204,Wael Al-Rashid,Egyptian,Egypt,35-44,High Net Worth,End-User,Primary Residence,Over EGP 250k/mo,In-Person,Paid Digital,False,1,6419770.16,2025-06-05
CUS-001205,Mona Al-Fahim,Egyptian,Egypt,55-64,Investor,End-User,Investment / Resale,Over EGP 250k/mo,Email,Paid Digital,False,1,8233548.09,2026-01-13
CUS-001206,Omar Al-Rashid,Egyptian,Egypt,35-44,Mass Affluent,End-User,Second Home,EGP 100-250k/mo,In-Person,Broker Referral,False,1,5850542.01,2024-12-14
CUS-001207,Amira El-Masry,Kuwaiti,Kuwait,45-54,Mass Affluent,End-User,Second Home,Under EGP 50k/mo,Email,Event,False,1,4924903.24,2025-06-26
CUS-001208,Sara Metwally,Egyptian,Egypt,35-44,Mass Affluent,End-User,Investment / Resale,EGP 50-100k/mo,In-Person,Broker Referral,False,1,11665444.03,2025-09-28
CUS-001209,Karim Sabry,Egyptian,Egypt,45-54,High Net Worth,End-User,Investment / Resale,EGP 100-250k/mo,Email,Organic / Website,False,1,5164535.25,2024-08-14
CUS-001210,Yassin Zaki,Kuwaiti,Kuwait,55-64,First-Time Buyer,End-User,Rental Income,EGP 100-250k/mo,Phone,Organic / Website,False,1,11015929.72,2024-11-11
CUS-001211,Mona El-Tahawy,Egyptian,Egypt,45-54,High Net Worth,End-User,Rental Income,EGP 50-100k/mo,In-Person,Broker Referral,False,1,4283862.22,2026-03-15
CUS-001212,Mona Al-Fahim,Other,Egypt,35-44,High Net Worth,End-User,Second Home,Over EGP 250k/mo,Phone,Event,False,1,11337767.02,2025-07-10
CUS-001213,Tarek Youssef,Egyptian,Egypt,55-64,First-Time Buyer,End-User,Investment / Resale,EGP 100-250k/mo,WhatsApp,Broker Referral,False,1,7338855.64,2025-07-27
CUS-001214,Dalia Novak,Egyptian,Egypt,35-44,Investor,End-User,Investment / Resale,EGP 100-250k/mo,Phone,Paid Digital,False,1,6535358.37,2026-02-12
CUS-001215,Sherif Rashad,Emirati,UAE,45-54,Investor,End-User,Investment / Resale,Over EGP 250k/mo,Phone,Organic / Website,False,1,6061820.78,2024-08-19
CUS-001216,Ziad Fahmy,Other,Other,55-64,Mass Affluent,End-User,Primary Residence,EGP 100-250k/mo,Email,Word of Mouth,False,1,10208302.05,2024-12-22
CUS-001217,Laila Nour,Emirati,UAE,35-44,High Net Worth,End-User,Primary Residence,EGP 100-250k/mo,WhatsApp,Word of Mouth,False,1,12361201.03,2026-05-05
CUS-001218,Ramy Naguib,Egyptian,Egypt,65+,High Net Worth,End-User,Investment / Resale,Under EGP 50k/mo,Email,Event,False,1,9137425.15,2026-02-13
CUS-001219,Yasmin Reda,Egyptian,Egypt,25-34,Investor,End-User,Second Home,Over EGP 250k/mo,Phone,Paid Digital,False,1,8578897.92,2025-02-21
CUS-001220,Aya Gomaa,Egyptian,Egypt,55-64,First-Time Buyer,End-User,Investment / Resale,Under EGP 50k/mo,Phone,Broker Referral,False,1,5011574.37,2026-02-21
CUS-001221,Hana Hegazy,Egyptian,Egypt,55-64,Mass Affluent,End-User,Rental Income,Over EGP 250k/mo,WhatsApp,Organic / Website,False,1,6412819.69,2025-01-14
CUS-001222,Malak Hussein,Egyptian,Egypt,25-34,Investor,End-User,Investment / Resale,EGP 50-100k/mo,Phone,Word of Mouth,False,1,9668905.2,2025-10-14
CUS-001223,Sameh Salem,Egyptian,Egypt,25-34,First-Time Buyer,End-User,Investment / Resale,Over EGP 250k/mo,Email,Organic / Website,False,1,7924894.35,2024-12-18
CUS-001224,Nour Al-Fahim,Egyptian,Egypt,35-44,First-Time Buyer,End-User,Primary Residence,Over EGP 250k/mo,WhatsApp,Word of Mouth,False,1,11366649.46,2024-12-19
CUS-001225,Adel El-Tahawy,Egyptian,Egypt,35-44,Mass Affluent,End-User,Investment / Resale,EGP 50-100k/mo,In-Person,Event,False,1,4944782.0,2024-12-20
CUS-001226,Mariam Shawky,Jordanian,Egypt,55-64,High Net Worth,End-User,Investment / Resale,Under EGP 50k/mo,Phone,Paid Digital,False,1,9931107.51,2024-11-06
CUS-001227,Ahmed Chevalier,Saudi,Egypt,65+,First-Time Buyer,End-User,Second Home,EGP 50-100k/mo,Email,Organic / Website,False,1,10637604.46,2025-06-26
CUS-001228,Amr El-Tahawy,Egyptian,Egypt,35-44,Investor,End-User,Rental Income,Over EGP 250k/mo,In-Person,Word of Mouth,False,1,7739651.5,2025-02-03
CUS-001229,Dina Farouk,Other,Other,45-54,First-Time Buyer,End-User,Second Home,EGP 100-250k/mo,Phone,Paid Digital,False,1,4526324.97,2024-12-20
CUS-001230,Nada El-Sayed,Egyptian,Egypt,45-54,High Net Worth,End-User,Rental Income,EGP 100-250k/mo,WhatsApp,Event,False,1,7645465.37,2026-06-04
CUS-001231,Fady Nour,Emirati,UAE,35-44,High Net Worth,End-User,Primary Residence,Over EGP 250k/mo,Phone,Event,False,1,8308295.19,2026-06-30
CUS-001232,Yasmin Abdallah,Egyptian,Egypt,35-44,Investor,End-User,Primary Residence,Under EGP 50k/mo,WhatsApp,Event,False,1,7325969.82,2025-07-27
CUS-001233,Khaled Farouk,Egyptian,Egypt,45-54,High Net Worth,End-User,Second Home,EGP 100-250k/mo,WhatsApp,Paid Digital,False,1,8903880.45,2025-08-28
CUS-001234,Wael Mansour,Egyptian,Egypt,35-44,High Net Worth,End-User,Rental Income,Under EGP 50k/mo,In-Person,Paid Digital,False,1,7587160.36,2024-12-23
CUS-001235,Youssef Zaki,Egyptian,Egypt,55-64,Mass Affluent,End-User,Investment / Resale,EGP 100-250k/mo,Phone,Word of Mouth,False,1,10884395.75,2024-10-09
CUS-001236,Malak Zaki,Egyptian,Egypt,35-44,Mass Affluent,End-User,Investment / Resale,Under EGP 50k/mo,Phone,Organic / Website,False,1,7046149.77,2025-03-17
CUS-001237,Yassin Barakat,Other,Egypt,45-54,Mass Affluent,End-User,Investment / Resale,EGP 50-100k/mo,Phone,Broker Referral,False,1,4158915.2,2024-09-13
CUS-001238,Jana Zaki,Egyptian,Egypt,55-64,First-Time Buyer,End-User,Primary Residence,EGP 100-250k/mo,In-Person,Event,False,1,6405884.79,2025-10-03
CUS-001239,Hana Hussein,Emirati,UAE,55-64,Investor,End-User,Investment / Resale,EGP 100-250k/mo,WhatsApp,Paid Digital,False,1,9112593.31,2025-09-06
CUS-001240,Mohamed Reda,Egyptian,Egypt,35-44,Mass Affluent,End-User,Second Home,EGP 50-100k/mo,Phone,Paid Digital,False,1,8329351.92,2025-10-13
CUS-001241,Emad Naguib,Egyptian,Egypt,25-34,Investor,End-User,Primary Residence,EGP 50-100k/mo,Phone,Word of Mouth,False,1,6408298.35,2024-08-05
CUS-001242,Rami Al-Fahim,Egyptian,Egypt,25-34,High Net Worth,End-User,Rental Income,EGP 100-250k/mo,Email,Event,False,1,9880121.98,2024-08-03
CUS-001243,Nada Mansour,Egyptian,Egypt,35-44,Investor,End-User,Primary Residence,EGP 50-100k/mo,WhatsApp,Word of Mouth,False,1,10336241.43,2026-03-21
CUS-001244,Sara Fathy,British,United Kingdom,35-44,First-Time Buyer,End-User,Rental Income,Under EGP 50k/mo,Email,Organic / Website,False,1,9899214.25,2024-11-22
CUS-001245,Aya Kamal,Egyptian,Egypt,35-44,Investor,End-User,Investment / Resale,EGP 50-100k/mo,In-Person,Word of Mouth,False,1,8063146.52,2026-02-03
CUS-001246,Omar Fathy,Jordanian,Egypt,55-64,Mass Affluent,End-User,Rental Income,Under EGP 50k/mo,Email,Broker Referral,False,1,7163522.41,2025-02-23
CUS-001247,Nourhan Salem,Kuwaiti,Kuwait,55-64,Investor,End-User,Rental Income,Under EGP 50k/mo,Phone,Broker Referral,False,1,5040135.23,2026-06-27
CUS-001248,Khaled Chevalier,Egyptian,Egypt,35-44,Investor,End-User,Investment / Resale,Over EGP 250k/mo,Phone,Organic / Website,False,1,5638354.08,2026-06-25
CUS-001249,Yasmin Reda,Saudi,Egypt,35-44,High Net Worth,End-User,Investment / Resale,EGP 50-100k/mo,WhatsApp,Word of Mouth,False,1,6892352.11,2025-10-23
CUS-001250,Mahmoud Hegazy,Egyptian,Egypt,35-44,First-Time Buyer,End-User,Rental Income,Over EGP 250k/mo,Phone,Paid Digital,False,1,9008463.35,2025-03-29
CUS-001251,Ashraf Nour,Saudi,Egypt,55-64,Investor,End-User,Second Home,EGP 50-100k/mo,Email,Broker Referral,False,1,8147880.27,2026-01-29
CUS-001252,Heba Zaki,Saudi,Egypt,45-54,Mass Affluent,End-User,Second Home,Over EGP 250k/mo,Email,Word of Mouth,False,1,10400162.57,2025-10-03
CUS-001253,Youssef El-Sayed,Egyptian,Egypt,55-64,Investor,End-User,Second Home,EGP 100-250k/mo,Email,Paid Digital,False,1,8360640.42,2025-10-30
CUS-001254,Nour Aziz,Egyptian,Egypt,35-44,Investor,End-User,Rental Income,Under EGP 50k/mo,Phone,Broker Referral,False,1,11895271.72,2024-08-14
CUS-001255,Salma Al-Rashid,Emirati,UAE,35-44,High Net Worth,End-User,Rental Income,EGP 50-100k/mo,WhatsApp,Word of Mouth,False,1,8630857.75,2025-06-08
CUS-001256,Mona Hegazy,Egyptian,Egypt,55-64,Mass Affluent,End-User,Primary Residence,EGP 100-250k/mo,Email,Paid Digital,False,1,7642125.69,2026-05-05
CUS-001257,Malak Nour,Saudi,Egypt,35-44,High Net Worth,End-User,Second Home,Over EGP 250k/mo,In-Person,Word of Mouth,False,1,8055406.44,2026-04-04
CUS-001258,Adel Nour,Saudi,Saudi Arabia,35-44,Mass Affluent,End-User,Second Home,EGP 50-100k/mo,Phone,Broker Referral,False,1,6900704.97,2025-08-10
CUS-001259,Amira Barakat,Egyptian,Egypt,65+,Investor,End-User,Second Home,Under EGP 50k/mo,Phone,Organic / Website,False,1,8596501.16,2026-01-30
CUS-001260,Nour Youssef,Emirati,UAE,55-64,Investor,End-User,Investment / Resale,EGP 50-100k/mo,WhatsApp,Event,False,1,5011440.21,2026-04-20
CUS-001261,Mohamed Kamal,Egyptian,Egypt,35-44,Mass Affluent,End-User,Investment / Resale,Over EGP 250k/mo,Email,Paid Digital,False,1,9738432.36,2025-09-23
CUS-001262,Sara Reda,Emirati,UAE,25-34,High Net Worth,End-User,Second Home,Over EGP 250k/mo,Email,Broker Referral,False,1,8458955.4,2025-05-13
CUS-001263,Salma Hegazy,Egyptian,Egypt,35-44,First-Time Buyer,End-User,Primary Residence,Under EGP 50k/mo,In-Person,Paid Digital,False,1,6535182.27,2025-07-26
CUS-001264,Ziad Fahmy,Egyptian,Egypt,35-44,First-Time Buyer,End-User,Rental Income,EGP 50-100k/mo,Email,Event,False,1,6051981.54,2025-10-15
CUS-001265,Reem Hegazy,Egyptian,Egypt,35-44,High Net Worth,End-User,Investment / Resale,Over EGP 250k/mo,In-Person,Event,False,1,6820816.86,2025-01-02
CUS-001266,Aya Hegazy,Egyptian,Egypt,35-44,Investor,End-User,Primary Residence,EGP 100-250k/mo,Email,Organic / Website,False,1,8575146.2,2025-03-25
CUS-001267,Yasmin Sabry,Jordanian,Jordan,35-44,First-Time Buyer,End-User,Investment / Resale,Over EGP 250k/mo,Phone,Word of Mouth,False,1,8867245.97,2025-10-23
CUS-001268,Mariam Abdallah,Jordanian,Jordan,35-44,First-Time Buyer,End-User,Rental Income,Over EGP 250k/mo,WhatsApp,Broker Referral,False,1,6944382.31,2025-01-01
CUS-001269,Ramy Hegazy,Egyptian,Egypt,55-64,Investor,End-User,Second Home,EGP 100-250k/mo,Email,Paid Digital,False,1,6669247.43,2025-04-22
CUS-001270,Omar Hegazy,Emirati,UAE,25-34,First-Time Buyer,End-User,Primary Residence,Over EGP 250k/mo,Phone,Event,False,1,4635221.38,2025-12-02
CUS-001271,Yasmin Hussein,Egyptian,Egypt,65+,Mass Affluent,End-User,Second Home,Over EGP 250k/mo,Phone,Word of Mouth,False,1,6026655.37,2025-02-25
CUS-001272,Adel Gomaa,Egyptian,Egypt,35-44,Investor,End-User,Second Home,EGP 100-250k/mo,Phone,Event,False,1,10256014.75,2024-09-15
CUS-001273,Rami Abdallah,Egyptian,Egypt,25-34,High Net Worth,End-User,Primary Residence,Under EGP 50k/mo,Phone,Event,False,1,8374864.13,2025-08-30
CUS-001274,Mariam Metwally,Saudi,Egypt,35-44,Investor,End-User,Rental Income,Over EGP 250k/mo,WhatsApp,Event,False,1,8671845.87,2025-01-24
CUS-001275,Sara Salem,Other,Other,35-44,Mass Affluent,End-User,Primary Residence,Over EGP 250k/mo,Email,Broker Referral,False,1,6192448.89,2024-11-23
CUS-001276,Tarek El-Masry,Egyptian,Egypt,55-64,Mass Affluent,End-User,Rental Income,EGP 100-250k/mo,Email,Event,False,1,11823614.63,2026-01-18
CUS-001277,Ramy Mostafa,Egyptian,Egypt,65+,First-Time Buyer,End-User,Rental Income,EGP 100-250k/mo,Phone,Organic / Website,False,1,11057630.58,2025-04-10
CUS-001278,Ahmed Abdallah,Egyptian,Egypt,45-54,First-Time Buyer,End-User,Primary Residence,Under EGP 50k/mo,In-Person,Word of Mouth,False,1,7672688.79,2024-11-16
CUS-001279,Yassin Chevalier,Egyptian,Egypt,45-54,High Net Worth,End-User,Primary Residence,Under EGP 50k/mo,Phone,Word of Mouth,False,1,4330040.91,2024-12-11
CUS-001280,Nour Nour,Egyptian,Egypt,25-34,High Net Worth,End-User,Primary Residence,EGP 50-100k/mo,In-Person,Word of Mouth,False,1,3892451.64,2024-11-05
CUS-001281,Tarek Hegazy,Egyptian,Egypt,25-34,First-Time Buyer,End-User,Second Home,Under EGP 50k/mo,Email,Word of Mouth,False,1,9923679.23,2025-02-15
CUS-001282,Rami Kamal,Egyptian,Egypt,45-54,First-Time Buyer,End-User,Rental Income,EGP 50-100k/mo,In-Person,Word of Mouth,False,1,6887885.0,2025-07-31
CUS-001283,Nada El-Tahawy,Egyptian,Egypt,45-54,First-Time Buyer,End-User,Rental Income,EGP 50-100k/mo,In-Person,Organic / Website,False,1,8423695.08,2024-08-30
CUS-001284,Reem Rashad,Saudi,Saudi Arabia,65+,High Net Worth,End-User,Investment / Resale,Under EGP 50k/mo,Email,Organic / Website,False,1,11740404.0,2025-08-15
CUS-001285,Yasmin Zaki,Emirati,UAE,65+,Mass Affluent,End-User,Primary Residence,EGP 50-100k/mo,In-Person,Organic / Website,False,1,9668793.59,2025-07-20
CUS-001286,Sherif Fathy,Egyptian,Egypt,45-54,First-Time Buyer,End-User,Investment / Resale,EGP 50-100k/mo,Email,Word of Mouth,False,1,8328994.45,2025-08-11
CUS-001287,Rami Rashad,Egyptian,Egypt,65+,High Net Worth,End-User,Rental Income,EGP 100-250k/mo,Phone,Broker Referral,False,1,6366338.08,2025-11-07
CUS-001288,Adel Farouk,Egyptian,Egypt,55-64,Mass Affluent,End-User,Second Home,EGP 50-100k/mo,In-Person,Broker Referral,False,1,8292468.8,2026-05-05
CUS-001289,Nada Metwally,Other,Egypt,65+,High Net Worth,End-User,Second Home,Under EGP 50k/mo,Phone,Event,False,1,11996334.73,2026-06-07
CUS-001290,Nour Salem,Egyptian,Egypt,35-44,Investor,End-User,Primary Residence,Under EGP 50k/mo,Phone,Word of Mouth,False,1,8208909.99,2024-12-20
CUS-001291,Sameh El-Sayed,Egyptian,Egypt,35-44,High Net Worth,End-User,Investment / Resale,EGP 50-100k/mo,Email,Organic / Website,False,1,8119401.49,2025-09-03
CUS-001292,Yasmin Youssef,Other,Egypt,25-34,First-Time Buyer,End-User,Investment / Resale,Over EGP 250k/mo,WhatsApp,Word of Mouth,False,1,7352754.81,2025-06-15
CUS-001293,Rana Naguib,Egyptian,Egypt,55-64,Investor,End-User,Primary Residence,Over EGP 250k/mo,WhatsApp,Organic / Website,False,1,8660330.0,2026-01-14
CUS-001294,Yassin Reda,Egyptian,Egypt,25-34,First-Time Buyer,End-User,Second Home,Over EGP 250k/mo,WhatsApp,Word of Mouth,False,1,7933909.35,2024-07-10
CUS-001295,Heba Sabry,Egyptian,Egypt,25-34,First-Time Buyer,End-User,Primary Residence,EGP 100-250k/mo,In-Person,Broker Referral,False,1,5972040.56,2024-08-11
CUS-001296,Heba Farouk,British,United Kingdom,25-34,First-Time Buyer,End-User,Rental Income,EGP 50-100k/mo,WhatsApp,Broker Referral,False,1,4313750.73,2025-06-13
CUS-001297,Salma Fathy,Emirati,UAE,55-64,Investor,End-User,Second Home,Under EGP 50k/mo,Phone,Broker Referral,False,1,8142007.68,2024-09-03
CUS-001298,Dalia Gomaa,Egyptian,Egypt,45-54,Mass Affluent,End-User,Second Home,EGP 100-250k/mo,Email,Organic / Website,False,1,7928051.08,2025-07-23
CUS-001299,Emad Barakat,Egyptian,Egypt,45-54,First-Time Buyer,End-User,Second Home,EGP 100-250k/mo,In-Person,Organic / Website,False,1,7521920.84,2025-08-23
CUS-001300,Rami Farouk,Egyptian,Egypt,35-44,First-Time Buyer,End-User,Second Home,EGP 100-250k/mo,Phone,Organic / Website,False,1,4579712.02,2025-08-30
CUS-001301,Ziad Sabry,Egyptian,Egypt,35-44,High Net Worth,End-User,Investment / Resale,EGP 100-250k/mo,Email,Event,False,1,4351409.49,2025-11-29
CUS-001302,Ziad Hegazy,Egyptian,Egypt,35-44,Investor,End-User,Second Home,EGP 100-250k/mo,WhatsApp,Organic / Website,False,1,8600104.7,2024-07-06
CUS-001303,Salma Abdallah,Kuwaiti,Kuwait,25-34,Mass Affluent,End-User,Second Home,EGP 50-100k/mo,WhatsApp,Broker Referral,False,1,7654743.36,2024-11-16
CUS-001304,Emad El-Sayed,Egyptian,Egypt,55-64,Mass Affluent,End-User,Rental Income,Under EGP 50k/mo,Phone,Paid Digital,False,1,8818211.61,2026-04-14
CUS-001305,Emad El-Masry,Egyptian,Egypt,55-64,Investor,End-User,Primary Residence,EGP 100-250k/mo,In-Person,Word of Mouth,False,1,4465364.67,2025-01-13
CUS-001306,Youssef Metwally,Kuwaiti,Kuwait,35-44,Investor,End-User,Investment / Resale,EGP 100-250k/mo,Phone,Word of Mouth,False,1,8639442.35,2025-11-11
CUS-001307,Nour Fathy,Egyptian,Egypt,65+,Mass Affluent,End-User,Second Home,EGP 50-100k/mo,WhatsApp,Organic / Website,False,1,12064820.34,2026-02-07
CUS-001308,Reem Aziz,Egyptian,Egypt,65+,Mass Affluent,End-User,Investment / Resale,EGP 50-100k/mo,Email,Event,False,1,9465222.23,2024-11-18
CUS-001309,Ziad El-Sayed,Egyptian,Egypt,35-44,Investor,End-User,Rental Income,EGP 50-100k/mo,Email,Organic / Website,False,1,5943876.39,2025-06-28
CUS-001310,Nourhan Mostafa,Saudi,Saudi Arabia,35-44,High Net Worth,End-User,Investment / Resale,EGP 50-100k/mo,In-Person,Event,False,1,5209085.7,2024-12-12
CUS-001311,Laila Sabry,Egyptian,Egypt,35-44,High Net Worth,End-User,Investment / Resale,EGP 100-250k/mo,Phone,Broker Referral,False,1,6400106.11,2025-03-20
CUS-001312,Omar Youssef,Egyptian,Egypt,45-54,Investor,End-User,Rental Income,Under EGP 50k/mo,Phone,Paid Digital,False,1,7794547.4,2025-02-03
CUS-001313,Reem El-Sayed,Saudi,Egypt,35-44,High Net Worth,End-User,Investment / Resale,EGP 50-100k/mo,WhatsApp,Organic / Website,False,1,6785192.11,2025-06-20
CUS-001314,Ashraf El-Tahawy,Egyptian,Egypt,25-34,Investor,End-User,Second Home,EGP 50-100k/mo,Email,Paid Digital,False,1,8126865.34,2025-03-10
CUS-001315,Youssef Chevalier,Egyptian,Egypt,35-44,First-Time Buyer,End-User,Investment / Resale,EGP 100-250k/mo,WhatsApp,Word of Mouth,False,1,9061178.92,2026-01-30
CUS-001316,Amr Al-Fahim,Egyptian,Egypt,55-64,First-Time Buyer,End-User,Rental Income,EGP 50-100k/mo,Phone,Word of Mouth,False,1,10453054.29,2026-05-03
CUS-001317,Yasmin Youssef,Saudi,Egypt,45-54,Mass Affluent,End-User,Primary Residence,EGP 100-250k/mo,Email,Organic / Website,False,1,11289283.2,2024-11-01
CUS-001318,Nourhan Novak,Egyptian,Egypt,55-64,Investor,End-User,Investment / Resale,Over EGP 250k/mo,In-Person,Event,False,1,6898635.35,2025-07-08
CUS-001319,Sherif Kamal,Egyptian,Egypt,55-64,High Net Worth,End-User,Investment / Resale,Over EGP 250k/mo,In-Person,Word of Mouth,False,1,5231742.09,2025-02-16
CUS-001320,Heba Nour,Egyptian,Egypt,35-44,Mass Affluent,End-User,Second Home,EGP 100-250k/mo,In-Person,Organic / Website,False,1,7230685.94,2025-06-28
CUS-001321,Sherif Abdallah,Other,Other,25-34,Investor,End-User,Primary Residence,Over EGP 250k/mo,Phone,Event,False,1,5115640.22,2026-04-26
CUS-001322,Sameh Gomaa,Egyptian,Egypt,25-34,Mass Affluent,End-User,Investment / Resale,Over EGP 250k/mo,Email,Word of Mouth,False,1,7771829.13,2024-10-17
CUS-001323,Amr Mostafa,Egyptian,Egypt,55-64,Mass Affluent,End-User,Second Home,EGP 50-100k/mo,WhatsApp,Event,False,1,5489799.25,2025-12-04
CUS-001324,Heba Hussein,Egyptian,Egypt,55-64,High Net Worth,End-User,Second Home,EGP 100-250k/mo,In-Person,Event,False,1,4776460.42,2025-01-01
CUS-001325,Mohamed Aziz,Egyptian,Egypt,55-64,First-Time Buyer,End-User,Rental Income,Over EGP 250k/mo,In-Person,Paid Digital,False,1,9945924.12,2025-06-28
CUS-001326,Tarek El-Tahawy,Egyptian,Egypt,25-34,Mass Affluent,End-User,Investment / Resale,EGP 100-250k/mo,Phone,Broker Referral,False,1,5787510.7,2025-06-01
CUS-001327,Sameh Sabry,Emirati,UAE,65+,High Net Worth,End-User,Primary Residence,EGP 100-250k/mo,In-Person,Organic / Website,False,1,7352169.58,2024-08-04
CUS-001328,Farida Mansour,Egyptian,Egypt,25-34,Mass Affluent,End-User,Rental Income,EGP 100-250k/mo,Email,Broker Referral,False,1,8009463.33,2026-01-01
CUS-001329,Yassin Shawky,Egyptian,Egypt,35-44,High Net Worth,End-User,Investment / Resale,Over EGP 250k/mo,Phone,Event,False,1,6123197.28,2024-09-29
CUS-001330,Amira Novak,Egyptian,Egypt,25-34,Mass Affluent,End-User,Second Home,Under EGP 50k/mo,Phone,Paid Digital,False,1,6006057.15,2025-01-25
CUS-001331,Mohamed Fahmy,Emirati,UAE,35-44,Mass Affluent,End-User,Rental Income,Under EGP 50k/mo,In-Person,Event,False,1,8250316.33,2025-12-07
CUS-001332,Reem Chevalier,Egyptian,Egypt,45-54,Mass Affluent,End-User,Rental Income,EGP 50-100k/mo,WhatsApp,Organic / Website,False,1,6290316.68,2025-10-14
CUS-001333,Ahmed Farouk,Saudi,Saudi Arabia,35-44,Investor,End-User,Rental Income,Over EGP 250k/mo,Phone,Event,False,1,4998223.58,2025-01-31
CUS-001334,Sara Youssef,Egyptian,Egypt,55-64,Investor,End-User,Primary Residence,Under EGP 50k/mo,WhatsApp,Organic / Website,False,1,8587503.97,2024-08-08
CUS-001335,Nour Youssef,Saudi,Saudi Arabia,35-44,High Net Worth,End-User,Investment / Resale,EGP 100-250k/mo,WhatsApp,Word of Mouth,False,1,8979031.42,2024-12-11
CUS-001336,Ziad Mostafa,Egyptian,Egypt,55-64,Investor,End-User,Primary Residence,EGP 100-250k/mo,Phone,Organic / Website,False,1,4452815.25,2025-09-24
CUS-001337,Ramy El-Masry,Egyptian,Egypt,35-44,First-Time Buyer,End-User,Primary Residence,Under EGP 50k/mo,WhatsApp,Organic / Website,False,1,6734732.17,2024-10-20
CUS-001338,Laila Shawky,Egyptian,Egypt,45-54,Investor,End-User,Investment / Resale,EGP 100-250k/mo,Email,Broker Referral,False,1,4594867.2,2025-12-25
CUS-001339,Reem El-Masry,Egyptian,Egypt,55-64,Mass Affluent,End-User,Primary Residence,Under EGP 50k/mo,Phone,Event,False,1,7747593.51,2024-09-06
CUS-001340,Mahmoud Naguib,Kuwaiti,Kuwait,35-44,Investor,End-User,Primary Residence,EGP 50-100k/mo,WhatsApp,Organic / Website,False,1,5437425.23,2025-02-11
CUS-001341,Nour Reda,Egyptian,Egypt,55-64,High Net Worth,End-User,Investment / Resale,Under EGP 50k/mo,WhatsApp,Event,False,1,9140725.06,2025-08-22
CUS-001342,Omar Al-Fahim,Egyptian,Egypt,35-44,First-Time Buyer,End-User,Investment / Resale,Over EGP 250k/mo,In-Person,Word of Mouth,False,1,3607550.13,2026-02-12
CUS-001343,Adel Salem,Egyptian,Egypt,35-44,Investor,End-User,Investment / Resale,EGP 50-100k/mo,WhatsApp,Organic / Website,False,1,4765165.17,2026-02-14
CUS-001344,Rana Farouk,Other,Egypt,25-34,Investor,End-User,Investment / Resale,Over EGP 250k/mo,Phone,Word of Mouth,False,1,4664921.33,2026-05-21
CUS-001345,Yasmin Al-Rashid,Jordanian,Egypt,55-64,First-Time Buyer,End-User,Rental Income,EGP 100-250k/mo,WhatsApp,Word of Mouth,False,1,5610645.5,2024-11-05
CUS-001346,Sara Al-Rashid,Egyptian,Egypt,45-54,Mass Affluent,End-User,Primary Residence,Under EGP 50k/mo,In-Person,Organic / Website,False,1,6856175.68,2026-02-03
CUS-001347,Mariam Salem,Egyptian,Egypt,55-64,High Net Worth,End-User,Second Home,EGP 100-250k/mo,Email,Word of Mouth,False,1,7429661.37,2025-12-14
CUS-001348,Omar Aziz,Egyptian,Egypt,45-54,Mass Affluent,End-User,Rental Income,Over EGP 250k/mo,Phone,Broker Referral,False,1,6796178.38,2026-03-09
CUS-001349,Mahmoud Novak,Egyptian,Egypt,35-44,First-Time Buyer,End-User,Investment / Resale,Over EGP 250k/mo,Phone,Event,False,1,5328108.6,2025-02-02
CUS-001350,Salma Mansour,Egyptian,Egypt,45-54,Investor,End-User,Second Home,Under EGP 50k/mo,In-Person,Broker Referral,False,1,7215009.73,2026-02-12
CUS-001351,Reem Barakat,Egyptian,Egypt,35-44,Mass Affluent,End-User,Investment / Resale,Over EGP 250k/mo,WhatsApp,Word of Mouth,False,1,11097120.75,2024-12-08
CUS-001352,Adel Shawky,Egyptian,Egypt,35-44,High Net Worth,End-User,Primary Residence,EGP 50-100k/mo,Phone,Event,False,1,8299438.08,2024-09-11
CUS-001353,Aya Sabry,Saudi,Saudi Arabia,35-44,First-Time Buyer,End-User,Second Home,EGP 50-100k/mo,In-Person,Broker Referral,False,1,8839995.01,2024-10-21
CUS-001354,Fady Naguib,Kuwaiti,Kuwait,25-34,Mass Affluent,End-User,Second Home,Over EGP 250k/mo,WhatsApp,Broker Referral,False,1,4013237.6,2025-06-16
CUS-001355,Dalia El-Tahawy,Emirati,UAE,25-34,Investor,End-User,Second Home,Under EGP 50k/mo,WhatsApp,Broker Referral,False,1,8788246.59,2026-06-12
CUS-001356,Sara Mansour,Egyptian,Egypt,55-64,High Net Worth,End-User,Investment / Resale,EGP 100-250k/mo,In-Person,Word of Mouth,False,1,9334499.58,2025-09-20
CUS-001357,Khaled Metwally,Egyptian,Egypt,35-44,First-Time Buyer,End-User,Investment / Resale,EGP 50-100k/mo,Email,Broker Referral,False,1,8083937.75,2025-09-21
CUS-001358,Hana Al-Rashid,Egyptian,Egypt,55-64,Mass Affluent,End-User,Second Home,Over EGP 250k/mo,Phone,Organic / Website,False,1,6635976.68,2025-06-06
CUS-001359,Wael El-Sayed,Emirati,UAE,25-34,Investor,End-User,Investment / Resale,EGP 50-100k/mo,In-Person,Paid Digital,False,1,9628871.83,2026-04-24
CUS-001360,Ziad Shawky,Egyptian,Egypt,25-34,Mass Affluent,End-User,Investment / Resale,EGP 100-250k/mo,In-Person,Organic / Website,False,1,11229721.62,2026-03-07
CUS-001361,Sameh Rashad,Egyptian,Egypt,35-44,Investor,End-User,Primary Residence,EGP 100-250k/mo,Phone,Paid Digital,False,1,8657167.68,2026-02-11
CUS-001362,Ibrahim Youssef,Egyptian,Egypt,55-64,Investor,End-User,Second Home,EGP 100-250k/mo,WhatsApp,Broker Referral,False,1,7532581.86,2024-08-16
CUS-001363,Sara Farouk,Saudi,Egypt,35-44,High Net Worth,End-User,Investment / Resale,EGP 50-100k/mo,Phone,Organic / Website,False,1,6669255.08,2024-09-25
CUS-001364,Heba Abdallah,Saudi,Saudi Arabia,45-54,Investor,End-User,Second Home,EGP 100-250k/mo,WhatsApp,Broker Referral,False,1,5832948.21,2024-08-01
CUS-001365,Nour Farouk,Emirati,UAE,45-54,High Net Worth,End-User,Rental Income,EGP 50-100k/mo,In-Person,Broker Referral,False,1,4241057.28,2025-06-14
CUS-001366,Ashraf Fahmy,Egyptian,Egypt,45-54,Investor,End-User,Primary Residence,Over EGP 250k/mo,In-Person,Event,False,1,4789492.09,2024-11-17
CUS-001367,Jana Gomaa,Egyptian,Egypt,45-54,First-Time Buyer,End-User,Second Home,Under EGP 50k/mo,Phone,Organic / Website,False,1,9633698.88,2025-12-20
CUS-001368,Ahmed El-Tahawy,Egyptian,Egypt,35-44,First-Time Buyer,End-User,Second Home,Under EGP 50k/mo,Phone,Word of Mouth,False,1,10608675.12,2025-01-12
CUS-001369,Aya Al-Rashid,Egyptian,Egypt,45-54,Mass Affluent,End-User,Rental Income,EGP 100-250k/mo,WhatsApp,Paid Digital,False,1,10999739.32,2025-11-11
CUS-001370,Ibrahim Farouk,Egyptian,Egypt,45-54,High Net Worth,End-User,Investment / Resale,EGP 100-250k/mo,In-Person,Broker Referral,False,1,11752705.69,2024-10-10
CUS-001371,Emad Anwar,Egyptian,Egypt,55-64,High Net Worth,End-User,Second Home,Under EGP 50k/mo,Phone,Organic / Website,False,1,5787143.1,2024-10-13
CUS-001372,Khaled Novak,Egyptian,Egypt,35-44,High Net Worth,End-User,Second Home,EGP 100-250k/mo,WhatsApp,Organic / Website,False,1,9529333.91,2025-02-07
CUS-001373,Rami Anwar,Egyptian,Egypt,65+,High Net Worth,End-User,Second Home,Under EGP 50k/mo,Email,Paid Digital,False,1,6285931.53,2026-04-10
CUS-001374,Ibrahim Naguib,Egyptian,Egypt,25-34,First-Time Buyer,End-User,Primary Residence,Over EGP 250k/mo,Phone,Paid Digital,False,1,12141133.01,2025-05-30
CUS-001375,Khaled Abdallah,Egyptian,Egypt,25-34,High Net Worth,End-User,Second Home,Over EGP 250k/mo,Phone,Paid Digital,False,1,5803977.81,2025-03-14
CUS-001376,Sherif Hegazy,Egyptian,Egypt,45-54,Mass Affluent,End-User,Rental Income,Under EGP 50k/mo,Email,Word of Mouth,False,1,9153933.4,2025-12-19
CUS-001377,Amira Youssef,Egyptian,Egypt,35-44,First-Time Buyer,End-User,Primary Residence,Under EGP 50k/mo,Phone,Word of Mouth,False,1,9365132.3,2026-05-02
CUS-001378,Yasmin Fahmy,Other,Egypt,45-54,High Net Worth,End-User,Second Home,Over EGP 250k/mo,In-Person,Broker Referral,False,1,3975368.11,2026-01-13
CUS-001379,Ashraf Nour,British,United Kingdom,45-54,Investor,End-User,Second Home,EGP 50-100k/mo,In-Person,Organic / Website,False,1,4399305.05,2024-10-14
CUS-001380,Farida Metwally,Egyptian,Egypt,45-54,Investor,End-User,Rental Income,EGP 50-100k/mo,In-Person,Word of Mouth,False,1,7656870.65,2025-01-30
