sale_id,unit_id,project_id,customer_id,reservation_date,contract_date,sales_agent_id,team_id,broker_id,lead_id,lead_source,campaign_id,gross_price,discount_value,discount_pct,net_sales_value,commission_value,payment_plan_years,down_payment_value,reservation_deposit,sales_channel,buyer_type,contract_status,cancellation_flag,cancellation_date,cancellation_reason,days_lead_to_reservation,days_reservation_to_contract,down_payment_pct,expected_handover_date,forecast_handover_date
SAL-000001,AUR-P2-B2-00204,AUR,CUS-000001,2026-06-25,2026-06-30,AGT-001,Team Apex,,LEA-001373,LinkedIn,CMP-0005,11011312.0,352361.98,3.2,10658950.02,0.0,5,2089154.2,150000.0,Direct,Investor,Contracted,False,,,4.0,4.0,19.6,2027-03-31,2027-03-31
SAL-000002,AUR-P2-B2-00183,AUR,CUS-000002,2025-12-09,2025-12-26,AGT-001,Team Apex,,,Direct / Walk-In,,13475357.4,525538.94,3.9,12949818.46,0.0,5,2525214.6,150000.0,Direct,End-User,Contracted,False,,,,16.0,19.5,2027-03-31,2027-03-31
SAL-000003,AUR-P1-B4-00134,AUR,CUS-000003,2026-05-17,2026-05-30,AGT-001,Team Apex,,LEA-001045,TikTok,CMP-0013,8234998.2,378809.92,4.6,7856188.28,0.0,5,1775498.55,150000.0,Direct,End-User,Contracted,False,,,5.0,13.0,22.6,2027-03-31,2027-03-31
SAL-000004,AUR-P2-B4-00272,AUR,CUS-000004,2026-06-26,,AGT-007,Team Falcon,,LEA-001782,TikTok,CMP-0018,22488350.4,1034464.12,4.6,21453886.28,0.0,5,3475529.58,150000.0,Direct,End-User,Reserved,False,,,10.0,,16.2,2027-03-31,2027-03-31
SAL-000005,AUR-P2-B1-00158,AUR,CUS-000005,2025-08-06,,AGT-001,Team Apex,,,Direct / Walk-In,,11935290.4,525152.78,4.4,11410137.62,0.0,6,1848442.29,150000.0,Direct,End-User,Reserved,False,,,,,16.2,2027-03-31,2027-03-31
SAL-000006,AUR-P2-B3-00241,AUR,CUS-000006,2026-06-30,2026-06-30,AGT-010,Team Falcon,BRK-01,LEA-001586,Brokers,CMP-0003,11765100.9,576489.94,4.9,11188610.96,231604.25,3,2360796.91,150000.0,Broker,End-User,Contracted,False,,,5.0,0.0,21.1,2027-03-31,2027-03-31
SAL-000007,AUR-P2-B2-00209,AUR,CUS-000007,2026-05-08,2026-05-20,AGT-005,Team Apex,,LEA-002411,LinkedIn,CMP-0008,7793803.8,467628.23,6.0,7326175.57,0.0,5,1369994.83,150000.0,Direct,End-User,Contracted,False,,,5.0,11.0,18.7,2027-03-31,2027-03-31
SAL-000008,AUR-P3-B3-00369,AUR,CUS-000008,2026-06-19,2026-06-30,AGT-010,Team Falcon,BRK-10,,Broker Referral,,11578199.6,497862.58,4.3,11080337.02,209418.37,3,2304710.1,150000.0,Broker,End-User,Contracted,False,,,,10.0,20.8,2027-03-31,2027-03-31
SAL-000009,AUR-P3-B2-00316,AUR,CUS-000009,2026-06-15,2026-06-26,AGT-001,Team Apex,,LEA-001378,Outdoor,CMP-0002,9812048.4,264925.31,2.7,9547123.09,0.0,4,1575275.31,150000.0,Direct,End-User,Contracted,False,,,4.0,11.0,16.5,2027-03-31,2027-03-31
SAL-000010,AUR-P3-B1-00302,AUR,CUS-000010,2026-05-09,2026-05-22,AGT-007,Team Falcon,,LEA-000717,LinkedIn,CMP-0014,9105887.1,427976.69,4.7,8677910.41,0.0,4,1735582.08,150000.0,Direct,End-User,Contracted,False,,,7.0,12.0,20.0,2027-03-31,2027-03-31
SAL-000011,AUR-P3-B3-00364,AUR,CUS-000011,2026-06-09,,AGT-010,Team Falcon,,LEA-001047,TikTok,CMP-0006,4675917.5,107546.1,2.3,4568371.4,0.0,5,1050725.42,93518.35,Direct,End-User,Reserved,False,,,5.0,,23.0,2027-03-31,2027-03-31
SAL-000012,AUR-P3-B4-00394,AUR,CUS-000012,2026-06-24,2026-06-25,AGT-007,Team Falcon,,LEA-000095,Google Search,CMP-0021,12482030.0,649065.56,5.2,11832964.44,0.0,4,2271929.17,150000.0,Direct,Investor,Contracted,False,,,8.0,1.0,19.2,2027-03-31,2027-03-31
SAL-000013,AUR-P1-B1-00019,AUR,CUS-000013,2024-10-26,2024-11-23,AGT-010,Team Falcon,,,Direct / Walk-In,,9733850.1,233612.4,2.4,9500237.7,0.0,4,1729043.26,150000.0,Direct,End-User,Contracted,False,,,,27.0,18.2,2027-03-31,2027-03-31
SAL-000014,AUR-P2-B2-00189,AUR,CUS-000014,2026-06-30,,AGT-005,Team Apex,,LEA-001968,Google Search,CMP-0021,8256002.0,338496.08,4.1,7917505.92,0.0,5,1543913.65,150000.0,Direct,End-User,Reserved,False,,,8.0,,19.5,2027-03-31,2027-03-31
SAL-000015,AUR-P1-B3-00082,AUR,CUS-000015,2026-01-07,2026-02-13,AGT-008,Team Falcon,,,Direct / Walk-In,,9089651.2,454482.56,5.0,8635168.64,0.0,4,1597506.2,150000.0,Direct,End-User,Contracted,False,,,,36.0,18.5,2027-03-31,2027-03-31
SAL-000016,AUR-P1-B3-00087,AUR,CUS-000016,2024-10-22,,AGT-004,Team Apex,,,Direct / Walk-In,,22629717.0,1063596.7,4.7,21566120.3,0.0,3,4722980.35,150000.0,Direct,End-User,Reserved,False,,,,,21.9,2027-03-31,2027-03-31
SAL-000017,AUR-P1-B4-00124,AUR,CUS-000017,2026-05-22,2026-06-09,AGT-003,Team Apex,,LEA-002077,Outdoor,CMP-0002,8679068.4,416595.28,4.8,8262473.12,0.0,6,1892106.34,150000.0,Direct,End-User,Contracted,False,,,4.0,17.0,22.9,2027-03-31,2027-03-31
SAL-000018,AUR-P2-B1-00146,AUR,CUS-000018,2025-05-28,2025-06-23,AGT-009,Team Falcon,BRK-03,,Broker Referral,,26549705.1,769941.45,2.9,25779763.65,587778.61,5,3918524.07,150000.0,Broker,End-User,Contracted,False,,,,25.0,15.2,2027-03-31,2027-03-31
SAL-000019,AUR-P2-B3-00214,AUR,CUS-000019,2026-06-21,2026-06-30,AGT-007,Team Falcon,,LEA-001113,Google Search,CMP-0021,11819959.5,472798.38,4.0,11347161.12,0.0,4,1929017.39,150000.0,Direct,Investor,Contracted,False,,,0.0,9.0,17.0,2027-03-31,2027-03-31
SAL-000020,AUR-P1-B3-00098,AUR,CUS-000020,2026-05-07,2026-06-02,AGT-007,Team Falcon,,LEA-000240,LinkedIn,CMP-0010,6987964.7,195663.01,2.8,6792301.69,0.0,4,1630152.41,139759.29,Direct,End-User,Contracted,False,,,0.0,26.0,24.0,2027-03-31,2027-03-31
SAL-000021,AUR-P2-B4-00258,AUR,CUS-000021,2026-06-24,2026-06-30,AGT-007,Team Falcon,,LEA-001170,Meta,CMP-0011,11883689.1,463463.87,3.9,11420225.23,0.0,5,2523869.78,150000.0,Direct,End-User,Contracted,False,,,4.0,5.0,22.1,2027-03-31,2027-03-31
SAL-000022,AUR-P1-B2-00068,AUR,CUS-000022,2026-05-02,2026-05-19,AGT-009,Team Falcon,,LEA-000290,LinkedIn,CMP-0010,8860646.8,363286.52,4.1,8497360.28,0.0,6,1478540.69,150000.0,Direct,End-User,Contracted,False,,,3.0,17.0,17.4,2027-03-31,2027-03-31
SAL-000023,AUR-P3-B1-00288,AUR,CUS-000023,2026-05-20,2026-06-12,AGT-003,Team Apex,,LEA-000736,Google Search,CMP-0021,8821260.8,273459.08,3.1,8547801.72,0.0,5,1512960.9,150000.0,Direct,End-User,Contracted,False,,,4.0,22.0,17.7,2027-03-31,2027-03-31
SAL-000024,AUR-P3-B4-00410,AUR,CUS-000024,2025-07-23,,AGT-008,Team Falcon,,,Direct / Walk-In,,7995598.9,391784.35,4.9,7603814.55,0.0,3,1764084.98,150000.0,Direct,End-User,Reserved,False,,,,,23.2,2027-03-31,2027-03-31
SAL-000025,AUR-P3-B3-00381,AUR,CUS-000025,2026-06-18,2026-06-30,AGT-009,Team Falcon,,LEA-000318,LinkedIn,CMP-0014,8648156.4,475648.6,5.5,8172507.8,0.0,4,2034954.44,150000.0,Direct,End-User,Contracted,False,,,7.0,11.0,24.9,2027-03-31,2027-03-31
SAL-000026,AUR-P2-B3-00231,AUR,CUS-000026,2026-06-17,2026-06-30,AGT-001,Team Apex,,LEA-000716,Meta,CMP-0011,5163440.0,263335.44,5.1,4900104.56,0.0,4,1078023.0,103268.8,Direct,End-User,Contracted,False,,,0.0,13.0,22.0,2027-03-31,2027-03-31
SAL-000027,AUR-P2-B2-00186,AUR,CUS-000027,2026-05-16,2026-06-14,AGT-006,Team Falcon,BRK-01,LEA-000599,Brokers,CMP-0003,15856729.3,364704.77,2.3,15492024.53,320684.91,5,3253325.15,150000.0,Broker,End-User,Contracted,False,,,6.0,28.0,21.0,2027-03-31,2027-03-31
SAL-000028,AUR-P2-B3-00243,AUR,CUS-000028,2026-05-30,,AGT-010,Team Falcon,,LEA-002526,TikTok,CMP-0006,12575385.6,503015.42,4.0,12072370.18,0.0,3,2197171.37,150000.0,Direct,End-User,Reserved,False,,,17.0,,18.2,2027-03-31,2027-03-31
SAL-000029,AUR-P3-B1-00312,AUR,CUS-000029,2026-02-02,2026-02-26,AGT-008,Team Falcon,,,Direct / Walk-In,,6438144.0,218896.9,3.4,6219247.1,0.0,3,957764.05,128762.88,Direct,End-User,Cancelled,True,2026-04-06,Financing Fell Through,,24.0,15.4,2027-03-31,2027-03-31
SAL-000030,AUR-P1-B4-00137,AUR,CUS-000030,2026-06-30,2026-06-30,AGT-004,Team Apex,,LEA-000059,LinkedIn,CMP-0010,7064472.8,402674.95,5.7,6661797.85,0.0,5,1532213.51,141289.46,Direct,Investor,Contracted,False,,,4.0,0.0,23.0,2027-03-31,2027-03-31
SAL-000031,AUR-P1-B4-00121,AUR,CUS-000031,2026-06-27,2026-06-30,AGT-003,Team Apex,,LEA-000960,Meta,CMP-0011,9591449.8,565895.54,5.9,9025554.26,0.0,5,2121005.25,150000.0,Direct,End-User,Contracted,False,,,5.0,2.0,23.5,2027-03-31,2027-03-31
SAL-000032,AUR-P3-B1-00291,AUR,CUS-000032,2026-06-17,2026-06-30,AGT-006,Team Falcon,,LEA-001940,Organic Website,CMP-0022,5525419.9,221016.8,4.0,5304403.1,0.0,6,1172273.09,110508.4,Direct,Investor,Contracted,False,,,7.0,12.0,22.1,2027-03-31,2027-03-31
SAL-000033,AUR-P1-B1-00021,AUR,CUS-000033,2026-06-19,2026-06-20,AGT-009,Team Falcon,,LEA-002199,Google Search,CMP-0009,17854521.6,589199.21,3.3,17265322.39,0.0,6,3729309.64,150000.0,Direct,End-User,Contracted,False,,,7.0,1.0,21.6,2027-03-31,2027-03-31
SAL-000034,AUR-P3-B3-00365,AUR,CUS-000034,2026-06-30,2026-06-30,AGT-002,Team Apex,BRK-13,,Broker Referral,,10676532.0,437737.81,4.1,10238794.19,209895.28,4,2375400.25,150000.0,Broker,End-User,Contracted,False,,,,0.0,23.2,2027-03-31,2027-03-31
SAL-000035,AUR-P2-B2-00192,AUR,CUS-000035,2026-05-31,2026-06-20,AGT-006,Team Falcon,BRK-14,LEA-000053,Brokers,CMP-0003,7123861.4,170972.67,2.4,6952888.73,161307.02,3,1717363.52,142477.23,Broker,Investor,Contracted,False,,,12.0,19.0,24.7,2027-03-31,2027-03-31
SAL-000036,AUR-P2-B1-00155,AUR,CUS-000036,2025-05-10,,AGT-006,Team Falcon,,,Direct / Walk-In,,10938049.9,525026.4,4.8,10413023.5,0.0,3,2176321.91,150000.0,Direct,End-User,Reserved,False,,,,,20.9,2027-03-31,2027-03-31
SAL-000037,AUR-P1-B4-00110,AUR,CUS-000037,2025-04-16,,AGT-002,Team Apex,,,Direct / Walk-In,,11650655.6,244663.77,2.1,11405991.83,0.0,4,2634784.11,150000.0,Direct,End-User,Reserved,False,,,,,23.1,2027-03-31,2027-03-31
SAL-000038,AUR-P1-B4-00119,AUR,CUS-000038,2025-11-18,,AGT-002,Team Apex,,,Direct / Walk-In,,13055731.2,443894.86,3.4,12611836.34,0.0,6,2547590.94,150000.0,Direct,End-User,Reserved,False,,,,,20.2,2027-03-31,2027-03-31
SAL-000039,AUR-P2-B1-00163,AUR,CUS-000039,2026-03-14,2026-04-12,AGT-001,Team Apex,,,Direct / Walk-In,,10458371.1,439251.59,4.2,10019119.51,0.0,4,1913651.83,150000.0,Direct,End-User,Contracted,False,,,,28.0,19.1,2027-03-31,2027-03-31
SAL-000040,AUR-P1-B2-00062,AUR,CUS-000040,2025-12-14,2026-01-12,AGT-006,Team Falcon,BRK-08,,Broker Referral,,13098294.3,772799.36,5.9,12325494.94,189812.62,3,2009055.68,150000.0,Broker,End-User,Contracted,False,,,,29.0,16.3,2027-03-31,2027-03-31
SAL-000041,AUR-P3-B3-00363,AUR,CUS-000041,2025-10-11,2025-11-18,AGT-004,Team Apex,,,Direct / Walk-In,,8866284.0,390116.5,4.4,8476167.5,0.0,4,1924090.02,150000.0,Direct,End-User,Contracted,False,,,,38.0,22.7,2027-03-31,2027-03-31
SAL-000042,AUR-P1-B2-00045,AUR,CUS-000042,2026-05-04,2026-05-16,AGT-006,Team Falcon,,,Direct / Walk-In,,9523423.7,485694.61,5.1,9037729.09,0.0,6,1482187.57,150000.0,Direct,End-User,Cancelled,True,2026-06-30,Personal / Financial Hardship,,11.0,16.4,2027-03-31,2027-03-31
SAL-000043,AUR-P3-B3-00372,AUR,CUS-000043,2026-06-30,2026-06-30,AGT-006,Team Falcon,,,Direct / Walk-In,,10916169.8,447562.96,4.1,10468606.84,0.0,6,1915755.05,150000.0,Direct,End-User,Contracted,False,,,,0.0,18.3,2027-03-31,2027-03-31
SAL-000044,AUR-P3-B2-00323,AUR,CUS-000044,2025-07-04,2025-07-20,AGT-009,Team Falcon,,,Direct / Walk-In,,10856475.0,542823.75,5.0,10313651.25,0.0,3,2372139.79,150000.0,Direct,End-User,Contracted,False,,,,16.0,23.0,2027-03-31,2027-03-31
SAL-000045,AUR-P1-B2-00038,AUR,CUS-000045,2026-01-16,2026-02-13,AGT-003,Team Apex,,,Direct / Walk-In,,12777358.0,447207.53,3.5,12330150.47,0.0,5,2626322.05,150000.0,Direct,End-User,Contracted,False,,,,27.0,21.3,2027-03-31,2027-03-31
SAL-000046,AUR-P2-B4-00274,AUR,CUS-000046,2026-03-04,2026-03-25,AGT-003,Team Apex,,,Direct / Walk-In,,9906201.9,307092.26,3.1,9599109.64,0.0,3,1583853.09,150000.0,Direct,End-User,Contracted,False,,,,20.0,16.5,2027-03-31,2027-03-31
SAL-000047,AUR-P2-B4-00278,AUR,CUS-000047,2024-09-30,2024-10-01,AGT-001,Team Apex,,,Direct / Walk-In,,8405962.5,445516.01,5.3,7960446.49,0.0,3,1687614.66,150000.0,Direct,End-User,Contracted,False,,,,1.0,21.2,2027-03-31,2027-03-31
SAL-000048,AUR-P1-B3-00100,AUR,CUS-000048,2026-01-11,2026-02-01,AGT-001,Team Apex,BRK-04,,Broker Referral,,16175126.0,695530.42,4.3,15479595.58,407113.36,3,3715102.94,150000.0,Broker,End-User,Cancelled,True,2026-03-25,Price Renegotiation Failed,,21.0,24.0,2027-03-31,2027-03-31
SAL-000049,AUR-P2-B3-00230,AUR,CUS-000049,2024-08-22,2024-09-10,AGT-002,Team Apex,,,Direct / Walk-In,,11139598.8,445583.95,4.0,10694014.85,0.0,6,1700348.36,150000.0,Direct,End-User,Contracted,False,,,,18.0,15.9,2027-03-31,2027-03-31
SAL-000050,AUR-P1-B3-00105,AUR,CUS-000050,2025-07-17,2025-08-14,AGT-001,Team Apex,,,Direct / Walk-In,,12197551.3,317136.33,2.6,11880414.97,0.0,4,2661212.95,150000.0,Direct,End-User,Cancelled,True,2025-10-13,Unit Defect Concern,,28.0,22.4,2027-03-31,2027-03-31
SAL-000051,AUR-P3-B3-00384,AUR,CUS-000051,2025-06-10,2025-06-23,AGT-010,Team Falcon,,,Direct / Walk-In,,18179785.7,1018068.0,5.6,17161717.7,0.0,4,2660066.24,150000.0,Direct,End-User,Contracted,False,,,,13.0,15.5,2027-03-31,2027-03-31
SAL-000052,AUR-P3-B2-00337,AUR,CUS-000052,2025-02-28,2025-03-21,AGT-005,Team Apex,,,Direct / Walk-In,,23581890.8,1108348.87,4.7,22473541.93,0.0,3,5011599.85,150000.0,Direct,End-User,Contracted,False,,,,20.0,22.3,2027-03-31,2027-03-31
SAL-000053,AUR-P1-B2-00052,AUR,CUS-000053,2026-04-23,2026-05-12,AGT-001,Team Apex,,,Direct / Walk-In,,13582459.1,421056.23,3.1,13161402.87,0.0,3,3211382.3,150000.0,Direct,End-User,Contracted,False,,,,18.0,24.4,2027-03-31,2027-03-31
SAL-000054,AUR-P3-B2-00349,AUR,CUS-000054,2025-10-08,,AGT-007,Team Falcon,,,Direct / Walk-In,,13234283.4,648479.89,4.9,12585803.51,0.0,4,2517160.7,150000.0,Direct,End-User,Reserved,False,,,,,20.0,2027-03-31,2027-03-31
SAL-000055,AUR-P1-B4-00111,AUR,CUS-000055,2025-10-02,2025-10-04,AGT-003,Team Apex,,,Direct / Walk-In,,17488032.4,559617.04,3.2,16928415.36,0.0,6,4147461.76,150000.0,Direct,End-User,Contracted,False,,,,2.0,24.5,2027-03-31,2027-03-31
SAL-000056,AUR-P3-B2-00343,AUR,CUS-000056,2025-01-28,2025-02-20,AGT-008,Team Falcon,,,Direct / Walk-In,,6381056.0,299909.63,4.7,6081146.37,0.0,3,1374339.08,127621.12,Direct,End-User,Contracted,False,,,,23.0,22.6,2027-03-31,2027-03-31
SAL-000057,AUR-P1-B1-00032,AUR,CUS-000057,2025-09-03,2025-09-25,AGT-005,Team Apex,,,Direct / Walk-In,,15205100.3,562588.71,3.7,14642511.59,0.0,4,3543487.8,150000.0,Direct,End-User,Contracted,False,,,,21.0,24.2,2027-03-31,2027-03-31
SAL-000058,AUR-P3-B4-00398,AUR,CUS-000058,2025-10-20,,AGT-005,Team Apex,,,Direct / Walk-In,,7772217.0,341977.55,4.4,7430239.45,0.0,6,1642082.92,150000.0,Direct,End-User,Cancelled,True,2025-12-12,Found Alternative Property,,,22.1,2027-03-31,2027-03-31
SAL-000059,AUR-P2-B3-00221,AUR,CUS-000059,2025-09-13,2025-09-25,AGT-009,Team Falcon,,,Direct / Walk-In,,5833399.0,309170.15,5.3,5524228.85,0.0,6,878352.39,116667.98,Direct,End-User,Contracted,False,,,,11.0,15.9,2027-03-31,2027-03-31
SAL-000060,AUR-P2-B2-00198,AUR,CUS-000060,2025-12-04,2025-12-24,AGT-009,Team Falcon,,,Direct / Walk-In,,6464017.8,368449.01,5.7,6095568.79,0.0,6,963099.87,129280.36,Direct,End-User,Contracted,False,,,,19.0,15.8,2027-03-31,2027-03-31
SAL-000061,AUR-P3-B4-00416,AUR,CUS-000061,2025-11-11,2025-11-14,AGT-002,Team Apex,BRK-13,,Broker Referral,,12209486.4,512798.43,4.2,11696687.97,239782.1,4,2772115.05,150000.0,Broker,End-User,Contracted,False,,,,2.0,23.7,2027-03-31,2027-03-31
SAL-000062,AUR-P3-B4-00404,AUR,CUS-000062,2024-11-30,2024-12-21,AGT-004,Team Apex,BRK-10,,Broker Referral,,19821648.0,1050547.34,5.3,18771100.66,354773.8,4,4092099.94,150000.0,Broker,End-User,Contracted,False,,,,20.0,21.8,2027-03-31,2027-03-31
SAL-000063,AUR-P1-B2-00063,AUR,CUS-000063,2025-02-03,2025-02-10,AGT-002,Team Apex,,,Direct / Walk-In,,7030208.4,154664.58,2.2,6875543.82,0.0,4,1038207.12,140604.17,Direct,End-User,Contracted,False,,,,7.0,15.1,2027-03-31,2027-03-31
SAL-000064,AUR-P1-B2-00051,AUR,CUS-000064,2025-04-19,2025-05-04,AGT-005,Team Apex,BRK-13,,Broker Referral,,12266077.2,601037.78,4.9,11665039.42,239133.31,5,1761420.95,150000.0,Broker,End-User,Contracted,False,,,,15.0,15.1,2027-03-31,2027-03-31
SAL-000065,AUR-P2-B1-00159,AUR,CUS-000065,2026-02-26,2026-04-02,AGT-008,Team Falcon,,,Direct / Walk-In,,7427056.6,222811.7,3.0,7204244.9,0.0,3,1095045.22,148541.13,Direct,End-User,Contracted,False,,,,35.0,15.2,2027-03-31,2027-03-31
SAL-000066,AUR-P1-B2-00053,AUR,CUS-000066,2025-05-14,2025-05-15,AGT-009,Team Falcon,,,Direct / Walk-In,,11592550.0,417331.8,3.6,11175218.2,0.0,6,2771454.11,150000.0,Direct,End-User,Contracted,False,,,,1.0,24.8,2027-03-31,2027-03-31
SAL-000067,AUR-P2-B4-00251,AUR,CUS-000067,2024-12-14,2024-12-31,AGT-004,Team Apex,BRK-08,,Broker Referral,,4907002.1,220815.09,4.5,4686187.01,72167.28,4,702928.05,98140.04,Broker,End-User,Contracted,False,,,,17.0,15.0,2027-03-31,2027-03-31
SAL-000068,AUR-P2-B4-00252,AUR,CUS-000068,2026-01-07,2026-01-31,AGT-004,Team Apex,,,Direct / Walk-In,,11371009.8,602663.52,5.3,10768346.28,0.0,3,1766008.79,150000.0,Direct,End-User,Contracted,False,,,,23.0,16.4,2027-03-31,2027-03-31
SAL-000069,AUR-P3-B1-00314,AUR,CUS-000069,2024-11-04,2024-11-09,AGT-003,Team Apex,,,Direct / Walk-In,,14277871.5,599670.6,4.2,13678200.9,0.0,3,2749318.38,150000.0,Direct,End-User,Contracted,False,,,,5.0,20.1,2027-03-31,2027-03-31
SAL-000070,AUR-P3-B3-00373,AUR,CUS-000070,2025-01-19,2025-02-12,AGT-007,Team Falcon,,,Direct / Walk-In,,12441220.0,609619.78,4.9,11831600.22,0.0,6,1987708.84,150000.0,Direct,End-User,Cancelled,True,2025-04-02,Changed Mind,,24.0,16.8,2027-03-31,2027-03-31
SAL-000071,AUR-P3-B4-00395,AUR,CUS-000071,2024-09-24,,AGT-003,Team Apex,,,Direct / Walk-In,,7410640.3,340889.45,4.6,7069750.85,0.0,3,1512926.68,148212.81,Direct,End-User,Reserved,False,,,,,21.4,2027-03-31,2027-03-31
SAL-000072,AUR-P1-B2-00043,AUR,CUS-000072,2025-07-10,2025-08-17,AGT-010,Team Falcon,,,Direct / Walk-In,,10290726.0,360175.41,3.5,9930550.59,0.0,5,1797429.66,150000.0,Direct,End-User,Contracted,False,,,,38.0,18.1,2027-03-31,2027-03-31
SAL-000073,AUR-P2-B2-00210,AUR,CUS-000073,2024-10-09,2024-11-08,AGT-010,Team Falcon,,,Direct / Walk-In,,7489663.9,239669.24,3.2,7249994.66,0.0,4,1196249.12,149793.28,Direct,End-User,Contracted,False,,,,30.0,16.5,2027-03-31,2027-03-31
SAL-000074,AUR-P3-B2-00347,AUR,CUS-000074,2024-11-05,2024-12-02,AGT-008,Team Falcon,,,Direct / Walk-In,,7152388.2,185962.09,2.6,6966426.11,0.0,5,1609244.43,143047.76,Direct,End-User,Contracted,False,,,,27.0,23.1,2027-03-31,2027-03-31
SAL-000075,AUR-P3-B1-00283,AUR,CUS-000075,2025-09-02,2025-09-03,AGT-010,Team Falcon,BRK-07,,Broker Referral,,9038568.5,497121.27,5.5,8541447.23,169120.66,6,1614333.53,150000.0,Broker,End-User,Contracted,False,,,,1.0,18.9,2027-03-31,2027-03-31
SAL-000076,AUR-P1-B3-00085,AUR,CUS-000076,2025-06-07,2025-06-09,AGT-009,Team Falcon,,,Direct / Walk-In,,6360789.6,184462.9,2.9,6176326.7,0.0,6,1167325.75,127215.79,Direct,End-User,Contracted,False,,,,1.0,18.9,2027-03-31,2027-03-31
SAL-000077,AUR-P2-B3-00228,AUR,CUS-000077,2025-06-02,2025-06-29,AGT-001,Team Apex,,,Direct / Walk-In,,5437034.4,320785.03,5.9,5116249.37,0.0,3,1258597.35,108740.69,Direct,End-User,Contracted,False,,,,26.0,24.6,2027-03-31,2027-03-31
SAL-000078,AUR-P2-B1-00147,AUR,CUS-000078,2024-08-11,2024-08-28,AGT-007,Team Falcon,,,Direct / Walk-In,,11148124.0,557406.2,5.0,10590717.8,0.0,6,2573544.43,150000.0,Direct,End-User,Contracted,False,,,,17.0,24.3,2027-03-31,2027-03-31
SAL-000079,AUR-P3-B2-00346,AUR,CUS-000079,2024-12-31,2025-01-04,AGT-004,Team Apex,,,Direct / Walk-In,,5013855.0,160443.36,3.2,4853411.64,0.0,5,1009509.62,100277.1,Direct,End-User,Contracted,False,,,,4.0,20.8,2027-03-31,2027-03-31
SAL-000080,AUR-P2-B4-00262,AUR,CUS-000080,2024-12-28,2025-01-12,AGT-004,Team Apex,,,Direct / Walk-In,,7784420.7,280239.15,3.6,7504181.55,0.0,3,1433298.68,150000.0,Direct,End-User,Contracted,False,,,,15.0,19.1,2027-03-31,2027-03-31
SAL-000081,AUR-P3-B2-00344,AUR,CUS-000081,2025-12-07,2025-12-24,AGT-006,Team Falcon,,,Direct / Walk-In,,5359342.2,230451.71,4.3,5128890.49,0.0,5,1230933.72,107186.84,Direct,End-User,Contracted,False,,,,16.0,24.0,2027-03-31,2027-03-31
SAL-000082,AUR-P1-B2-00041,AUR,CUS-000082,2025-05-04,2025-05-21,AGT-003,Team Apex,BRK-04,,Broker Referral,,7850001.6,408200.08,5.2,7441801.52,195719.38,6,1830683.17,150000.0,Broker,End-User,Contracted,False,,,,17.0,24.6,2027-03-31,2027-03-31
SAL-000083,AUR-P1-B3-00080,AUR,CUS-000083,2025-06-11,2025-06-12,AGT-002,Team Apex,,,Direct / Walk-In,,9526999.0,409660.96,4.3,9117338.04,0.0,5,2033166.38,150000.0,Direct,End-User,Cancelled,True,2025-07-05,Personal / Financial Hardship,,1.0,22.3,2027-03-31,2027-03-31
SAL-000084,AUR-P2-B2-00187,AUR,CUS-000084,2025-10-16,2025-10-17,AGT-010,Team Falcon,,,Direct / Walk-In,,9309151.2,418911.8,4.5,8890239.4,0.0,5,1902511.23,150000.0,Direct,End-User,Contracted,False,,,,1.0,21.4,2027-03-31,2027-03-31
SAL-000085,AUR-P3-B4-00392,AUR,CUS-000085,2024-09-04,2024-10-09,AGT-001,Team Apex,,,Direct / Walk-In,,13412031.6,603541.42,4.5,12808490.18,0.0,6,2805059.35,150000.0,Direct,End-User,Contracted,False,,,,35.0,21.9,2027-03-31,2027-03-31
SAL-000086,AUR-P3-B3-00358,AUR,CUS-000086,2024-10-24,2024-11-16,AGT-007,Team Falcon,,,Direct / Walk-In,,5272707.2,247817.24,4.7,5024889.96,0.0,3,904480.19,105454.14,Direct,End-User,Contracted,False,,,,23.0,18.0,2027-03-31,2027-03-31
SAL-000087,AUR-P2-B2-00205,AUR,CUS-000087,2026-01-06,2026-01-08,AGT-002,Team Apex,,,Direct / Walk-In,,7898299.2,308033.67,3.9,7590265.53,0.0,5,1540823.9,150000.0,Direct,End-User,Contracted,False,,,,1.0,20.3,2027-03-31,2027-03-31
SAL-000088,AUR-P1-B1-00029,AUR,CUS-000088,2025-10-11,2025-10-26,AGT-003,Team Apex,,,Direct / Walk-In,,12084763.4,253780.03,2.1,11830983.37,0.0,6,2673802.24,150000.0,Direct,End-User,Contracted,False,,,,14.0,22.6,2027-03-31,2027-03-31
SAL-000089,AUR-P1-B3-00091,AUR,CUS-000089,2025-09-15,2025-10-14,AGT-006,Team Falcon,,,Direct / Walk-In,,11577109.6,393621.73,3.4,11183487.87,0.0,6,2561018.72,150000.0,Direct,End-User,Contracted,False,,,,28.0,22.9,2027-03-31,2027-03-31
SAL-000090,AUR-P2-B1-00167,AUR,CUS-000090,2024-10-04,,AGT-005,Team Apex,,,Direct / Walk-In,,7004387.5,301188.66,4.3,6703198.84,0.0,3,1628877.32,140087.75,Direct,End-User,Reserved,False,,,,,24.3,2027-03-31,2027-03-31
SAL-000091,AUR-P1-B3-00099,AUR,CUS-000091,2025-06-21,2025-07-11,AGT-006,Team Falcon,,,Direct / Walk-In,,8812947.0,343704.93,3.9,8469242.07,0.0,6,1431301.91,150000.0,Direct,End-User,Contracted,False,,,,20.0,16.9,2027-03-31,2027-03-31
SAL-000092,AUR-P1-B4-00120,AUR,CUS-000092,2025-01-05,2025-01-23,AGT-009,Team Falcon,,,Direct / Walk-In,,12951567.9,440353.31,3.4,12511214.59,0.0,4,2677399.92,150000.0,Direct,End-User,Contracted,False,,,,18.0,21.4,2027-03-31,2027-03-31
SAL-000093,AUR-P2-B3-00212,AUR,CUS-000093,2025-08-07,2025-08-16,AGT-005,Team Apex,,,Direct / Walk-In,,6085855.6,213004.95,3.5,5872850.65,0.0,3,1203934.38,121717.11,Direct,End-User,Contracted,False,,,,9.0,20.5,2027-03-31,2027-03-31
SAL-000094,AUR-P1-B4-00107,AUR,CUS-000094,2026-04-19,,AGT-002,Team Apex,,,Direct / Walk-In,,13053691.4,469932.89,3.6,12583758.51,0.0,6,2881680.7,150000.0,Direct,End-User,Reserved,False,,,,,22.9,2027-03-31,2027-03-31
SAL-000095,AUR-P1-B1-00023,AUR,CUS-000095,2024-11-06,2024-11-28,AGT-009,Team Falcon,,,Direct / Walk-In,,9807283.9,509978.76,5.2,9297305.14,0.0,4,2166272.1,150000.0,Direct,End-User,Contracted,False,,,,22.0,23.3,2027-03-31,2027-03-31
SAL-000096,AUR-P3-B4-00408,AUR,CUS-000096,2025-09-06,2025-09-23,AGT-003,Team Apex,,,Direct / Walk-In,,8063945.0,467708.81,5.8,7596236.19,0.0,5,1587613.36,150000.0,Direct,End-User,Contracted,False,,,,16.0,20.9,2027-03-31,2027-03-31
SAL-000097,AUR-P3-B3-00352,AUR,CUS-000097,2026-04-30,2026-05-27,AGT-005,Team Apex,,,Direct / Walk-In,,11160666.0,245534.65,2.2,10915131.35,0.0,4,1790081.54,150000.0,Direct,End-User,Contracted,False,,,,26.0,16.4,2027-03-31,2027-03-31
SAL-000098,AUR-P2-B3-00222,AUR,CUS-000098,2025-06-30,,AGT-003,Team Apex,,,Direct / Walk-In,,6761177.5,169029.44,2.5,6592148.06,0.0,6,1252508.13,135223.55,Direct,End-User,Reserved,False,,,,,19.0,2027-03-31,2027-03-31
SAL-000099,AUR-P1-B4-00116,AUR,CUS-000099,2024-09-30,2024-10-10,AGT-006,Team Falcon,,,Direct / Walk-In,,9385944.0,347279.93,3.7,9038664.07,0.0,4,1608882.2,150000.0,Direct,End-User,Contracted,False,,,,10.0,17.8,2027-03-31,2027-03-31
SAL-000100,AUR-P2-B4-00267,AUR,CUS-000100,2026-02-14,2026-02-27,AGT-003,Team Apex,,,Direct / Walk-In,,4058177.0,162327.08,4.0,3895849.92,0.0,6,876566.23,81163.54,Direct,End-User,Contracted,False,,,,13.0,22.5,2027-03-31,2027-03-31
SAL-000101,AUR-P3-B3-00362,AUR,CUS-000101,2025-04-17,2025-04-26,AGT-008,Team Falcon,,,Direct / Walk-In,,10760108.9,591805.99,5.5,10168302.91,0.0,6,1850631.13,150000.0,Direct,End-User,Contracted,False,,,,9.0,18.2,2027-03-31,2027-03-31
SAL-000102,AUR-P3-B1-00287,AUR,CUS-000102,2024-07-21,2024-08-06,AGT-007,Team Falcon,,,Direct / Walk-In,,5537316.2,182731.43,3.3,5354584.77,0.0,4,1306518.68,110746.32,Direct,End-User,Contracted,False,,,,16.0,24.4,2027-03-31,2027-03-31
SAL-000103,AUR-P2-B4-00271,AUR,CUS-000103,2025-07-11,2025-08-03,AGT-010,Team Falcon,,,Direct / Walk-In,,5386180.5,231605.76,4.3,5154574.74,0.0,3,1216479.64,107723.61,Direct,End-User,Contracted,False,,,,22.0,23.6,2027-03-31,2027-03-31
SAL-000104,AUR-P3-B1-00299,AUR,CUS-000104,2025-09-05,2025-10-10,AGT-003,Team Apex,,,Direct / Walk-In,,12171048.0,511184.02,4.2,11659863.98,0.0,5,1958857.15,150000.0,Direct,End-User,Contracted,False,,,,34.0,16.8,2027-03-31,2027-03-31
SAL-000105,AUR-P1-B4-00129,AUR,CUS-000105,2025-04-11,2025-04-28,AGT-002,Team Apex,,,Direct / Walk-In,,33168321.6,1459406.15,4.4,31708915.45,0.0,6,5263679.96,150000.0,Direct,End-User,Contracted,False,,,,17.0,16.6,2027-03-31,2027-03-31
SAL-000106,AUR-P3-B3-00351,AUR,CUS-000106,2024-07-31,2024-08-29,AGT-001,Team Apex,BRK-13,,Broker Referral,,4885844.7,146575.34,3.0,4739269.36,97155.02,4,848329.22,97716.89,Broker,End-User,Contracted,False,,,,28.0,17.9,2027-03-31,2027-03-31
SAL-000107,AUR-P1-B2-00059,AUR,CUS-000107,2024-12-31,,AGT-006,Team Falcon,,,Direct / Walk-In,,9689875.0,281006.38,2.9,9408868.62,0.0,4,1985271.28,150000.0,Direct,End-User,Reserved,False,,,,,21.1,2027-03-31,2027-03-31
SAL-000108,AUR-P2-B1-00169,AUR,CUS-000108,2025-05-24,,AGT-009,Team Falcon,,,Direct / Walk-In,,28423394.4,653738.07,2.3,27769656.33,0.0,6,6275942.33,150000.0,Direct,End-User,Reserved,False,,,,,22.6,2027-03-31,2027-03-31
SAL-000109,AUR-P3-B1-00282,AUR,CUS-000109,2026-04-02,,AGT-006,Team Falcon,,,Direct / Walk-In,,9678570.0,290357.1,3.0,9388212.9,0.0,4,1962136.5,150000.0,Direct,End-User,Reserved,False,,,,,20.9,2027-03-31,2027-03-31
SAL-000110,AUR-P1-B2-00061,AUR,CUS-000110,2026-04-13,2026-05-12,AGT-004,Team Apex,,,Direct / Walk-In,,8055226.0,306098.59,3.8,7749127.41,0.0,6,1859790.58,150000.0,Direct,End-User,Contracted,False,,,,29.0,24.0,2027-03-31,2027-03-31
SAL-000111,AUR-P3-B1-00296,AUR,CUS-000111,2024-08-24,,AGT-009,Team Falcon,,,Direct / Walk-In,,12089693.0,652843.42,5.4,11436849.58,0.0,3,2241622.52,150000.0,Direct,End-User,Reserved,False,,,,,19.6,2027-03-31,2027-03-31
SAL-000112,AUR-P2-B3-00240,AUR,CUS-000112,2025-12-20,2026-01-18,AGT-007,Team Falcon,,,Direct / Walk-In,,10104017.2,454680.77,4.5,9649336.43,0.0,4,2007061.98,150000.0,Direct,End-User,Contracted,False,,,,29.0,20.8,2027-03-31,2027-03-31
SAL-000113,AUR-P1-B4-00132,AUR,CUS-000113,2024-12-17,2024-12-22,AGT-003,Team Apex,BRK-13,,Broker Referral,,7736117.4,170194.58,2.2,7565922.82,155101.42,4,1868782.94,150000.0,Broker,End-User,Cancelled,True,2025-01-29,Personal / Financial Hardship,,5.0,24.7,2027-03-31,2027-03-31
SAL-000114,AUR-P2-B1-00175,AUR,CUS-000114,2025-02-14,2025-02-26,AGT-008,Team Falcon,,,Direct / Walk-In,,10064640.8,231486.74,2.3,9833154.06,0.0,6,1553638.34,150000.0,Direct,End-User,Contracted,False,,,,12.0,15.8,2027-03-31,2027-03-31
SAL-000115,AUR-P2-B2-00191,AUR,CUS-000115,2024-12-21,,AGT-006,Team Falcon,,,Direct / Walk-In,,17573745.0,615081.07,3.5,16958663.93,0.0,6,4087038.01,150000.0,Direct,End-User,Cancelled,True,2025-02-07,Changed Mind,,,24.1,2027-03-31,2027-03-31
SAL-000116,AUR-P1-B1-00027,AUR,CUS-000116,2025-07-07,2025-07-10,AGT-004,Team Apex,BRK-07,,Broker Referral,,8216237.4,361514.45,4.4,7854722.95,155523.51,3,1547380.42,150000.0,Broker,End-User,Contracted,False,,,,3.0,19.7,2027-03-31,2027-03-31
SAL-000117,AUR-P3-B1-00303,AUR,CUS-000117,2025-03-21,2025-04-05,AGT-004,Team Apex,,,Direct / Walk-In,,7753477.2,379920.38,4.9,7373556.82,0.0,4,1327240.23,150000.0,Direct,End-User,Contracted,False,,,,14.0,18.0,2027-03-31,2027-03-31
SAL-000118,AUR-P1-B2-00067,AUR,CUS-000118,2025-11-24,,AGT-008,Team Falcon,BRK-12,,Broker Referral,,12028882.8,661588.55,5.5,11367294.25,238713.18,4,2114316.73,150000.0,Broker,End-User,Reserved,False,,,,,18.6,2027-03-31,2027-03-31
SAL-000119,AUR-P2-B4-00259,AUR,CUS-000119,2024-10-09,2024-10-22,AGT-008,Team Falcon,,,Direct / Walk-In,,6871933.8,391700.23,5.7,6480233.57,0.0,3,1140521.11,137438.68,Direct,End-User,Contracted,False,,,,13.0,17.6,2027-03-31,2027-03-31
SAL-000120,AUR-P3-B1-00310,AUR,CUS-000120,2024-10-23,2024-11-01,AGT-004,Team Apex,,,Direct / Walk-In,,13499466.5,782969.06,5.8,12716497.44,0.0,5,2759479.94,150000.0,Direct,End-User,Contracted,False,,,,8.0,21.7,2027-03-31,2027-03-31
SAL-000121,AUR-P2-B4-00256,AUR,CUS-000121,2024-12-06,2024-12-20,AGT-007,Team Falcon,,,Direct / Walk-In,,9050820.1,416337.72,4.6,8634482.38,0.0,5,1847779.23,150000.0,Direct,End-User,Contracted,False,,,,14.0,21.4,2027-03-31,2027-03-31
SAL-000122,AUR-P1-B4-00123,AUR,CUS-000122,2025-09-22,2025-10-19,AGT-003,Team Apex,,,Direct / Walk-In,,11728774.8,445693.44,3.8,11283081.36,0.0,5,2279182.43,150000.0,Direct,End-User,Contracted,False,,,,26.0,20.2,2027-03-31,2027-03-31
SAL-000123,AUR-P3-B2-00345,AUR,CUS-000123,2025-12-23,2026-02-01,AGT-008,Team Falcon,,,Direct / Walk-In,,7692844.8,307713.79,4.0,7385131.01,0.0,5,1779816.57,150000.0,Direct,End-User,Cancelled,True,2026-03-18,Unit Defect Concern,,39.0,24.1,2027-03-31,2027-03-31
SAL-000124,AUR-P1-B1-00007,AUR,CUS-000124,2025-03-28,2025-04-21,AGT-007,Team Falcon,BRK-05,,Broker Referral,,11524861.4,437944.73,3.8,11086916.67,300455.44,6,2472382.42,150000.0,Broker,End-User,Contracted,False,,,,24.0,22.3,2027-03-31,2027-03-31
SAL-000125,AUR-P3-B2-00317,AUR,CUS-000125,2026-01-27,2026-02-20,AGT-005,Team Apex,,,Direct / Walk-In,,9028734.8,297948.25,3.3,8730786.55,0.0,6,1868388.32,150000.0,Direct,End-User,Contracted,False,,,,23.0,21.4,2027-03-31,2027-03-31
SAL-000126,AUR-P1-B2-00049,AUR,CUS-000126,2026-02-26,2026-03-26,AGT-005,Team Apex,,,Direct / Walk-In,,23985918.0,695591.62,2.9,23290326.38,0.0,4,5403355.72,150000.0,Direct,End-User,Contracted,False,,,,28.0,23.2,2027-03-31,2027-03-31
SAL-000127,AUR-P2-B2-00182,AUR,CUS-000127,2024-11-05,2024-11-24,AGT-008,Team Falcon,,,Direct / Walk-In,,5738193.7,166407.62,2.9,5571786.08,0.0,6,1142216.15,114763.87,Direct,End-User,Contracted,False,,,,18.0,20.5,2027-03-31,2027-03-31
SAL-000128,AUR-P3-B4-00409,AUR,CUS-000128,2024-12-13,2025-01-11,AGT-009,Team Falcon,,,Direct / Walk-In,,12846264.0,282617.81,2.2,12563646.19,0.0,3,3052966.02,150000.0,Direct,End-User,Contracted,False,,,,29.0,24.3,2027-03-31,2027-03-31
SAL-000129,AUR-P2-B4-00270,AUR,CUS-000129,2026-04-22,2026-05-12,AGT-003,Team Apex,,,Direct / Walk-In,,6591616.2,355947.27,5.4,6235668.93,0.0,6,1533974.56,131832.32,Direct,End-User,Contracted,False,,,,19.0,24.6,2027-03-31,2027-03-31
SAL-000130,AUR-P3-B2-00335,AUR,CUS-000130,2025-10-14,2025-10-24,AGT-003,Team Apex,,,Direct / Walk-In,,11880976.8,273262.47,2.3,11607714.33,0.0,4,2542089.44,150000.0,Direct,End-User,Contracted,False,,,,9.0,21.9,2027-03-31,2027-03-31
SAL-000131,AUR-P1-B2-00050,AUR,CUS-000131,2024-09-03,2024-09-27,AGT-007,Team Falcon,,,Direct / Walk-In,,5457882.8,180110.13,3.3,5277772.67,0.0,3,1171665.53,109157.66,Direct,End-User,Contracted,False,,,,23.0,22.2,2027-03-31,2027-03-31
SAL-000132,AUR-P1-B1-00008,AUR,CUS-000132,2025-12-13,2025-12-18,AGT-004,Team Apex,BRK-04,,Broker Referral,,8788200.0,492139.2,5.6,8296060.8,218186.4,3,1410330.34,150000.0,Broker,End-User,Contracted,False,,,,4.0,17.0,2027-03-31,2027-03-31
SAL-000133,AUR-P3-B1-00305,AUR,CUS-000133,2025-10-16,,AGT-007,Team Falcon,,,Direct / Walk-In,,6041063.0,144985.51,2.4,5896077.49,0.0,3,1096670.41,120821.26,Direct,End-User,Reserved,False,,,,,18.6,2027-03-31,2027-03-31
SAL-000134,AUR-P2-B1-00152,AUR,CUS-000134,2025-08-19,2025-09-06,AGT-007,Team Falcon,BRK-10,,Broker Referral,,11897188.2,261738.14,2.2,11635450.06,219910.01,6,1943120.16,150000.0,Broker,End-User,Contracted,False,,,,18.0,16.7,2027-03-31,2027-03-31
SAL-000135,AUR-P3-B3-00385,AUR,CUS-000135,2024-09-22,2024-10-18,AGT-006,Team Falcon,BRK-01,,Broker Referral,,14564190.0,713645.31,4.9,13850544.69,286706.28,3,3448785.63,150000.0,Broker,End-User,Contracted,False,,,,26.0,24.9,2027-03-31,2027-03-31
SAL-000136,AUR-P2-B2-00176,AUR,CUS-000136,2025-04-01,2025-04-17,AGT-001,Team Apex,,,Direct / Walk-In,,11061568.1,309723.91,2.8,10751844.19,0.0,6,2655705.51,150000.0,Direct,End-User,Contracted,False,,,,15.0,24.7,2027-03-31,2027-03-31
SAL-000137,AUR-P1-B3-00081,AUR,CUS-000137,2025-06-15,2025-06-23,AGT-008,Team Falcon,,,Direct / Walk-In,,7175745.2,387490.24,5.4,6788254.96,0.0,6,1432321.8,143514.9,Direct,End-User,Contracted,False,,,,7.0,21.1,2027-03-31,2027-03-31
SAL-000138,AUR-P1-B1-00011,AUR,CUS-000138,2025-07-05,2025-07-14,AGT-002,Team Apex,,,Direct / Walk-In,,7986656.5,175706.44,2.2,7810950.06,0.0,3,1413781.96,150000.0,Direct,End-User,Contracted,False,,,,8.0,18.1,2027-03-31,2027-03-31
SAL-000139,AUR-P3-B1-00307,AUR,CUS-000139,2025-02-26,2025-03-25,AGT-009,Team Falcon,,,Direct / Walk-In,,7448979.6,171326.53,2.3,7277653.07,0.0,5,1440975.31,148979.59,Direct,End-User,Contracted,False,,,,27.0,19.8,2027-03-31,2027-03-31
SAL-000140,AUR-P3-B1-00286,AUR,CUS-000140,2026-05-31,2026-06-01,AGT-008,Team Falcon,,,Direct / Walk-In,,21928193.1,1162194.23,5.3,20765998.87,0.0,6,3239495.82,150000.0,Direct,End-User,Contracted,False,,,,1.0,15.6,2027-03-31,2027-03-31
SAL-000141,AUR-P2-B4-00257,AUR,CUS-000141,2024-08-08,2024-08-27,AGT-005,Team Apex,,,Direct / Walk-In,,26381685.6,580397.08,2.2,25801288.52,0.0,3,3999199.72,150000.0,Direct,End-User,Contracted,False,,,,18.0,15.5,2027-03-31,2027-03-31
SAL-000142,AUR-P1-B3-00072,AUR,CUS-000142,2025-06-14,,AGT-006,Team Falcon,,,Direct / Walk-In,,5564178.2,144668.63,2.6,5419509.57,0.0,3,926736.14,111283.56,Direct,End-User,Reserved,False,,,,,17.1,2027-03-31,2027-03-31
SAL-000143,AUR-P3-B1-00295,AUR,CUS-000143,2025-09-28,,AGT-009,Team Falcon,,,Direct / Walk-In,,4617253.2,184690.13,4.0,4432563.07,0.0,4,735805.47,92345.06,Direct,End-User,Reserved,False,,,,,16.6,2027-03-31,2027-03-31
SAL-000144,AUR-P1-B4-00130,AUR,CUS-000144,2026-04-29,2026-05-21,AGT-007,Team Falcon,,,Direct / Walk-In,,12338983.8,259118.66,2.1,12079865.14,0.0,6,2017337.48,150000.0,Direct,End-User,Contracted,False,,,,22.0,16.7,2027-03-31,2027-03-31
SAL-000145,AUR-P3-B3-00377,AUR,CUS-000145,2025-01-06,2025-01-24,AGT-004,Team Apex,,,Direct / Walk-In,,9459469.8,189189.4,2.0,9270280.4,0.0,3,2030191.41,150000.0,Direct,End-User,Contracted,False,,,,17.0,21.9,2027-03-31,2027-03-31
SAL-000146,AUR-P3-B3-00383,AUR,CUS-000146,2026-01-03,,AGT-001,Team Apex,,,Direct / Walk-In,,5371392.0,284683.78,5.3,5086708.22,0.0,3,880000.52,107427.84,Direct,End-User,Reserved,False,,,,,17.3,2027-03-31,2027-03-31
SAL-000147,AUR-P3-B4-00389,AUR,CUS-000147,2025-11-11,2025-11-30,AGT-009,Team Falcon,,,Direct / Walk-In,,10930432.2,524660.75,4.8,10405771.45,0.0,5,2018719.66,150000.0,Direct,End-User,Contracted,False,,,,18.0,19.4,2027-03-31,2027-03-31
SAL-000148,AUR-P2-B2-00184,AUR,CUS-000148,2026-03-03,2026-03-08,AGT-006,Team Falcon,BRK-04,,Broker Referral,,12754348.6,726997.87,5.7,12027350.73,316319.32,4,2128841.08,150000.0,Broker,End-User,Cancelled,True,2026-04-28,Failed Credit Check,,5.0,17.7,2027-03-31,2027-03-31
SAL-000149,AUR-P3-B1-00281,AUR,CUS-000149,2026-06-12,,AGT-002,Team Apex,BRK-14,,Broker Referral,,27791775.0,694794.38,2.5,27096980.62,628649.95,3,5365202.16,150000.0,Broker,End-User,Reserved,False,,,,,19.8,2027-03-31,2027-03-31
SAL-000150,AUR-P3-B2-00324,AUR,CUS-000150,2025-08-25,2025-09-19,AGT-007,Team Falcon,,,Direct / Walk-In,,14684031.6,557993.2,3.8,14126038.4,0.0,6,3319619.02,150000.0,Direct,End-User,Contracted,False,,,,24.0,23.5,2027-03-31,2027-03-31
SAL-000151,AUR-P1-B3-00096,AUR,CUS-000151,2025-08-08,,AGT-005,Team Apex,,,Direct / Walk-In,,6587157.5,283247.77,4.3,6303909.73,0.0,4,1550761.79,131743.15,Direct,End-User,Reserved,False,,,,,24.6,2027-03-31,2027-03-31
SAL-000152,AUR-P3-B1-00300,AUR,CUS-000152,2026-04-25,2026-05-28,AGT-006,Team Falcon,,,Direct / Walk-In,,6094118.1,134070.6,2.2,5960047.5,0.0,5,894007.12,121882.36,Direct,End-User,Contracted,False,,,,33.0,15.0,2027-03-31,2027-03-31
SAL-000153,AUR-P2-B1-00150,AUR,CUS-000153,2026-04-09,,AGT-006,Team Falcon,,,Direct / Walk-In,,9116805.0,291737.76,3.2,8825067.24,0.0,4,1976815.06,150000.0,Direct,End-User,Cancelled,True,2026-05-25,Personal / Financial Hardship,,,22.4,2027-03-31,2027-03-31
SAL-000154,AUR-P2-B3-00211,AUR,CUS-000154,2024-12-14,2024-12-21,AGT-007,Team Falcon,,,Direct / Walk-In,,9334272.0,270693.89,2.9,9063578.11,0.0,4,2166195.17,150000.0,Direct,End-User,Contracted,False,,,,7.0,23.9,2027-03-31,2027-03-31
SAL-000155,AUR-P2-B1-00142,AUR,CUS-000155,2024-11-20,2024-11-29,AGT-004,Team Apex,,,Direct / Walk-In,,9029172.6,424371.11,4.7,8604801.49,0.0,5,1979104.34,150000.0,Direct,End-User,Contracted,False,,,,9.0,23.0,2027-03-31,2027-03-31
SAL-000156,AUR-P1-B4-00140,AUR,CUS-000156,2025-09-28,2025-10-21,AGT-008,Team Falcon,,,Direct / Walk-In,,23603643.9,708109.32,3.0,22895534.58,0.0,6,5609405.97,150000.0,Direct,End-User,Contracted,False,,,,23.0,24.5,2027-03-31,2027-03-31
SAL-000157,AUR-P1-B1-00006,AUR,CUS-000157,2024-12-14,2024-12-31,AGT-006,Team Falcon,,,Direct / Walk-In,,21448370.7,1115315.28,5.2,20333055.42,0.0,5,4920599.41,150000.0,Direct,End-User,Contracted,False,,,,17.0,24.2,2027-03-31,2027-03-31
SAL-000158,AUR-P2-B1-00172,AUR,CUS-000158,2025-12-30,2025-12-31,AGT-010,Team Falcon,,,Direct / Walk-In,,11818795.2,260013.49,2.2,11558781.71,0.0,4,2126815.83,150000.0,Direct,End-User,Contracted,False,,,,1.0,18.4,2027-03-31,2027-03-31
SAL-000159,AUR-P2-B1-00145,AUR,CUS-000159,2025-12-03,2025-12-27,AGT-009,Team Falcon,,,Direct / Walk-In,,7605389.8,250977.86,3.3,7354411.94,0.0,3,1448819.15,150000.0,Direct,End-User,Contracted,False,,,,24.0,19.7,2027-03-31,2027-03-31
SAL-000160,AUR-P2-B4-00250,AUR,CUS-000160,2025-02-19,2025-03-25,AGT-003,Team Apex,BRK-02,,Broker Referral,,23096054.7,1247186.95,5.4,21848867.75,380170.3,4,3736156.39,150000.0,Broker,End-User,Contracted,False,,,,33.0,17.1,2027-03-31,2027-03-31
SAL-000161,AUR-P2-B3-00238,AUR,CUS-000161,2025-10-14,2025-11-09,AGT-008,Team Falcon,,,Direct / Walk-In,,21642542.4,1103769.66,5.1,20538772.74,0.0,4,4272064.73,150000.0,Direct,End-User,Contracted,False,,,,26.0,20.8,2027-03-31,2027-03-31
SAL-000162,AUR-P3-B3-00356,AUR,CUS-000162,2026-06-30,2026-06-30,AGT-008,Team Falcon,,,Direct / Walk-In,,10820326.2,519375.66,4.8,10300950.54,0.0,4,2431024.33,150000.0,Direct,End-User,Contracted,False,,,,0.0,23.6,2027-03-31,2027-03-31
SAL-000163,AUR-P2-B4-00255,AUR,CUS-000163,2024-08-11,,AGT-008,Team Falcon,,,Direct / Walk-In,,11620632.8,592652.27,5.1,11027980.53,0.0,3,2591575.42,150000.0,Direct,End-User,Reserved,False,,,,,23.5,2027-03-31,2027-03-31
SAL-000164,AUR-P3-B3-00382,AUR,CUS-000164,2025-06-10,2025-06-11,AGT-004,Team Apex,,,Direct / Walk-In,,10321619.7,361256.69,3.5,9960363.01,0.0,4,2031914.05,150000.0,Direct,End-User,Contracted,False,,,,1.0,20.4,2027-03-31,2027-03-31
SAL-000165,AUR-P3-B4-00391,AUR,CUS-000165,2025-09-02,,AGT-010,Team Falcon,,,Direct / Walk-In,,9592476.0,460438.85,4.8,9132037.15,0.0,6,1954255.95,150000.0,Direct,End-User,Reserved,False,,,,,21.4,2027-03-31,2027-03-31
SAL-000166,AUR-P3-B4-00388,AUR,CUS-000166,2025-04-03,2025-05-01,AGT-005,Team Apex,,,Direct / Walk-In,,12626252.4,707070.13,5.6,11919182.27,0.0,3,2002422.62,150000.0,Direct,End-User,Contracted,False,,,,28.0,16.8,2027-03-31,2027-03-31
SAL-000167,AUR-P2-B2-00177,AUR,CUS-000167,2026-02-28,2026-03-17,AGT-002,Team Apex,,,Direct / Walk-In,,7250657.5,311778.27,4.3,6938879.23,0.0,4,1644514.38,145013.15,Direct,End-User,Contracted,False,,,,17.0,23.7,2027-03-31,2027-03-31
SAL-000168,AUR-P2-B3-00220,AUR,CUS-000168,2026-06-09,2026-06-25,AGT-003,Team Apex,,,Direct / Walk-In,,7073669.2,240504.75,3.4,6833164.45,0.0,4,1339300.23,141473.38,Direct,End-User,Contracted,False,,,,16.0,19.6,2027-03-31,2027-03-31
SAL-000169,AUR-P3-B2-00328,AUR,CUS-000169,2025-12-22,2025-12-25,AGT-009,Team Falcon,,,Direct / Walk-In,,10769622.0,226162.06,2.1,10543459.94,0.0,5,2171952.75,150000.0,Direct,End-User,Cancelled,True,2026-02-15,Failed Credit Check,,2.0,20.6,2027-03-31,2027-03-31
SAL-000170,AUR-P2-B2-00179,AUR,CUS-000170,2025-02-22,2025-03-21,AGT-009,Team Falcon,,,Direct / Walk-In,,13825163.2,608307.18,4.4,13216856.02,0.0,5,3132394.88,150000.0,Direct,End-User,Contracted,False,,,,26.0,23.7,2027-03-31,2027-03-31
SAL-000171,AUR-P1-B2-00036,AUR,CUS-000171,2026-06-01,,AGT-005,Team Apex,,,Direct / Walk-In,,9936194.4,268277.25,2.7,9667917.15,0.0,4,1633878.0,150000.0,Direct,End-User,Reserved,False,,,,,16.9,2027-03-31,2027-03-31
SAL-000172,AUR-P2-B3-00233,AUR,CUS-000172,2026-06-04,2026-06-28,AGT-008,Team Falcon,,,Direct / Walk-In,,10499404.0,619464.84,5.9,9879939.16,0.0,6,1600550.14,150000.0,Direct,End-User,Contracted,False,,,,24.0,16.2,2027-03-31,2027-03-31
SAL-000173,AUR-P3-B4-00413,AUR,CUS-000173,2025-04-12,2025-04-14,AGT-006,Team Falcon,,,Direct / Walk-In,,7285666.8,320569.34,4.4,6965097.46,0.0,3,1615902.61,145713.34,Direct,End-User,Contracted,False,,,,2.0,23.2,2027-03-31,2027-03-31
SAL-000174,AUR-P1-B2-00037,AUR,CUS-000174,2026-06-14,2026-06-24,AGT-003,Team Apex,,,Direct / Walk-In,,11894603.2,677992.38,5.7,11216610.82,0.0,6,2299405.22,150000.0,Direct,End-User,Contracted,False,,,,9.0,20.5,2027-03-31,2027-03-31
SAL-000175,AUR-P3-B1-00285,AUR,CUS-000175,2026-01-22,,AGT-006,Team Falcon,,,Direct / Walk-In,,10148816.7,588631.37,5.8,9560185.33,0.0,5,1912037.07,150000.0,Direct,End-User,Reserved,False,,,,,20.0,2027-03-31,2027-03-31
SAL-000176,AUR-P1-B4-00127,AUR,CUS-000176,2025-09-22,2025-10-21,AGT-002,Team Apex,,,Direct / Walk-In,,6225280.8,205434.27,3.3,6019846.53,0.0,5,1179889.92,124505.62,Direct,End-User,Cancelled,True,2025-12-12,Financing Fell Through,,28.0,19.6,2027-03-31,2027-03-31
SAL-000177,AUR-P3-B4-00419,AUR,CUS-000177,2025-03-02,2025-04-06,AGT-003,Team Apex,,,Direct / Walk-In,,5705756.8,159761.19,2.8,5545995.61,0.0,3,1136929.1,114115.14,Direct,End-User,Contracted,False,,,,35.0,20.5,2027-03-31,2027-03-31
SAL-000178,AUR-P2-B1-00162,AUR,CUS-000178,2025-11-09,2025-11-24,AGT-006,Team Falcon,,,Direct / Walk-In,,6045213.9,235763.34,3.9,5809450.56,0.0,4,1219984.62,120904.28,Direct,End-User,Contracted,False,,,,14.0,21.0,2027-03-31,2027-03-31
SAL-000179,AUR-P1-B1-00013,AUR,CUS-000179,2024-07-27,2024-08-19,AGT-008,Team Falcon,,,Direct / Walk-In,,6627310.2,384383.99,5.8,6242926.21,0.0,6,1304771.58,132546.2,Direct,End-User,Contracted,False,,,,23.0,20.9,2027-03-31,2027-03-31
SAL-000180,AUR-P3-B1-00315,AUR,CUS-000180,2024-07-28,2024-08-12,AGT-003,Team Apex,,,Direct / Walk-In,,7036029.0,189972.78,2.7,6846056.22,0.0,4,1506132.37,140720.58,Direct,End-User,Contracted,False,,,,14.0,22.0,2027-03-31,2027-03-31
SAL-000181,AUR-P1-B1-00004,AUR,CUS-000181,2025-01-13,2025-01-30,AGT-004,Team Apex,,,Direct / Walk-In,,11043180.0,298165.86,2.7,10745014.14,0.0,3,1751437.3,150000.0,Direct,End-User,Contracted,False,,,,17.0,16.3,2027-03-31,2027-03-31
SAL-000182,AUR-P2-B1-00174,AUR,CUS-000182,2024-11-05,2024-12-02,AGT-009,Team Falcon,,,Direct / Walk-In,,10251256.5,328040.21,3.2,9923216.29,0.0,5,2064028.99,150000.0,Direct,End-User,Contracted,False,,,,26.0,20.8,2027-03-31,2027-03-31
SAL-000183,AUR-P2-B3-00239,AUR,CUS-000183,2025-07-10,2025-07-23,AGT-001,Team Apex,,,Direct / Walk-In,,6205192.5,285438.85,4.6,5919753.65,0.0,6,1373382.85,124103.85,Direct,End-User,Contracted,False,,,,13.0,23.2,2027-03-31,2027-03-31
SAL-000184,AUR-P3-B4-00390,AUR,CUS-000184,2026-05-13,2026-05-24,AGT-003,Team Apex,,,Direct / Walk-In,,5160144.5,159964.48,3.1,5000180.02,0.0,5,1170042.12,103202.89,Direct,End-User,Contracted,False,,,,11.0,23.4,2027-03-31,2027-03-31
SAL-000185,AUR-P2-B3-00225,AUR,CUS-000185,2025-11-22,2025-12-01,AGT-009,Team Falcon,,,Direct / Walk-In,,25591241.4,1151605.86,4.5,24439635.54,0.0,6,5963271.07,150000.0,Direct,End-User,Contracted,False,,,,9.0,24.4,2027-03-31,2027-03-31
SAL-000186,AUR-P2-B3-00229,AUR,CUS-000186,2025-02-24,,AGT-006,Team Falcon,BRK-08,,Broker Referral,,8641188.0,388853.46,4.5,8252334.54,127085.95,6,1534934.22,150000.0,Broker,End-User,Reserved,False,,,,,18.6,2027-03-31,2027-03-31
SAL-000187,AUR-P3-B2-00332,AUR,CUS-000187,2024-11-26,,AGT-002,Team Apex,BRK-11,,Broker Referral,,6305771.3,315288.57,5.0,5990482.73,177917.34,4,1263991.86,126115.43,Broker,End-User,Reserved,False,,,,,21.1,2027-03-31,2027-03-31
SAL-000188,AUR-P3-B2-00338,AUR,CUS-000188,2024-09-20,2024-10-06,AGT-002,Team Apex,,,Direct / Walk-In,,23525719.5,1411543.17,6.0,22114176.33,0.0,5,4223807.68,150000.0,Direct,End-User,Contracted,False,,,,16.0,19.1,2027-03-31,2027-03-31
SAL-000189,AUR-P1-B1-00020,AUR,CUS-000189,2024-12-13,2025-01-15,AGT-010,Team Falcon,,,Direct / Walk-In,,7968621.6,358587.97,4.5,7610033.63,0.0,5,1187165.25,150000.0,Direct,End-User,Contracted,False,,,,33.0,15.6,2027-03-31,2027-03-31
SAL-000190,AUR-P2-B4-00249,AUR,CUS-000190,2024-11-06,2024-12-03,AGT-003,Team Apex,,,Direct / Walk-In,,11297539.5,259843.41,2.3,11037696.09,0.0,3,1766031.37,150000.0,Direct,End-User,Contracted,False,,,,27.0,16.0,2027-03-31,2027-03-31
SAL-000191,AUR-P1-B1-00012,AUR,CUS-000191,2026-03-29,2026-04-09,AGT-003,Team Apex,,,Direct / Walk-In,,8373290.6,276318.59,3.3,8096972.01,0.0,3,1611297.43,150000.0,Direct,End-User,Contracted,False,,,,11.0,19.9,2027-03-31,2027-03-31
SAL-000192,AUR-P3-B1-00293,AUR,CUS-000192,2026-01-20,2026-02-08,AGT-008,Team Falcon,,,Direct / Walk-In,,27771291.6,1582963.62,5.7,26188327.98,0.0,5,6259010.39,150000.0,Direct,End-User,Contracted,False,,,,19.0,23.9,2027-03-31,2027-03-31
SAL-000193,AUR-P2-B4-00264,AUR,CUS-000193,2025-04-03,2025-04-18,AGT-007,Team Falcon,,,Direct / Walk-In,,9080436.6,326895.72,3.6,8753540.88,0.0,3,1558130.28,150000.0,Direct,End-User,Contracted,False,,,,15.0,17.8,2027-03-31,2027-03-31
SAL-000194,AUR-P2-B2-00200,AUR,CUS-000194,2024-11-05,2024-11-16,AGT-003,Team Apex,,,Direct / Walk-In,,17286416.0,484019.65,2.8,16802396.35,0.0,4,2974024.15,150000.0,Direct,End-User,Contracted,False,,,,10.0,17.7,2027-03-31,2027-03-31
SAL-000195,AUR-P2-B4-00275,AUR,CUS-000195,2024-07-12,2024-08-22,AGT-010,Team Falcon,,,Direct / Walk-In,,25680060.0,1489443.48,5.8,24190616.52,0.0,5,4741360.84,150000.0,Direct,End-User,Contracted,False,,,,40.0,19.6,2027-03-31,2027-03-31
SAL-000196,AUR-P2-B1-00154,AUR,CUS-000196,2026-05-09,2026-06-02,AGT-006,Team Falcon,,,Direct / Walk-In,,8606509.2,430325.46,5.0,8176183.74,0.0,5,1398127.42,150000.0,Direct,End-User,Contracted,False,,,,23.0,17.1,2027-03-31,2027-03-31
SAL-000197,AUR-P2-B4-00248,AUR,CUS-000197,2025-03-07,2025-03-20,AGT-009,Team Falcon,,,Direct / Walk-In,,19836688.1,416570.45,2.1,19420117.65,0.0,3,3748082.71,150000.0,Direct,End-User,Contracted,False,,,,13.0,19.3,2027-03-31,2027-03-31
SAL-000198,AUR-P2-B1-00170,AUR,CUS-000198,2026-05-11,2026-06-02,AGT-004,Team Apex,BRK-12,,Broker Referral,,10560972.0,337951.1,3.2,10223020.9,214683.44,3,2289956.68,150000.0,Broker,End-User,Contracted,False,,,,21.0,22.4,2027-03-31,2027-03-31
SAL-000199,AUR-P1-B3-00104,AUR,CUS-000199,2026-05-19,2026-06-05,AGT-003,Team Apex,,,Direct / Walk-In,,10480643.2,345861.23,3.3,10134781.97,0.0,4,2239786.82,150000.0,Direct,End-User,Contracted,False,,,,16.0,22.1,2027-03-31,2027-03-31
SAL-000200,AUR-P2-B1-00156,AUR,CUS-000200,2025-10-24,,AGT-005,Team Apex,,,Direct / Walk-In,,6247193.4,137438.25,2.2,6109755.15,0.0,3,1460231.48,124943.87,Direct,End-User,Reserved,False,,,,,23.9,2027-03-31,2027-03-31
SAL-000201,AUR-P3-B2-00329,AUR,CUS-000201,2025-08-24,2025-08-28,AGT-008,Team Falcon,BRK-04,,Broker Referral,,11566368.0,312291.94,2.7,11254076.06,295982.2,5,2014479.61,150000.0,Broker,End-User,Contracted,False,,,,3.0,17.9,2027-03-31,2027-03-31
SAL-000202,AUR-P1-B4-00109,AUR,CUS-000202,2026-01-31,2026-02-23,AGT-007,Team Falcon,,,Direct / Walk-In,,10251855.6,553600.2,5.4,9698255.4,0.0,3,2201503.98,150000.0,Direct,End-User,Contracted,False,,,,23.0,22.7,2027-03-31,2027-03-31
SAL-000203,AUR-P3-B4-00399,AUR,CUS-000203,2025-02-27,,AGT-009,Team Falcon,,,Direct / Walk-In,,7748096.0,418397.18,5.4,7329698.82,0.0,4,1473269.46,150000.0,Direct,End-User,Reserved,False,,,,,20.1,2027-03-31,2027-03-31
SAL-000204,AUR-P2-B4-00263,AUR,CUS-000204,2024-07-10,2024-08-01,AGT-003,Team Apex,,,Direct / Walk-In,,13359247.3,494292.15,3.7,12864955.15,0.0,4,1955473.18,150000.0,Direct,End-User,Contracted,False,,,,22.0,15.2,2027-03-31,2027-03-31
SAL-000205,AUR-P3-B3-00360,AUR,CUS-000205,2025-01-10,2025-01-30,AGT-003,Team Apex,,,Direct / Walk-In,,13008669.2,663442.13,5.1,12345227.07,0.0,4,2950509.27,150000.0,Direct,End-User,Contracted,False,,,,20.0,23.9,2027-03-31,2027-03-31
SAL-000206,AUR-P2-B4-00268,AUR,CUS-000206,2025-04-26,2025-05-10,AGT-004,Team Apex,,,Direct / Walk-In,,6321095.0,176990.66,2.8,6144104.34,0.0,6,1216532.66,126421.9,Direct,End-User,Contracted,False,,,,13.0,19.8,2027-03-31,2027-03-31
SAL-000207,AUR-P1-B4-00106,AUR,CUS-000207,2025-05-20,2025-06-17,AGT-007,Team Falcon,,,Direct / Walk-In,,6973920.0,195269.76,2.8,6778650.24,0.0,4,1416737.9,139478.4,Direct,End-User,Contracted,False,,,,27.0,20.9,2027-03-31,2027-03-31
SAL-000208,AUR-P3-B2-00325,AUR,CUS-000208,2025-08-29,2025-09-24,AGT-005,Team Apex,,,Direct / Walk-In,,8092173.4,218488.68,2.7,7873684.72,0.0,6,1795200.12,150000.0,Direct,End-User,Contracted,False,,,,26.0,22.8,2027-03-31,2027-03-31
SAL-000209,AUR-P1-B3-00090,AUR,CUS-000209,2025-03-28,2025-04-26,AGT-010,Team Falcon,,,Direct / Walk-In,,11761586.2,317562.83,2.7,11444023.37,0.0,3,1945483.97,150000.0,Direct,End-User,Contracted,False,,,,28.0,17.0,2027-03-31,2027-03-31
SAL-000210,AUR-P2-B3-00236,AUR,CUS-000210,2026-03-24,2026-04-08,AGT-005,Team Apex,,,Direct / Walk-In,,9699686.1,203693.41,2.1,9495992.69,0.0,6,2288534.24,150000.0,Direct,End-User,Contracted,False,,,,14.0,24.1,2027-03-31,2027-03-31
SAL-000211,AUR-P1-B1-00017,AUR,CUS-000211,2025-07-05,2025-07-16,AGT-003,Team Apex,BRK-01,,Broker Referral,,8405163.9,260560.08,3.1,8144603.82,168593.3,4,1653354.58,150000.0,Broker,End-User,Contracted,False,,,,11.0,20.3,2027-03-31,2027-03-31
SAL-000212,AUR-P1-B3-00076,AUR,CUS-000212,2026-05-02,2026-05-10,AGT-006,Team Falcon,BRK-11,,Broker Referral,,13506253.2,472718.86,3.5,13033534.34,387095.97,3,3062880.57,150000.0,Broker,End-User,Contracted,False,,,,7.0,23.5,2027-03-31,2027-03-31
SAL-000213,AUR-P2-B2-00181,AUR,CUS-000213,2025-03-30,,AGT-010,Team Falcon,,,Direct / Walk-In,,9422700.0,499403.1,5.3,8923296.9,0.0,3,2070204.88,150000.0,Direct,End-User,Reserved,False,,,,,23.2,2027-03-31,2027-03-31
SAL-000214,AUR-P3-B2-00326,AUR,CUS-000214,2025-10-18,2025-11-19,AGT-004,Team Apex,,,Direct / Walk-In,,11082181.0,509780.33,4.6,10572400.67,0.0,6,2304783.35,150000.0,Direct,End-User,Contracted,False,,,,31.0,21.8,2027-03-31,2027-03-31
SAL-000215,AUR-P3-B3-00368,AUR,CUS-000215,2026-06-25,2026-06-30,AGT-001,Team Apex,,,Direct / Walk-In,,7889252.8,362905.63,4.6,7526347.17,0.0,6,1663322.72,150000.0,Direct,End-User,Contracted,False,,,,4.0,22.1,2027-03-31,2027-03-31
SAL-000216,AUR-P2-B3-00242,AUR,CUS-000216,2025-09-20,2025-10-12,AGT-003,Team Apex,BRK-07,,Broker Referral,,28579328.0,1086014.46,3.8,27493313.54,544367.61,5,6076022.29,150000.0,Broker,End-User,Contracted,False,,,,21.0,22.1,2027-03-31,2027-03-31
SAL-000217,AUR-P1-B2-00057,AUR,CUS-000217,2024-12-03,2024-12-20,AGT-010,Team Falcon,,,Direct / Walk-In,,5671323.3,215510.29,3.8,5455813.01,0.0,6,911120.77,113426.47,Direct,End-User,Contracted,False,,,,17.0,16.7,2027-03-31,2027-03-31
SAL-000218,AUR-P2-B2-00208,AUR,CUS-000218,2026-05-30,2026-06-11,AGT-005,Team Apex,,,Direct / Walk-In,,10565102.8,348648.39,3.3,10216454.41,0.0,6,2033074.43,150000.0,Direct,End-User,Contracted,False,,,,12.0,19.9,2027-03-31,2027-03-31
SAL-000219,AUR-P3-B2-00342,AUR,CUS-000219,2026-06-11,2026-06-30,AGT-001,Team Apex,,,Direct / Walk-In,,11095940.8,565892.98,5.1,10530047.82,0.0,5,1842758.37,150000.0,Direct,End-User,Contracted,False,,,,18.0,17.5,2027-03-31,2027-03-31
SAL-000220,AUR-P2-B1-00149,AUR,CUS-000220,2025-01-02,2025-01-21,AGT-008,Team Falcon,,,Direct / Walk-In,,10934880.0,426460.32,3.9,10508419.68,0.0,3,1639313.47,150000.0,Direct,End-User,Contracted,False,,,,18.0,15.6,2027-03-31,2027-03-31
SAL-000221,AUR-P3-B2-00339,AUR,CUS-000221,2025-05-12,,AGT-009,Team Falcon,,,Direct / Walk-In,,6192435.6,185773.07,3.0,6006662.53,0.0,5,1393545.71,123848.71,Direct,End-User,Reserved,False,,,,,23.2,2027-03-31,2027-03-31
SAL-000222,AUR-P3-B4-00393,AUR,CUS-000222,2025-08-05,2025-08-14,AGT-002,Team Apex,,,Direct / Walk-In,,10976761.2,230511.99,2.1,10746249.21,0.0,5,2299697.33,150000.0,Direct,End-User,Contracted,False,,,,9.0,21.4,2027-03-31,2027-03-31
SAL-000223,AUR-P1-B1-00033,AUR,CUS-000223,2024-08-02,2024-08-27,AGT-008,Team Falcon,,,Direct / Walk-In,,10706950.8,481812.79,4.5,10225138.01,0.0,6,2229080.09,150000.0,Direct,End-User,Contracted,False,,,,24.0,21.8,2027-03-31,2027-03-31
SAL-000224,AUR-P2-B1-00161,AUR,CUS-000224,2025-10-04,2025-10-13,AGT-003,Team Apex,,,Direct / Walk-In,,7443457.8,253077.57,3.4,7190380.23,0.0,4,1337410.72,148869.16,Direct,End-User,Contracted,False,,,,9.0,18.6,2027-03-31,2027-03-31
SAL-000225,AUR-P1-B4-00122,AUR,CUS-000225,2025-12-09,2026-01-12,AGT-008,Team Falcon,,,Direct / Walk-In,,7153866.9,357693.34,5.0,6796173.56,0.0,6,1066999.25,143077.34,Direct,End-User,Contracted,False,,,,34.0,15.7,2027-03-31,2027-03-31
SAL-000226,AUR-P1-B3-00078,AUR,CUS-000226,2024-10-23,2024-11-25,AGT-006,Team Falcon,,,Direct / Walk-In,,7712713.0,223668.68,2.9,7489044.32,0.0,4,1872261.08,150000.0,Direct,End-User,Contracted,False,,,,33.0,25.0,2027-03-31,2027-03-31
SAL-000227,AUR-P1-B1-00028,AUR,CUS-000227,2025-10-09,2025-10-28,AGT-005,Team Apex,,,Direct / Walk-In,,7077152.7,360934.79,5.1,6716217.91,0.0,3,1188770.57,141543.05,Direct,End-User,Cancelled,True,2025-12-01,Failed Credit Check,,18.0,17.7,2027-03-31,2027-03-31
SAL-000228,AUR-P1-B4-00133,AUR,CUS-000228,2025-05-17,2025-06-09,AGT-004,Team Apex,,,Direct / Walk-In,,22127970.5,1194910.41,5.4,20933060.09,0.0,6,4668072.4,150000.0,Direct,End-User,Contracted,False,,,,22.0,22.3,2027-03-31,2027-03-31
SAL-000229,AUR-P1-B4-00118,AUR,CUS-000229,2025-11-22,2025-12-07,AGT-001,Team Apex,BRK-12,,Broker Referral,,10510666.5,620129.32,5.9,9890537.18,207701.28,4,2245151.94,150000.0,Broker,End-User,Contracted,False,,,,15.0,22.7,2027-03-31,2027-03-31
SAL-000230,AUR-P3-B4-00401,AUR,CUS-000230,2024-11-15,,AGT-003,Team Apex,,,Direct / Walk-In,,6721654.8,295752.81,4.4,6425901.99,0.0,4,1317309.91,134433.1,Direct,End-User,Reserved,False,,,,,20.5,2027-03-31,2027-03-31
SAL-000231,AUR-P1-B2-00055,AUR,CUS-000231,2026-01-01,2026-01-12,AGT-007,Team Falcon,,,Direct / Walk-In,,7420175.0,170664.02,2.3,7249510.98,0.0,6,1391906.11,148403.5,Direct,End-User,Contracted,False,,,,11.0,19.2,2027-03-31,2027-03-31
SAL-000232,AUR-P3-B4-00400,AUR,CUS-000232,2026-05-17,2026-06-05,AGT-006,Team Falcon,,,Direct / Walk-In,,13253168.0,556633.06,4.2,12696534.94,0.0,6,2425038.17,150000.0,Direct,End-User,Cancelled,True,2026-06-30,Price Renegotiation Failed,,18.0,19.1,2027-03-31,2027-03-31
SAL-000233,AUR-P3-B2-00336,AUR,CUS-000233,2025-11-21,2025-12-02,AGT-007,Team Falcon,,,Direct / Walk-In,,9499186.2,341970.7,3.6,9157215.5,0.0,4,2243517.8,150000.0,Direct,End-User,Cancelled,True,2026-01-13,Personal / Financial Hardship,,11.0,24.5,2027-03-31,2027-03-31
SAL-000234,AUR-P1-B1-00003,AUR,CUS-000234,2026-05-07,2026-05-18,AGT-006,Team Falcon,,,Direct / Walk-In,,10285052.8,534822.75,5.2,9750230.05,0.0,4,1784292.1,150000.0,Direct,End-User,Contracted,False,,,,11.0,18.3,2027-03-31,2027-03-31
SAL-000235,AUR-P1-B2-00058,AUR,CUS-000235,2026-02-25,2026-03-26,AGT-004,Team Apex,,,Direct / Walk-In,,7589963.8,379498.19,5.0,7210465.61,0.0,5,1795405.94,150000.0,Direct,End-User,Contracted,False,,,,28.0,24.9,2027-03-31,2027-03-31
SAL-000236,AUR-P2-B4-00269,AUR,CUS-000236,2025-10-06,2025-10-23,AGT-003,Team Apex,,,Direct / Walk-In,,12589206.3,717584.76,5.7,11871621.54,0.0,4,1958817.55,150000.0,Direct,End-User,Contracted,False,,,,16.0,16.5,2027-03-31,2027-03-31
SAL-000237,AUR-P3-B4-00403,AUR,CUS-000237,2024-11-25,2024-12-27,AGT-010,Team Falcon,,,Direct / Walk-In,,9569639.0,468912.31,4.9,9100726.69,0.0,3,1820145.34,150000.0,Direct,End-User,Cancelled,True,2025-02-16,Personal / Financial Hardship,,32.0,20.0,2027-03-31,2027-03-31
SAL-000238,AUR-P2-B1-00157,AUR,CUS-000238,2026-03-31,,AGT-008,Team Falcon,,,Direct / Walk-In,,11696718.8,374295.0,3.2,11322423.8,0.0,6,1709685.99,150000.0,Direct,End-User,Reserved,False,,,,,15.1,2027-03-31,2027-03-31
SAL-000239,AUR-P1-B4-00114,AUR,CUS-000239,2026-03-15,2026-04-06,AGT-001,Team Apex,,,Direct / Walk-In,,18483267.6,1072029.52,5.8,17411238.08,0.0,4,2750975.62,150000.0,Direct,End-User,Contracted,False,,,,21.0,15.8,2027-03-31,2027-03-31
SAL-000240,AUR-P1-B3-00089,AUR,CUS-000240,2025-07-07,2025-08-03,AGT-007,Team Falcon,,,Direct / Walk-In,,8388057.9,176149.22,2.1,8211908.68,0.0,5,1970858.08,150000.0,Direct,End-User,Contracted,False,,,,27.0,24.0,2027-03-31,2027-03-31
SAL-000241,AUR-P1-B2-00039,AUR,CUS-000241,2026-04-17,,AGT-003,Team Apex,,,Direct / Walk-In,,26417258.0,1135942.09,4.3,25281315.91,0.0,4,5890546.61,150000.0,Direct,End-User,Reserved,False,,,,,23.3,2027-03-31,2027-03-31
SAL-000242,AUR-P1-B3-00095,AUR,CUS-000242,2025-12-28,2026-01-11,AGT-010,Team Falcon,,,Direct / Walk-In,,19710081.3,1044634.31,5.3,18665446.99,0.0,3,3677093.06,150000.0,Direct,End-User,Contracted,False,,,,14.0,19.7,2027-03-31,2027-03-31
SAL-000243,AUR-P2-B1-00173,AUR,CUS-000243,2025-01-10,2025-01-11,AGT-001,Team Apex,,,Direct / Walk-In,,24128528.4,699727.32,2.9,23428801.08,0.0,3,5271480.24,150000.0,Direct,End-User,Contracted,False,,,,1.0,22.5,2027-03-31,2027-03-31
SAL-000244,AUR-P3-B1-00311,AUR,CUS-000244,2024-11-29,2024-12-27,AGT-003,Team Apex,BRK-01,,Broker Referral,,15772260.0,520484.58,3.3,15251775.42,315711.75,6,3401145.92,150000.0,Broker,End-User,Contracted,False,,,,28.0,22.3,2027-03-31,2027-03-31
SAL-000245,AUR-P3-B3-00361,AUR,CUS-000245,2024-10-26,2024-11-26,AGT-009,Team Falcon,,,Direct / Walk-In,,9514976.4,475748.82,5.0,9039227.58,0.0,5,1419158.73,150000.0,Direct,End-User,Contracted,False,,,,30.0,15.7,2027-03-31,2027-03-31
SAL-000246,AUR-P3-B2-00322,AUR,CUS-000246,2024-10-21,2024-10-24,AGT-002,Team Apex,,,Direct / Walk-In,,14210784.0,397901.95,2.8,13812882.05,0.0,5,2403441.48,150000.0,Direct,End-User,Contracted,False,,,,3.0,17.4,2027-03-31,2027-03-31
SAL-000247,AUR-P1-B1-00009,AUR,CUS-000247,2024-11-17,2024-12-26,AGT-001,Team Apex,,,Direct / Walk-In,,6172423.0,283931.46,4.6,5888491.54,0.0,6,1413237.97,123448.46,Direct,End-User,Contracted,False,,,,38.0,24.0,2027-03-31,2027-03-31
SAL-000248,AUR-P1-B1-00014,AUR,CUS-000248,2024-12-21,2025-01-13,AGT-010,Team Falcon,,,Direct / Walk-In,,11355005.6,397425.2,3.5,10957580.4,0.0,5,1818958.35,150000.0,Direct,End-User,Contracted,False,,,,23.0,16.6,2027-03-31,2027-03-31
SAL-000249,AUR-P2-B2-00185,AUR,CUS-000249,2024-08-06,2024-08-31,AGT-002,Team Apex,,,Direct / Walk-In,,7626096.0,366052.61,4.8,7260043.39,0.0,5,1285027.68,150000.0,Direct,End-User,Contracted,False,,,,24.0,17.7,2027-03-31,2027-03-31
SAL-000250,AUR-P1-B2-00064,AUR,CUS-000250,2025-04-20,2025-05-18,AGT-008,Team Falcon,,,Direct / Walk-In,,15104605.6,770334.89,5.1,14334270.71,0.0,4,3440224.97,150000.0,Direct,End-User,Cancelled,True,2025-06-29,Failed Credit Check,,27.0,24.0,2027-03-31,2027-03-31
SAL-000251,AUR-P3-B2-00330,AUR,CUS-000251,2025-02-08,2025-02-21,AGT-003,Team Apex,,,Direct / Walk-In,,13028478.8,390854.36,3.0,12637624.44,0.0,6,2186309.03,150000.0,Direct,End-User,Contracted,False,,,,13.0,17.3,2027-03-31,2027-03-31
SAL-000252,AUR-P1-B3-00071,AUR,CUS-000252,2024-10-10,2024-10-15,AGT-006,Team Falcon,,,Direct / Walk-In,,7748527.5,232455.83,3.0,7516071.67,0.0,6,1811373.27,150000.0,Direct,End-User,Contracted,False,,,,4.0,24.1,2027-03-31,2027-03-31
SAL-000253,CST-P2-B3-00709,CST,CUS-000253,2026-06-30,2026-06-30,AGT-012,Team Tide,,LEA-003144,WhatsApp,CMP-0039,9619223.6,432865.06,4.5,9186358.54,0.0,4,1589240.03,150000.0,Direct,End-User,Cancelled,True,2026-06-30,Price Renegotiation Failed,0.0,0.0,17.3,2026-11-30,2026-11-30
SAL-000254,CST-P2-B2-00659,CST,CUS-000254,2026-06-30,2026-06-30,AGT-011,Team Tide,,LEA-004353,TikTok,CMP-0033,10668656.0,629450.7,5.9,10039205.3,0.0,3,2037958.68,150000.0,Direct,End-User,Contracted,False,,,0.0,0.0,20.3,2026-11-30,2026-11-30
SAL-000255,CST-P2-B3-00739,CST,CUS-000255,2026-06-30,2026-06-30,AGT-011,Team Tide,,LEA-003919,Referrals,CMP-0027,6845031.9,136900.64,2.0,6708131.26,0.0,6,1415415.7,136900.64,Direct,End-User,Contracted,False,,,0.0,0.0,21.1,2026-11-30,2026-11-30
SAL-000256,CST-P1-B3-00551,CST,CUS-000256,2025-05-26,2025-06-18,AGT-013,Team Tide,BRK-13,,Broker Referral,,18027653.6,612940.22,3.4,17414713.38,357001.62,3,2925671.85,150000.0,Broker,End-User,Contracted,False,,,,23.0,16.8,2026-11-30,2026-11-30
SAL-000257,CST-P1-B3-00519,CST,CUS-000257,2026-06-30,2026-06-30,AGT-012,Team Tide,,LEA-002989,Google Display,CMP-0038,9107077.7,318747.72,3.5,8788329.98,0.0,5,1933432.6,150000.0,Direct,Investor,Contracted,False,,,0.0,0.0,22.0,2026-11-30,2026-11-30
SAL-000258,CST-P1-B1-00445,CST,CUS-000258,2026-06-30,2026-06-30,AGT-013,Team Tide,,LEA-002648,Referrals,CMP-0035,26428547.2,1532855.74,5.8,24895691.46,0.0,5,5277886.59,150000.0,Direct,End-User,Contracted,False,,,0.0,0.0,21.2,2026-11-30,2026-11-30
SAL-000259,CST-P1-B1-00422,CST,CUS-000259,2026-06-30,2026-06-30,AGT-012,Team Tide,,LEA-004470,Referrals,CMP-0027,10732168.4,311232.88,2.9,10420935.52,0.0,6,2011240.56,150000.0,Direct,End-User,Contracted,False,,,0.0,0.0,19.3,2026-11-30,2026-11-30
SAL-000260,CST-P2-B1-00610,CST,CUS-000260,2026-06-30,2026-06-30,AGT-011,Team Tide,,LEA-004571,Google Display,CMP-0029,6426866.8,263501.54,4.1,6163365.26,0.0,6,1238836.42,128537.34,Direct,End-User,Contracted,False,,,0.0,0.0,20.1,2026-11-30,2026-11-30
SAL-000261,CST-P1-B2-00508,CST,CUS-000261,2026-06-30,,AGT-014,Team Tide,,LEA-003885,TikTok,CMP-0033,13980893.4,559235.74,4.0,13421657.66,0.0,6,2348790.09,150000.0,Direct,End-User,Reserved,False,,,0.0,,17.5,2026-11-30,2026-11-30
SAL-000262,CST-P1-B2-00482,CST,CUS-000262,2025-02-20,2025-03-13,AGT-014,Team Tide,,,Direct / Walk-In,,11616353.3,1417195.1,12.2,10199158.2,0.0,4,2192819.01,150000.0,Direct,End-User,Contracted,False,,,,21.0,21.5,2026-11-30,2026-11-30
SAL-000263,CST-P2-B3-00725,CST,CUS-000263,2026-05-19,2026-06-16,AGT-011,Team Tide,,LEA-002636,Referrals,CMP-0027,7241724.0,383811.37,5.3,6857912.63,0.0,4,1289287.57,144834.48,Direct,Investor,Contracted,False,,,8.0,28.0,18.8,2026-11-30,2026-11-30
SAL-000264,CST-P1-B1-00433,CST,CUS-000264,2024-11-29,2024-12-16,AGT-014,Team Tide,,,Direct / Walk-In,,4685324.1,529441.62,11.3,4155882.48,0.0,6,635850.02,93706.48,Direct,End-User,Contracted,False,,,,17.0,15.3,2026-11-30,2026-11-30
SAL-000265,CST-P2-B4-00790,CST,CUS-000265,2026-06-12,2026-06-13,AGT-013,Team Tide,,LEA-004533,Organic Website,CMP-0024,10514858.4,357505.19,3.4,10157353.21,0.0,4,2011155.94,150000.0,Direct,End-User,Contracted,False,,,10.0,1.0,19.8,2026-11-30,2026-11-30
SAL-000266,CST-P1-B2-00502,CST,CUS-000266,2026-06-30,2026-06-30,AGT-014,Team Tide,,LEA-002732,Referrals,CMP-0027,5462622.7,294981.63,5.4,5167641.07,0.0,6,1240233.86,109252.45,Direct,End-User,Cancelled,True,2026-06-30,Unit Defect Concern,0.0,0.0,24.0,2026-11-30,2026-11-30
SAL-000267,CST-P1-B1-00456,CST,CUS-000267,2026-06-30,2026-06-30,AGT-014,Team Tide,,LEA-003016,Referrals,CMP-0034,4363557.3,95998.26,2.2,4267559.04,0.0,5,977271.02,87271.15,Direct,End-User,Contracted,False,,,0.0,0.0,22.9,2026-11-30,2026-11-30
SAL-000268,CST-P2-B4-00766,CST,CUS-000268,2025-01-27,2025-02-18,AGT-013,Team Tide,,,Direct / Walk-In,,7991139.0,727193.65,9.1,7263945.35,0.0,5,1743346.88,150000.0,Direct,End-User,Cancelled,True,2025-03-31,Price Renegotiation Failed,,21.0,24.0,2026-11-30,2026-11-30
SAL-000269,CST-P2-B1-00631,CST,CUS-000269,2026-06-30,2026-06-30,AGT-014,Team Tide,,LEA-004788,Google Display,CMP-0038,9482735.4,303447.53,3.2,9179287.87,0.0,3,1588016.8,150000.0,Direct,Investor,Contracted,False,,,0.0,0.0,17.3,2026-11-30,2026-11-30
SAL-000270,CST-P2-B3-00747,CST,CUS-000270,2026-06-30,2026-06-30,AGT-013,Team Tide,,LEA-003741,Google Search,CMP-0040,7839342.0,337091.71,4.3,7502250.29,0.0,6,1545463.56,150000.0,Direct,End-User,Contracted,False,,,0.0,0.0,20.6,2026-11-30,2026-11-30
SAL-000271,CST-P2-B2-00691,CST,CUS-000271,2026-06-22,2026-06-29,AGT-012,Team Tide,,LEA-003824,Referrals,CMP-0034,8032669.4,192784.07,2.4,7839885.33,0.0,3,1552297.3,150000.0,Direct,End-User,Contracted,False,,,10.0,6.0,19.8,2026-11-30,2026-11-30
SAL-000272,CST-P2-B1-00618,CST,CUS-000272,2026-06-30,2026-06-30,AGT-011,Team Tide,,LEA-004708,WhatsApp,CMP-0039,7184620.8,373600.28,5.2,6811020.52,0.0,5,1661889.01,143692.42,Direct,End-User,Cancelled,True,2026-06-30,Price Renegotiation Failed,0.0,0.0,24.4,2026-11-30,2026-11-30
SAL-000273,CST-P1-B1-00427,CST,CUS-000273,2026-05-08,2026-05-26,AGT-014,Team Tide,,LEA-003348,Referrals,CMP-0034,9716230.9,427514.16,4.4,9288716.74,0.0,4,1625525.43,150000.0,Direct,Investor,Contracted,False,,,0.0,18.0,17.5,2026-11-30,2026-11-30
SAL-000274,CST-P2-B4-00765,CST,CUS-000274,2026-01-08,,AGT-011,Team Tide,,,Direct / Walk-In,,5745273.0,672196.94,11.7,5073076.06,0.0,5,771107.56,114905.46,Direct,End-User,Reserved,False,,,,,15.2,2026-11-30,2026-11-30
SAL-000275,CST-P1-B3-00532,CST,CUS-000275,2026-06-10,2026-06-14,AGT-012,Team Tide,,LEA-004466,Google Search,CMP-0040,20022431.8,1141278.61,5.7,18881153.19,0.0,3,3209796.04,150000.0,Direct,Investor,Contracted,False,,,3.0,3.0,17.0,2026-11-30,2026-11-30
SAL-000276,CST-P2-B1-00609,CST,CUS-000276,2026-06-30,2026-06-30,AGT-014,Team Tide,,LEA-004340,Organic Website,CMP-0036,6651541.7,286016.29,4.3,6365525.41,0.0,4,1018484.07,133030.83,Direct,End-User,Contracted,False,,,0.0,0.0,16.0,2026-11-30,2026-11-30
SAL-000277,CST-P2-B4-00757,CST,CUS-000277,2024-09-28,2024-10-25,AGT-011,Team Tide,,,Direct / Walk-In,,11550343.7,1270537.81,11.0,10279805.89,0.0,4,1572810.3,150000.0,Direct,End-User,Contracted,False,,,,27.0,15.3,2026-11-30,2026-11-30
SAL-000278,CST-P2-B2-00695,CST,CUS-000278,2026-06-30,,AGT-012,Team Tide,,LEA-003795,Referrals,CMP-0035,27362690.0,1176595.67,4.3,26186094.33,0.0,6,4242147.28,150000.0,Direct,End-User,Reserved,False,,,0.0,,16.2,2026-11-30,2026-11-30
SAL-000279,CST-P1-B3-00545,CST,CUS-000279,2026-06-30,2026-06-30,AGT-012,Team Tide,,LEA-003952,Google Display,CMP-0038,7922998.0,269381.93,3.4,7653616.07,0.0,5,1568991.29,150000.0,Direct,End-User,Contracted,False,,,0.0,0.0,20.5,2026-11-30,2026-11-30
SAL-000280,CST-P2-B2-00664,CST,CUS-000280,2026-06-01,2026-06-30,AGT-013,Team Tide,,LEA-003065,Outdoor,CMP-0041,7391312.5,295652.5,4.0,7095660.0,0.0,3,1426227.66,147826.25,Direct,End-User,Contracted,False,,,4.0,28.0,20.1,2026-11-30,2026-11-30
SAL-000281,CST-P1-B4-00579,CST,CUS-000281,2025-09-29,2025-10-11,AGT-014,Team Tide,,,Direct / Walk-In,,7530777.3,753077.73,10.0,6777699.57,0.0,4,1030210.33,150000.0,Direct,End-User,Contracted,False,,,,12.0,15.2,2026-11-30,2026-11-30
SAL-000282,CST-P2-B2-00671,CST,CUS-000282,2026-06-30,2026-06-30,AGT-013,Team Tide,BRK-07,LEA-003813,Outdoor,CMP-0041,3534627.9,134315.86,3.8,3400312.04,67326.18,5,639258.66,70692.56,Broker,End-User,Contracted,False,,,0.0,0.0,18.8,2026-11-30,2026-11-30
SAL-000283,CST-P2-B3-00737,CST,CUS-000283,2026-06-30,2026-06-30,AGT-011,Team Tide,,LEA-003324,WhatsApp,CMP-0039,9335599.5,186711.99,2.0,9148887.51,0.0,6,1838926.39,150000.0,Direct,End-User,Contracted,False,,,0.0,0.0,20.1,2026-11-30,2026-11-30
SAL-000284,CST-P1-B3-00547,CST,CUS-000284,2025-09-22,,AGT-014,Team Tide,,,Direct / Walk-In,,3773770.5,449078.69,11.9,3324691.81,0.0,5,684886.51,75475.41,Direct,End-User,Reserved,False,,,,,20.6,2026-11-30,2026-11-30
SAL-000285,CST-P2-B2-00660,CST,CUS-000285,2026-05-13,2026-06-12,AGT-012,Team Tide,,LEA-003517,TikTok,CMP-0030,10312580.0,237189.34,2.3,10075390.66,0.0,4,1974776.57,150000.0,Direct,End-User,Contracted,False,,,0.0,30.0,19.6,2026-11-30,2026-11-30
SAL-000286,CST-P2-B2-00686,CST,CUS-000286,2026-06-30,,AGT-014,Team Tide,,LEA-004097,Outdoor,CMP-0031,11321547.9,396254.18,3.5,10925293.72,0.0,4,2611145.2,150000.0,Direct,End-User,Reserved,False,,,0.0,,23.9,2026-11-30,2026-11-30
SAL-000287,CST-P1-B2-00477,CST,CUS-000287,2025-07-06,2025-07-15,AGT-014,Team Tide,,,Direct / Walk-In,,7809662.1,226480.2,2.9,7583181.9,0.0,6,1145060.47,150000.0,Direct,End-User,Cancelled,True,2025-09-05,Unit Defect Concern,,8.0,15.1,2026-11-30,2026-11-30
SAL-000288,CST-P2-B4-00768,CST,CUS-000288,2026-06-30,2026-06-30,AGT-014,Team Tide,,LEA-003722,Outdoor,CMP-0041,8083534.0,177837.75,2.2,7905696.25,0.0,5,1557422.16,150000.0,Direct,End-User,Contracted,False,,,0.0,0.0,19.7,2026-11-30,2026-11-30
SAL-000289,CST-P2-B2-00676,CST,CUS-000289,2026-06-16,,AGT-013,Team Tide,,LEA-003289,WhatsApp,CMP-0032,5651892.9,316506.0,5.6,5335386.9,0.0,4,971040.42,113037.86,Direct,Investor,Reserved,False,,,6.0,,18.2,2026-11-30,2026-11-30
SAL-000290,CST-P1-B4-00583,CST,CUS-000290,2025-05-22,2025-06-06,AGT-012,Team Tide,,,Direct / Walk-In,,7695798.0,338615.11,4.4,7357182.89,0.0,6,1684794.88,150000.0,Direct,End-User,Contracted,False,,,,15.0,22.9,2026-11-30,2026-11-30
SAL-000291,CST-P1-B2-00470,CST,CUS-000291,2026-06-30,2026-06-30,AGT-011,Team Tide,,LEA-002814,TikTok,CMP-0030,14065650.0,379772.55,2.7,13685877.45,0.0,4,2832976.63,150000.0,Direct,End-User,Contracted,False,,,0.0,0.0,20.7,2026-11-30,2026-11-30
SAL-000292,CST-P2-B1-00616,CST,CUS-000292,2026-06-30,2026-06-30,AGT-014,Team Tide,,LEA-003857,Organic Website,CMP-0042,6490600.2,382945.41,5.9,6107654.79,0.0,6,1270392.2,129812.0,Direct,End-User,Contracted,False,,,0.0,0.0,20.8,2026-11-30,2026-11-30
SAL-000293,CST-P2-B2-00663,CST,CUS-000293,2026-06-30,2026-06-30,AGT-013,Team Tide,BRK-10,LEA-003781,Google Search,CMP-0040,11675721.2,548758.9,4.7,11126962.3,210299.59,4,1913837.52,150000.0,Broker,End-User,Contracted,False,,,0.0,0.0,17.2,2026-11-30,2026-11-30
SAL-000294,CST-P1-B3-00522,CST,CUS-000294,2026-06-14,2026-06-30,AGT-014,Team Tide,,LEA-002819,WhatsApp,CMP-0032,17563696.5,930875.91,5.3,16632820.59,0.0,4,3526157.97,150000.0,Direct,Investor,Contracted,False,,,4.0,15.0,21.2,2026-11-30,2026-11-30
SAL-000295,CST-P1-B2-00507,CST,CUS-000295,2026-05-14,2026-06-13,AGT-011,Team Tide,,LEA-003907,Outdoor,CMP-0023,6270878.4,181855.47,2.9,6089022.93,0.0,4,992510.74,125417.57,Direct,End-User,Contracted,False,,,4.0,29.0,16.3,2026-11-30,2026-11-30
SAL-000296,CST-P1-B3-00534,CST,CUS-000296,2026-02-01,2026-02-07,AGT-013,Team Tide,,,Direct / Walk-In,,6162128.0,739455.36,12.0,5422672.64,0.0,3,1041153.15,123242.56,Direct,End-User,Cancelled,True,2026-03-04,Changed Mind,,6.0,19.2,2026-11-30,2026-11-30
SAL-000297,CST-P1-B3-00526,CST,CUS-000297,2026-06-30,2026-06-30,AGT-011,Team Tide,,LEA-004711,TikTok,CMP-0026,12915396.0,271223.32,2.1,12644172.68,0.0,4,3021957.27,150000.0,Direct,End-User,Contracted,False,,,6.0,0.0,23.9,2026-11-30,2026-11-30
SAL-000298,CST-P2-B3-00736,CST,CUS-000298,2026-06-30,2026-06-30,AGT-014,Team Tide,,LEA-002987,Outdoor,CMP-0037,8205842.4,221557.74,2.7,7984284.66,0.0,6,1405234.1,150000.0,Direct,End-User,Contracted,False,,,0.0,0.0,17.6,2026-11-30,2026-11-30
SAL-000299,CST-P2-B3-00717,CST,CUS-000299,2026-06-30,2026-06-30,AGT-011,Team Tide,,LEA-004456,Google Display,CMP-0038,15487071.6,557534.58,3.6,14929537.02,0.0,4,3224780.0,150000.0,Direct,End-User,Contracted,False,,,0.0,0.0,21.6,2026-11-30,2026-11-30
SAL-000300,CST-P1-B4-00584,CST,CUS-000300,2026-06-30,2026-06-30,AGT-014,Team Tide,,LEA-003038,WhatsApp,CMP-0032,16900461.5,709819.38,4.2,16190642.12,0.0,4,3837182.18,150000.0,Direct,End-User,Contracted,False,,,0.0,0.0,23.7,2026-11-30,2026-11-30
SAL-000301,CST-P1-B3-00524,CST,CUS-000301,2026-06-30,2026-06-30,AGT-012,Team Tide,,LEA-004662,Outdoor,CMP-0023,21638980.8,454418.6,2.1,21184562.2,0.0,4,3262422.58,150000.0,Direct,End-User,Contracted,False,,,0.0,0.0,15.4,2026-11-30,2026-11-30
SAL-000302,CST-P1-B3-00549,CST,CUS-000302,2026-06-30,2026-06-30,AGT-014,Team Tide,,LEA-003855,Outdoor,CMP-0023,11825000.0,484825.0,4.1,11340175.0,0.0,6,2687621.48,150000.0,Direct,Investor,Contracted,False,,,0.0,0.0,23.7,2026-11-30,2026-11-30
SAL-000303,CST-P2-B1-00649,CST,CUS-000303,2024-10-10,2024-10-11,AGT-012,Team Tide,,,Direct / Walk-In,,6042675.6,688865.02,11.4,5353810.58,0.0,4,936916.85,120853.51,Direct,End-User,Contracted,False,,,,1.0,17.5,2026-11-30,2026-11-30
SAL-000304,CST-P1-B4-00593,CST,CUS-000304,2026-06-30,2026-06-30,AGT-014,Team Tide,,LEA-004058,Organic Website,CMP-0042,9727171.3,554448.76,5.7,9172722.54,0.0,5,1962962.62,150000.0,Direct,End-User,Contracted,False,,,0.0,0.0,21.4,2026-11-30,2026-11-30
SAL-000305,CST-P2-B4-00781,CST,CUS-000305,2026-05-16,2026-05-28,AGT-014,Team Tide,,LEA-004355,TikTok,CMP-0026,10776464.4,280188.07,2.6,10496276.33,0.0,5,2099255.27,150000.0,Direct,End-User,Contracted,False,,,0.0,12.0,20.0,2026-11-30,2026-11-30
SAL-000306,CST-P1-B4-00599,CST,CUS-000306,2025-08-18,2025-09-07,AGT-012,Team Tide,,,Direct / Walk-In,,11945558.4,453931.22,3.8,11491627.18,0.0,4,2757990.52,150000.0,Direct,End-User,Contracted,False,,,,20.0,24.0,2026-11-30,2026-11-30
SAL-000307,CST-P2-B2-00677,CST,CUS-000307,2026-06-30,2026-06-30,AGT-013,Team Tide,,LEA-004584,Organic Website,CMP-0036,5776943.9,202193.04,3.5,5574750.86,0.0,3,1259893.69,115538.88,Direct,End-User,Contracted,False,,,0.0,0.0,22.6,2026-11-30,2026-11-30
SAL-000308,CST-P2-B1-00623,CST,CUS-000308,2026-06-11,2026-06-14,AGT-012,Team Tide,,LEA-004050,Organic Website,CMP-0042,8357179.6,484716.42,5.8,7872463.18,0.0,4,1338318.74,150000.0,Direct,End-User,Contracted,False,,,9.0,2.0,17.0,2026-11-30,2026-11-30
SAL-000309,CST-P1-B3-00543,CST,CUS-000309,2026-06-30,2026-06-30,AGT-012,Team Tide,,LEA-003493,Google Display,CMP-0029,7256848.2,275760.23,3.8,6981087.97,0.0,3,1389236.51,145136.96,Direct,End-User,Contracted,False,,,0.0,0.0,19.9,2026-11-30,2026-11-30
SAL-000310,CST-P1-B4-00585,CST,CUS-000310,2024-09-07,2024-09-22,AGT-011,Team Tide,,,Direct / Walk-In,,11341366.4,1258891.67,11.1,10082474.73,0.0,3,1582948.53,150000.0,Direct,End-User,Contracted,False,,,,15.0,15.7,2026-11-30,2026-11-30
SAL-000311,CST-P2-B1-00612,CST,CUS-000311,2026-06-30,2026-06-30,AGT-014,Team Tide,,LEA-002712,Referrals,CMP-0034,5808928.8,162650.01,2.8,5646278.79,0.0,5,1309936.68,116178.58,Direct,End-User,Contracted,False,,,0.0,0.0,23.2,2026-11-30,2026-11-30
SAL-000312,CST-P1-B3-00517,CST,CUS-000312,2025-04-15,,AGT-012,Team Tide,,,Direct / Walk-In,,6680529.6,347387.54,5.2,6333142.06,0.0,4,1006969.59,133610.59,Direct,End-User,Cancelled,True,2025-05-29,Financing Fell Through,,,15.9,2026-11-30,2026-11-30
SAL-000313,CST-P1-B1-00464,CST,CUS-000313,2026-06-30,2026-06-30,AGT-014,Team Tide,,LEA-003700,Referrals,CMP-0027,11872720.0,605508.72,5.1,11267211.28,0.0,4,1757684.96,150000.0,Direct,End-User,Contracted,False,,,0.0,0.0,15.6,2026-11-30,2026-11-30
SAL-000314,CST-P1-B2-00499,CST,CUS-000314,2026-06-30,2026-06-30,AGT-013,Team Tide,,LEA-003044,Google Display,CMP-0029,7726807.6,448154.84,5.8,7278652.76,0.0,3,1586746.3,150000.0,Direct,Investor,Contracted,False,,,0.0,0.0,21.8,2026-11-30,2026-11-30
SAL-000315,CST-P2-B4-00769,CST,CUS-000315,2026-03-14,,AGT-014,Team Tide,,,Direct / Walk-In,,11773113.6,553336.34,4.7,11219777.26,0.0,3,2479570.77,150000.0,Direct,End-User,Reserved,False,,,,,22.1,2026-11-30,2026-11-30
SAL-000316,CST-P1-B2-00494,CST,CUS-000316,2026-06-22,2026-06-30,AGT-014,Team Tide,,LEA-003477,Google Display,CMP-0038,8699043.6,226175.13,2.6,8472868.47,0.0,6,1550534.93,150000.0,Direct,End-User,Contracted,False,,,8.0,7.0,18.3,2026-11-30,2026-11-30
SAL-000317,CST-P2-B3-00715,CST,CUS-000317,2026-06-30,,AGT-013,Team Tide,,LEA-002755,Google Display,CMP-0029,9978946.5,469010.49,4.7,9509936.01,0.0,4,1607179.19,150000.0,Direct,End-User,Reserved,False,,,4.0,,16.9,2026-11-30,2026-11-30
SAL-000318,CST-P2-B3-00749,CST,CUS-000318,2025-11-23,2025-11-28,AGT-013,Team Tide,,,Direct / Walk-In,,6923584.8,630046.22,9.1,6293538.58,0.0,6,1057314.48,138471.7,Direct,End-User,Contracted,False,,,,5.0,16.8,2026-11-30,2026-11-30
SAL-000319,CST-P1-B2-00501,CST,CUS-000319,2025-10-23,2025-11-06,AGT-013,Team Tide,,,Direct / Walk-In,,7030630.2,639787.35,9.1,6390842.85,0.0,5,1457112.17,140612.6,Direct,End-User,Contracted,False,,,,13.0,22.8,2026-11-30,2026-11-30
SAL-000320,CST-P2-B4-00762,CST,CUS-000320,2026-06-30,2026-06-30,AGT-014,Team Tide,,LEA-004151,Outdoor,CMP-0041,5919998.7,165759.96,2.8,5754238.74,0.0,5,1294703.72,118399.97,Direct,Investor,Cancelled,True,2026-06-30,Unit Defect Concern,0.0,0.0,22.5,2026-11-30,2026-11-30
SAL-000321,CST-P1-B4-00596,CST,CUS-000321,2024-09-01,2024-09-13,AGT-014,Team Tide,,,Direct / Walk-In,,18366392.0,2222333.43,12.1,16144058.57,0.0,4,3196523.6,150000.0,Direct,End-User,Cancelled,True,2024-10-17,Failed Credit Check,,12.0,19.8,2026-11-30,2026-11-30
SAL-000322,CST-P1-B2-00478,CST,CUS-000322,2026-06-30,,AGT-014,Team Tide,,LEA-003355,Meta,CMP-0028,7767412.8,341766.16,4.4,7425646.64,0.0,3,1693047.43,150000.0,Direct,End-User,Reserved,False,,,0.0,,22.8,2026-11-30,2026-11-30
SAL-000323,CST-P1-B4-00562,CST,CUS-000323,2026-06-23,2026-06-30,AGT-012,Team Tide,,LEA-003263,Outdoor,CMP-0031,13010921.0,702589.73,5.4,12308331.27,0.0,4,2227807.96,150000.0,Direct,End-User,Contracted,False,,,9.0,6.0,18.1,2026-11-30,2026-11-30
SAL-000324,CST-P2-B3-00726,CST,CUS-000324,2026-06-30,2026-06-30,AGT-013,Team Tide,,LEA-004269,Google Display,CMP-0038,4570239.0,182809.56,4.0,4387429.44,0.0,6,741475.58,91404.78,Direct,End-User,Contracted,False,,,0.0,0.0,16.9,2026-11-30,2026-11-30
SAL-000325,CST-P1-B1-00453,CST,CUS-000325,2025-10-11,2025-10-20,AGT-014,Team Tide,,,Direct / Walk-In,,6370656.5,681660.25,10.7,5688996.25,0.0,6,944373.38,127413.13,Direct,End-User,Cancelled,True,2025-12-07,Personal / Financial Hardship,,9.0,16.6,2026-11-30,2026-11-30
SAL-000326,CST-P2-B2-00656,CST,CUS-000326,2026-06-30,2026-06-30,AGT-014,Team Tide,,LEA-004317,Outdoor,CMP-0023,11832370.0,698109.83,5.9,11134260.17,0.0,5,2616551.14,150000.0,Direct,End-User,Contracted,False,,,0.0,0.0,23.5,2026-11-30,2026-11-30
SAL-000327,CST-P2-B4-00775,CST,CUS-000327,2026-05-13,2026-06-03,AGT-014,Team Tide,,LEA-003618,Outdoor,CMP-0023,16719436.0,535021.95,3.2,16184414.05,0.0,5,2945563.36,150000.0,Direct,End-User,Contracted,False,,,5.0,21.0,18.2,2026-11-30,2026-11-30
SAL-000328,CST-P2-B2-00687,CST,CUS-000328,2026-06-30,2026-06-30,AGT-013,Team Tide,,LEA-004461,WhatsApp,CMP-0039,15703090.8,879373.08,5.6,14823717.72,0.0,3,2608974.32,150000.0,Direct,End-User,Contracted,False,,,0.0,0.0,17.6,2026-11-30,2026-11-30
SAL-000329,CST-P2-B2-00658,CST,CUS-000329,2026-06-30,2026-06-30,AGT-013,Team Tide,,LEA-003959,Organic Website,CMP-0036,11259725.6,529207.1,4.7,10730518.5,0.0,6,1738344.0,150000.0,Direct,End-User,Contracted,False,,,0.0,0.0,16.2,2026-11-30,2026-11-30
SAL-000330,CST-P1-B4-00600,CST,CUS-000330,2026-06-28,2026-06-30,AGT-014,Team Tide,,LEA-003242,Outdoor,CMP-0037,9947199.5,566990.37,5.7,9380209.13,0.0,6,1604015.76,150000.0,Direct,Investor,Contracted,False,,,11.0,1.0,17.1,2026-11-30,2026-11-30
SAL-000331,CST-P1-B3-00531,CST,CUS-000331,2026-01-27,,AGT-014,Team Tide,,,Direct / Walk-In,,8666582.4,935990.9,10.8,7730591.5,0.0,5,1430159.43,150000.0,Direct,End-User,Cancelled,True,2026-03-16,Failed Credit Check,,,18.5,2026-11-30,2026-11-30
SAL-000332,CST-P1-B4-00594,CST,CUS-000332,2026-05-21,2026-06-08,AGT-012,Team Tide,,LEA-003270,TikTok,CMP-0026,10634634.4,606174.16,5.7,10028460.24,0.0,5,2005692.05,150000.0,Direct,End-User,Cancelled,True,2026-06-30,Financing Fell Through,4.0,18.0,20.0,2026-11-30,2026-11-30
SAL-000333,CST-P1-B4-00577,CST,CUS-000333,2026-06-30,2026-06-30,AGT-013,Team Tide,,LEA-003320,Organic Website,CMP-0025,8259600.0,322124.4,3.9,7937475.6,0.0,4,1579557.64,150000.0,Direct,Investor,Contracted,False,,,0.0,0.0,19.9,2026-11-30,2026-11-30
SAL-000334,CST-P1-B1-00447,CST,CUS-000334,2026-06-30,2026-06-30,AGT-013,Team Tide,,LEA-003656,Google Display,CMP-0029,11197484.8,582269.21,5.2,10615215.59,0.0,4,2133658.33,150000.0,Direct,Investor,Contracted,False,,,0.0,0.0,20.1,2026-11-30,2026-11-30
SAL-000335,CST-P2-B2-00685,CST,CUS-000335,2026-06-30,,AGT-011,Team Tide,,LEA-003838,WhatsApp,CMP-0032,25350986.5,887284.53,3.5,24463701.97,0.0,6,4379002.65,150000.0,Direct,End-User,Reserved,False,,,0.0,,17.9,2026-11-30,2026-11-30
SAL-000336,CST-P2-B1-00647,CST,CUS-000336,2026-02-20,2026-03-18,AGT-011,Team Tide,,,Direct / Walk-In,,13600730.9,1564084.05,11.5,12036646.85,0.0,3,2636025.66,150000.0,Direct,End-User,Contracted,False,,,,26.0,21.9,2026-11-30,2026-11-30
SAL-000337,CST-P2-B2-00667,CST,CUS-000337,2026-06-30,2026-06-30,AGT-011,Team Tide,BRK-03,LEA-002665,Google Search,CMP-0040,4575057.5,256203.22,5.6,4318854.28,98469.88,4,798988.04,91501.15,Broker,End-User,Contracted,False,,,0.0,0.0,18.5,2026-11-30,2026-11-30
SAL-000338,CST-P1-B1-00452,CST,CUS-000338,2026-06-27,,AGT-011,Team Tide,,LEA-003249,WhatsApp,CMP-0032,11324034.3,339721.03,3.0,10984313.27,0.0,6,2251784.22,150000.0,Direct,End-User,Reserved,False,,,1.0,,20.5,2026-11-30,2026-11-30
SAL-000339,CST-P1-B2-00480,CST,CUS-000339,2026-06-30,2026-06-30,AGT-012,Team Tide,,,Direct / Walk-In,,4251752.0,123300.81,2.9,4128451.19,0.0,4,957800.68,85035.04,Direct,End-User,Contracted,False,,,,0.0,23.2,2026-11-30,2026-11-30
SAL-000340,CST-P1-B3-00515,CST,CUS-000340,2025-12-13,2025-12-30,AGT-012,Team Tide,,,Direct / Walk-In,,8796738.6,263902.16,3.0,8532836.44,0.0,4,1689501.62,150000.0,Direct,End-User,Contracted,False,,,,17.0,19.8,2026-11-30,2026-11-30
SAL-000341,CST-P2-B1-00648,CST,CUS-000341,2026-02-09,2026-03-04,AGT-011,Team Tide,,,Direct / Walk-In,,6016838.1,583633.3,9.7,5433204.8,0.0,5,1005142.89,120336.76,Direct,End-User,Contracted,False,,,,23.0,18.5,2026-11-30,2026-11-30
SAL-000342,CST-P2-B4-00760,CST,CUS-000342,2026-05-08,2026-05-18,AGT-012,Team Tide,,LEA-003581,Organic Website,CMP-0024,6705585.6,187756.4,2.8,6517829.2,0.0,6,1440440.25,134111.71,Direct,Investor,Contracted,False,,,4.0,10.0,22.1,2026-11-30,2026-11-30
SAL-000343,CST-P1-B4-00566,CST,CUS-000343,2026-05-18,2026-05-25,AGT-013,Team Tide,,LEA-003902,Outdoor,CMP-0023,17755256.4,461636.67,2.6,17293619.73,0.0,6,2645923.82,150000.0,Direct,End-User,Contracted,False,,,2.0,7.0,15.3,2026-11-30,2026-11-30
SAL-000344,CST-P1-B4-00582,CST,CUS-000344,2026-06-30,2026-06-30,AGT-014,Team Tide,,LEA-003912,Google Search,CMP-0040,18207837.9,910391.9,5.0,17297446.0,0.0,6,4151387.04,150000.0,Direct,End-User,Contracted,False,,,0.0,0.0,24.0,2026-11-30,2026-11-30
SAL-000345,CST-P2-B1-00626,CST,CUS-000345,2026-05-15,2026-05-31,AGT-014,Team Tide,,LEA-004700,Organic Website,CMP-0025,18934467.5,738444.23,3.9,18196023.27,0.0,3,3657400.68,150000.0,Direct,Investor,Contracted,False,,,0.0,16.0,20.1,2026-11-30,2026-11-30
SAL-000346,CST-P1-B4-00565,CST,CUS-000346,2026-06-30,2026-06-30,AGT-014,Team Tide,,LEA-002731,Outdoor,CMP-0031,7885455.2,433700.04,5.5,7451755.16,0.0,5,1773517.73,150000.0,Direct,End-User,Contracted,False,,,0.0,0.0,23.8,2026-11-30,2026-11-30
SAL-000347,CST-P2-B4-00784,CST,CUS-000347,2025-12-22,,AGT-012,Team Tide,BRK-14,,Broker Referral,,7700302.4,161706.35,2.1,7538596.05,174895.43,4,1251406.94,150000.0,Broker,End-User,Reserved,False,,,,,16.6,2026-11-30,2026-11-30
SAL-000348,CST-P2-B4-00787,CST,CUS-000348,2026-05-26,2026-06-05,AGT-013,Team Tide,,LEA-003258,Google Search,CMP-0040,9448395.0,491316.54,5.2,8957078.46,0.0,4,1549574.57,150000.0,Direct,End-User,Cancelled,True,2026-06-30,Financing Fell Through,5.0,10.0,17.3,2026-11-30,2026-11-30
SAL-000349,CST-P2-B2-00673,CST,CUS-000349,2026-06-30,2026-06-30,AGT-014,Team Tide,,LEA-002852,TikTok,CMP-0030,8286330.0,240303.57,2.9,8046026.43,0.0,5,1971276.48,150000.0,Direct,Investor,Contracted,False,,,2.0,0.0,24.5,2026-11-30,2026-11-30
SAL-000350,CST-P1-B1-00429,CST,CUS-000350,2026-06-30,2026-06-30,AGT-013,Team Tide,,LEA-003549,WhatsApp,CMP-0032,10260896.0,492523.01,4.8,9768372.99,0.0,4,2139273.68,150000.0,Direct,End-User,Contracted,False,,,0.0,0.0,21.9,2026-11-30,2026-11-30
SAL-000351,CST-P2-B2-00697,CST,CUS-000351,2026-06-30,2026-06-30,AGT-011,Team Tide,,LEA-003758,Meta,CMP-0028,10820102.0,227222.14,2.1,10592879.86,0.0,4,2012647.17,150000.0,Direct,End-User,Contracted,False,,,0.0,0.0,19.0,2026-11-30,2026-11-30
SAL-000352,CST-P1-B1-00459,CST,CUS-000352,2026-01-25,,AGT-013,Team Tide,,,Direct / Walk-In,,5293532.4,550527.37,10.4,4743005.03,0.0,5,981802.04,105870.65,Direct,End-User,Reserved,False,,,,,20.7,2026-11-30,2026-11-30
SAL-000353,CST-P1-B2-00490,CST,CUS-000353,2026-06-30,,AGT-012,Team Tide,,LEA-004664,Referrals,CMP-0035,7852185.6,188452.45,2.4,7663733.15,0.0,3,1210869.84,150000.0,Direct,End-User,Reserved,False,,,0.0,,15.8,2026-11-30,2026-11-30
SAL-000354,CST-P1-B2-00498,CST,CUS-000354,2026-06-08,2026-06-30,AGT-012,Team Tide,BRK-06,LEA-002953,Referrals,CMP-0027,10355381.9,331372.22,3.2,10024009.68,227545.02,3,2155162.08,150000.0,Broker,End-User,Contracted,False,,,11.0,21.0,21.5,2026-11-30,2026-11-30
SAL-000355,CST-P2-B4-00751,CST,CUS-000355,2026-06-30,2026-06-30,AGT-011,Team Tide,,LEA-003382,TikTok,CMP-0030,4775007.3,95500.15,2.0,4679507.15,0.0,5,1123081.72,95500.15,Direct,End-User,Contracted,False,,,0.0,0.0,24.0,2026-11-30,2026-11-30
SAL-000356,CST-P1-B2-00483,CST,CUS-000356,2025-09-10,2025-10-07,AGT-013,Team Tide,,,Direct / Walk-In,,4707072.0,593091.07,12.6,4113980.93,0.0,6,970899.5,94141.44,Direct,End-User,Contracted,False,,,,26.0,23.6,2026-11-30,2026-11-30
SAL-000357,CST-P1-B1-00460,CST,CUS-000357,2026-06-30,2026-06-30,AGT-012,Team Tide,,LEA-003697,Google Display,CMP-0038,4876566.4,195062.66,4.0,4681503.74,0.0,4,767766.61,97531.33,Direct,End-User,Contracted,False,,,0.0,0.0,16.4,2026-11-30,2026-11-30
SAL-000358,CST-P1-B2-00469,CST,CUS-000358,2026-05-05,2026-05-25,AGT-013,Team Tide,,,Direct / Walk-In,,7148195.2,421743.52,5.9,6726451.68,0.0,5,1244393.56,142963.9,Direct,End-User,Contracted,False,,,,20.0,18.5,2026-11-30,2026-11-30
SAL-000359,CST-P1-B1-00425,CST,CUS-000359,2026-06-30,2026-06-30,AGT-014,Team Tide,,LEA-004544,Google Display,CMP-0029,4358516.8,87170.34,2.0,4271346.46,0.0,3,679144.09,87170.34,Direct,End-User,Contracted,False,,,0.0,0.0,15.9,2026-11-30,2026-11-30
SAL-000360,CST-P1-B1-00448,CST,CUS-000360,2026-06-30,2026-06-30,AGT-013,Team Tide,,LEA-004493,Organic Website,CMP-0024,7880100.8,173362.22,2.2,7706738.58,0.0,6,1340972.51,150000.0,Direct,End-User,Contracted,False,,,0.0,0.0,17.4,2026-11-30,2026-11-30
SAL-000361,CST-P1-B1-00467,CST,CUS-000361,2026-06-30,,AGT-014,Team Tide,,LEA-004176,WhatsApp,CMP-0032,7925343.3,435893.88,5.5,7489449.42,0.0,6,1565294.93,150000.0,Direct,End-User,Reserved,False,,,3.0,,20.9,2026-11-30,2026-11-30
SAL-000362,CST-P2-B3-00735,CST,CUS-000362,2026-05-24,2026-06-17,AGT-014,Team Tide,,LEA-004474,Meta,CMP-0028,9095015.6,181900.31,2.0,8913115.29,0.0,5,1595447.64,150000.0,Direct,End-User,Contracted,False,,,0.0,23.0,17.9,2026-11-30,2026-11-30
SAL-000363,CST-P1-B1-00428,CST,CUS-000363,2026-05-25,2026-06-05,AGT-011,Team Tide,,LEA-004331,Outdoor,CMP-0037,13142251.2,525690.05,4.0,12616561.15,0.0,6,2371913.5,150000.0,Direct,Investor,Contracted,False,,,4.0,10.0,18.8,2026-11-30,2026-11-30
SAL-000364,CST-P1-B2-00512,CST,CUS-000364,2026-06-26,2026-06-30,AGT-011,Team Tide,,LEA-004588,TikTok,CMP-0030,8223505.0,328940.2,4.0,7894564.8,0.0,4,1610491.22,150000.0,Direct,End-User,Contracted,False,,,8.0,3.0,20.4,2026-11-30,2026-11-30
SAL-000365,CST-P2-B3-00704,CST,CUS-000365,2024-08-26,2024-09-26,AGT-011,Team Tide,,,Direct / Walk-In,,4252365.0,221122.98,5.2,4031242.02,0.0,5,725623.56,85047.3,Direct,End-User,Contracted,False,,,,30.0,18.0,2026-11-30,2026-11-30
SAL-000366,CST-P1-B1-00465,CST,CUS-000366,2024-09-23,,AGT-012,Team Tide,BRK-12,,Broker Referral,,8688668.8,1077394.93,12.4,7611273.87,159836.75,3,1194970.0,150000.0,Broker,End-User,Reserved,False,,,,,15.7,2026-11-30,2026-11-30
SAL-000367,CST-P2-B4-00771,CST,CUS-000367,2025-03-09,,AGT-014,Team Tide,,,Direct / Walk-In,,8273216.0,479846.53,5.8,7793369.47,0.0,5,1340459.55,150000.0,Direct,End-User,Reserved,False,,,,,17.2,2026-11-30,2026-11-30
SAL-000368,CST-P2-B2-00662,CST,CUS-000368,2025-05-11,2025-05-27,AGT-013,Team Tide,,,Direct / Walk-In,,7901604.1,276556.14,3.5,7625047.96,0.0,6,1517384.54,150000.0,Direct,End-User,Contracted,False,,,,15.0,19.9,2026-11-30,2026-11-30
SAL-000369,CST-P2-B2-00696,CST,CUS-000369,2025-12-13,2026-01-04,AGT-012,Team Tide,,,Direct / Walk-In,,17357724.6,659593.53,3.8,16698131.07,0.0,4,3606796.31,150000.0,Direct,End-User,Contracted,False,,,,22.0,21.6,2026-11-30,2026-11-30
SAL-000370,CST-P1-B4-00574,CST,CUS-000370,2025-07-14,,AGT-011,Team Tide,,,Direct / Walk-In,,26865892.2,617915.52,2.3,26247976.68,0.0,6,5144603.43,150000.0,Direct,End-User,Reserved,False,,,,,19.6,2026-11-30,2026-11-30
SAL-000371,CST-P1-B4-00569,CST,CUS-000371,2025-03-18,2025-04-20,AGT-014,Team Tide,,,Direct / Walk-In,,6991248.0,321597.41,4.6,6669650.59,0.0,4,1567367.89,139824.96,Direct,End-User,Contracted,False,,,,32.0,23.5,2026-11-30,2026-11-30
SAL-000372,CST-P1-B1-00424,CST,CUS-000372,2025-04-05,2025-04-06,AGT-011,Team Tide,,,Direct / Walk-In,,11170766.9,435659.91,3.9,10735106.99,0.0,3,2501279.93,150000.0,Direct,End-User,Contracted,False,,,,1.0,23.3,2026-11-30,2026-11-30
SAL-000373,CST-P1-B2-00485,CST,CUS-000373,2024-08-04,2024-08-08,AGT-012,Team Tide,,,Direct / Walk-In,,5585752.9,301630.66,5.4,5284122.24,0.0,3,903584.9,111715.06,Direct,End-User,Contracted,False,,,,4.0,17.1,2026-11-30,2026-11-30
SAL-000374,CST-P2-B1-00652,CST,CUS-000374,2025-03-31,,AGT-013,Team Tide,,,Direct / Walk-In,,8498493.6,475915.64,5.6,8022577.96,0.0,6,1235477.01,150000.0,Direct,End-User,Reserved,False,,,,,15.4,2026-11-30,2026-11-30
SAL-000375,CST-P1-B2-00511,CST,CUS-000375,2025-05-04,2025-05-19,AGT-011,Team Tide,,,Direct / Walk-In,,23605267.5,684552.76,2.9,22920714.74,0.0,3,4332015.09,150000.0,Direct,End-User,Contracted,False,,,,15.0,18.9,2026-11-30,2026-11-30
SAL-000376,CST-P2-B4-00754,CST,CUS-000376,2024-07-28,2024-07-29,AGT-013,Team Tide,,,Direct / Walk-In,,7205122.6,187333.19,2.6,7017789.41,0.0,5,1094775.15,144102.45,Direct,End-User,Contracted,False,,,,1.0,15.6,2026-11-30,2026-11-30
SAL-000377,CST-P1-B2-00493,CST,CUS-000377,2025-12-13,2025-12-28,AGT-013,Team Tide,,,Direct / Walk-In,,8545716.8,461468.71,5.4,8084248.09,0.0,6,1519838.64,150000.0,Direct,End-User,Contracted,False,,,,14.0,18.8,2026-11-30,2026-11-30
SAL-000378,CST-P1-B3-00537,CST,CUS-000378,2025-08-12,2025-08-22,AGT-014,Team Tide,,,Direct / Walk-In,,8561099.8,316760.69,3.7,8244339.11,0.0,6,1632379.14,150000.0,Direct,End-User,Contracted,False,,,,9.0,19.8,2026-11-30,2026-11-30
SAL-000379,CST-P2-B1-00637,CST,CUS-000379,2024-08-10,2024-08-23,AGT-011,Team Tide,,,Direct / Walk-In,,4156870.6,245255.37,5.9,3911615.23,0.0,3,872290.2,83137.41,Direct,End-User,Contracted,False,,,,13.0,22.3,2026-11-30,2026-11-30
SAL-000380,CST-P1-B3-00550,CST,CUS-000380,2026-03-13,2026-03-29,AGT-011,Team Tide,,,Direct / Walk-In,,7203075.6,244904.57,3.4,6958171.03,0.0,3,1649086.53,144061.51,Direct,End-User,Contracted,False,,,,16.0,23.7,2026-11-30,2026-11-30
SAL-000381,CST-P1-B4-00602,CST,CUS-000381,2025-12-24,2026-01-24,AGT-012,Team Tide,,,Direct / Walk-In,,19594402.1,764181.68,3.9,18830220.42,0.0,3,4067327.61,150000.0,Direct,End-User,Contracted,False,,,,30.0,21.6,2026-11-30,2026-11-30
SAL-000382,CST-P2-B3-00718,CST,CUS-000382,2025-10-13,2025-10-27,AGT-013,Team Tide,,,Direct / Walk-In,,5414277.4,676784.68,12.5,4737492.72,0.0,3,999610.96,108285.55,Direct,End-User,Contracted,False,,,,14.0,21.1,2026-11-30,2026-11-30
SAL-000383,CST-P1-B2-00505,CST,CUS-000383,2025-11-29,2025-12-29,AGT-013,Team Tide,,,Direct / Walk-In,,4785136.2,535935.25,11.2,4249200.95,0.0,6,862587.79,95702.72,Direct,End-User,Contracted,False,,,,29.0,20.3,2026-11-30,2026-11-30
SAL-000384,CST-P1-B2-00514,CST,CUS-000384,2026-04-05,2026-05-02,AGT-013,Team Tide,,,Direct / Walk-In,,11166072.0,513639.31,4.6,10652432.69,0.0,4,2098529.24,150000.0,Direct,End-User,Contracted,False,,,,26.0,19.7,2026-11-30,2026-11-30
SAL-000385,CST-P2-B3-00730,CST,CUS-000385,2026-05-22,2026-05-23,AGT-012,Team Tide,,,Direct / Walk-In,,6469356.6,336406.54,5.2,6132950.06,0.0,6,1435110.31,129387.13,Direct,End-User,Contracted,False,,,,1.0,23.4,2026-11-30,2026-11-30
SAL-000386,CST-P1-B1-00446,CST,CUS-000386,2026-06-16,2026-06-30,AGT-014,Team Tide,,,Direct / Walk-In,,11483650.6,321542.22,2.8,11162108.38,0.0,5,2154286.92,150000.0,Direct,End-User,Contracted,False,,,,13.0,19.3,2026-11-30,2026-11-30
SAL-000387,CST-P1-B3-00548,CST,CUS-000387,2025-12-15,2025-12-23,AGT-011,Team Tide,,,Direct / Walk-In,,24720786.0,741623.58,3.0,23979162.42,0.0,6,5563165.68,150000.0,Direct,End-User,Contracted,False,,,,7.0,23.2,2026-11-30,2026-11-30
SAL-000388,CST-P2-B2-00688,CST,CUS-000388,2025-12-22,,AGT-011,Team Tide,,,Direct / Walk-In,,13282701.0,398481.03,3.0,12884219.97,0.0,5,2125896.3,150000.0,Direct,End-User,Reserved,False,,,,,16.5,2026-11-30,2026-11-30
SAL-000389,CST-P2-B2-00680,CST,CUS-000389,2025-12-31,2026-01-18,AGT-013,Team Tide,BRK-05,,Broker Referral,,4486236.3,157018.27,3.5,4329218.03,117321.81,5,770600.81,89724.73,Broker,End-User,Contracted,False,,,,18.0,17.8,2026-11-30,2026-11-30
SAL-000390,CST-P1-B3-00555,CST,CUS-000390,2025-11-08,2025-11-21,AGT-014,Team Tide,BRK-14,,Broker Referral,,8339067.1,917297.38,11.0,7421769.72,172185.06,4,1603102.26,150000.0,Broker,End-User,Contracted,False,,,,13.0,21.6,2026-11-30,2026-11-30
SAL-000391,CST-P2-B1-00632,CST,CUS-000391,2025-02-20,2025-03-06,AGT-012,Team Tide,,,Direct / Walk-In,,17799668.4,2011362.53,11.3,15788305.87,0.0,4,2478764.02,150000.0,Direct,End-User,Contracted,False,,,,14.0,15.7,2026-11-30,2026-11-30
SAL-000392,CST-P1-B3-00542,CST,CUS-000392,2025-09-03,2025-10-02,AGT-011,Team Tide,,,Direct / Walk-In,,5629456.8,664275.9,11.8,4965180.9,0.0,5,898697.74,112589.14,Direct,End-User,Contracted,False,,,,29.0,18.1,2026-11-30,2026-11-30
SAL-000393,CST-P2-B2-00692,CST,CUS-000393,2025-11-25,2025-12-10,AGT-014,Team Tide,,,Direct / Walk-In,,25755016.5,2498236.6,9.7,23256779.9,0.0,5,4674612.76,150000.0,Direct,End-User,Contracted,False,,,,14.0,20.1,2026-11-30,2026-11-30
SAL-000394,CST-P2-B3-00705,CST,CUS-000394,2025-07-07,2025-07-20,AGT-014,Team Tide,,,Direct / Walk-In,,10325294.4,505939.43,4.9,9819354.97,0.0,3,1522000.02,150000.0,Direct,End-User,Contracted,False,,,,12.0,15.5,2026-11-30,2026-11-30
SAL-000395,CST-P1-B4-00589,CST,CUS-000395,2025-07-14,2025-08-01,AGT-013,Team Tide,,,Direct / Walk-In,,16950650.5,796680.57,4.7,16153969.93,0.0,5,3279255.9,150000.0,Direct,End-User,Contracted,False,,,,17.0,20.3,2026-11-30,2026-11-30
SAL-000396,CST-P2-B3-00734,CST,CUS-000396,2025-02-16,2025-03-05,AGT-013,Team Tide,,,Direct / Walk-In,,11272329.6,1251228.59,11.1,10021101.01,0.0,4,2194621.12,150000.0,Direct,End-User,Contracted,False,,,,17.0,21.9,2026-11-30,2026-11-30
SAL-000397,CST-P2-B4-00770,CST,CUS-000397,2026-02-13,,AGT-014,Team Tide,,,Direct / Walk-In,,6964245.0,745174.21,10.7,6219070.79,0.0,3,1337100.22,139284.9,Direct,End-User,Reserved,False,,,,,21.5,2026-11-30,2026-11-30
SAL-000398,CST-P2-B1-00622,CST,CUS-000398,2024-08-27,2024-09-16,AGT-014,Team Tide,,,Direct / Walk-In,,6786250.2,190015.01,2.8,6596235.19,0.0,3,1451171.74,135725.0,Direct,End-User,Contracted,False,,,,20.0,22.0,2026-11-30,2026-11-30
SAL-000399,CST-P2-B4-00761,CST,CUS-000399,2026-02-06,2026-03-16,AGT-013,Team Tide,,,Direct / Walk-In,,10877168.8,1033331.04,9.5,9843837.76,0.0,6,1496263.34,150000.0,Direct,End-User,Cancelled,True,2026-04-15,Personal / Financial Hardship,,38.0,15.2,2026-11-30,2026-11-30
SAL-000400,CST-P1-B2-00479,CST,CUS-000400,2026-05-30,2026-06-08,AGT-012,Team Tide,BRK-02,,Broker Referral,,11967362.9,658204.96,5.5,11309157.94,196779.35,5,2589797.17,150000.0,Broker,End-User,Contracted,False,,,,9.0,22.9,2026-11-30,2026-11-30
SAL-000401,CST-P2-B4-00774,CST,CUS-000401,2025-06-17,,AGT-011,Team Tide,,,Direct / Walk-In,,4925150.0,251182.65,5.1,4673967.35,0.0,5,976859.18,98503.0,Direct,End-User,Reserved,False,,,,,20.9,2026-11-30,2026-11-30
SAL-000402,CST-P2-B1-00624,CST,CUS-000402,2024-08-08,,AGT-011,Team Tide,,,Direct / Walk-In,,9120110.4,200642.43,2.2,8919467.97,0.0,6,1908766.15,150000.0,Direct,End-User,Reserved,False,,,,,21.4,2026-11-30,2026-11-30
SAL-000403,CST-P1-B3-00527,CST,CUS-000403,2026-03-24,2026-04-23,AGT-013,Team Tide,,,Direct / Walk-In,,5975214.7,167306.01,2.8,5807908.69,0.0,4,1190621.28,119504.29,Direct,End-User,Contracted,False,,,,29.0,20.5,2026-11-30,2026-11-30
SAL-000404,CST-P2-B2-00678,CST,CUS-000404,2026-02-02,,AGT-013,Team Tide,,,Direct / Walk-In,,7034025.6,703402.56,10.0,6330623.04,0.0,5,981246.57,140680.51,Direct,End-User,Reserved,False,,,,,15.5,2026-11-30,2026-11-30
SAL-000405,CST-P1-B1-00439,CST,CUS-000405,2025-06-25,2025-07-13,AGT-013,Team Tide,,,Direct / Walk-In,,22100923.4,817734.17,3.7,21283189.23,0.0,5,3235044.76,150000.0,Direct,End-User,Contracted,False,,,,17.0,15.2,2026-11-30,2026-11-30
SAL-000406,CST-P1-B4-00591,CST,CUS-000406,2026-01-31,2026-02-12,AGT-014,Team Tide,,,Direct / Walk-In,,11046452.4,1292434.93,11.7,9754017.47,0.0,3,1706953.06,150000.0,Direct,End-User,Contracted,False,,,,11.0,17.5,2026-11-30,2026-11-30
SAL-000407,CST-P2-B3-00732,CST,CUS-000407,2025-11-23,,AGT-012,Team Tide,,,Direct / Walk-In,,9444556.8,1086124.03,11.5,8358432.77,0.0,5,2006023.86,150000.0,Direct,End-User,Reserved,False,,,,,24.0,2026-11-30,2026-11-30
SAL-000408,CST-P1-B4-00564,CST,CUS-000408,2024-11-15,2024-12-08,AGT-011,Team Tide,,,Direct / Walk-In,,12017868.5,1466179.96,12.2,10551688.54,0.0,3,2458543.43,150000.0,Direct,End-User,Contracted,False,,,,22.0,23.3,2026-11-30,2026-11-30
SAL-000409,CST-P1-B1-00435,CST,CUS-000409,2026-03-16,2026-03-22,AGT-014,Team Tide,,,Direct / Walk-In,,15314445.5,536005.59,3.5,14778439.91,0.0,6,2881795.78,150000.0,Direct,End-User,Contracted,False,,,,5.0,19.5,2026-11-30,2026-11-30
SAL-000410,CST-P1-B3-00556,CST,CUS-000410,2025-02-22,2025-03-22,AGT-013,Team Tide,BRK-01,,Broker Referral,,4956894.8,560129.11,11.3,4396765.69,91013.05,6,817798.42,99137.9,Broker,End-User,Contracted,False,,,,28.0,18.6,2026-11-30,2026-11-30
SAL-000411,CST-P1-B3-00525,CST,CUS-000411,2025-10-06,2025-11-07,AGT-013,Team Tide,,,Direct / Walk-In,,7103580.0,681943.68,9.6,6421636.32,0.0,4,1310013.81,142071.6,Direct,End-User,Contracted,False,,,,32.0,20.4,2026-11-30,2026-11-30
SAL-000412,CST-P1-B1-00434,CST,CUS-000412,2025-05-28,2025-07-07,AGT-011,Team Tide,,,Direct / Walk-In,,8280773.1,347792.47,4.2,7932980.63,0.0,3,1483467.38,150000.0,Direct,End-User,Contracted,False,,,,39.0,18.7,2026-11-30,2026-11-30
SAL-000413,CST-P1-B2-00474,CST,CUS-000413,2024-11-21,2024-12-07,AGT-014,Team Tide,,,Direct / Walk-In,,9887958.3,1127227.25,11.4,8760731.05,0.0,3,1769667.67,150000.0,Direct,End-User,Contracted,False,,,,16.0,20.2,2026-11-30,2026-11-30
SAL-000414,CST-P2-B4-00773,CST,CUS-000414,2024-11-11,2024-11-18,AGT-011,Team Tide,,,Direct / Walk-In,,8652092.8,951730.21,11.0,7700362.59,0.0,6,1601675.42,150000.0,Direct,End-User,Cancelled,True,2024-12-15,Financing Fell Through,,6.0,20.8,2026-11-30,2026-11-30
SAL-000415,CST-P2-B1-00642,CST,CUS-000415,2025-06-09,2025-06-25,AGT-013,Team Tide,,,Direct / Walk-In,,6514853.7,195445.61,3.0,6319408.09,0.0,5,973188.85,130297.07,Direct,End-User,Contracted,False,,,,15.0,15.4,2026-11-30,2026-11-30
SAL-000416,CST-P1-B3-00518,CST,CUS-000416,2024-11-15,,AGT-013,Team Tide,,,Direct / Walk-In,,4891852.5,538103.78,11.0,4353748.72,0.0,5,1057960.94,97837.05,Direct,End-User,Reserved,False,,,,,24.3,2026-11-30,2026-11-30
SAL-000417,CST-P2-B2-00669,CST,CUS-000417,2026-01-02,2026-01-23,AGT-013,Team Tide,,,Direct / Walk-In,,23774070.5,2401181.12,10.1,21372889.38,0.0,6,4231832.1,150000.0,Direct,End-User,Contracted,False,,,,20.0,19.8,2026-11-30,2026-11-30
SAL-000418,CST-P2-B4-00753,CST,CUS-000418,2025-07-31,2025-08-27,AGT-014,Team Tide,,,Direct / Walk-In,,16793880.0,604579.68,3.6,16189300.32,0.0,4,3302617.27,150000.0,Direct,End-User,Contracted,False,,,,27.0,20.4,2026-11-30,2026-11-30
SAL-000419,CST-P1-B4-00576,CST,CUS-000419,2026-02-26,2026-03-17,AGT-012,Team Tide,BRK-03,,Broker Referral,,16973582.8,1968935.6,11.6,15004647.2,342105.96,6,2400743.55,150000.0,Broker,End-User,Contracted,False,,,,18.0,16.0,2026-11-30,2026-11-30
SAL-000420,CST-P2-B1-00630,CST,CUS-000420,2024-11-11,2024-11-23,AGT-013,Team Tide,,,Direct / Walk-In,,24689364.0,2468936.4,10.0,22220427.6,0.0,4,4888494.07,150000.0,Direct,End-User,Cancelled,True,2024-12-27,Found Alternative Property,,12.0,22.0,2026-11-30,2026-11-30
SAL-000421,CST-P1-B2-00503,CST,CUS-000421,2025-09-28,2025-10-21,AGT-012,Team Tide,,,Direct / Walk-In,,6393867.8,632992.91,9.9,5760874.89,0.0,6,1238588.1,127877.36,Direct,End-User,Cancelled,True,2025-11-20,Financing Fell Through,,22.0,21.5,2026-11-30,2026-11-30
SAL-000422,CST-P2-B2-00682,CST,CUS-000422,2025-06-28,2025-07-04,AGT-014,Team Tide,,,Direct / Walk-In,,7143268.0,342876.86,4.8,6800391.14,0.0,6,1645694.66,142865.36,Direct,End-User,Contracted,False,,,,5.0,24.2,2026-11-30,2026-11-30
SAL-000423,CST-P1-B3-00529,CST,CUS-000423,2025-10-29,2025-11-23,AGT-014,Team Tide,,,Direct / Walk-In,,7157920.0,680002.4,9.5,6477917.6,0.0,3,1476965.21,143158.4,Direct,End-User,Contracted,False,,,,24.0,22.8,2026-11-30,2026-11-30
SAL-000424,CST-P2-B3-00703,CST,CUS-000424,2024-09-06,2024-10-03,AGT-014,Team Tide,,,Direct / Walk-In,,7280887.5,873706.5,12.0,6407181.0,0.0,6,1140478.22,145617.75,Direct,End-User,Cancelled,True,2024-11-20,Changed Mind,,27.0,17.8,2026-11-30,2026-11-30
SAL-000425,CST-P1-B2-00509,CST,CUS-000425,2025-03-13,2025-03-19,AGT-013,Team Tide,,,Direct / Walk-In,,8128145.7,333253.97,4.1,7794891.73,0.0,5,1605747.7,150000.0,Direct,End-User,Contracted,False,,,,6.0,20.6,2026-11-30,2026-11-30
SAL-000426,CST-P1-B4-00580,CST,CUS-000426,2026-01-19,2026-01-29,AGT-012,Team Tide,,,Direct / Walk-In,,4744924.8,559901.13,11.8,4185023.67,0.0,4,1046255.92,94898.5,Direct,End-User,Contracted,False,,,,10.0,25.0,2026-11-30,2026-11-30
SAL-000427,CST-P2-B4-00755,CST,CUS-000427,2025-09-24,2025-10-17,AGT-013,Team Tide,,,Direct / Walk-In,,9864969.4,996361.91,10.1,8868607.49,0.0,5,1844670.36,150000.0,Direct,End-User,Contracted,False,,,,23.0,20.8,2026-11-30,2026-11-30
SAL-000428,CST-P2-B1-00614,CST,CUS-000428,2025-08-15,2025-08-17,AGT-013,Team Tide,,,Direct / Walk-In,,7994376.8,391724.46,4.9,7602652.34,0.0,3,1360874.77,150000.0,Direct,End-User,Contracted,False,,,,2.0,17.9,2026-11-30,2026-11-30
SAL-000429,CST-P2-B3-00712,CST,CUS-000429,2024-10-21,,AGT-014,Team Tide,,,Direct / Walk-In,,12462929.0,1520477.34,12.2,10942451.66,0.0,5,1958698.85,150000.0,Direct,End-User,Reserved,False,,,,,17.9,2026-11-30,2026-11-30
SAL-000430,CST-P1-B4-00581,CST,CUS-000430,2025-11-29,2025-12-22,AGT-014,Team Tide,,,Direct / Walk-In,,10315016.4,1320322.1,12.8,8994694.3,0.0,5,1915869.89,150000.0,Direct,End-User,Contracted,False,,,,22.0,21.3,2026-11-30,2026-11-30
SAL-000431,CST-P1-B2-00497,CST,CUS-000431,2026-05-13,2026-06-17,AGT-014,Team Tide,,,Direct / Walk-In,,9048654.9,190021.75,2.1,8858633.15,0.0,5,1399664.04,150000.0,Direct,End-User,Contracted,False,,,,35.0,15.8,2026-11-30,2026-11-30
SAL-000432,CST-P1-B4-00587,CST,CUS-000432,2024-08-12,2024-08-28,AGT-013,Team Tide,,,Direct / Walk-In,,7994595.6,311789.23,3.9,7682806.37,0.0,5,1452050.4,150000.0,Direct,End-User,Contracted,False,,,,15.0,18.9,2026-11-30,2026-11-30
SAL-000433,CST-P1-B4-00592,CST,CUS-000433,2025-08-23,2025-09-24,AGT-014,Team Tide,,,Direct / Walk-In,,6849156.6,205474.7,3.0,6643681.9,0.0,3,1169288.01,136983.13,Direct,End-User,Contracted,False,,,,31.0,17.6,2026-11-30,2026-11-30
SAL-000434,CST-P2-B1-00617,CST,CUS-000434,2025-01-04,2025-01-26,AGT-012,Team Tide,,,Direct / Walk-In,,9874122.0,1165146.4,11.8,8708975.6,0.0,6,1950810.53,150000.0,Direct,End-User,Contracted,False,,,,22.0,22.4,2026-11-30,2026-11-30
SAL-000435,CST-P2-B2-00668,CST,CUS-000435,2025-03-06,2025-03-22,AGT-012,Team Tide,,,Direct / Walk-In,,11786270.0,412519.45,3.5,11373750.55,0.0,6,2070022.6,150000.0,Direct,End-User,Cancelled,True,2025-04-24,Found Alternative Property,,15.0,18.2,2026-11-30,2026-11-30
SAL-000436,CST-P1-B1-00442,CST,CUS-000436,2024-11-24,2024-12-25,AGT-014,Team Tide,,,Direct / Walk-In,,8194658.2,975164.33,11.9,7219493.87,0.0,5,1335606.37,150000.0,Direct,End-User,Contracted,False,,,,31.0,18.5,2026-11-30,2026-11-30
SAL-000437,CST-P2-B3-00729,CST,CUS-000437,2026-05-18,2026-06-12,AGT-011,Team Tide,,,Direct / Walk-In,,3474658.8,163308.96,4.7,3311349.84,0.0,3,549684.07,69493.18,Direct,End-User,Contracted,False,,,,25.0,16.6,2026-11-30,2026-11-30
SAL-000438,CST-P2-B4-00779,CST,CUS-000438,2025-10-24,2025-11-13,AGT-013,Team Tide,,,Direct / Walk-In,,8360933.0,869537.03,10.4,7491395.97,0.0,6,1820409.22,150000.0,Direct,End-User,Contracted,False,,,,19.0,24.3,2026-11-30,2026-11-30
SAL-000439,CST-P1-B3-00541,CST,CUS-000439,2024-10-15,2024-11-21,AGT-012,Team Tide,,,Direct / Walk-In,,13942483.0,1422133.27,10.2,12520349.73,0.0,5,1915613.51,150000.0,Direct,End-User,Contracted,False,,,,36.0,15.3,2026-11-30,2026-11-30
SAL-000440,CST-P1-B3-00553,CST,CUS-000440,2025-07-04,2025-08-03,AGT-013,Team Tide,,,Direct / Walk-In,,14257863.6,826956.09,5.8,13430907.51,0.0,3,2686181.5,150000.0,Direct,End-User,Contracted,False,,,,29.0,20.0,2026-11-30,2026-11-30
SAL-000441,CST-P2-B1-00641,CST,CUS-000441,2024-10-08,2024-11-06,AGT-014,Team Tide,,,Direct / Walk-In,,10368094.5,1150858.49,11.1,9217236.01,0.0,4,1668319.72,150000.0,Direct,End-User,Contracted,False,,,,29.0,18.1,2026-11-30,2026-11-30
SAL-000442,CST-P2-B3-00714,CST,CUS-000442,2025-06-14,2025-07-15,AGT-014,Team Tide,,,Direct / Walk-In,,4306887.2,116285.95,2.7,4190601.25,0.0,3,766880.03,86137.74,Direct,End-User,Contracted,False,,,,31.0,18.3,2026-11-30,2026-11-30
SAL-000443,CST-P1-B4-00586,CST,CUS-000443,2024-10-29,2024-11-09,AGT-014,Team Tide,BRK-14,,Broker Referral,,18884567.1,1926225.84,10.2,16958341.26,393433.52,6,2713334.6,150000.0,Broker,End-User,Contracted,False,,,,10.0,16.0,2026-11-30,2026-11-30
SAL-000444,CST-P2-B1-00653,CST,CUS-000444,2024-12-01,2024-12-15,AGT-012,Team Tide,,,Direct / Walk-In,,10489200.8,304186.82,2.9,10185013.98,0.0,5,1619417.22,150000.0,Direct,End-User,Contracted,False,,,,14.0,15.9,2026-11-30,2026-11-30
SAL-000445,CST-P2-B4-00786,CST,CUS-000445,2025-11-02,,AGT-012,Team Tide,,,Direct / Walk-In,,6902715.7,635049.84,9.2,6267665.86,0.0,5,1103109.19,138054.31,Direct,End-User,Reserved,False,,,,,17.6,2026-11-30,2026-11-30
SAL-000446,CST-P2-B2-00674,CST,CUS-000446,2025-08-16,,AGT-013,Team Tide,,,Direct / Walk-In,,6585742.8,230501.0,3.5,6355241.8,0.0,3,1423574.16,131714.86,Direct,End-User,Reserved,False,,,,,22.4,2026-11-30,2026-11-30
SAL-000447,CST-P1-B1-00430,CST,CUS-000447,2026-02-20,2026-03-27,AGT-011,Team Tide,,,Direct / Walk-In,,4407000.4,436293.04,9.9,3970707.36,0.0,6,837819.25,88140.01,Direct,End-User,Contracted,False,,,,35.0,21.1,2026-11-30,2026-11-30
SAL-000448,CST-P1-B1-00463,CST,CUS-000448,2025-06-19,2025-07-06,AGT-013,Team Tide,,,Direct / Walk-In,,8856104.0,433949.1,4.9,8422154.9,0.0,3,1894984.85,150000.0,Direct,End-User,Contracted,False,,,,16.0,22.5,2026-11-30,2026-11-30
SAL-000449,CST-P2-B1-00655,CST,CUS-000449,2024-07-13,2024-07-25,AGT-012,Team Tide,,,Direct / Walk-In,,9169289.1,265909.38,2.9,8903379.72,0.0,3,1575898.21,150000.0,Direct,End-User,Contracted,False,,,,12.0,17.7,2026-11-30,2026-11-30
SAL-000450,CST-P2-B3-00741,CST,CUS-000450,2026-05-23,2026-06-07,AGT-011,Team Tide,,,Direct / Walk-In,,21862525.8,437250.52,2.0,21425275.28,0.0,3,4842112.21,150000.0,Direct,End-User,Contracted,False,,,,15.0,22.6,2026-11-30,2026-11-30
SAL-000451,CST-P2-B4-00791,CST,CUS-000451,2024-09-07,2024-09-28,AGT-011,Team Tide,,,Direct / Walk-In,,6389745.0,709261.69,11.1,5680483.31,0.0,3,1198581.98,127794.9,Direct,End-User,Contracted,False,,,,21.0,21.1,2026-11-30,2026-11-30
SAL-000452,CST-P1-B4-00601,CST,CUS-000452,2025-07-20,2025-08-09,AGT-011,Team Tide,BRK-07,,Broker Referral,,15054978.6,346264.51,2.3,14708714.09,291232.54,5,2853490.53,150000.0,Broker,End-User,Contracted,False,,,,19.0,19.4,2026-11-30,2026-11-30
SAL-000453,CST-P2-B4-00782,CST,CUS-000453,2026-03-31,2026-04-28,AGT-014,Team Tide,,,Direct / Walk-In,,4790811.6,249122.2,5.2,4541689.4,0.0,6,849295.92,95816.23,Direct,End-User,Contracted,False,,,,28.0,18.7,2026-11-30,2026-11-30
SAL-000454,CST-P1-B1-00466,CST,CUS-000454,2025-02-20,2025-03-19,AGT-011,Team Tide,BRK-03,,Broker Referral,,4382427.6,556568.31,12.7,3825859.29,87229.59,4,730739.12,87648.55,Broker,End-User,Contracted,False,,,,27.0,19.1,2026-11-30,2026-11-30
SAL-000455,CST-P1-B2-00491,CST,CUS-000455,2025-04-27,2025-05-02,AGT-013,Team Tide,BRK-14,,Broker Referral,,27989663.8,1483452.18,5.3,26506211.62,614944.11,5,5433773.38,150000.0,Broker,End-User,Cancelled,True,2025-06-01,Financing Fell Through,,5.0,20.5,2026-11-30,2026-11-30
SAL-000456,CST-P2-B3-00727,CST,CUS-000456,2025-05-03,,AGT-011,Team Tide,,,Direct / Walk-In,,12639677.1,657263.21,5.2,11982413.89,0.0,6,2132869.67,150000.0,Direct,End-User,Reserved,False,,,,,17.8,2026-11-30,2026-11-30
SAL-000457,CST-P2-B3-00720,CST,CUS-000457,2024-11-26,2024-12-05,AGT-013,Team Tide,,,Direct / Walk-In,,22392996.8,2664766.62,11.9,19728230.18,0.0,5,3117060.37,150000.0,Direct,End-User,Contracted,False,,,,8.0,15.8,2026-11-30,2026-11-30
SAL-000458,CST-P2-B1-00621,CST,CUS-000458,2025-09-23,2025-10-17,AGT-012,Team Tide,BRK-01,,Broker Referral,,8711978.6,984453.58,11.3,7727525.02,159959.77,4,1390954.5,150000.0,Broker,End-User,Cancelled,True,2025-12-06,Unit Defect Concern,,24.0,18.0,2026-11-30,2026-11-30
SAL-000459,CST-P1-B2-00500,CST,CUS-000459,2024-11-30,2025-01-07,AGT-012,Team Tide,,,Direct / Walk-In,,17851036.8,1624444.35,9.1,16226592.45,0.0,3,3115505.75,150000.0,Direct,End-User,Contracted,False,,,,37.0,19.2,2026-11-30,2026-11-30
SAL-000460,CST-P2-B3-00722,CST,CUS-000460,2026-04-30,,AGT-012,Team Tide,,,Direct / Walk-In,,12142400.0,267132.8,2.2,11875267.2,0.0,6,2149423.36,150000.0,Direct,End-User,Reserved,False,,,,,18.1,2026-11-30,2026-11-30
SAL-000461,CST-P1-B2-00486,CST,CUS-000461,2025-11-29,2025-12-16,AGT-013,Team Tide,,,Direct / Walk-In,,10367203.5,1254431.62,12.1,9112771.88,0.0,6,2041260.9,150000.0,Direct,End-User,Contracted,False,,,,16.0,22.4,2026-11-30,2026-11-30
SAL-000462,CST-P1-B1-00450,CST,CUS-000462,2024-12-02,2024-12-10,AGT-013,Team Tide,,,Direct / Walk-In,,13011139.7,637545.85,4.9,12373593.85,0.0,6,2907794.55,150000.0,Direct,End-User,Contracted,False,,,,7.0,23.5,2026-11-30,2026-11-30
SAL-000463,CST-P1-B2-00476,CST,CUS-000463,2026-01-03,2026-02-02,AGT-013,Team Tide,,,Direct / Walk-In,,15998702.5,1663865.06,10.4,14334837.44,0.0,3,3368686.8,150000.0,Direct,End-User,Contracted,False,,,,29.0,23.5,2026-11-30,2026-11-30
SAL-000464,CST-P2-B4-00796,CST,CUS-000464,2024-11-26,2024-12-17,AGT-012,Team Tide,,,Direct / Walk-In,,13942489.4,1617328.77,11.6,12325160.63,0.0,5,2958038.55,150000.0,Direct,End-User,Contracted,False,,,,20.0,24.0,2026-11-30,2026-11-30
SAL-000465,CST-P2-B2-00679,CST,CUS-000465,2025-02-08,2025-02-22,AGT-014,Team Tide,,,Direct / Walk-In,,8252320.1,775718.09,9.4,7476602.01,0.0,4,1689712.05,150000.0,Direct,End-User,Contracted,False,,,,14.0,22.6,2026-11-30,2026-11-30
SAL-000466,CST-P2-B2-00702,CST,CUS-000466,2025-12-12,2025-12-26,AGT-014,Team Tide,BRK-11,,Broker Referral,,6485784.3,324289.22,5.0,6161495.08,182996.4,6,1146038.08,129715.69,Broker,End-User,Contracted,False,,,,14.0,18.6,2026-11-30,2026-11-30
SAL-000467,CST-P2-B1-00639,CST,CUS-000467,2025-05-16,2025-05-22,AGT-012,Team Tide,,,Direct / Walk-In,,13531365.0,433003.68,3.2,13098361.32,0.0,5,2711360.79,150000.0,Direct,End-User,Cancelled,True,2025-07-08,Financing Fell Through,,5.0,20.7,2026-11-30,2026-11-30
SAL-000468,CST-P2-B3-00723,CST,CUS-000468,2026-04-01,2026-04-21,AGT-012,Team Tide,,,Direct / Walk-In,,6778466.6,210132.46,3.1,6568334.14,0.0,3,1569831.86,135569.33,Direct,End-User,Contracted,False,,,,19.0,23.9,2026-11-30,2026-11-30
SAL-000469,CST-P2-B1-00613,CST,CUS-000469,2024-10-15,2024-10-28,AGT-012,Team Tide,,,Direct / Walk-In,,9781280.7,987909.35,10.1,8793371.35,0.0,4,1354179.19,150000.0,Direct,End-User,Contracted,False,,,,13.0,15.4,2026-11-30,2026-11-30
SAL-000470,CST-P1-B4-00606,CST,CUS-000470,2025-01-17,2025-02-15,AGT-011,Team Tide,,,Direct / Walk-In,,9603560.8,912338.28,9.5,8691222.52,0.0,5,1390595.6,150000.0,Direct,End-User,Contracted,False,,,,29.0,16.0,2026-11-30,2026-11-30
SAL-000471,CST-P2-B3-00721,CST,CUS-000471,2025-07-15,2025-08-15,AGT-012,Team Tide,,,Direct / Walk-In,,16602022.8,813499.12,4.9,15788523.68,0.0,3,2431432.65,150000.0,Direct,End-User,Contracted,False,,,,30.0,15.4,2026-11-30,2026-11-30
SAL-000472,CST-P2-B2-00675,CST,CUS-000472,2026-04-16,2026-04-20,AGT-012,Team Tide,,,Direct / Walk-In,,22806600.6,1003490.43,4.4,21803110.17,0.0,4,3989969.16,150000.0,Direct,End-User,Contracted,False,,,,3.0,18.3,2026-11-30,2026-11-30
SAL-000473,CST-P2-B2-00693,CST,CUS-000473,2025-10-09,2025-10-27,AGT-013,Team Tide,,,Direct / Walk-In,,12346694.7,1493950.06,12.1,10852744.64,0.0,3,2062021.48,150000.0,Direct,End-User,Contracted,False,,,,18.0,19.0,2026-11-30,2026-11-30
SAL-000474,CST-P1-B1-00451,CST,CUS-000474,2026-03-21,2026-03-27,AGT-014,Team Tide,,,Direct / Walk-In,,11349399.6,499373.58,4.4,10850026.02,0.0,6,2343605.62,150000.0,Direct,End-User,Contracted,False,,,,6.0,21.6,2026-11-30,2026-11-30
SAL-000475,CST-P2-B1-00625,CST,CUS-000475,2025-08-10,2025-09-06,AGT-014,Team Tide,,,Direct / Walk-In,,6909855.4,214205.52,3.1,6695649.88,0.0,5,1566782.07,138197.11,Direct,End-User,Contracted,False,,,,27.0,23.4,2026-11-30,2026-11-30
SAL-000476,CST-P1-B2-00484,CST,CUS-000476,2026-02-20,,AGT-014,Team Tide,,,Direct / Walk-In,,3454991.4,431873.92,12.5,3023117.48,0.0,3,743686.9,69099.83,Direct,End-User,Reserved,False,,,,,24.6,2026-11-30,2026-11-30
SAL-000477,CST-P1-B1-00421,CST,CUS-000477,2025-06-21,2025-07-14,AGT-013,Team Tide,,,Direct / Walk-In,,11526827.4,576341.37,5.0,10950486.03,0.0,3,1806830.19,150000.0,Direct,End-User,Contracted,False,,,,22.0,16.5,2026-11-30,2026-11-30
SAL-000478,CST-P2-B4-00756,CST,CUS-000478,2025-04-26,,AGT-012,Team Tide,,,Direct / Walk-In,,10625962.8,552550.07,5.2,10073412.73,0.0,3,1974388.9,150000.0,Direct,End-User,Reserved,False,,,,,19.6,2026-11-30,2026-11-30
SAL-000479,CST-P2-B2-00690,CST,CUS-000479,2026-03-22,2026-04-10,AGT-013,Team Tide,,,Direct / Walk-In,,11535073.2,322982.05,2.8,11212091.15,0.0,3,1693025.76,150000.0,Direct,End-User,Contracted,False,,,,19.0,15.1,2026-11-30,2026-11-30
SAL-000480,CST-P2-B3-00743,CST,CUS-000480,2024-09-30,2024-10-15,AGT-012,Team Tide,,,Direct / Walk-In,,16867326.4,1787936.6,10.6,15079389.8,0.0,6,3558735.99,150000.0,Direct,End-User,Contracted,False,,,,14.0,23.6,2026-11-30,2026-11-30
SAL-000481,CST-P1-B2-00513,CST,CUS-000481,2026-01-24,2026-02-02,AGT-014,Team Tide,,,Direct / Walk-In,,5180014.8,554261.58,10.7,4625753.22,0.0,3,1142561.05,103600.3,Direct,End-User,Contracted,False,,,,8.0,24.7,2026-11-30,2026-11-30
SAL-000482,CST-P1-B3-00559,CST,CUS-000482,2026-05-16,2026-06-07,AGT-013,Team Tide,,,Direct / Walk-In,,6318312.0,252732.48,4.0,6065579.52,0.0,4,988689.46,126366.24,Direct,End-User,Contracted,False,,,,21.0,16.3,2026-11-30,2026-11-30
SAL-000483,CST-P1-B4-00588,CST,CUS-000483,2025-01-01,2025-02-01,AGT-013,Team Tide,,,Direct / Walk-In,,4889344.0,498713.09,10.2,4390630.91,0.0,6,689329.05,97786.88,Direct,End-User,Contracted,False,,,,31.0,15.7,2026-11-30,2026-11-30
SAL-000484,CST-P1-B3-00544,CST,CUS-000484,2025-06-23,2025-07-08,AGT-011,Team Tide,,,Direct / Walk-In,,4302690.0,197923.74,4.6,4104766.26,0.0,5,677286.43,86053.8,Direct,End-User,Contracted,False,,,,15.0,16.5,2026-11-30,2026-11-30
SAL-000485,CST-P1-B4-00604,CST,CUS-000485,2026-03-12,2026-03-29,AGT-014,Team Tide,BRK-06,,Broker Referral,,5269690.4,221327.0,4.2,5048363.4,114597.85,6,964237.41,105393.81,Broker,End-User,Contracted,False,,,,17.0,19.1,2026-11-30,2026-11-30
SAL-000486,CST-P1-B3-00516,CST,CUS-000486,2026-01-19,,AGT-011,Team Tide,,,Direct / Walk-In,,8597761.2,859776.12,10.0,7737985.08,0.0,5,1586286.94,150000.0,Direct,End-User,Cancelled,True,2026-03-09,Personal / Financial Hardship,,,20.5,2026-11-30,2026-11-30
SAL-000487,CST-P2-B1-00628,CST,CUS-000487,2025-01-04,2025-01-28,AGT-011,Team Tide,,,Direct / Walk-In,,7921401.5,784218.75,9.9,7137182.75,0.0,5,1377476.27,150000.0,Direct,End-User,Contracted,False,,,,24.0,19.3,2026-11-30,2026-11-30
SAL-000488,CST-P2-B3-00706,CST,CUS-000488,2025-05-27,2025-06-08,AGT-013,Team Tide,,,Direct / Walk-In,,4349031.6,91329.66,2.1,4257701.94,0.0,4,940952.13,86980.63,Direct,End-User,Contracted,False,,,,11.0,22.1,2026-11-30,2026-11-30
SAL-000489,CST-P2-B1-00620,CST,CUS-000489,2024-10-25,2024-11-11,AGT-013,Team Tide,,,Direct / Walk-In,,23775817.5,2639115.74,11.1,21136701.76,0.0,4,4755757.9,150000.0,Direct,End-User,Contracted,False,,,,16.0,22.5,2026-11-30,2026-11-30
SAL-000490,CST-P1-B2-00489,CST,CUS-000490,2024-10-15,2024-11-15,AGT-013,Team Tide,,,Direct / Walk-In,,6023789.9,584307.62,9.7,5439482.28,0.0,4,1000864.74,120475.8,Direct,End-User,Contracted,False,,,,31.0,18.4,2026-11-30,2026-11-30
SAL-000491,CST-P1-B2-00472,CST,CUS-000491,2026-05-21,2026-06-03,AGT-014,Team Tide,BRK-06,,Broker Referral,,11304819.3,260010.84,2.3,11044808.46,250717.15,3,2352544.2,150000.0,Broker,End-User,Contracted,False,,,,13.0,21.3,2026-11-30,2026-11-30
SAL-000492,VTX-P1-B3-00866,VTX,CUS-000492,2025-10-29,2025-12-01,AGT-015,Team Summit,,,Direct / Walk-In,,9886245.1,365791.07,3.7,9520454.03,0.0,3,2104020.34,150000.0,Direct,Investor,Contracted,False,,,,32.0,22.1,2026-03-31,2026-03-31
SAL-000493,VTX-P2-B1-00944,VTX,CUS-000493,2025-12-23,2026-01-06,AGT-016,Team Summit,,,Direct / Walk-In,,9879772.0,513748.14,5.2,9366023.86,0.0,4,2154185.49,150000.0,Direct,Investor,Contracted,False,,,,14.0,23.0,2026-03-31,2026-03-31
SAL-000494,VTX-P2-B2-00981,VTX,CUS-000494,2025-03-25,2025-04-04,AGT-018,Team Summit,BRK-03,,Broker Referral,,17519174.1,367902.66,2.1,17151271.44,391048.99,6,3996246.25,150000.0,Broker,Investor,Contracted,False,,,,10.0,23.3,2026-03-31,2026-03-31
SAL-000495,VTX-P1-B4-00898,VTX,CUS-000495,2025-06-01,2025-06-08,AGT-015,Team Summit,BRK-11,,Broker Referral,,10670270.0,394799.99,3.7,10275470.01,305181.46,3,2373633.57,150000.0,Broker,Investor,Contracted,False,,,,7.0,23.1,2026-03-31,2026-03-31
SAL-000496,VTX-P2-B2-00961,VTX,CUS-000496,2026-05-05,2026-05-24,AGT-016,Team Summit,,LEA-005021,Referrals,CMP-0048,15023421.0,540843.16,3.6,14482577.84,0.0,6,2563416.28,150000.0,Direct,Investor,Contracted,False,,,6.0,19.0,17.7,2026-03-31,2026-03-31
SAL-000497,VTX-P2-B1-00956,VTX,CUS-000497,2026-05-21,2026-06-06,AGT-017,Team Summit,BRK-13,LEA-005316,Brokers,CMP-0043,16367628.4,802013.79,4.9,15565614.61,319095.1,3,2817376.24,150000.0,Broker,Investor,Contracted,False,,,3.0,15.0,18.1,2026-03-31,2026-03-31
SAL-000498,VTX-P1-B2-00856,VTX,CUS-000498,2026-06-22,2026-06-30,AGT-018,Team Summit,,LEA-005158,Property Portals,CMP-0055,10260965.0,348872.81,3.4,9912092.19,0.0,3,1526462.2,150000.0,Direct,Investor,Contracted,False,,,0.0,8.0,15.4,2026-03-31,2026-03-31
SAL-000499,VTX-P2-B1-00925,VTX,CUS-000499,2026-06-28,2026-06-29,AGT-018,Team Summit,BRK-07,LEA-005026,Property Portals,CMP-0055,13102256.0,366863.17,2.8,12735392.83,252160.78,3,2241429.14,150000.0,Broker,Investor,Contracted,False,,,0.0,1.0,17.6,2026-03-31,2026-03-31
SAL-000500,VTX-P1-B4-00921,VTX,CUS-000500,2026-05-16,2026-06-02,AGT-017,Team Summit,,LEA-005052,TikTok,CMP-0044,15675084.4,877804.73,5.6,14797279.67,0.0,5,2737496.74,150000.0,Direct,Investor,Contracted,False,,,2.0,17.0,18.5,2026-03-31,2026-03-31
SAL-000501,VTX-P1-B1-00808,VTX,CUS-000501,2026-06-25,,AGT-017,Team Summit,BRK-06,LEA-005845,Outdoor,CMP-0046,5670085.7,674740.2,11.9,4995345.5,113394.34,5,569469.39,113401.71,Broker,Investor,Reserved,False,,,0.0,,11.4,2026-03-31,2026-03-31
SAL-000502,VTX-P2-B3-01020,VTX,CUS-000502,2025-11-23,2025-11-24,AGT-017,Team Summit,BRK-09,,Broker Referral,,8412615.8,437456.02,5.2,7975159.78,237659.76,3,1977839.63,150000.0,Broker,Investor,Contracted,False,,,,1.0,24.8,2026-03-31,2026-03-31
SAL-000503,VTX-P2-B2-00970,VTX,CUS-000503,2024-11-14,2024-12-11,AGT-017,Team Summit,BRK-06,,Broker Referral,,21533302.5,2605529.6,12.1,18927772.9,429660.44,6,2460610.48,150000.0,Broker,Investor,Contracted,False,,,,27.0,13.0,2026-03-31,2026-03-31
SAL-000504,VTX-P2-B3-01004,VTX,CUS-000504,2026-05-30,2026-06-13,AGT-018,Team Summit,BRK-06,LEA-004913,Events,CMP-0053,17004332.8,1870476.61,11.0,15133856.19,343538.54,5,1725259.61,150000.0,Broker,Investor,Contracted,False,,,10.0,14.0,11.4,2026-03-31,2026-03-31
SAL-000505,VTX-P1-B1-00828,VTX,CUS-000505,2026-06-02,2026-06-30,AGT-017,Team Summit,,LEA-005376,Referrals,CMP-0048,7068199.5,325137.18,4.6,6743062.32,0.0,3,1598105.77,141363.99,Direct,Investor,Contracted,False,,,3.0,27.0,23.7,2026-03-31,2026-03-31
SAL-000506,VTX-P1-B3-00864,VTX,CUS-000506,2026-05-22,2026-06-06,AGT-017,Team Summit,BRK-14,LEA-005183,Events,CMP-0053,5080100.0,132082.6,2.6,4948017.4,114794.0,6,801578.82,101602.0,Broker,Investor,Contracted,False,,,6.0,14.0,16.2,2026-03-31,2026-03-31
SAL-000507,VTX-P1-B2-00847,VTX,CUS-000507,2026-06-11,2026-06-30,AGT-018,Team Summit,BRK-06,LEA-005440,Property Portals,CMP-0055,6978903.8,642059.15,9.2,6336844.65,143846.37,3,944189.85,139578.08,Broker,Investor,Cancelled,True,2026-06-30,Price Renegotiation Failed,4.0,18.0,14.9,2026-03-31,2026-03-31
SAL-000508,VTX-P2-B4-01045,VTX,CUS-000508,2024-11-02,2024-11-06,AGT-015,Team Summit,BRK-06,,Broker Referral,,16791759.0,1628800.62,9.7,15162958.38,344199.16,3,1334340.34,150000.0,Broker,Investor,Contracted,False,,,,4.0,8.8,2026-03-31,2026-03-31
SAL-000509,VTX-P1-B4-00904,VTX,CUS-000509,2026-06-05,2026-06-26,AGT-016,Team Summit,,LEA-005205,Events,CMP-0053,10110625.2,444867.51,4.4,9665757.69,0.0,3,2010477.6,150000.0,Direct,Investor,Contracted,False,,,5.0,20.0,20.8,2026-03-31,2026-03-31
SAL-000510,VTX-P1-B1-00814,VTX,CUS-000510,2025-01-19,2025-02-07,AGT-015,Team Summit,BRK-01,,Broker Referral,,14329759.4,659168.93,4.6,13670590.47,282981.22,4,3253600.53,150000.0,Broker,Investor,Contracted,False,,,,18.0,23.8,2026-03-31,2026-03-31
SAL-000511,VTX-P2-B3-00992,VTX,CUS-000511,2025-10-27,2025-10-28,AGT-016,Team Summit,,,Direct / Walk-In,,12683852.0,253677.04,2.0,12430174.96,0.0,4,2050978.87,150000.0,Direct,Investor,Contracted,False,,,,1.0,16.5,2026-03-31,2026-03-31
SAL-000512,VTX-P2-B2-00988,VTX,CUS-000512,2026-05-30,2026-06-23,AGT-017,Team Summit,BRK-06,LEA-005014,LinkedIn,CMP-0045,13268000.2,1645232.02,12.4,11622768.18,263836.84,6,1069294.67,150000.0,Broker,Investor,Contracted,False,,,9.0,24.0,9.2,2026-03-31,2026-03-31
SAL-000513,VTX-P2-B4-01047,VTX,CUS-000513,2026-02-08,,AGT-018,Team Summit,,,Direct / Walk-In,,8568655.5,179941.77,2.1,8388713.73,0.0,5,1786796.02,150000.0,Direct,Investor,Reserved,False,,,,,21.3,2026-03-31,2026-03-31
SAL-000514,VTX-P2-B1-00941,VTX,CUS-000514,2026-05-22,2026-06-10,AGT-016,Team Summit,BRK-06,LEA-005132,Referrals,CMP-0048,2462575.5,233944.67,9.5,2228630.83,50589.92,3,184976.36,49251.51,Broker,Investor,Contracted,False,,,5.0,19.0,8.3,2026-03-31,2026-03-31
SAL-000515,VTX-P1-B4-00906,VTX,CUS-000515,2024-11-08,2024-12-02,AGT-017,Team Summit,,,Direct / Walk-In,,4476569.4,264117.59,5.9,4212451.81,0.0,3,1040475.6,89531.39,Direct,Investor,Contracted,False,,,,23.0,24.7,2026-03-31,2026-03-31
SAL-000516,VTX-P2-B2-00968,VTX,CUS-000516,2025-05-20,2025-06-10,AGT-015,Team Summit,BRK-06,,Broker Referral,,11683626.0,1705809.4,14.6,9977816.6,226496.44,3,1416849.96,150000.0,Broker,Investor,Contracted,False,,,,20.0,14.2,2026-03-31,2026-03-31
SAL-000517,VTX-P1-B4-00905,VTX,CUS-000517,2026-05-21,2026-06-01,AGT-017,Team Summit,BRK-06,LEA-005032,Referrals,CMP-0048,14155589.1,2066716.01,14.6,12088873.09,274417.42,6,991287.59,150000.0,Broker,Investor,Contracted,False,,,8.0,11.0,8.2,2026-03-31,2026-03-31
SAL-000518,VTX-P1-B4-00907,VTX,CUS-000518,2026-05-13,2026-05-26,AGT-018,Team Summit,BRK-06,LEA-005139,Meta,CMP-0051,13560910.5,1383212.87,10.2,12177697.63,276433.74,3,1266480.55,150000.0,Broker,Investor,Contracted,False,,,0.0,12.0,10.4,2026-03-31,2026-03-31
SAL-000519,VTX-P1-B4-00914,VTX,CUS-000519,2026-06-05,2026-06-17,AGT-015,Team Summit,,LEA-005754,Meta,CMP-0051,4820659.2,163902.41,3.4,4656756.79,0.0,6,973262.17,96413.18,Direct,Investor,Contracted,False,,,12.0,12.0,20.9,2026-03-31,2026-03-31
SAL-000520,VTX-P2-B4-01050,VTX,CUS-000520,2025-07-20,2025-08-07,AGT-015,Team Summit,,,Direct / Walk-In,,15277886.4,519448.14,3.4,14758438.26,0.0,6,2553209.82,150000.0,Direct,Investor,Contracted,False,,,,17.0,17.3,2026-03-31,2026-03-31
SAL-000521,VTX-P2-B3-01012,VTX,CUS-000521,2026-05-06,,AGT-018,Team Summit,BRK-06,,Broker Referral,,4426442.1,579863.92,13.1,3846578.18,87317.32,3,407737.29,88528.84,Broker,Investor,Reserved,False,,,,,10.6,2026-03-31,2026-03-31
SAL-000522,VTX-P1-B1-00822,VTX,CUS-000522,2025-04-06,2025-04-21,AGT-018,Team Summit,BRK-01,,Broker Referral,,12828800.0,461836.8,3.6,12366963.2,255996.14,4,2263154.27,150000.0,Broker,Investor,Cancelled,True,2025-06-05,Financing Fell Through,,15.0,18.3,2026-03-31,2026-03-31
SAL-000523,VTX-P2-B1-00926,VTX,CUS-000523,2025-11-30,2025-12-15,AGT-015,Team Summit,,,Direct / Walk-In,,6728141.0,343135.19,5.1,6385005.81,0.0,4,1200381.09,134562.82,Direct,Investor,Contracted,False,,,,14.0,18.8,2026-03-31,2026-03-31
SAL-000524,VTX-P1-B2-00849,VTX,CUS-000524,2025-08-03,2025-08-10,AGT-018,Team Summit,,,Direct / Walk-In,,15300625.0,397816.25,2.6,14902808.75,0.0,6,3174298.26,150000.0,Direct,Investor,Contracted,False,,,,7.0,21.3,2026-03-31,2026-03-31
SAL-000525,VTX-P2-B2-00984,VTX,CUS-000525,2024-09-27,2024-10-21,AGT-017,Team Summit,BRK-05,,Broker Referral,,21594535.5,561457.92,2.6,21033077.58,569996.4,5,4017317.82,150000.0,Broker,Investor,Contracted,False,,,,23.0,19.1,2026-03-31,2026-03-31
SAL-000526,VTX-P1-B4-00913,VTX,CUS-000526,2025-01-01,2025-01-30,AGT-018,Team Summit,BRK-06,,Broker Referral,,17130657.6,1593151.16,9.3,15537506.44,352701.4,3,1802350.75,150000.0,Broker,Investor,Contracted,False,,,,28.0,11.6,2026-03-31,2026-03-31
SAL-000527,VTX-P1-B4-00899,VTX,CUS-000527,2025-08-06,,AGT-017,Team Summit,BRK-10,,Broker Referral,,10334735.2,465063.08,4.5,9869672.12,186536.8,6,2388460.65,150000.0,Broker,Investor,Reserved,False,,,,,24.2,2026-03-31,2026-03-31
SAL-000528,VTX-P1-B2-00860,VTX,CUS-000528,2025-06-18,2025-07-02,AGT-015,Team Summit,,,Direct / Walk-In,,15833990.7,680861.6,4.3,15153129.1,0.0,4,3045778.95,150000.0,Direct,Investor,Contracted,False,,,,14.0,20.1,2026-03-31,2026-03-31
SAL-000529,VTX-P2-B4-01025,VTX,CUS-000529,2026-05-24,2026-06-10,AGT-018,Team Summit,,,Direct / Walk-In,,23356345.7,1284599.01,5.5,22071746.69,0.0,5,5010286.5,150000.0,Direct,Investor,Contracted,False,,,,16.0,22.7,2026-03-31,2026-03-31
SAL-000530,VTX-P1-B3-00891,VTX,CUS-000530,2026-02-15,2026-03-12,AGT-017,Team Summit,BRK-13,,Broker Referral,,5239486.7,293411.26,5.6,4946075.44,101394.55,5,1182112.03,104789.73,Broker,Investor,Contracted,False,,,,25.0,23.9,2026-03-31,2026-03-31
SAL-000531,VTX-P2-B1-00953,VTX,CUS-000531,2026-02-23,2026-03-24,AGT-016,Team Summit,BRK-06,,Broker Referral,,4537974.6,526405.05,11.6,4011569.55,91062.63,3,328948.7,90759.49,Broker,Investor,Cancelled,True,2026-05-23,Found Alternative Property,,28.0,8.2,2026-03-31,2026-03-31
SAL-000532,VTX-P1-B4-00895,VTX,CUS-000532,2026-03-01,2026-04-10,AGT-016,Team Summit,BRK-05,,Broker Referral,,19690156.1,551324.37,2.8,19138831.73,518662.34,5,3100490.74,150000.0,Broker,Investor,Contracted,False,,,,39.0,16.2,2026-03-31,2026-03-31
SAL-000533,VTX-P2-B1-00949,VTX,CUS-000533,2026-01-21,,AGT-018,Team Summit,BRK-14,,Broker Referral,,9981663.0,209614.92,2.1,9772048.08,226711.52,3,1758968.65,150000.0,Broker,Investor,Reserved,False,,,,,18.0,2026-03-31,2026-03-31
SAL-000534,VTX-P2-B2-00957,VTX,CUS-000534,2025-02-20,,AGT-017,Team Summit,BRK-01,,Broker Referral,,8627291.1,207054.99,2.4,8420236.11,174298.89,5,2096638.79,150000.0,Broker,Investor,Reserved,False,,,,,24.9,2026-03-31,2026-03-31
SAL-000535,VTX-P1-B2-00858,VTX,CUS-000535,2025-12-11,2025-12-23,AGT-017,Team Summit,BRK-03,,Broker Referral,,15656944.8,657591.68,4.2,14999353.12,341985.25,4,3209861.57,150000.0,Broker,Investor,Contracted,False,,,,11.0,21.4,2026-03-31,2026-03-31
SAL-000536,VTX-P1-B3-00871,VTX,CUS-000536,2025-03-21,,AGT-018,Team Summit,,,Direct / Walk-In,,9687249.6,464987.98,4.8,9222261.62,0.0,3,1540117.69,150000.0,Direct,Investor,Reserved,False,,,,,16.7,2026-03-31,2026-03-31
SAL-000537,VTX-P1-B4-00916,VTX,CUS-000537,2025-01-06,2025-01-29,AGT-017,Team Summit,BRK-06,,Broker Referral,,13617271.9,1892800.79,13.9,11724471.11,266145.49,3,1383487.59,150000.0,Broker,Investor,Contracted,False,,,,23.0,11.8,2026-03-31,2026-03-31
SAL-000538,VTX-P2-B3-00996,VTX,CUS-000538,2024-09-02,2024-09-20,AGT-018,Team Summit,,,Direct / Walk-In,,15342140.8,690396.34,4.5,14651744.46,0.0,6,2666617.49,150000.0,Direct,Investor,Contracted,False,,,,17.0,18.2,2026-03-31,2026-03-31
SAL-000539,VTX-P1-B3-00865,VTX,CUS-000539,2025-04-21,2025-05-12,AGT-017,Team Summit,,,Direct / Walk-In,,12197760.0,426921.6,3.5,11770838.4,0.0,5,2907397.08,150000.0,Direct,Investor,Contracted,False,,,,21.0,24.7,2026-03-31,2026-03-31
SAL-000540,VTX-P2-B2-00965,VTX,CUS-000540,2024-12-31,2025-01-01,AGT-016,Team Summit,,,Direct / Walk-In,,9475981.2,435895.14,4.6,9040086.06,0.0,6,1934578.42,150000.0,Direct,Investor,Contracted,False,,,,1.0,21.4,2026-03-31,2026-03-31
SAL-000541,VTX-P2-B4-01038,VTX,CUS-000541,2024-10-02,2024-10-19,AGT-018,Team Summit,,,Direct / Walk-In,,8579088.5,317426.27,3.7,8261662.23,0.0,5,1264034.32,150000.0,Direct,Investor,Contracted,False,,,,17.0,15.3,2026-03-31,2026-03-31
SAL-000542,VTX-P1-B1-00820,VTX,CUS-000542,2025-10-08,2025-10-23,AGT-018,Team Summit,BRK-06,,Broker Referral,,18353076.0,2239075.27,12.2,16114000.73,365787.82,6,1337462.06,150000.0,Broker,Investor,Contracted,False,,,,15.0,8.3,2026-03-31,2026-03-31
SAL-000543,VTX-P2-B3-01008,VTX,CUS-000543,2024-10-04,2024-10-11,AGT-017,Team Summit,,,Direct / Walk-In,,18629102.8,652018.6,3.5,17977084.2,0.0,5,3847096.02,150000.0,Direct,Investor,Contracted,False,,,,7.0,21.4,2026-03-31,2026-03-31
SAL-000544,VTX-P1-B3-00877,VTX,CUS-000544,2025-01-19,2025-02-11,AGT-018,Team Summit,BRK-10,,Broker Referral,,11416412.0,525154.95,4.6,10891257.05,205844.76,6,2363402.78,150000.0,Broker,Investor,Contracted,False,,,,23.0,21.7,2026-03-31,2026-03-31
SAL-000545,VTX-P1-B1-00800,VTX,CUS-000545,2025-12-19,,AGT-016,Team Summit,,,Direct / Walk-In,,9302849.6,483748.18,5.2,8819101.42,0.0,3,2107765.24,150000.0,Direct,Investor,Reserved,False,,,,,23.9,2026-03-31,2026-03-31
SAL-000546,VTX-P1-B1-00818,VTX,CUS-000546,2025-07-04,2025-08-05,AGT-015,Team Summit,BRK-06,,Broker Referral,,9894575.2,1167559.87,11.8,8727015.33,198103.25,6,785431.38,150000.0,Broker,Investor,Contracted,False,,,,32.0,9.0,2026-03-31,2026-03-31
SAL-000547,VTX-P2-B3-01013,VTX,CUS-000547,2024-10-01,2024-10-11,AGT-016,Team Summit,,,Direct / Walk-In,,8906014.7,427488.71,4.8,8478525.99,0.0,6,1339607.11,150000.0,Direct,Investor,Contracted,False,,,,9.0,15.8,2026-03-31,2026-03-31
SAL-000548,VTX-P2-B3-01003,VTX,CUS-000548,2025-12-31,2026-01-12,AGT-016,Team Summit,,,Direct / Walk-In,,2676173.4,85637.55,3.2,2590535.85,0.0,6,401533.06,53523.47,Direct,Investor,Contracted,False,,,,12.0,15.5,2026-03-31,2026-03-31
SAL-000549,VTX-P1-B4-00897,VTX,CUS-000549,2024-09-25,2024-10-18,AGT-015,Team Summit,BRK-11,,Broker Referral,,9480988.0,246505.69,2.6,9234482.31,274264.12,3,1773020.6,150000.0,Broker,Investor,Contracted,False,,,,22.0,19.2,2026-03-31,2026-03-31
SAL-000550,VTX-P2-B4-01023,VTX,CUS-000550,2026-05-17,2026-06-14,AGT-018,Team Summit,,,Direct / Walk-In,,11551862.1,242589.1,2.1,11309273.0,0.0,4,2284473.15,150000.0,Direct,Investor,Contracted,False,,,,27.0,20.2,2026-03-31,2026-03-31
SAL-000551,VTX-P1-B4-00915,VTX,CUS-000551,2024-10-25,2024-11-05,AGT-016,Team Summit,BRK-02,,Broker Referral,,17753795.4,674644.23,3.8,17079151.17,297177.23,3,3501225.99,150000.0,Broker,Investor,Contracted,False,,,,10.0,20.5,2026-03-31,2026-03-31
SAL-000552,VTX-P1-B1-00826,VTX,CUS-000552,2025-01-01,2025-01-27,AGT-017,Team Summit,,,Direct / Walk-In,,7870951.0,275483.28,3.5,7595467.72,0.0,5,1405161.53,150000.0,Direct,Investor,Contracted,False,,,,26.0,18.5,2026-03-31,2026-03-31
SAL-000553,VTX-P2-B2-00974,VTX,CUS-000553,2024-12-19,2025-01-03,AGT-018,Team Summit,,,Direct / Walk-In,,9177386.4,394627.62,4.3,8782758.78,0.0,6,1747769.0,150000.0,Direct,Investor,Contracted,False,,,,14.0,19.9,2026-03-31,2026-03-31
SAL-000554,VTX-P1-B3-00879,VTX,CUS-000554,2026-03-31,,AGT-018,Team Summit,,,Direct / Walk-In,,10138387.0,456227.41,4.5,9682159.59,0.0,4,1781517.36,150000.0,Direct,Investor,Reserved,False,,,,,18.4,2026-03-31,2026-03-31
SAL-000555,VTX-P1-B1-00821,VTX,CUS-000555,2025-08-18,2025-09-05,AGT-016,Team Summit,,,Direct / Walk-In,,17058717.9,631172.56,3.7,16427545.34,0.0,3,3252653.98,150000.0,Direct,Investor,Contracted,False,,,,17.0,19.8,2026-03-31,2026-03-31
SAL-000556,VTX-P1-B3-00875,VTX,CUS-000556,2025-02-17,2025-03-19,AGT-018,Team Summit,,,Direct / Walk-In,,7246342.5,159419.54,2.2,7086922.96,0.0,5,1516601.51,144926.85,Direct,Investor,Contracted,False,,,,30.0,21.4,2026-03-31,2026-03-31
SAL-000557,VTX-P2-B2-00959,VTX,CUS-000557,2025-07-23,2025-08-11,AGT-016,Team Summit,,,Direct / Walk-In,,15324663.2,413765.91,2.7,14910897.29,0.0,3,3638258.94,150000.0,Direct,Investor,Contracted,False,,,,19.0,24.4,2026-03-31,2026-03-31
SAL-000558,VTX-P1-B3-00888,VTX,CUS-000558,2026-05-28,,AGT-015,Team Summit,,,Direct / Walk-In,,4431456.0,150669.5,3.4,4280786.5,0.0,4,1010265.61,88629.12,Direct,Investor,Reserved,False,,,,,23.6,2026-03-31,2026-03-31
SAL-000559,VTX-P2-B3-01017,VTX,CUS-000559,2026-06-13,2026-06-25,AGT-016,Team Summit,BRK-06,,Broker Referral,,10921936.8,1419851.78,13.0,9502085.02,215697.33,3,826681.4,150000.0,Broker,Investor,Cancelled,True,2026-06-30,Price Renegotiation Failed,,12.0,8.7,2026-03-31,2026-03-31
SAL-000560,VTX-P2-B1-00955,VTX,CUS-000560,2026-06-21,2026-06-30,AGT-018,Team Summit,BRK-07,,Broker Referral,,20221051.2,748178.89,3.7,19472872.31,385562.87,4,3758264.36,150000.0,Broker,Investor,Contracted,False,,,,8.0,19.3,2026-03-31,2026-03-31
SAL-000561,VTX-P2-B2-00969,VTX,CUS-000561,2026-06-04,2026-06-15,AGT-017,Team Summit,BRK-06,,Broker Referral,,13961949.5,1382233.0,9.9,12579716.5,285559.56,6,1257971.65,150000.0,Broker,Investor,Contracted,False,,,,10.0,10.0,2026-03-31,2026-03-31
SAL-000562,VTX-P1-B4-00910,VTX,CUS-000562,2024-10-19,,AGT-015,Team Summit,,,Direct / Walk-In,,18725236.9,1086063.74,5.8,17639173.16,0.0,6,3157412.0,150000.0,Direct,Investor,Reserved,False,,,,,17.9,2026-03-31,2026-03-31
SAL-000563,VTX-P1-B4-00919,VTX,CUS-000563,2024-10-01,2024-11-06,AGT-016,Team Summit,BRK-06,,Broker Referral,,15777177.0,1514608.99,9.6,14262568.01,323760.29,4,1269368.55,150000.0,Broker,Investor,Contracted,False,,,,36.0,8.9,2026-03-31,2026-03-31
SAL-000564,VTX-P1-B3-00861,VTX,CUS-000564,2025-06-09,2025-07-12,AGT-017,Team Summit,,,Direct / Walk-In,,9915354.0,237968.5,2.4,9677385.5,0.0,3,2012896.18,150000.0,Direct,Investor,Cancelled,True,2025-08-23,Financing Fell Through,,32.0,20.8,2026-03-31,2026-03-31
SAL-000565,VTX-P1-B4-00922,VTX,CUS-000565,2024-11-28,,AGT-015,Team Summit,BRK-14,,Broker Referral,,12035920.8,613831.96,5.1,11422088.84,264992.46,4,2661346.7,150000.0,Broker,Investor,Reserved,False,,,,,23.3,2026-03-31,2026-03-31
SAL-000566,VTX-P2-B3-00998,VTX,CUS-000566,2024-11-11,2024-12-03,AGT-018,Team Summit,BRK-01,,Broker Referral,,10905260.0,316252.54,2.9,10589007.46,219192.45,3,2096623.48,150000.0,Broker,Investor,Contracted,False,,,,21.0,19.8,2026-03-31,2026-03-31
SAL-000567,VTX-P2-B3-01016,VTX,CUS-000567,2026-04-04,2026-04-11,AGT-017,Team Summit,BRK-14,,Broker Referral,,5130494.1,220611.25,4.3,4909882.85,113909.28,3,1129273.06,102609.88,Broker,Investor,Contracted,False,,,,7.0,23.0,2026-03-31,2026-03-31
SAL-000568,VTX-P2-B4-01026,VTX,CUS-000568,2026-04-20,2026-05-14,AGT-018,Team Summit,BRK-14,,Broker Referral,,11797990.4,412929.66,3.5,11385060.74,264133.41,3,2220086.84,150000.0,Broker,Investor,Contracted,False,,,,24.0,19.5,2026-03-31,2026-03-31
SAL-000569,VTX-P2-B1-00933,VTX,CUS-000569,2025-07-02,,AGT-015,Team Summit,BRK-06,,Broker Referral,,4226227.0,528278.38,12.5,3697948.62,83943.43,3,321721.53,84524.54,Broker,Investor,Reserved,False,,,,,8.7,2026-03-31,2026-03-31
SAL-000570,VTX-P2-B3-01000,VTX,CUS-000570,2024-11-19,2024-11-24,AGT-016,Team Summit,BRK-06,,Broker Referral,,19742662.5,1934780.93,9.8,17807881.57,404238.91,5,1691748.75,150000.0,Broker,Investor,Cancelled,True,2024-12-19,Found Alternative Property,,5.0,9.5,2026-03-31,2026-03-31
SAL-000571,VTX-P1-B1-00801,VTX,CUS-000571,2026-06-09,,AGT-016,Team Summit,BRK-06,,Broker Referral,,11854324.2,1149869.45,9.7,10704454.75,242991.12,3,1520032.57,150000.0,Broker,Investor,Reserved,False,,,,,14.2,2026-03-31,2026-03-31
SAL-000572,VTX-P1-B4-00909,VTX,CUS-000572,2024-11-02,2024-11-10,AGT-017,Team Summit,BRK-14,,Broker Referral,,21121046.4,528026.16,2.5,20593020.24,477758.07,3,3418441.36,150000.0,Broker,Investor,Contracted,False,,,,8.0,16.6,2026-03-31,2026-03-31
SAL-000573,VTX-P2-B2-00964,VTX,CUS-000573,2025-09-25,2025-09-28,AGT-018,Team Summit,BRK-12,,Broker Referral,,13805650.6,289918.66,2.1,13515731.94,283830.37,3,3338385.79,150000.0,Broker,Investor,Contracted,False,,,,2.0,24.7,2026-03-31,2026-03-31
SAL-000574,VTX-P1-B3-00867,VTX,CUS-000574,2025-09-10,,AGT-015,Team Summit,BRK-06,,Broker Referral,,18447015.0,1844701.5,10.0,16602313.5,376872.52,5,2423937.77,150000.0,Broker,Investor,Cancelled,True,2025-10-21,Found Alternative Property,,,14.6,2026-03-31,2026-03-31
SAL-000575,VTX-P2-B1-00945,VTX,CUS-000575,2025-05-04,2025-05-16,AGT-018,Team Summit,,,Direct / Walk-In,,4968374.4,109304.24,2.2,4859070.16,0.0,3,1195331.26,99367.49,Direct,Investor,Contracted,False,,,,12.0,24.6,2026-03-31,2026-03-31
SAL-000576,VTX-P2-B1-00934,VTX,CUS-000576,2026-03-25,2026-04-16,AGT-017,Team Summit,,,Direct / Walk-In,,4922255.8,260879.56,5.3,4661376.24,0.0,6,1114068.92,98445.12,Direct,Investor,Contracted,False,,,,22.0,23.9,2026-03-31,2026-03-31
SAL-000577,VTX-P1-B4-00896,VTX,CUS-000577,2026-01-28,2026-02-10,AGT-015,Team Summit,BRK-11,,Broker Referral,,20646709.0,846515.07,4.1,19800193.93,588065.76,5,3900638.2,150000.0,Broker,Investor,Contracted,False,,,,13.0,19.7,2026-03-31,2026-03-31
SAL-000578,VTX-P2-B3-00994,VTX,CUS-000578,2025-01-25,2025-03-02,AGT-018,Team Summit,,,Direct / Walk-In,,9341258.2,252213.97,2.7,9089044.23,0.0,3,1935966.42,150000.0,Direct,Investor,Contracted,False,,,,35.0,21.3,2026-03-31,2026-03-31
SAL-000579,VTX-P1-B3-00890,VTX,CUS-000579,2024-10-10,2024-11-08,AGT-015,Team Summit,,,Direct / Walk-In,,3183335.2,149616.75,4.7,3033718.45,0.0,4,518765.85,63666.7,Direct,Investor,Contracted,False,,,,29.0,17.1,2026-03-31,2026-03-31
SAL-000580,VTX-P1-B2-00831,VTX,CUS-000580,2025-01-12,2025-02-07,AGT-017,Team Summit,,,Direct / Walk-In,,13219782.4,475912.17,3.6,12743870.23,0.0,3,2663468.88,150000.0,Direct,Investor,Contracted,False,,,,26.0,20.9,2026-03-31,2026-03-31
SAL-000581,VTX-P1-B1-00805,VTX,CUS-000581,2025-07-10,2025-08-02,AGT-018,Team Summit,BRK-06,,Broker Referral,,16017615.4,2194413.31,13.7,13823202.09,313786.69,6,1119679.37,150000.0,Broker,Investor,Contracted,False,,,,22.0,8.1,2026-03-31,2026-03-31
SAL-000582,VTX-P1-B2-00838,VTX,CUS-000582,2026-04-03,2026-04-24,AGT-015,Team Summit,,,Direct / Walk-In,,4978162.0,243929.94,4.9,4734232.06,0.0,6,951580.64,99563.24,Direct,Investor,Contracted,False,,,,21.0,20.1,2026-03-31,2026-03-31
SAL-000583,VTX-P1-B3-00872,VTX,CUS-000583,2025-04-01,2025-04-18,AGT-015,Team Summit,BRK-03,,Broker Referral,,21385388.1,940957.08,4.4,20444431.02,466133.03,6,3986664.05,150000.0,Broker,Investor,Contracted,False,,,,17.0,19.5,2026-03-31,2026-03-31
SAL-000584,VTX-P1-B4-00903,VTX,CUS-000584,2025-04-24,2025-05-14,AGT-018,Team Summit,BRK-06,,Broker Referral,,18593050.0,1877898.05,10.1,16715151.95,379433.95,4,2022533.39,150000.0,Broker,Investor,Contracted,False,,,,20.0,12.1,2026-03-31,2026-03-31
SAL-000585,VTX-P1-B1-00809,VTX,CUS-000585,2025-06-27,2025-06-28,AGT-018,Team Summit,BRK-11,,Broker Referral,,9003138.8,486169.5,5.4,8516969.3,252953.99,6,1950385.97,150000.0,Broker,Investor,Contracted,False,,,,1.0,22.9,2026-03-31,2026-03-31
SAL-000586,VTX-P2-B1-00942,VTX,CUS-000586,2025-05-29,,AGT-015,Team Summit,BRK-10,,Broker Referral,,3985856.0,179363.52,4.5,3806492.48,71942.71,5,643297.23,79717.12,Broker,Investor,Reserved,False,,,,,16.9,2026-03-31,2026-03-31
SAL-000587,VTX-P1-B3-00886,VTX,CUS-000587,2024-07-20,2024-08-08,AGT-018,Team Summit,,,Direct / Walk-In,,10114425.2,586636.66,5.8,9527788.54,0.0,3,2086585.69,150000.0,Direct,Investor,Contracted,False,,,,18.0,21.9,2026-03-31,2026-03-31
SAL-000588,VTX-P2-B1-00936,VTX,CUS-000588,2024-08-11,2024-09-02,AGT-015,Team Summit,BRK-04,,Broker Referral,,22069009.2,948967.4,4.3,21120041.8,555457.1,5,4266248.44,150000.0,Broker,Investor,Cancelled,True,2024-10-13,Changed Mind,,22.0,20.2,2026-03-31,2026-03-31
SAL-000589,VTX-P2-B1-00947,VTX,CUS-000589,2025-02-23,2025-03-24,AGT-017,Team Summit,BRK-09,,Broker Referral,,23952554.5,742529.19,3.1,23210025.31,691658.75,3,4409904.81,150000.0,Broker,Investor,Contracted,False,,,,28.0,19.0,2026-03-31,2026-03-31
SAL-000590,VTX-P2-B1-00950,VTX,CUS-000590,2025-04-15,,AGT-016,Team Summit,BRK-06,,Broker Referral,,14012938.2,1317216.19,9.4,12695722.01,288192.89,3,1447312.31,150000.0,Broker,Investor,Reserved,False,,,,,11.4,2026-03-31,2026-03-31
SAL-000591,VTX-P2-B3-01018,VTX,CUS-000591,2025-06-24,,AGT-015,Team Summit,BRK-06,,Broker Referral,,3162366.9,306749.59,9.7,2855617.31,64822.51,3,265572.41,63247.34,Broker,Investor,Cancelled,True,2025-07-17,Price Renegotiation Failed,,,9.3,2026-03-31,2026-03-31
SAL-000592,VTX-P2-B2-00958,VTX,CUS-000592,2024-12-06,2025-01-06,AGT-015,Team Summit,BRK-02,,Broker Referral,,21710432.4,1150652.92,5.3,20559779.48,357740.16,5,5078265.53,150000.0,Broker,Investor,Contracted,False,,,,31.0,24.7,2026-03-31,2026-03-31
SAL-000593,VTX-P2-B4-01048,VTX,CUS-000593,2024-08-14,2024-09-23,AGT-016,Team Summit,BRK-08,,Broker Referral,,4688681.6,220368.04,4.7,4468313.56,68812.03,6,889194.4,93773.63,Broker,Investor,Contracted,False,,,,40.0,19.9,2026-03-31,2026-03-31
SAL-000594,VTX-P1-B1-00806,VTX,CUS-000594,2025-06-13,2025-06-28,AGT-016,Team Summit,,,Direct / Walk-In,,12143201.0,582873.65,4.8,11560327.35,0.0,5,2127100.23,150000.0,Direct,Investor,Contracted,False,,,,14.0,18.4,2026-03-31,2026-03-31
SAL-000595,VTX-P1-B4-00912,VTX,CUS-000595,2025-07-27,2025-08-13,AGT-017,Team Summit,BRK-14,,Broker Referral,,12429722.0,683634.71,5.5,11746087.29,272509.23,6,2407947.89,150000.0,Broker,Investor,Contracted,False,,,,16.0,20.5,2026-03-31,2026-03-31
SAL-000596,VTX-P1-B3-00878,VTX,CUS-000596,2026-04-04,,AGT-016,Team Summit,BRK-08,,Broker Referral,,19877249.7,834844.49,4.2,19042405.21,293253.04,5,3694226.61,150000.0,Broker,Investor,Reserved,False,,,,,19.4,2026-03-31,2026-03-31
SAL-000597,VTX-P1-B1-00811,VTX,CUS-000597,2025-08-03,2025-08-16,AGT-015,Team Summit,BRK-06,,Broker Referral,,10011708.0,1411650.83,14.1,8600057.17,195221.3,6,774005.15,150000.0,Broker,Investor,Contracted,False,,,,13.0,9.0,2026-03-31,2026-03-31
SAL-000598,VTX-P1-B1-00807,VTX,CUS-000598,2026-03-30,,AGT-017,Team Summit,BRK-09,,Broker Referral,,10571785.2,570876.4,5.4,10000908.8,298027.08,3,2400218.11,150000.0,Broker,Investor,Reserved,False,,,,,24.0,2026-03-31,2026-03-31
SAL-000599,VTX-P2-B3-01007,VTX,CUS-000599,2025-05-18,2025-05-22,AGT-016,Team Summit,BRK-06,,Broker Referral,,13595189.4,1699398.68,12.5,11895790.72,270034.45,5,1498869.63,150000.0,Broker,Investor,Contracted,False,,,,3.0,12.6,2026-03-31,2026-03-31
SAL-000600,VTX-P1-B2-00840,VTX,CUS-000600,2025-06-10,,AGT-016,Team Summit,BRK-07,,Broker Referral,,17971270.2,1024362.4,5.7,16946907.8,335548.77,5,3355487.74,150000.0,Broker,Investor,Reserved,False,,,,,19.8,2026-03-31,2026-03-31
SAL-000601,VTX-P2-B4-01034,VTX,CUS-000601,2025-02-11,,AGT-017,Team Summit,BRK-06,,Broker Referral,,11922462.5,1716834.6,14.4,10205627.9,231667.75,3,1530844.19,150000.0,Broker,Investor,Reserved,False,,,,,15.0,2026-03-31,2026-03-31
SAL-000602,VTX-P2-B3-00993,VTX,CUS-000602,2026-04-02,2026-05-04,AGT-016,Team Summit,,,Direct / Walk-In,,12542543.2,301021.04,2.4,12241522.16,0.0,6,2533995.09,150000.0,Direct,Investor,Contracted,False,,,,32.0,20.7,2026-03-31,2026-03-31
SAL-000603,VTX-P1-B3-00868,VTX,CUS-000603,2024-07-20,2024-08-12,AGT-017,Team Summit,BRK-03,,Broker Referral,,10804360.0,248500.28,2.3,10555859.72,240673.6,5,2005613.35,150000.0,Broker,Investor,Contracted,False,,,,22.0,19.0,2026-03-31,2026-03-31
SAL-000604,VTX-P2-B4-01030,VTX,CUS-000604,2026-01-04,2026-01-25,AGT-015,Team Summit,BRK-02,,Broker Referral,,3635427.6,141781.68,3.9,3493645.92,60789.44,3,586932.51,72708.55,Broker,Investor,Contracted,False,,,,21.0,16.8,2026-03-31,2026-03-31
SAL-000605,VTX-P2-B4-01036,VTX,CUS-000605,2025-10-23,2025-11-10,AGT-015,Team Summit,BRK-06,,Broker Referral,,15755123.5,1764573.83,11.2,13990549.67,317585.48,3,1636894.31,150000.0,Broker,Investor,Contracted,False,,,,18.0,11.7,2026-03-31,2026-03-31
SAL-000606,VTX-P2-B4-01024,VTX,CUS-000606,2024-11-23,2024-11-25,AGT-016,Team Summit,BRK-06,,Broker Referral,,3779187.2,506411.08,13.4,3272776.12,74292.02,5,405824.24,75583.74,Broker,Investor,Contracted,False,,,,1.0,12.4,2026-03-31,2026-03-31
SAL-000607,VTX-P2-B4-01049,VTX,CUS-000607,2026-04-10,2026-04-21,AGT-016,Team Summit,BRK-10,,Broker Referral,,9159094.5,247295.55,2.7,8911798.95,168433.0,3,1595212.01,150000.0,Broker,Investor,Contracted,False,,,,10.0,17.9,2026-03-31,2026-03-31
SAL-000608,VTX-P2-B1-00935,VTX,CUS-000608,2025-12-09,2025-12-27,AGT-018,Team Summit,,,Direct / Walk-In,,19846656.0,654939.65,3.3,19191716.35,0.0,4,3300975.21,150000.0,Direct,Investor,Contracted,False,,,,18.0,17.2,2026-03-31,2026-03-31
SAL-000609,VTX-P1-B4-00917,VTX,CUS-000609,2025-03-14,2025-04-11,AGT-017,Team Summit,BRK-02,,Broker Referral,,12397518.0,595080.86,4.8,11802437.14,205362.41,4,1817575.32,150000.0,Broker,Investor,Contracted,False,,,,27.0,15.4,2026-03-31,2026-03-31
SAL-000610,VTX-P2-B4-01033,VTX,CUS-000610,2025-12-20,2026-01-13,AGT-017,Team Summit,BRK-14,,Broker Referral,,8411067.0,252332.01,3.0,8158734.99,189282.65,6,1223810.25,150000.0,Broker,Investor,Contracted,False,,,,24.0,15.0,2026-03-31,2026-03-31
SAL-000611,VTX-P2-B2-00976,VTX,CUS-000611,2025-06-03,2025-06-28,AGT-018,Team Summit,,,Direct / Walk-In,,17842310.4,1034854.0,5.8,16807456.4,0.0,5,2672385.57,150000.0,Direct,Investor,Contracted,False,,,,24.0,15.9,2026-03-31,2026-03-31
SAL-000612,VTX-P2-B1-00937,VTX,CUS-000612,2026-03-24,,AGT-015,Team Summit,,,Direct / Walk-In,,10214842.5,337089.8,3.3,9877752.7,0.0,3,1501418.41,150000.0,Direct,Investor,Cancelled,True,2026-05-02,Changed Mind,,,15.2,2026-03-31,2026-03-31
SAL-000613,VTX-P1-B1-00799,VTX,CUS-000613,2025-06-01,2025-06-22,AGT-016,Team Summit,,,Direct / Walk-In,,9059797.0,480169.24,5.3,8579627.76,0.0,5,1818881.09,150000.0,Direct,Investor,Contracted,False,,,,21.0,21.2,2026-03-31,2026-03-31
SAL-000614,VTX-P2-B3-00997,VTX,CUS-000614,2026-01-04,2026-01-29,AGT-016,Team Summit,BRK-12,,Broker Referral,,9174016.8,504570.92,5.5,8669445.88,182058.36,3,1326425.22,150000.0,Broker,Investor,Contracted,False,,,,24.0,15.3,2026-03-31,2026-03-31
SAL-000615,VTX-P1-B1-00819,VTX,CUS-000615,2026-02-02,2026-03-06,AGT-016,Team Summit,,,Direct / Walk-In,,10979607.6,439184.3,4.0,10540423.3,0.0,3,1770791.11,150000.0,Direct,Investor,Contracted,False,,,,32.0,16.8,2026-03-31,2026-03-31
SAL-000616,VTX-P1-B3-00881,VTX,CUS-000616,2025-09-21,2025-10-09,AGT-015,Team Summit,,,Direct / Walk-In,,18660641.6,989014.0,5.3,17671627.6,0.0,4,3711041.8,150000.0,Direct,Investor,Contracted,False,,,,17.0,21.0,2026-03-31,2026-03-31
SAL-000617,VTX-P2-B1-00929,VTX,CUS-000617,2025-12-20,2025-12-28,AGT-018,Team Summit,,,Direct / Walk-In,,4442154.2,124380.32,2.8,4317773.88,0.0,6,1006041.31,88843.08,Direct,Investor,Contracted,False,,,,7.0,23.3,2026-03-31,2026-03-31
SAL-000618,VTX-P1-B1-00804,VTX,CUS-000618,2025-05-28,2025-06-14,AGT-016,Team Summit,,,Direct / Walk-In,,5146406.0,154392.18,3.0,4992013.82,0.0,3,1153155.19,102928.12,Direct,Investor,Contracted,False,,,,16.0,23.1,2026-03-31,2026-03-31
SAL-000619,VTX-P1-B2-00846,VTX,CUS-000619,2024-12-05,,AGT-016,Team Summit,,,Direct / Walk-In,,13185109.0,448293.71,3.4,12736815.29,0.0,6,2470942.17,150000.0,Direct,Investor,Reserved,False,,,,,19.4,2026-03-31,2026-03-31
SAL-000620,VTX-P2-B4-01032,VTX,CUS-000620,2025-10-01,2025-11-13,AGT-015,Team Summit,,,Direct / Walk-In,,11962099.6,645953.38,5.4,11316146.22,0.0,5,2432971.44,150000.0,Direct,Investor,Contracted,False,,,,42.0,21.5,2026-03-31,2026-03-31
SAL-000621,VTX-P1-B4-00893,VTX,CUS-000621,2025-09-27,2025-10-19,AGT-018,Team Summit,,,Direct / Walk-In,,13839697.6,816542.16,5.9,13023155.44,0.0,3,2956256.28,150000.0,Direct,Investor,Contracted,False,,,,22.0,22.7,2026-03-31,2026-03-31
SAL-000622,VTX-P1-B2-00859,VTX,CUS-000622,2026-05-08,2026-05-21,AGT-018,Team Summit,,,Direct / Walk-In,,8901099.7,462857.18,5.2,8438242.52,0.0,6,1797345.66,150000.0,Direct,Investor,Contracted,False,,,,12.0,21.3,2026-03-31,2026-03-31
SAL-000623,VTX-P2-B2-00972,VTX,CUS-000623,2024-12-05,2024-12-25,AGT-016,Team Summit,,,Direct / Walk-In,,16928720.0,474004.16,2.8,16454715.84,0.0,6,2632754.53,150000.0,Direct,Investor,Contracted,False,,,,19.0,16.0,2026-03-31,2026-03-31
SAL-000624,VTX-P1-B1-00812,VTX,CUS-000624,2024-11-05,,AGT-017,Team Summit,,,Direct / Walk-In,,4084374.9,183796.87,4.5,3900578.03,0.0,4,850326.01,81687.5,Direct,Investor,Reserved,False,,,,,21.8,2026-03-31,2026-03-31
SAL-000625,VTX-P2-B4-01044,VTX,CUS-000625,2025-06-04,2025-06-20,AGT-015,Team Summit,BRK-13,,Broker Referral,,13243815.2,688678.39,5.2,12555136.81,257380.3,6,2259924.63,150000.0,Broker,Investor,Contracted,False,,,,16.0,18.0,2026-03-31,2026-03-31
SAL-000626,VTX-P1-B1-00827,VTX,CUS-000626,2025-05-06,,AGT-018,Team Summit,BRK-07,,Broker Referral,,5794698.0,289734.9,5.0,5504963.1,108998.27,4,1260636.55,115893.96,Broker,Investor,Reserved,False,,,,,22.9,2026-03-31,2026-03-31
SAL-000627,VTX-P1-B1-00803,VTX,CUS-000627,2024-12-10,2024-12-14,AGT-017,Team Summit,BRK-12,,Broker Referral,,3862520.0,123600.64,3.2,3738919.36,78517.31,6,691700.08,77250.4,Broker,Investor,Contracted,False,,,,4.0,18.5,2026-03-31,2026-03-31
SAL-000628,VTX-P2-B1-00952,VTX,CUS-000628,2025-08-03,2025-08-13,AGT-017,Team Summit,BRK-06,,Broker Referral,,7128264.0,684313.34,9.6,6443950.66,146277.68,3,741054.33,142565.28,Broker,Investor,Contracted,False,,,,9.0,11.5,2026-03-31,2026-03-31
SAL-000629,VTX-P1-B4-00924,VTX,CUS-000629,2025-02-20,,AGT-015,Team Summit,,,Direct / Walk-In,,13272279.6,610524.86,4.6,12661754.74,0.0,6,2317101.12,150000.0,Direct,Investor,Reserved,False,,,,,18.3,2026-03-31,2026-03-31
SAL-000630,VTX-P2-B2-00963,VTX,CUS-000630,2025-08-29,,AGT-015,Team Summit,,,Direct / Walk-In,,10408429.8,385111.9,3.7,10023317.9,0.0,5,2415619.61,150000.0,Direct,Investor,Reserved,False,,,,,24.1,2026-03-31,2026-03-31
SAL-000631,VTX-P1-B4-00901,VTX,CUS-000631,2025-01-26,2025-02-21,AGT-018,Team Summit,,,Direct / Walk-In,,23795280.3,832834.81,3.5,22962445.49,0.0,6,4615451.54,150000.0,Direct,Investor,Contracted,False,,,,26.0,20.1,2026-03-31,2026-03-31
SAL-000632,VTX-P2-B3-01005,VTX,CUS-000632,2025-03-22,2025-04-13,AGT-018,Team Summit,BRK-13,,Broker Referral,,4899636.0,142089.44,2.9,4757546.56,97529.7,5,1118023.44,97992.72,Broker,Investor,Contracted,False,,,,22.0,23.5,2026-03-31,2026-03-31
SAL-000633,VTX-P2-B4-01041,VTX,CUS-000633,2026-03-20,2026-04-19,AGT-016,Team Summit,,,Direct / Walk-In,,17865529.9,482369.31,2.7,17383160.59,0.0,5,3580931.08,150000.0,Direct,Investor,Contracted,False,,,,29.0,20.6,2026-03-31,2026-03-31
SAL-000634,VTX-P1-B2-00844,VTX,CUS-000634,2024-07-15,2024-07-26,AGT-017,Team Summit,BRK-06,,Broker Referral,,11759057.0,1552195.52,13.2,10206861.48,231695.76,5,1367719.44,150000.0,Broker,Investor,Cancelled,True,2024-09-05,Changed Mind,,11.0,13.4,2026-03-31,2026-03-31
SAL-000635,VTX-P2-B4-01027,VTX,CUS-000635,2026-06-30,2026-06-30,AGT-018,Team Summit,BRK-04,,Broker Referral,,19998750.2,879945.01,4.4,19118805.19,502824.58,4,4034067.9,150000.0,Broker,Investor,Contracted,False,,,,0.0,21.1,2026-03-31,2026-03-31
SAL-000636,VTX-P2-B4-01043,VTX,CUS-000636,2026-05-03,2026-05-18,AGT-015,Team Summit,BRK-06,,Broker Referral,,9286933.2,910119.45,9.8,8376813.75,190153.67,4,1080608.97,150000.0,Broker,Investor,Contracted,False,,,,14.0,12.9,2026-03-31,2026-03-31
SAL-000637,VTX-P2-B4-01042,VTX,CUS-000637,2026-06-11,2026-06-28,AGT-017,Team Summit,,,Direct / Walk-In,,13305929.0,625378.66,4.7,12680550.34,0.0,4,1940124.2,150000.0,Direct,Investor,Contracted,False,,,,17.0,15.3,2026-03-31,2026-03-31
SAL-000638,VTX-P1-B4-00900,VTX,CUS-000638,2026-04-08,2026-04-24,AGT-016,Team Summit,BRK-08,,Broker Referral,,11135615.4,512238.31,4.6,10623377.09,163600.01,4,2390259.85,150000.0,Broker,Investor,Contracted,False,,,,15.0,22.5,2026-03-31,2026-03-31
SAL-000639,VTX-P1-B2-00851,VTX,CUS-000639,2025-09-03,2025-09-28,AGT-017,Team Summit,,,Direct / Walk-In,,12463733.1,386375.73,3.1,12077357.37,0.0,3,1980686.61,150000.0,Direct,Investor,Contracted,False,,,,24.0,16.4,2026-03-31,2026-03-31
SAL-000640,VTX-P2-B2-00977,VTX,CUS-000640,2024-10-08,2024-10-16,AGT-016,Team Summit,,,Direct / Walk-In,,14677120.8,499022.11,3.4,14178098.69,0.0,5,2282673.89,150000.0,Direct,Investor,Contracted,False,,,,7.0,16.1,2026-03-31,2026-03-31
SAL-000641,VTX-P2-B2-00986,VTX,CUS-000641,2026-05-28,2026-06-28,AGT-015,Team Summit,BRK-06,,Broker Referral,,13491838.8,1403151.24,10.4,12088687.56,274413.21,6,1607795.45,150000.0,Broker,Investor,Contracted,False,,,,30.0,13.3,2026-03-31,2026-03-31
SAL-000642,VTX-P1-B2-00841,VTX,CUS-000642,2025-09-29,2025-10-04,AGT-016,Team Summit,BRK-01,,Broker Referral,,14256776.7,826893.05,5.8,13429883.65,277998.59,6,3263461.73,150000.0,Broker,Investor,Contracted,False,,,,5.0,24.3,2026-03-31,2026-03-31
SAL-000643,VTX-P1-B3-00883,VTX,CUS-000643,2025-10-04,2025-11-14,AGT-015,Team Summit,BRK-02,,Broker Referral,,18003489.6,810157.03,4.5,17193332.57,299163.99,5,3404279.85,150000.0,Broker,Investor,Contracted,False,,,,40.0,19.8,2026-03-31,2026-03-31
SAL-000644,VTX-P2-B1-00948,VTX,CUS-000644,2024-12-10,,AGT-018,Team Summit,BRK-06,,Broker Referral,,20358887.2,2096965.38,10.3,18261921.82,414545.63,6,2428835.6,150000.0,Broker,Investor,Reserved,False,,,,,13.3,2026-03-31,2026-03-31
SAL-000645,VTX-P2-B2-00962,VTX,CUS-000645,2025-09-15,2025-10-08,AGT-016,Team Summit,BRK-06,,Broker Referral,,3538022.4,350264.22,9.9,3187758.18,72362.11,6,318775.82,70760.45,Broker,Investor,Contracted,False,,,,23.0,10.0,2026-03-31,2026-03-31
SAL-000646,VTX-P1-B3-00892,VTX,CUS-000646,2025-09-28,2025-10-11,AGT-016,Team Summit,BRK-06,,Broker Referral,,8088960.1,962586.25,11.9,7126373.85,161768.69,5,605741.78,150000.0,Broker,Investor,Cancelled,True,2025-11-30,Found Alternative Property,,13.0,8.5,2026-03-31,2026-03-31
SAL-000647,VTX-P2-B2-00971,VTX,CUS-000647,2024-09-26,2024-10-18,AGT-016,Team Summit,BRK-05,,Broker Referral,,15157105.2,788169.47,5.2,14368935.73,389398.16,4,2500194.82,150000.0,Broker,Investor,Contracted,False,,,,21.0,17.4,2026-03-31,2026-03-31
SAL-000648,VTX-P2-B4-01037,VTX,CUS-000648,2025-02-23,2025-03-04,AGT-016,Team Summit,,,Direct / Walk-In,,19140241.4,650768.21,3.4,18489473.19,0.0,5,4492941.99,150000.0,Direct,Investor,Contracted,False,,,,9.0,24.3,2026-03-31,2026-03-31
SAL-000649,VTX-P1-B1-00824,VTX,CUS-000649,2025-07-14,,AGT-018,Team Summit,,,Direct / Walk-In,,7666144.2,352642.63,4.6,7313501.57,0.0,6,1170160.25,150000.0,Direct,Investor,Reserved,False,,,,,16.0,2026-03-31,2026-03-31
SAL-000650,VTX-P2-B3-01019,VTX,CUS-000650,2025-11-15,2025-12-17,AGT-017,Team Summit,BRK-10,,Broker Referral,,7990733.5,343601.54,4.3,7647131.96,144530.79,5,1246482.51,150000.0,Broker,Investor,Contracted,False,,,,32.0,16.3,2026-03-31,2026-03-31
SAL-000651,VTX-P2-B2-00985,VTX,CUS-000651,2024-07-12,,AGT-018,Team Summit,BRK-06,,Broker Referral,,3106097.2,462808.48,14.9,2643288.72,60002.65,3,319837.94,62121.94,Broker,Investor,Cancelled,True,2024-08-31,Changed Mind,,,12.1,2026-03-31,2026-03-31
SAL-000652,VTX-P1-B3-00870,VTX,CUS-000652,2026-05-26,2026-06-03,AGT-016,Team Summit,BRK-06,,Broker Referral,,3933340.5,452334.16,11.5,3481006.34,79018.84,3,365505.67,78666.81,Broker,Investor,Contracted,False,,,,7.0,10.5,2026-03-31,2026-03-31
SAL-000653,VTX-P1-B1-00810,VTX,CUS-000653,2026-03-07,2026-03-24,AGT-017,Team Summit,,,Direct / Walk-In,,15520596.0,496659.07,3.2,15023936.93,0.0,4,2794452.27,150000.0,Direct,Investor,Contracted,False,,,,16.0,18.6,2026-03-31,2026-03-31
SAL-000654,VTX-P2-B2-00982,VTX,CUS-000654,2025-07-15,2025-07-22,AGT-015,Team Summit,BRK-09,,Broker Referral,,12469020.2,411477.67,3.3,12057542.53,359314.77,3,2339163.25,150000.0,Broker,Investor,Contracted,False,,,,6.0,19.4,2026-03-31,2026-03-31
SAL-000655,VTX-P1-B1-00817,VTX,CUS-000655,2025-06-15,2025-06-23,AGT-015,Team Summit,BRK-13,,Broker Referral,,14772546.0,487494.02,3.3,14285051.98,292843.57,4,3156996.49,150000.0,Broker,Investor,Contracted,False,,,,8.0,22.1,2026-03-31,2026-03-31
SAL-000656,VTX-P2-B3-01010,VTX,CUS-000656,2024-10-25,2024-11-14,AGT-017,Team Summit,,,Direct / Walk-In,,8335707.6,308421.18,3.7,8027286.42,0.0,5,1428856.98,150000.0,Direct,Investor,Contracted,False,,,,20.0,17.8,2026-03-31,2026-03-31
SAL-000657,VTX-P1-B3-00885,VTX,CUS-000657,2026-03-20,2026-04-01,AGT-017,Team Summit,BRK-05,,Broker Referral,,14694218.0,793487.77,5.4,13900730.23,376709.79,6,3030359.19,150000.0,Broker,Investor,Cancelled,True,2026-05-26,Financing Fell Through,,12.0,21.8,2026-03-31,2026-03-31
SAL-000658,VTX-P2-B2-00973,VTX,CUS-000658,2025-07-03,,AGT-018,Team Summit,BRK-06,,Broker Referral,,7931924.0,1142197.06,14.4,6789726.94,154126.8,6,862295.32,150000.0,Broker,Investor,Cancelled,True,2025-08-18,Changed Mind,,,12.7,2026-03-31,2026-03-31
SAL-000659,VTX-P1-B2-00848,VTX,CUS-000659,2025-05-18,2025-06-04,AGT-017,Team Summit,BRK-06,,Broker Referral,,25222535.8,3556377.55,14.1,21666158.25,491821.79,6,2686603.62,150000.0,Broker,Investor,Contracted,False,,,,16.0,12.4,2026-03-31,2026-03-31
SAL-000660,VTX-P2-B4-01029,VTX,CUS-000660,2025-01-30,2025-02-04,AGT-018,Team Summit,BRK-12,,Broker Referral,,16000544.3,784026.67,4.9,15216517.63,319546.87,5,2647674.07,150000.0,Broker,Investor,Contracted,False,,,,5.0,17.4,2026-03-31,2026-03-31
SAL-000661,VTX-P1-B2-00829,VTX,CUS-000661,2024-11-08,,AGT-017,Team Summit,BRK-06,,Broker Referral,,16486755.5,2044357.68,12.4,14442397.82,327842.43,5,1314258.2,150000.0,Broker,Investor,Reserved,False,,,,,9.1,2026-03-31,2026-03-31
SAL-000662,VTX-P2-B1-00951,VTX,CUS-000662,2026-04-17,2026-05-09,AGT-018,Team Summit,BRK-06,,Broker Referral,,21792736.0,2811262.94,12.9,18981473.06,430879.44,4,2429628.55,150000.0,Broker,Investor,Contracted,False,,,,22.0,12.8,2026-03-31,2026-03-31
SAL-000663,VTX-P2-B2-00966,VTX,CUS-000663,2024-09-28,2024-10-25,AGT-018,Team Summit,,,Direct / Walk-In,,14766496.0,812157.28,5.5,13954338.72,0.0,5,2539689.65,150000.0,Direct,Investor,Contracted,False,,,,26.0,18.2,2026-03-31,2026-03-31
SAL-000664,VTX-P1-B2-00836,VTX,CUS-000664,2025-01-01,2025-01-09,AGT-017,Team Summit,,,Direct / Walk-In,,15105581.2,498484.18,3.3,14607097.02,0.0,6,3052883.28,150000.0,Direct,Investor,Contracted,False,,,,8.0,20.9,2026-03-31,2026-03-31
SAL-000665,VTX-P1-B2-00854,VTX,CUS-000665,2024-12-02,2024-12-20,AGT-018,Team Summit,BRK-06,,Broker Referral,,8285189.6,1010793.13,12.2,7274396.47,165128.8,6,909299.56,150000.0,Broker,Investor,Contracted,False,,,,17.0,12.5,2026-03-31,2026-03-31
SAL-000666,VTX-P2-B4-01039,VTX,CUS-000666,2025-10-10,2025-10-11,AGT-018,Team Summit,BRK-10,,Broker Referral,,12456877.7,498275.11,4.0,11958602.59,226017.59,5,2140589.86,150000.0,Broker,Investor,Contracted,False,,,,1.0,17.9,2026-03-31,2026-03-31
SAL-000667,VTX-P2-B1-00940,VTX,CUS-000667,2024-07-17,2024-08-26,AGT-017,Team Summit,BRK-06,,Broker Referral,,6090544.2,676050.41,11.1,5414493.79,122909.01,6,698469.7,121810.88,Broker,Investor,Contracted,False,,,,39.0,12.9,2026-03-31,2026-03-31
SAL-000668,VTX-P1-B3-00884,VTX,CUS-000668,2026-05-14,2026-05-30,AGT-015,Team Summit,BRK-10,,Broker Referral,,13194879.6,448625.91,3.4,12746253.69,240904.19,5,2804175.81,150000.0,Broker,Investor,Contracted,False,,,,15.0,22.0,2026-03-31,2026-03-31
SAL-000669,VTX-P1-B2-00839,VTX,CUS-000669,2024-12-02,,AGT-016,Team Summit,BRK-11,,Broker Referral,,8993288.5,530604.02,5.9,8462684.48,251341.73,5,1684074.21,150000.0,Broker,Investor,Reserved,False,,,,,19.9,2026-03-31,2026-03-31
SAL-000670,VTX-P1-B1-00815,VTX,CUS-000670,2024-10-28,2024-10-30,AGT-018,Team Summit,BRK-06,,Broker Referral,,18793073.5,1822928.13,9.7,16970145.37,385222.3,5,1374581.77,150000.0,Broker,Investor,Contracted,False,,,,1.0,8.1,2026-03-31,2026-03-31
SAL-000671,VTX-P2-B2-00987,VTX,CUS-000671,2024-09-27,,AGT-018,Team Summit,,,Direct / Walk-In,,3286275.6,164313.78,5.0,3121961.82,0.0,4,615026.48,65725.51,Direct,Investor,Reserved,False,,,,,19.7,2026-03-31,2026-03-31
SAL-000672,VTX-P2-B4-01040,VTX,CUS-000672,2024-12-26,2025-01-03,AGT-016,Team Summit,,,Direct / Walk-In,,4516622.4,130982.05,2.9,4385640.35,0.0,3,785029.62,90332.45,Direct,Investor,Cancelled,True,2025-02-12,Unit Defect Concern,,7.0,17.9,2026-03-31,2026-03-31
SAL-000673,VTX-P1-B3-00863,VTX,CUS-000673,2024-10-31,2024-12-09,AGT-016,Team Summit,,,Direct / Walk-In,,17639082.8,458616.15,2.6,17180466.65,0.0,4,4192033.86,150000.0,Direct,Investor,Cancelled,True,2025-02-05,Unit Defect Concern,,38.0,24.4,2026-03-31,2026-03-31
SAL-000674,VTX-P1-B1-00816,VTX,CUS-000674,2025-04-30,2025-05-17,AGT-015,Team Summit,,,Direct / Walk-In,,6694051.5,374866.88,5.6,6319184.62,0.0,6,1011069.54,133881.03,Direct,Investor,Contracted,False,,,,17.0,16.0,2026-03-31,2026-03-31
SAL-000675,VTX-P2-B3-01006,VTX,CUS-000675,2025-05-21,2025-06-13,AGT-017,Team Summit,BRK-11,,Broker Referral,,14336894.0,731181.59,5.1,13605712.41,404089.66,3,3238159.55,150000.0,Broker,Investor,Contracted,False,,,,22.0,23.8,2026-03-31,2026-03-31
SAL-000676,VTX-P1-B4-00923,VTX,CUS-000676,2024-08-17,2024-09-13,AGT-017,Team Summit,BRK-11,,Broker Referral,,22231578.1,889263.12,4.0,21342314.98,633866.75,6,5250209.49,150000.0,Broker,Investor,Contracted,False,,,,26.0,24.6,2026-03-31,2026-03-31
SAL-000677,VTX-P2-B1-00928,VTX,CUS-000677,2025-09-09,2025-10-17,AGT-015,Team Summit,BRK-06,,Broker Referral,,20325492.5,3028498.38,14.9,17296994.12,392641.77,5,2404282.18,150000.0,Broker,Investor,Contracted,False,,,,38.0,13.9,2026-03-31,2026-03-31
SAL-000678,VTX-P1-B1-00798,VTX,CUS-000678,2025-03-22,2025-04-02,AGT-017,Team Summit,BRK-06,,Broker Referral,,15175426.0,2154910.49,14.2,13020515.51,295565.7,5,1119764.33,150000.0,Broker,Investor,Contracted,False,,,,11.0,8.6,2026-03-31,2026-03-31
SAL-000679,HVW-P3-B4-01625,HVW,CUS-000679,2026-05-28,2026-06-04,AGT-019,Team Nile,,LEA-007080,Outdoor,CMP-0058,2010529.9,180947.69,9.0,1829582.21,0.0,8,129900.34,40210.6,Direct,End-User,Cancelled,True,2026-06-30,Financing Fell Through,8.0,7.0,7.1,2026-09-30,2026-09-30
SAL-000680,HVW-P3-B2-01523,HVW,CUS-000680,2024-10-06,,AGT-022,Team Nile,,,Direct / Walk-In,,2051173.8,254345.55,12.4,1796828.25,0.0,8,161714.54,41023.48,Direct,End-User,Cancelled,True,2024-12-08,Failed Credit Check,,,9.0,2026-09-30,2026-09-30
SAL-000681,HVW-P1-B2-01147,HVW,CUS-000681,2026-06-26,2026-06-30,AGT-022,Team Nile,,LEA-006473,Organic Website,CMP-0074,3639414.2,418532.63,11.5,3220881.57,0.0,8,180369.37,72788.28,Direct,Investor,Contracted,False,,,13.0,3.0,5.6,2026-09-30,2026-09-30
SAL-000682,HVW-P1-B1-01091,HVW,CUS-000682,2025-07-10,,AGT-023,Team Nile,,,Direct / Walk-In,,3949027.6,319871.24,8.1,3629156.36,0.0,8,250411.79,78980.55,Direct,End-User,Cancelled,True,2025-10-07,Financing Fell Through,,,6.9,2026-09-30,2026-09-30
SAL-000683,HVW-P3-B3-01567,HVW,CUS-000683,2026-06-05,2026-06-14,AGT-023,Team Nile,,,Direct / Walk-In,,3601579.2,370962.66,10.3,3230616.54,0.0,8,203528.84,72031.58,Direct,End-User,Contracted,False,,,,8.0,6.3,2026-09-30,2026-09-30
SAL-000684,HVW-P2-B1-01260,HVW,CUS-000684,2026-06-30,,AGT-025,Team Delta,,LEA-006965,TikTok,CMP-0066,3703097.0,196264.14,5.3,3506832.86,0.0,5,497970.27,74061.94,Direct,End-User,Reserved,False,,,2.0,,14.2,2026-09-30,2026-09-30
SAL-000685,HVW-P2-B3-01362,HVW,CUS-000685,2026-06-24,2026-06-30,AGT-022,Team Nile,BRK-07,LEA-007984,Brokers,CMP-0063,4380375.3,521264.66,11.9,3859110.64,76410.39,7,382051.95,87607.51,Broker,End-User,Cancelled,True,2026-06-30,Financing Fell Through,7.0,5.0,9.9,2026-09-30,2026-09-30
SAL-000686,HVW-P3-B3-01601,HVW,CUS-000686,2026-06-30,2026-06-30,AGT-023,Team Nile,,LEA-008642,WhatsApp,CMP-0068,4172310.4,575778.84,13.8,3596531.56,0.0,8,366846.22,83446.21,Direct,End-User,Contracted,False,,,4.0,0.0,10.2,2026-09-30,2026-09-30
SAL-000687,HVW-P1-B1-01060,HVW,CUS-000687,2025-01-24,,AGT-026,Team Delta,BRK-03,,Broker Referral,,5454592.4,212729.1,3.9,5241863.3,119514.48,7,1037888.93,109091.85,Broker,End-User,Reserved,False,,,,,19.8,2026-09-30,2026-09-30
SAL-000688,HVW-P2-B2-01345,HVW,CUS-000688,2025-04-29,2025-05-08,AGT-020,Team Nile,,,Direct / Walk-In,,3009344.4,415289.53,13.8,2594054.87,0.0,8,272375.76,60186.89,Direct,End-User,Contracted,False,,,,9.0,10.5,2026-09-30,2026-09-30
SAL-000689,HVW-P3-B2-01539,HVW,CUS-000689,2026-05-08,2026-05-11,AGT-021,Team Nile,,LEA-007338,Meta,CMP-0072,4377047.0,398311.28,9.1,3978735.72,0.0,7,258617.82,87540.94,Direct,End-User,Contracted,False,,,4.0,3.0,6.5,2026-09-30,2026-09-30
SAL-000690,HVW-P2-B3-01379,HVW,CUS-000690,2024-11-16,,AGT-021,Team Nile,,,Direct / Walk-In,,5922224.0,722511.33,12.2,5199712.67,0.0,8,285984.2,118444.48,Direct,End-User,Cancelled,True,2025-01-30,Failed Credit Check,,,5.5,2026-09-30,2026-09-30
SAL-000691,HVW-P3-B1-01497,HVW,CUS-000691,2026-06-27,,AGT-023,Team Nile,,LEA-008769,WhatsApp,CMP-0075,5294843.4,640676.05,12.1,4654167.35,0.0,8,255979.2,105896.87,Direct,Investor,Reserved,False,,,3.0,,5.5,2026-09-30,2026-09-30
SAL-000692,HVW-P2-B4-01410,HVW,CUS-000692,2026-06-30,,AGT-026,Team Delta,,LEA-008340,Referrals,CMP-0079,6291377.5,327151.63,5.2,5964225.87,0.0,5,1019882.62,125827.55,Direct,End-User,Reserved,False,,,3.0,,17.1,2026-09-30,2026-09-30
SAL-000693,HVW-P2-B3-01361,HVW,CUS-000693,2026-05-09,2026-05-10,AGT-027,Team Delta,,LEA-007362,Call Center,CMP-0078,3442950.0,144603.9,4.2,3298346.1,0.0,7,653072.53,68859.0,Direct,Investor,Contracted,False,,,6.0,1.0,19.8,2026-09-30,2026-09-30
SAL-000694,HVW-P2-B2-01344,HVW,CUS-000694,2026-06-08,2026-06-22,AGT-021,Team Nile,,LEA-008877,Google Display,CMP-0069,5250262.5,588029.4,11.2,4662233.1,0.0,8,270409.52,105005.25,Direct,End-User,Contracted,False,,,8.0,14.0,5.8,2026-09-30,2026-09-30
SAL-000695,HVW-P3-B2-01514,HVW,CUS-000695,2026-06-17,,AGT-028,Team Delta,,LEA-008872,Referrals,CMP-0064,2830925.8,195333.88,6.9,2635591.92,0.0,6,411152.34,56618.52,Direct,End-User,Reserved,False,,,8.0,,15.6,2026-09-30,2026-09-30
SAL-000696,HVW-P3-B4-01641,HVW,CUS-000696,2026-06-30,2026-06-30,AGT-026,Team Delta,,LEA-007239,Property Portals,CMP-0077,4175608.5,212956.03,5.1,3962652.47,0.0,6,741016.01,83512.17,Direct,End-User,Cancelled,True,2026-06-30,Personal / Financial Hardship,1.0,0.0,18.7,2026-09-30,2026-09-30
SAL-000697,HVW-P3-B4-01652,HVW,CUS-000697,2026-06-06,2026-06-26,AGT-021,Team Nile,,LEA-008532,WhatsApp,CMP-0075,5216565.6,464274.34,8.9,4752291.26,0.0,8,351669.55,104331.31,Direct,End-User,Contracted,False,,,3.0,19.0,7.4,2026-09-30,2026-09-30
SAL-000698,HVW-P1-B2-01111,HVW,CUS-000698,2025-12-29,2026-01-18,AGT-023,Team Nile,,,Direct / Walk-In,,4749884.4,503487.75,10.6,4246396.65,0.0,7,335465.34,94997.69,Direct,End-User,Contracted,False,,,,20.0,7.9,2026-09-30,2026-09-30
SAL-000699,HVW-P1-B4-01241,HVW,CUS-000699,2026-06-24,,AGT-021,Team Nile,,LEA-008772,WhatsApp,CMP-0068,2431900.2,265077.12,10.9,2166823.08,0.0,7,162511.73,48638.0,Direct,End-User,Cancelled,True,2026-06-30,Personal / Financial Hardship,0.0,,7.5,2026-09-30,2026-09-30
SAL-000700,HVW-P3-B4-01607,HVW,CUS-000700,2026-06-11,,AGT-026,Team Delta,BRK-05,LEA-008634,Google Display,CMP-0069,2225010.9,142400.7,6.4,2082610.2,56438.74,6,391530.72,44500.22,Broker,End-User,Cancelled,True,2026-06-30,Financing Fell Through,5.0,,18.8,2026-09-30,2026-09-30
SAL-000701,HVW-P2-B4-01447,HVW,CUS-000701,2026-06-30,,AGT-021,Team Nile,,LEA-007335,TikTok,CMP-0065,3144911.2,283042.01,9.0,2861869.19,0.0,7,226087.67,62898.22,Direct,Investor,Reserved,False,,,6.0,,7.9,2026-09-30,2026-09-30
SAL-000702,HVW-P1-B1-01056,HVW,CUS-000702,2026-05-16,,AGT-020,Team Nile,,LEA-007969,Meta,CMP-0072,2045843.1,249592.86,12.2,1796250.24,0.0,8,179625.02,40916.86,Direct,End-User,Reserved,False,,,12.0,,10.0,2026-09-30,2026-09-30
SAL-000703,HVW-P2-B3-01375,HVW,CUS-000703,2026-05-29,2026-06-04,AGT-019,Team Nile,BRK-05,LEA-006009,Events,CMP-0057,4018672.5,421960.61,10.5,3596711.89,97470.89,8,194222.44,80373.45,Broker,End-User,Contracted,False,,,9.0,6.0,5.4,2026-09-30,2026-09-30
SAL-000704,HVW-P3-B3-01582,HVW,CUS-000704,2025-05-02,2025-05-25,AGT-020,Team Nile,,,Direct / Walk-In,,2887559.2,337844.43,11.7,2549714.77,0.0,8,158082.32,57751.18,Direct,End-User,Cancelled,True,2025-07-19,Financing Fell Through,,22.0,6.2,2026-09-30,2026-09-30
SAL-000705,HVW-P3-B2-01541,HVW,CUS-000705,2025-06-23,,AGT-020,Team Nile,BRK-06,,Broker Referral,,4405223.2,409685.76,9.3,3995537.44,90698.7,7,227745.63,88104.46,Broker,End-User,Reserved,False,,,,,5.7,2026-09-30,2026-09-30
SAL-000706,HVW-P1-B3-01199,HVW,CUS-000706,2026-04-27,2026-05-21,AGT-026,Team Delta,,LEA-008435,Property Portals,CMP-0061,2892134.4,135930.32,4.7,2756204.08,0.0,6,380356.16,57842.69,Direct,End-User,Cancelled,True,2026-06-30,Financing Fell Through,5.0,24.0,13.8,2026-09-30,2026-09-30
SAL-000707,HVW-P3-B1-01453,HVW,CUS-000707,2026-05-04,,AGT-023,Team Nile,,LEA-006054,Referrals,CMP-0079,2585520.0,227525.76,8.8,2357994.24,0.0,7,214577.48,51710.4,Direct,End-User,Reserved,False,,,11.0,,9.1,2026-09-30,2026-09-30
SAL-000708,HVW-P1-B3-01189,HVW,CUS-000708,2026-05-12,2026-06-13,AGT-024,Team Delta,,LEA-006251,Organic Website,CMP-0074,4474426.6,178977.06,4.0,4295449.54,0.0,7,786067.27,89488.53,Direct,End-User,Contracted,False,,,7.0,32.0,18.3,2026-09-30,2026-09-30
SAL-000709,HVW-P1-B4-01235,HVW,CUS-000709,2026-06-20,,AGT-023,Team Nile,,LEA-007331,Organic Website,CMP-0074,4668780.3,630285.34,13.5,4038494.96,0.0,7,250386.69,93375.61,Direct,End-User,Reserved,False,,,7.0,,6.2,2026-09-30,2026-09-30
SAL-000710,HVW-P3-B3-01596,HVW,CUS-000710,2026-05-27,2026-06-16,AGT-021,Team Nile,,LEA-007184,Outdoor,CMP-0058,4657627.8,582203.47,12.5,4075424.33,0.0,7,248600.88,93152.56,Direct,End-User,Cancelled,True,2026-06-30,Financing Fell Through,2.0,19.0,6.1,2026-09-30,2026-09-30
SAL-000711,HVW-P1-B1-01100,HVW,CUS-000711,2026-05-30,2026-06-18,AGT-027,Team Delta,,LEA-008238,Google Display,CMP-0069,3376637.8,108052.41,3.2,3268585.39,0.0,7,617762.64,67532.76,Direct,End-User,Contracted,False,,,3.0,19.0,18.9,2026-09-30,2026-09-30
SAL-000712,HVW-P1-B3-01173,HVW,CUS-000712,2024-12-29,2025-01-09,AGT-028,Team Delta,,,Direct / Walk-In,,3782184.1,192891.39,5.1,3589292.71,0.0,5,570697.54,75643.68,Direct,End-User,Contracted,False,,,,11.0,15.9,2026-09-30,2026-09-30
SAL-000713,HVW-P3-B1-01481,HVW,CUS-000713,2026-05-31,2026-06-14,AGT-024,Team Delta,,LEA-006410,WhatsApp,CMP-0068,2384636.4,121616.46,5.1,2263019.94,0.0,5,443551.91,47692.73,Direct,End-User,Contracted,False,,,0.0,14.0,19.6,2026-09-30,2026-09-30
SAL-000714,HVW-P2-B2-01342,HVW,CUS-000714,2026-05-16,2026-06-04,AGT-025,Team Delta,,LEA-006771,Property Portals,CMP-0059,2119161.2,137745.48,6.5,1981415.72,0.0,6,275416.79,42383.22,Direct,End-User,Contracted,False,,,12.0,19.0,13.9,2026-09-30,2026-09-30
SAL-000715,HVW-P2-B2-01352,HVW,CUS-000715,2025-03-25,,AGT-027,Team Delta,,,Direct / Walk-In,,3225913.6,145166.11,4.5,3080747.49,0.0,7,542211.56,64518.27,Direct,End-User,Reserved,False,,,,,17.6,2026-09-30,2026-09-30
SAL-000716,HVW-P1-B1-01089,HVW,CUS-000716,2026-03-08,,AGT-022,Team Nile,,,Direct / Walk-In,,4479595.2,371806.4,8.3,4107788.8,0.0,7,451856.77,89591.9,Direct,End-User,Reserved,False,,,,,11.0,2026-09-30,2026-09-30
SAL-000717,HVW-P3-B1-01487,HVW,CUS-000717,2025-04-16,2025-05-17,AGT-027,Team Delta,,,Direct / Walk-In,,5821823.0,349309.38,6.0,5472513.62,0.0,5,722371.8,116436.46,Direct,End-User,Contracted,False,,,,31.0,13.2,2026-09-30,2026-09-30
SAL-000718,HVW-P3-B2-01513,HVW,CUS-000718,2025-02-27,2025-03-15,AGT-028,Team Delta,,,Direct / Walk-In,,2565710.2,84668.44,3.3,2481041.76,0.0,7,401928.77,51314.2,Direct,End-User,Cancelled,True,2025-04-29,Personal / Financial Hardship,,16.0,16.2,2026-09-30,2026-09-30
SAL-000719,HVW-P2-B4-01443,HVW,CUS-000719,2025-10-11,2025-10-25,AGT-028,Team Delta,,,Direct / Walk-In,,5494440.0,252744.24,4.6,5241695.76,0.0,5,676178.75,109888.8,Direct,End-User,Cancelled,True,2025-12-14,Personal / Financial Hardship,,14.0,12.9,2026-09-30,2026-09-30
SAL-000720,HVW-P1-B3-01191,HVW,CUS-000720,2025-09-24,,AGT-019,Team Nile,,,Direct / Walk-In,,5391434.6,587666.37,10.9,4803768.23,0.0,7,403516.53,107828.69,Direct,End-User,Reserved,False,,,,,8.4,2026-09-30,2026-09-30
SAL-000721,HVW-P3-B2-01545,HVW,CUS-000721,2026-04-07,,AGT-023,Team Nile,,,Direct / Walk-In,,4567324.9,607454.21,13.3,3959870.69,0.0,8,380147.59,91346.5,Direct,End-User,Reserved,False,,,,,9.6,2026-09-30,2026-09-30
SAL-000722,HVW-P2-B4-01408,HVW,CUS-000722,2026-04-11,,AGT-024,Team Delta,BRK-01,,Broker Referral,,3931894.2,129752.51,3.3,3802141.69,78704.33,5,638759.8,78637.88,Broker,End-User,Reserved,False,,,,,16.8,2026-09-30,2026-09-30
SAL-000723,HVW-P2-B2-01306,HVW,CUS-000723,2026-06-10,2026-06-24,AGT-027,Team Delta,BRK-12,,Broker Referral,,3195849.3,162988.31,5.1,3032860.99,63690.08,6,536816.4,63916.99,Broker,End-User,Contracted,False,,,,14.0,17.7,2026-09-30,2026-09-30
SAL-000724,HVW-P1-B4-01239,HVW,CUS-000724,2025-05-08,2025-05-17,AGT-025,Team Delta,,,Direct / Walk-In,,5233536.7,361114.03,6.9,4872422.67,0.0,6,916015.46,104670.73,Direct,End-User,Contracted,False,,,,9.0,18.8,2026-09-30,2026-09-30
SAL-000725,HVW-P1-B2-01141,HVW,CUS-000725,2025-01-22,2025-01-26,AGT-020,Team Nile,BRK-07,,Broker Referral,,3438243.0,336947.81,9.8,3101295.19,61405.64,7,279116.57,68764.86,Broker,End-User,Cancelled,True,2025-04-14,Failed Credit Check,,4.0,9.0,2026-09-30,2026-09-30
SAL-000726,HVW-P2-B4-01433,HVW,CUS-000726,2025-02-08,2025-02-24,AGT-024,Team Delta,,,Direct / Walk-In,,3203257.2,179382.4,5.6,3023874.8,0.0,5,547321.34,64065.14,Direct,End-User,Contracted,False,,,,16.0,18.1,2026-09-30,2026-09-30
SAL-000727,HVW-P3-B4-01644,HVW,CUS-000727,2024-08-18,,AGT-025,Team Delta,,,Direct / Walk-In,,4669285.8,298834.29,6.4,4370451.51,0.0,7,821644.88,93385.72,Direct,End-User,Reserved,False,,,,,18.8,2026-09-30,2026-09-30
SAL-000728,HVW-P1-B2-01110,HVW,CUS-000728,2025-12-10,2026-01-06,AGT-022,Team Nile,,,Direct / Walk-In,,5631372.0,574399.94,10.2,5056972.06,0.0,7,556266.93,112627.44,Direct,End-User,Contracted,False,,,,26.0,11.0,2026-09-30,2026-09-30
SAL-000729,HVW-P3-B1-01473,HVW,CUS-000729,2025-08-04,2025-08-08,AGT-023,Team Nile,,,Direct / Walk-In,,4122002.5,544104.33,13.2,3577898.17,0.0,8,243297.08,82440.05,Direct,End-User,Cancelled,True,2025-10-16,Failed Credit Check,,3.0,6.8,2026-09-30,2026-09-30
SAL-000730,HVW-P1-B1-01080,HVW,CUS-000730,2025-11-12,,AGT-025,Team Delta,,,Direct / Walk-In,,3870825.0,119995.57,3.1,3750829.43,0.0,5,708906.76,77416.5,Direct,End-User,Reserved,False,,,,,18.9,2026-09-30,2026-09-30
SAL-000731,HVW-P3-B1-01485,HVW,CUS-000731,2025-10-27,2025-11-20,AGT-027,Team Delta,,,Direct / Walk-In,,3773078.4,124511.59,3.3,3648566.81,0.0,6,532690.75,75461.57,Direct,End-User,Cancelled,True,2025-12-30,Financing Fell Through,,23.0,14.6,2026-09-30,2026-09-30
SAL-000732,HVW-P1-B1-01073,HVW,CUS-000732,2026-01-05,2026-02-08,AGT-027,Team Delta,,,Direct / Walk-In,,3104798.4,93143.95,3.0,3011654.45,0.0,5,484876.37,62095.97,Direct,End-User,Contracted,False,,,,34.0,16.1,2026-09-30,2026-09-30
SAL-000733,HVW-P3-B2-01552,HVW,CUS-000733,2025-06-27,2025-07-15,AGT-020,Team Nile,,,Direct / Walk-In,,2168686.6,232049.47,10.7,1936637.13,0.0,8,211093.45,43373.73,Direct,End-User,Contracted,False,,,,18.0,10.9,2026-09-30,2026-09-30
SAL-000734,HVW-P2-B3-01383,HVW,CUS-000734,2025-12-28,2026-02-09,AGT-024,Team Delta,BRK-10,,Broker Referral,,2898821.2,95661.1,3.3,2803160.1,52979.73,6,526994.1,57976.42,Broker,End-User,Contracted,False,,,,43.0,18.8,2026-09-30,2026-09-30
SAL-000735,HVW-P1-B3-01202,HVW,CUS-000735,2024-07-24,2024-08-06,AGT-028,Team Delta,,,Direct / Walk-In,,4973248.0,288448.38,5.8,4684799.62,0.0,7,683980.74,99464.96,Direct,End-User,Contracted,False,,,,12.0,14.6,2026-09-30,2026-09-30
SAL-000736,HVW-P2-B1-01254,HVW,CUS-000736,2025-07-18,2025-08-17,AGT-021,Team Nile,,,Direct / Walk-In,,5112114.4,429417.61,8.4,4682696.79,0.0,8,482317.77,102242.29,Direct,End-User,Cancelled,True,2025-10-07,Financing Fell Through,,29.0,10.3,2026-09-30,2026-09-30
SAL-000737,HVW-P3-B2-01526,HVW,CUS-000737,2025-01-07,2025-01-25,AGT-019,Team Nile,,,Direct / Walk-In,,4089273.5,502980.64,12.3,3586292.86,0.0,8,390905.92,81785.47,Direct,End-User,Contracted,False,,,,17.0,10.9,2026-09-30,2026-09-30
SAL-000738,HVW-P1-B3-01169,HVW,CUS-000738,2025-06-04,,AGT-025,Team Delta,,,Direct / Walk-In,,4266729.4,153602.26,3.6,4113127.14,0.0,7,810286.05,85334.59,Direct,End-User,Reserved,False,,,,,19.7,2026-09-30,2026-09-30
SAL-000739,HVW-P2-B2-01311,HVW,CUS-000739,2024-08-29,2024-09-15,AGT-026,Team Delta,,,Direct / Walk-In,,3897363.6,268918.09,6.9,3628445.51,0.0,7,656748.64,77947.27,Direct,End-User,Cancelled,True,2024-11-09,Failed Credit Check,,17.0,18.1,2026-09-30,2026-09-30
SAL-000740,HVW-P3-B2-01505,HVW,CUS-000740,2025-08-20,2025-09-09,AGT-022,Team Nile,,,Direct / Walk-In,,4060513.0,511624.64,12.6,3548888.36,0.0,8,220031.08,81210.26,Direct,End-User,Contracted,False,,,,19.0,6.2,2026-09-30,2026-09-30
SAL-000741,HVW-P2-B2-01347,HVW,CUS-000741,2024-09-07,2024-09-28,AGT-025,Team Delta,BRK-05,,Broker Referral,,4992441.9,204690.12,4.1,4787751.78,129748.07,5,857007.57,99848.84,Broker,End-User,Cancelled,True,2024-11-01,Failed Credit Check,,21.0,17.9,2026-09-30,2026-09-30
SAL-000742,HVW-P2-B1-01273,HVW,CUS-000742,2025-04-11,2025-04-23,AGT-023,Team Nile,BRK-13,,Broker Referral,,5884925.2,670881.47,11.4,5214043.73,106887.9,7,380625.19,117698.5,Broker,End-User,Contracted,False,,,,11.0,7.3,2026-09-30,2026-09-30
SAL-000743,HVW-P2-B1-01270,HVW,CUS-000743,2024-11-29,,AGT-021,Team Nile,BRK-03,,Broker Referral,,3356102.0,305405.28,9.1,3050696.72,69555.89,7,320323.16,67122.04,Broker,End-User,Cancelled,True,2025-01-21,Failed Credit Check,,,10.5,2026-09-30,2026-09-30
SAL-000744,HVW-P3-B4-01623,HVW,CUS-000744,2025-07-02,2025-07-19,AGT-020,Team Nile,,,Direct / Walk-In,,2593382.4,267118.39,10.3,2326264.01,0.0,8,209363.76,51867.65,Direct,End-User,Cancelled,True,2025-09-02,Failed Credit Check,,16.0,9.0,2026-09-30,2026-09-30
SAL-000745,HVW-P1-B2-01144,HVW,CUS-000745,2026-03-20,2026-04-12,AGT-019,Team Nile,,,Direct / Walk-In,,4021764.0,563046.96,14.0,3458717.04,0.0,8,262862.5,80435.28,Direct,End-User,Contracted,False,,,,23.0,7.6,2026-09-30,2026-09-30
SAL-000746,HVW-P1-B1-01099,HVW,CUS-000746,2024-12-21,2025-01-06,AGT-021,Team Nile,,,Direct / Walk-In,,3342603.8,287463.93,8.6,3055139.87,0.0,8,189418.67,66852.08,Direct,End-User,Contracted,False,,,,15.0,6.2,2026-09-30,2026-09-30
SAL-000747,HVW-P2-B4-01421,HVW,CUS-000747,2025-02-03,,AGT-021,Team Nile,,,Direct / Walk-In,,6655325.8,685498.56,10.3,5969827.24,0.0,7,489525.83,133106.52,Direct,End-User,Reserved,False,,,,,8.2,2026-09-30,2026-09-30
SAL-000748,HVW-P1-B2-01126,HVW,CUS-000748,2025-02-24,2025-03-14,AGT-019,Team Nile,,,Direct / Walk-In,,3046437.6,277225.82,9.1,2769211.78,0.0,7,296305.66,60928.75,Direct,End-User,Contracted,False,,,,18.0,10.7,2026-09-30,2026-09-30
SAL-000749,HVW-P2-B1-01266,HVW,CUS-000749,2024-08-14,2024-09-05,AGT-027,Team Delta,BRK-08,,Broker Referral,,4286261.6,257175.7,6.0,4029085.9,62047.92,5,797759.01,85725.23,Broker,End-User,Contracted,False,,,,21.0,19.8,2026-09-30,2026-09-30
SAL-000750,HVW-P2-B4-01439,HVW,CUS-000750,2025-06-02,2025-06-28,AGT-025,Team Delta,,,Direct / Walk-In,,4050585.0,157972.82,3.9,3892612.18,0.0,5,548858.32,81011.7,Direct,End-User,Contracted,False,,,,25.0,14.1,2026-09-30,2026-09-30
SAL-000751,HVW-P3-B2-01503,HVW,CUS-000751,2026-02-21,2026-03-13,AGT-027,Team Delta,,,Direct / Walk-In,,4352608.4,243746.07,5.6,4108862.33,0.0,6,497172.34,87052.17,Direct,End-User,Contracted,False,,,,20.0,12.1,2026-09-30,2026-09-30
SAL-000752,HVW-P2-B2-01322,HVW,CUS-000752,2025-11-17,2025-12-08,AGT-020,Team Nile,,,Direct / Walk-In,,1951599.0,247853.07,12.7,1703745.93,0.0,8,127780.94,39031.98,Direct,End-User,Contracted,False,,,,21.0,7.5,2026-09-30,2026-09-30
SAL-000753,HVW-P3-B2-01508,HVW,CUS-000753,2026-06-18,2026-06-30,AGT-025,Team Delta,,,Direct / Walk-In,,5304604.6,360713.11,6.8,4943891.49,0.0,6,855293.23,106092.09,Direct,End-User,Contracted,False,,,,11.0,17.3,2026-09-30,2026-09-30
SAL-000754,HVW-P2-B2-01321,HVW,CUS-000754,2024-07-16,2024-07-29,AGT-020,Team Nile,,,Direct / Walk-In,,5413321.0,600878.63,11.1,4812442.37,0.0,8,413870.04,108266.42,Direct,End-User,Contracted,False,,,,13.0,8.6,2026-09-30,2026-09-30
SAL-000755,HVW-P1-B1-01097,HVW,CUS-000755,2025-09-30,2025-10-14,AGT-024,Team Delta,,,Direct / Walk-In,,3622222.0,119533.33,3.3,3502688.67,0.0,5,605965.14,72444.44,Direct,End-User,Contracted,False,,,,13.0,17.3,2026-09-30,2026-09-30
SAL-000756,HVW-P3-B2-01519,HVW,CUS-000756,2025-03-14,,AGT-024,Team Delta,,,Direct / Walk-In,,3046680.5,188894.19,6.2,2857786.31,0.0,5,357223.29,60933.61,Direct,End-User,Reserved,False,,,,,12.5,2026-09-30,2026-09-30
SAL-000757,HVW-P1-B2-01148,HVW,CUS-000757,2025-08-16,2025-08-29,AGT-028,Team Delta,,,Direct / Walk-In,,5549253.6,344053.72,6.2,5205199.88,0.0,6,1041039.98,110985.07,Direct,End-User,Contracted,False,,,,12.0,20.0,2026-09-30,2026-09-30
SAL-000758,HVW-P3-B2-01521,HVW,CUS-000758,2025-12-16,2026-01-06,AGT-026,Team Delta,,,Direct / Walk-In,,3798516.0,129149.54,3.4,3669366.46,0.0,6,605445.47,75970.32,Direct,End-User,Contracted,False,,,,20.0,16.5,2026-09-30,2026-09-30
SAL-000759,HVW-P2-B2-01318,HVW,CUS-000759,2026-03-05,2026-03-22,AGT-025,Team Delta,,,Direct / Walk-In,,3907528.3,230544.17,5.9,3676984.13,0.0,7,444915.08,78150.57,Direct,End-User,Contracted,False,,,,17.0,12.1,2026-09-30,2026-09-30
SAL-000760,HVW-P3-B4-01649,HVW,CUS-000760,2025-04-19,2025-05-23,AGT-020,Team Nile,,,Direct / Walk-In,,3701243.7,396033.08,10.7,3305210.62,0.0,7,287553.32,74024.87,Direct,End-User,Contracted,False,,,,33.0,8.7,2026-09-30,2026-09-30
SAL-000761,HVW-P1-B2-01117,HVW,CUS-000761,2024-12-10,,AGT-019,Team Nile,,,Direct / Walk-In,,5439221.1,609192.76,11.2,4830028.34,0.0,7,463682.72,108784.42,Direct,End-User,Cancelled,True,2025-03-03,Personal / Financial Hardship,,,9.6,2026-09-30,2026-09-30
SAL-000762,HVW-P1-B4-01225,HVW,CUS-000762,2024-12-17,,AGT-024,Team Delta,,,Direct / Walk-In,,4399609.5,294773.84,6.7,4104835.66,0.0,5,599306.01,87992.19,Direct,End-User,Reserved,False,,,,,14.6,2026-09-30,2026-09-30
SAL-000763,HVW-P1-B4-01237,HVW,CUS-000763,2026-01-30,2026-02-13,AGT-021,Team Nile,,,Direct / Walk-In,,3569251.5,481848.95,13.5,3087402.55,0.0,8,237730.0,71385.03,Direct,End-User,Cancelled,True,2026-05-07,Failed Credit Check,,13.0,7.7,2026-09-30,2026-09-30
SAL-000764,HVW-P3-B4-01646,HVW,CUS-000764,2025-02-07,,AGT-025,Team Delta,,,Direct / Walk-In,,3359579.0,198215.16,5.9,3161363.84,0.0,6,439429.57,67191.58,Direct,End-User,Reserved,False,,,,,13.9,2026-09-30,2026-09-30
SAL-000765,HVW-P3-B2-01550,HVW,CUS-000765,2025-07-05,2025-07-23,AGT-026,Team Delta,,,Direct / Walk-In,,5547067.0,343918.15,6.2,5203148.85,0.0,6,676409.35,110941.34,Direct,End-User,Cancelled,True,2025-09-01,Personal / Financial Hardship,,18.0,13.0,2026-09-30,2026-09-30
SAL-000766,HVW-P3-B3-01600,HVW,CUS-000766,2024-12-07,2024-12-18,AGT-019,Team Nile,BRK-06,,Broker Referral,,5500057.6,511505.36,9.3,4988552.24,113240.14,8,369152.87,110001.15,Broker,End-User,Cancelled,True,2025-03-06,Personal / Financial Hardship,,10.0,7.4,2026-09-30,2026-09-30
SAL-000767,HVW-P2-B1-01302,HVW,CUS-000767,2026-01-30,2026-02-22,AGT-024,Team Delta,BRK-05,,Broker Referral,,4225624.0,156348.09,3.7,4069275.91,110277.38,7,748746.77,84512.48,Broker,End-User,Contracted,False,,,,22.0,18.4,2026-09-30,2026-09-30
SAL-000768,HVW-P3-B4-01647,HVW,CUS-000768,2026-04-13,,AGT-028,Team Delta,,,Direct / Walk-In,,4583542.0,302513.77,6.6,4281028.23,0.0,7,526566.47,91670.84,Direct,End-User,Reserved,False,,,,,12.3,2026-09-30,2026-09-30
SAL-000769,HVW-P1-B4-01206,HVW,CUS-000769,2025-11-23,2025-12-04,AGT-026,Team Delta,,,Direct / Walk-In,,3677250.5,209603.28,5.7,3467647.22,0.0,6,582564.73,73545.01,Direct,End-User,Cancelled,True,2026-01-23,Financing Fell Through,,11.0,16.8,2026-09-30,2026-09-30
SAL-000770,HVW-P3-B4-01624,HVW,CUS-000770,2026-06-06,,AGT-022,Team Nile,,,Direct / Walk-In,,5077273.2,436645.5,8.6,4640627.7,0.0,8,501187.79,101545.46,Direct,End-User,Cancelled,True,2026-06-30,Failed Credit Check,,,10.8,2026-09-30,2026-09-30
SAL-000771,HVW-P3-B2-01522,HVW,CUS-000771,2025-04-01,2025-04-04,AGT-028,Team Delta,,,Direct / Walk-In,,4330437.0,181878.35,4.2,4148558.65,0.0,7,535164.07,86608.74,Direct,End-User,Contracted,False,,,,2.0,12.9,2026-09-30,2026-09-30
SAL-000772,HVW-P1-B4-01218,HVW,CUS-000772,2025-08-15,2025-08-31,AGT-027,Team Delta,,,Direct / Walk-In,,4454755.2,222737.76,5.0,4232017.44,0.0,6,723674.98,89095.1,Direct,End-User,Contracted,False,,,,15.0,17.1,2026-09-30,2026-09-30
SAL-000773,HVW-P1-B1-01072,HVW,CUS-000773,2025-08-05,2025-09-04,AGT-026,Team Delta,BRK-01,,Broker Referral,,1872417.6,86131.21,4.6,1786286.39,36976.13,7,273301.82,37448.35,Broker,End-User,Contracted,False,,,,30.0,15.3,2026-09-30,2026-09-30
SAL-000774,HVW-P3-B4-01613,HVW,CUS-000774,2026-04-03,2026-04-30,AGT-027,Team Delta,,,Direct / Walk-In,,2446666.5,149246.66,6.1,2297419.84,0.0,6,314746.52,48933.33,Direct,End-User,Contracted,False,,,,26.0,13.7,2026-09-30,2026-09-30
SAL-000775,HVW-P3-B4-01631,HVW,CUS-000775,2025-01-13,2025-01-22,AGT-022,Team Nile,,,Direct / Walk-In,,4395204.9,575771.84,13.1,3819433.06,0.0,8,229165.98,87904.1,Direct,End-User,Contracted,False,,,,9.0,6.0,2026-09-30,2026-09-30
SAL-000776,HVW-P1-B3-01179,HVW,CUS-000776,2025-10-31,,AGT-028,Team Delta,BRK-06,,Broker Referral,,4495626.0,229276.93,5.1,4266349.07,96846.12,6,593022.52,89912.52,Broker,End-User,Cancelled,True,2025-12-11,Financing Fell Through,,,13.9,2026-09-30,2026-09-30
SAL-000777,HVW-P1-B3-01171,HVW,CUS-000777,2025-05-16,2025-06-06,AGT-019,Team Nile,BRK-13,,Broker Referral,,3967411.0,349132.17,8.8,3618278.83,74174.72,8,199005.34,79348.22,Broker,End-User,Cancelled,True,2025-09-01,Personal / Financial Hardship,,20.0,5.5,2026-09-30,2026-09-30
SAL-000778,HVW-P2-B1-01258,HVW,CUS-000778,2025-09-12,2025-10-01,AGT-028,Team Delta,,,Direct / Walk-In,,4740357.8,161172.17,3.4,4579185.63,0.0,7,595294.13,94807.16,Direct,End-User,Contracted,False,,,,18.0,13.0,2026-09-30,2026-09-30
SAL-000779,HVW-P3-B4-01606,HVW,CUS-000779,2026-05-26,,AGT-024,Team Delta,,,Direct / Walk-In,,5537937.6,315662.44,5.7,5222275.16,0.0,7,720673.97,110758.75,Direct,End-User,Reserved,False,,,,,13.8,2026-09-30,2026-09-30
SAL-000780,HVW-P1-B2-01118,HVW,CUS-000780,2025-10-31,2025-11-27,AGT-028,Team Delta,,,Direct / Walk-In,,3050655.0,183039.3,6.0,2867615.7,0.0,6,533376.52,61013.1,Direct,End-User,Contracted,False,,,,27.0,18.6,2026-09-30,2026-09-30
SAL-000781,HVW-P1-B1-01092,HVW,CUS-000781,2024-12-09,2024-12-19,AGT-023,Team Nile,,,Direct / Walk-In,,6453644.4,606642.57,9.4,5847001.83,0.0,7,479454.15,129072.89,Direct,End-User,Cancelled,True,2025-02-10,Personal / Financial Hardship,,9.0,8.2,2026-09-30,2026-09-30
SAL-000782,HVW-P1-B4-01208,HVW,CUS-000782,2026-03-30,2026-04-15,AGT-028,Team Delta,,,Direct / Walk-In,,3058728.6,94820.59,3.1,2963908.01,0.0,5,468297.47,61174.57,Direct,End-User,Contracted,False,,,,16.0,15.8,2026-09-30,2026-09-30
SAL-000783,HVW-P2-B2-01319,HVW,CUS-000783,2024-08-08,,AGT-028,Team Delta,,,Direct / Walk-In,,4825935.4,193037.42,4.0,4632897.98,0.0,7,898782.21,96518.71,Direct,End-User,Reserved,False,,,,,19.4,2026-09-30,2026-09-30
SAL-000784,HVW-P1-B4-01243,HVW,CUS-000784,2025-09-18,,AGT-023,Team Nile,,,Direct / Walk-In,,5583597.3,776120.02,13.9,4807477.28,0.0,8,249988.82,111671.95,Direct,End-User,Reserved,False,,,,,5.2,2026-09-30,2026-09-30
SAL-000785,HVW-P1-B4-01222,HVW,CUS-000785,2025-07-22,2025-08-04,AGT-027,Team Delta,,,Direct / Walk-In,,4661104.6,209749.71,4.5,4451354.89,0.0,7,583127.49,93222.09,Direct,End-User,Contracted,False,,,,12.0,13.1,2026-09-30,2026-09-30
SAL-000786,HVW-P1-B2-01138,HVW,CUS-000786,2025-09-05,2025-09-20,AGT-024,Team Delta,,,Direct / Walk-In,,4265936.0,157839.63,3.7,4108096.37,0.0,7,505295.85,85318.72,Direct,End-User,Contracted,False,,,,14.0,12.3,2026-09-30,2026-09-30
SAL-000787,HVW-P1-B2-01115,HVW,CUS-000787,2024-10-03,,AGT-023,Team Nile,,,Direct / Walk-In,,4355911.8,487862.12,11.2,3868049.68,0.0,7,290103.73,87118.24,Direct,End-User,Cancelled,True,2024-12-17,Personal / Financial Hardship,,,7.5,2026-09-30,2026-09-30
SAL-000788,HVW-P2-B1-01253,HVW,CUS-000788,2025-02-13,2025-02-26,AGT-022,Team Nile,,,Direct / Walk-In,,2901207.0,374255.7,12.9,2526951.3,0.0,7,202156.1,58024.14,Direct,End-User,Contracted,False,,,,13.0,8.0,2026-09-30,2026-09-30
SAL-000789,HVW-P2-B1-01297,HVW,CUS-000789,2025-03-20,2025-03-28,AGT-028,Team Delta,,,Direct / Walk-In,,5972865.0,238914.6,4.0,5733950.4,0.0,6,940367.87,119457.3,Direct,End-User,Contracted,False,,,,7.0,16.4,2026-09-30,2026-09-30
SAL-000790,HVW-P1-B4-01214,HVW,CUS-000790,2025-04-13,,AGT-025,Team Delta,,,Direct / Walk-In,,2739884.6,117815.04,4.3,2622069.56,0.0,5,340869.04,54797.69,Direct,End-User,Reserved,False,,,,,13.0,2026-09-30,2026-09-30
SAL-000791,HVW-P2-B4-01425,HVW,CUS-000791,2025-01-28,,AGT-021,Team Nile,,,Direct / Walk-In,,3434456.0,419003.63,12.2,3015452.37,0.0,8,183942.59,68689.12,Direct,End-User,Reserved,False,,,,,6.1,2026-09-30,2026-09-30
SAL-000792,HVW-P1-B2-01140,HVW,CUS-000792,2025-06-11,,AGT-021,Team Nile,,,Direct / Walk-In,,5827547.4,664340.4,11.4,5163207.0,0.0,8,428546.18,116550.95,Direct,End-User,Reserved,False,,,,,8.3,2026-09-30,2026-09-30
SAL-000793,HVW-P2-B3-01368,HVW,CUS-000793,2026-06-13,,AGT-027,Team Delta,,,Direct / Walk-In,,2312855.1,131832.74,5.7,2181022.36,0.0,5,292257.0,46257.1,Direct,End-User,Reserved,False,,,,,13.4,2026-09-30,2026-09-30
SAL-000794,HVW-P3-B4-01627,HVW,CUS-000794,2025-11-06,2025-11-11,AGT-027,Team Delta,,,Direct / Walk-In,,4206232.8,222930.34,5.3,3983302.46,0.0,7,689111.33,84124.66,Direct,End-User,Cancelled,True,2025-12-18,Failed Credit Check,,5.0,17.3,2026-09-30,2026-09-30
SAL-000795,HVW-P1-B3-01166,HVW,CUS-000795,2025-05-20,2025-06-13,AGT-023,Team Nile,,,Direct / Walk-In,,5050828.8,616201.11,12.2,4434627.69,0.0,7,461201.28,101016.58,Direct,End-User,Contracted,False,,,,23.0,10.4,2026-09-30,2026-09-30
SAL-000796,HVW-P3-B1-01483,HVW,CUS-000796,2025-07-13,2025-07-17,AGT-024,Team Delta,,,Direct / Walk-In,,3560850.6,128190.62,3.6,3432659.98,0.0,6,446245.8,71217.01,Direct,End-User,Contracted,False,,,,4.0,13.0,2026-09-30,2026-09-30
SAL-000797,HVW-P1-B4-01217,HVW,CUS-000797,2026-01-06,2026-02-07,AGT-027,Team Delta,,,Direct / Walk-In,,4391280.0,144912.24,3.3,4246367.76,0.0,6,522303.23,87825.6,Direct,End-User,Contracted,False,,,,32.0,12.3,2026-09-30,2026-09-30
SAL-000798,HVW-P3-B2-01546,HVW,CUS-000798,2026-04-18,2026-05-10,AGT-019,Team Nile,,,Direct / Walk-In,,2886371.8,366569.22,12.7,2519802.58,0.0,8,254500.06,57727.44,Direct,End-User,Cancelled,True,2026-06-30,Financing Fell Through,,21.0,10.1,2026-09-30,2026-09-30
SAL-000799,HVW-P1-B1-01083,HVW,CUS-000799,2024-10-01,2024-10-04,AGT-026,Team Delta,,,Direct / Walk-In,,2313399.6,90222.58,3.9,2223177.02,0.0,6,306798.43,46267.99,Direct,End-User,Contracted,False,,,,3.0,13.8,2026-09-30,2026-09-30
SAL-000800,HVW-P1-B1-01074,HVW,CUS-000800,2024-12-05,,AGT-020,Team Nile,,,Direct / Walk-In,,3255163.6,273433.74,8.4,2981729.86,0.0,7,301154.72,65103.27,Direct,End-User,Reserved,False,,,,,10.1,2026-09-30,2026-09-30
SAL-000801,HVW-P1-B3-01174,HVW,CUS-000801,2025-10-22,2025-11-19,AGT-027,Team Delta,,,Direct / Walk-In,,2458434.0,113087.96,4.6,2345346.04,0.0,6,283786.87,49168.68,Direct,End-User,Contracted,False,,,,27.0,12.1,2026-09-30,2026-09-30
SAL-000802,HVW-P1-B3-01183,HVW,CUS-000802,2025-02-10,2025-03-05,AGT-026,Team Delta,,,Direct / Walk-In,,3966718.0,146768.57,3.7,3819949.43,0.0,7,477493.68,79334.36,Direct,End-User,Contracted,False,,,,23.0,12.5,2026-09-30,2026-09-30
SAL-000803,HVW-P2-B2-01307,HVW,CUS-000803,2025-01-27,2025-02-12,AGT-025,Team Delta,,,Direct / Walk-In,,2510810.1,130562.13,5.2,2380247.97,0.0,6,390360.67,50216.2,Direct,End-User,Contracted,False,,,,15.0,16.4,2026-09-30,2026-09-30
SAL-000804,HVW-P1-B2-01116,HVW,CUS-000804,2026-05-30,2026-06-11,AGT-027,Team Delta,,,Direct / Walk-In,,5310641.7,302706.58,5.7,5007935.12,0.0,6,671063.31,106212.83,Direct,End-User,Contracted,False,,,,11.0,13.4,2026-09-30,2026-09-30
SAL-000805,HVW-P1-B1-01076,HVW,CUS-000805,2026-04-05,2026-04-22,AGT-025,Team Delta,,,Direct / Walk-In,,3324462.2,222738.97,6.7,3101723.23,0.0,7,521089.5,66489.24,Direct,End-User,Contracted,False,,,,16.0,16.8,2026-09-30,2026-09-30
SAL-000806,HVW-P3-B4-01643,HVW,CUS-000806,2024-12-22,2025-01-11,AGT-024,Team Delta,,,Direct / Walk-In,,3618411.3,151973.27,4.2,3466438.03,0.0,5,648223.91,72368.23,Direct,End-User,Contracted,False,,,,19.0,18.7,2026-09-30,2026-09-30
SAL-000807,HVW-P2-B4-01445,HVW,CUS-000807,2025-02-05,,AGT-026,Team Delta,,,Direct / Walk-In,,4094853.0,151509.56,3.7,3943343.44,0.0,7,615161.58,81897.06,Direct,End-User,Reserved,False,,,,,15.6,2026-09-30,2026-09-30
SAL-000808,HVW-P1-B1-01082,HVW,CUS-000808,2026-02-06,,AGT-020,Team Nile,,,Direct / Walk-In,,4477464.0,586547.78,13.1,3890916.22,0.0,7,276255.05,89549.28,Direct,End-User,Cancelled,True,2026-03-24,Financing Fell Through,,,7.1,2026-09-30,2026-09-30
SAL-000809,HVW-P3-B3-01586,HVW,CUS-000809,2025-08-25,2025-10-03,AGT-028,Team Delta,,,Direct / Walk-In,,5412870.0,319359.33,5.9,5093510.67,0.0,6,764026.6,108257.4,Direct,End-User,Contracted,False,,,,38.0,15.0,2026-09-30,2026-09-30
SAL-000810,HVW-P3-B3-01561,HVW,CUS-000810,2025-09-05,,AGT-027,Team Delta,,,Direct / Walk-In,,6281037.0,420829.48,6.7,5860207.52,0.0,7,990375.07,125620.74,Direct,End-User,Reserved,False,,,,,16.9,2026-09-30,2026-09-30
SAL-000811,HVW-P3-B4-01610,HVW,CUS-000811,2025-05-08,,AGT-028,Team Delta,,,Direct / Walk-In,,2853328.8,142666.44,5.0,2710662.36,0.0,5,441837.96,57066.58,Direct,End-User,Reserved,False,,,,,16.3,2026-09-30,2026-09-30
SAL-000812,HVW-P2-B4-01441,HVW,CUS-000812,2025-03-05,,AGT-020,Team Nile,,,Direct / Walk-In,,4144997.5,339889.79,8.2,3805107.71,0.0,7,304408.62,82899.95,Direct,End-User,Reserved,False,,,,,8.0,2026-09-30,2026-09-30
SAL-000813,HVW-P2-B4-01406,HVW,CUS-000813,2025-10-14,2025-10-15,AGT-020,Team Nile,,,Direct / Walk-In,,4631286.3,634486.22,13.7,3996800.08,0.0,7,347721.61,92625.73,Direct,End-User,Contracted,False,,,,1.0,8.7,2026-09-30,2026-09-30
SAL-000814,HVW-P1-B3-01181,HVW,CUS-000814,2026-01-25,2026-02-21,AGT-022,Team Nile,,,Direct / Walk-In,,3993346.0,419301.33,10.5,3574044.67,0.0,7,368126.6,79866.92,Direct,End-User,Contracted,False,,,,26.0,10.3,2026-09-30,2026-09-30
SAL-000815,HVW-P1-B3-01186,HVW,CUS-000815,2025-08-12,2025-09-22,AGT-024,Team Delta,,,Direct / Walk-In,,2179435.2,87177.41,4.0,2092257.79,0.0,6,286639.32,43588.7,Direct,End-User,Contracted,False,,,,40.0,13.7,2026-09-30,2026-09-30
SAL-000816,HVW-P3-B1-01496,HVW,CUS-000816,2025-05-21,2025-06-01,AGT-023,Team Nile,,,Direct / Walk-In,,3988561.8,394867.62,9.9,3593694.18,0.0,8,247964.9,79771.24,Direct,End-User,Cancelled,True,2025-08-09,Personal / Financial Hardship,,10.0,6.9,2026-09-30,2026-09-30
SAL-000817,HVW-P1-B4-01246,HVW,CUS-000817,2025-11-03,2025-12-04,AGT-027,Team Delta,,,Direct / Walk-In,,4576369.6,242547.59,5.3,4333822.01,0.0,7,619736.55,91527.39,Direct,End-User,Contracted,False,,,,30.0,14.3,2026-09-30,2026-09-30
SAL-000818,HVW-P2-B3-01363,HVW,CUS-000818,2024-07-15,,AGT-028,Team Delta,,,Direct / Walk-In,,3424343.5,226006.67,6.6,3198336.83,0.0,5,617279.01,68486.87,Direct,End-User,Reserved,False,,,,,19.3,2026-09-30,2026-09-30
SAL-000819,HVW-P1-B1-01062,HVW,CUS-000819,2025-07-14,,AGT-025,Team Delta,,,Direct / Walk-In,,4728172.5,307331.21,6.5,4420841.29,0.0,7,884168.26,94563.45,Direct,End-User,Reserved,False,,,,,20.0,2026-09-30,2026-09-30
SAL-000820,HVW-P2-B1-01301,HVW,CUS-000820,2024-07-28,2024-08-26,AGT-021,Team Nile,,,Direct / Walk-In,,3152961.9,368896.54,11.7,2784065.36,0.0,8,180964.25,63059.24,Direct,End-User,Contracted,False,,,,28.0,6.5,2026-09-30,2026-09-30
SAL-000821,HVW-P3-B1-01468,HVW,CUS-000821,2025-02-17,2025-03-06,AGT-022,Team Nile,,,Direct / Walk-In,,2826141.8,378703.0,13.4,2447438.8,0.0,7,212927.18,56522.84,Direct,End-User,Contracted,False,,,,16.0,8.7,2026-09-30,2026-09-30
SAL-000822,HVW-P3-B4-01650,HVW,CUS-000822,2025-09-24,,AGT-027,Team Delta,,,Direct / Walk-In,,2254106.8,101434.81,4.5,2152671.99,0.0,7,290610.72,45082.14,Direct,End-User,Cancelled,True,2025-11-07,Failed Credit Check,,,13.5,2026-09-30,2026-09-30
SAL-000823,HVW-P3-B2-01518,HVW,CUS-000823,2025-06-28,2025-07-01,AGT-020,Team Nile,,,Direct / Walk-In,,4868294.2,423541.6,8.7,4444752.6,0.0,8,257795.65,97365.88,Direct,End-User,Cancelled,True,2025-09-28,Personal / Financial Hardship,,2.0,5.8,2026-09-30,2026-09-30
SAL-000824,HVW-P2-B3-01369,HVW,CUS-000824,2025-09-13,2025-09-28,AGT-019,Team Nile,,,Direct / Walk-In,,4969404.0,477062.78,9.6,4492341.22,0.0,8,233601.74,99388.08,Direct,End-User,Cancelled,True,2025-12-08,Failed Credit Check,,14.0,5.2,2026-09-30,2026-09-30
SAL-000825,HVW-P2-B2-01350,HVW,CUS-000825,2025-03-04,2025-03-20,AGT-024,Team Delta,,,Direct / Walk-In,,5319264.4,265963.22,5.0,5053301.18,0.0,5,950020.62,106385.29,Direct,End-User,Cancelled,True,2025-05-03,Failed Credit Check,,16.0,18.8,2026-09-30,2026-09-30
SAL-000826,HVW-P3-B3-01555,HVW,CUS-000826,2026-01-12,2026-01-20,AGT-028,Team Delta,,,Direct / Walk-In,,4660848.0,181773.07,3.9,4479074.93,0.0,7,788317.19,93216.96,Direct,End-User,Cancelled,True,2026-02-24,Failed Credit Check,,7.0,17.6,2026-09-30,2026-09-30
SAL-000827,HVW-P3-B2-01529,HVW,CUS-000827,2025-07-26,,AGT-023,Team Nile,,,Direct / Walk-In,,2165706.4,214404.93,9.9,1951301.47,0.0,8,167811.93,43314.13,Direct,End-User,Reserved,False,,,,,8.6,2026-09-30,2026-09-30
SAL-000828,HVW-P3-B1-01470,HVW,CUS-000828,2025-08-29,,AGT-025,Team Delta,,,Direct / Walk-In,,1877634.0,118290.94,6.3,1759343.06,0.0,5,214639.85,37552.68,Direct,End-User,Reserved,False,,,,,12.2,2026-09-30,2026-09-30
SAL-000829,HVW-P2-B2-01324,HVW,CUS-000829,2026-05-25,2026-05-31,AGT-028,Team Delta,,,Direct / Walk-In,,4821132.4,303731.34,6.3,4517401.06,0.0,5,894445.41,96422.65,Direct,End-User,Contracted,False,,,,5.0,19.8,2026-09-30,2026-09-30
SAL-000830,HVW-P2-B1-01300,HVW,CUS-000830,2026-06-25,2026-06-30,AGT-021,Team Nile,,,Direct / Walk-In,,4769775.0,562833.45,11.8,4206941.55,0.0,8,437521.92,95395.5,Direct,End-User,Cancelled,True,2026-06-30,Financing Fell Through,,4.0,10.4,2026-09-30,2026-09-30
SAL-000831,HVW-P1-B2-01136,HVW,CUS-000831,2025-10-11,2025-10-23,AGT-028,Team Delta,,,Direct / Walk-In,,5979432.8,316909.94,5.3,5662522.86,0.0,6,1036241.68,119588.66,Direct,End-User,Contracted,False,,,,12.0,18.3,2026-09-30,2026-09-30
SAL-000832,HVW-P2-B4-01415,HVW,CUS-000832,2025-03-28,,AGT-025,Team Delta,,,Direct / Walk-In,,5842760.0,198653.84,3.4,5644106.16,0.0,6,976430.37,116855.2,Direct,End-User,Reserved,False,,,,,17.3,2026-09-30,2026-09-30
SAL-000833,HVW-P3-B3-01593,HVW,CUS-000833,2026-04-11,2026-05-07,AGT-020,Team Nile,,,Direct / Walk-In,,4137822.9,488263.1,11.8,3649559.8,0.0,7,186127.55,82756.46,Direct,End-User,Contracted,False,,,,26.0,5.1,2026-09-30,2026-09-30
SAL-000834,HVW-P3-B2-01532,HVW,CUS-000834,2024-09-13,,AGT-021,Team Nile,,,Direct / Walk-In,,5228057.5,643051.07,12.3,4585006.43,0.0,7,339290.48,104561.15,Direct,End-User,Cancelled,True,2024-10-30,Financing Fell Through,,,7.4,2026-09-30,2026-09-30
SAL-000835,HVW-P3-B2-01507,HVW,CUS-000835,2024-08-13,2024-09-15,AGT-022,Team Nile,,,Direct / Walk-In,,2457055.9,203935.64,8.3,2253120.26,0.0,7,173490.26,49141.12,Direct,End-User,Cancelled,True,2024-11-03,Personal / Financial Hardship,,33.0,7.7,2026-09-30,2026-09-30
SAL-000836,HVW-P1-B2-01143,HVW,CUS-000836,2025-01-04,,AGT-028,Team Delta,,,Direct / Walk-In,,5627692.5,264501.55,4.7,5363190.95,0.0,7,766936.31,112553.85,Direct,End-User,Reserved,False,,,,,14.3,2026-09-30,2026-09-30
SAL-000837,HVW-P3-B4-01651,HVW,CUS-000837,2025-06-24,2025-07-27,AGT-023,Team Nile,,,Direct / Walk-In,,5911814.8,603005.11,10.2,5308809.69,0.0,8,461866.44,118236.3,Direct,End-User,Contracted,False,,,,33.0,8.7,2026-09-30,2026-09-30
SAL-000838,HVW-P2-B2-01313,HVW,CUS-000838,2025-06-25,2025-07-21,AGT-021,Team Nile,,,Direct / Walk-In,,4049798.6,534573.42,13.2,3515225.18,0.0,8,239035.31,80995.97,Direct,End-User,Cancelled,True,2025-10-08,Personal / Financial Hardship,,25.0,6.8,2026-09-30,2026-09-30
SAL-000839,HVW-P3-B3-01568,HVW,CUS-000839,2026-04-22,2026-05-12,AGT-021,Team Nile,,,Direct / Walk-In,,4444580.0,413345.94,9.3,4031234.06,0.0,8,326529.96,88891.6,Direct,End-User,Contracted,False,,,,19.0,8.1,2026-09-30,2026-09-30
SAL-000840,HVW-P2-B4-01409,HVW,CUS-000840,2025-09-08,,AGT-024,Team Delta,,,Direct / Walk-In,,2287299.3,82342.77,3.6,2204956.53,0.0,7,432171.48,45745.99,Direct,End-User,Reserved,False,,,,,19.6,2026-09-30,2026-09-30
SAL-000841,HVW-P3-B2-01517,HVW,CUS-000841,2025-09-27,,AGT-019,Team Nile,,,Direct / Walk-In,,2572506.2,300983.23,11.7,2271522.97,0.0,7,140834.42,51450.12,Direct,End-User,Reserved,False,,,,,6.2,2026-09-30,2026-09-30
SAL-000842,HVW-P2-B1-01267,HVW,CUS-000842,2025-01-09,,AGT-021,Team Nile,,,Direct / Walk-In,,4322262.4,393325.88,9.1,3928936.52,0.0,8,369320.03,86445.25,Direct,End-User,Reserved,False,,,,,9.4,2026-09-30,2026-09-30
SAL-000843,HVW-P2-B1-01257,HVW,CUS-000843,2024-11-29,2024-12-01,AGT-021,Team Nile,,,Direct / Walk-In,,3583395.4,326088.98,9.1,3257306.42,0.0,7,280128.35,71667.91,Direct,End-User,Contracted,False,,,,2.0,8.6,2026-09-30,2026-09-30
SAL-000844,HVW-P2-B4-01423,HVW,CUS-000844,2024-11-07,2024-11-17,AGT-028,Team Delta,,,Direct / Walk-In,,6410837.6,262844.34,4.1,6147993.26,0.0,6,916051.0,128216.75,Direct,End-User,Contracted,False,,,,10.0,14.9,2026-09-30,2026-09-30
SAL-000845,HVW-P3-B4-01630,HVW,CUS-000845,2025-11-29,2025-11-30,AGT-028,Team Delta,,,Direct / Walk-In,,5529268.8,243287.83,4.4,5285980.97,0.0,5,787611.16,110585.38,Direct,End-User,Contracted,False,,,,1.0,14.9,2026-09-30,2026-09-30
SAL-000846,HVW-P1-B4-01250,HVW,CUS-000846,2025-12-09,2025-12-31,AGT-022,Team Nile,,,Direct / Walk-In,,6398600.0,767832.0,12.0,5630768.0,0.0,8,349107.62,127972.0,Direct,End-User,Contracted,False,,,,22.0,6.2,2026-09-30,2026-09-30
SAL-000847,HVW-P1-B3-01192,HVW,CUS-000847,2025-03-19,2025-03-20,AGT-027,Team Delta,BRK-12,,Broker Referral,,4572482.4,164609.37,3.6,4407873.03,92565.33,5,824272.26,91449.65,Broker,End-User,Contracted,False,,,,1.0,18.7,2026-09-30,2026-09-30
SAL-000848,HVW-P1-B4-01228,HVW,CUS-000848,2024-09-23,2024-10-04,AGT-027,Team Delta,,,Direct / Walk-In,,2643000.0,100434.0,3.8,2542566.0,0.0,5,396640.3,52860.0,Direct,End-User,Contracted,False,,,,10.0,15.6,2026-09-30,2026-09-30
SAL-000849,HVW-P2-B3-01364,HVW,CUS-000849,2026-05-23,2026-05-24,AGT-026,Team Delta,BRK-08,,Broker Referral,,3996361.6,155858.1,3.9,3840503.5,59143.75,5,576075.53,79927.23,Broker,End-User,Contracted,False,,,,1.0,15.0,2026-09-30,2026-09-30
SAL-000850,HVW-P3-B4-01648,HVW,CUS-000850,2025-12-27,2026-01-18,AGT-025,Team Delta,,,Direct / Walk-In,,4615540.8,253854.74,5.5,4361686.06,0.0,5,689146.4,92310.82,Direct,End-User,Contracted,False,,,,22.0,15.8,2026-09-30,2026-09-30
SAL-000851,HVW-P3-B1-01491,HVW,CUS-000851,2025-12-30,2026-01-19,AGT-025,Team Delta,BRK-04,,Broker Referral,,4293064.8,231825.5,5.4,4061239.3,106810.59,5,775696.71,85861.3,Broker,End-User,Contracted,False,,,,20.0,19.1,2026-09-30,2026-09-30
SAL-000852,HVW-P2-B3-01356,HVW,CUS-000852,2026-02-05,2026-02-14,AGT-028,Team Delta,,,Direct / Walk-In,,4217096.9,172900.97,4.1,4044195.93,0.0,5,679424.92,84341.94,Direct,End-User,Contracted,False,,,,9.0,16.8,2026-09-30,2026-09-30
SAL-000853,HVW-P2-B3-01367,HVW,CUS-000853,2025-11-16,,AGT-026,Team Delta,,,Direct / Walk-In,,5740828.2,195188.16,3.4,5545640.04,0.0,6,743115.77,114816.56,Direct,End-User,Reserved,False,,,,,13.4,2026-09-30,2026-09-30
SAL-000854,HVW-P3-B3-01585,HVW,CUS-000854,2025-06-04,2025-06-25,AGT-026,Team Delta,,,Direct / Walk-In,,2993236.0,146668.56,4.9,2846567.44,0.0,7,341588.09,59864.72,Direct,End-User,Contracted,False,,,,21.0,12.0,2026-09-30,2026-09-30
SAL-000855,HVW-P2-B2-01333,HVW,CUS-000855,2026-01-17,2026-02-03,AGT-028,Team Delta,,,Direct / Walk-In,,3801659.7,167273.03,4.4,3634386.67,0.0,7,512448.52,76033.19,Direct,End-User,Cancelled,True,2026-03-12,Financing Fell Through,,17.0,14.1,2026-09-30,2026-09-30
SAL-000856,HVW-P2-B1-01295,HVW,CUS-000856,2026-05-04,2026-05-25,AGT-023,Team Nile,,,Direct / Walk-In,,2599990.4,304198.88,11.7,2295791.52,0.0,8,160705.41,51999.81,Direct,End-User,Contracted,False,,,,21.0,7.0,2026-09-30,2026-09-30
SAL-000857,HVW-P2-B1-01256,HVW,CUS-000857,2025-02-04,2025-02-20,AGT-025,Team Delta,,,Direct / Walk-In,,5645819.6,316165.9,5.6,5329653.7,0.0,7,730162.56,112916.39,Direct,End-User,Contracted,False,,,,16.0,13.7,2026-09-30,2026-09-30
SAL-000858,HVW-P1-B3-01194,HVW,CUS-000858,2025-11-18,2025-12-06,AGT-023,Team Nile,,,Direct / Walk-In,,4668962.4,438882.47,9.4,4230079.93,0.0,8,384937.27,93379.25,Direct,End-User,Contracted,False,,,,17.0,9.1,2026-09-30,2026-09-30
SAL-000859,HVW-P1-B2-01121,HVW,CUS-000859,2025-08-28,2025-09-03,AGT-026,Team Delta,BRK-02,,Broker Referral,,4210419.6,172627.2,4.1,4037792.4,70257.59,6,710651.46,84208.39,Broker,End-User,Contracted,False,,,,5.0,17.6,2026-09-30,2026-09-30
SAL-000860,HVW-P3-B3-01564,HVW,CUS-000860,2024-07-29,2024-08-13,AGT-026,Team Delta,,,Direct / Walk-In,,2432046.4,114306.18,4.7,2317740.22,0.0,5,445006.12,48640.93,Direct,End-User,Contracted,False,,,,14.0,19.2,2026-09-30,2026-09-30
SAL-000861,HVW-P1-B1-01065,HVW,CUS-000861,2025-01-03,,AGT-020,Team Nile,,,Direct / Walk-In,,4286823.2,527279.25,12.3,3759543.95,0.0,7,387233.03,85736.46,Direct,End-User,Cancelled,True,2025-03-22,Financing Fell Through,,,10.3,2026-09-30,2026-09-30
SAL-000862,HVW-P2-B1-01284,HVW,CUS-000862,2025-04-01,2025-05-02,AGT-021,Team Nile,BRK-01,,Broker Referral,,3869312.4,483664.05,12.5,3385648.35,70082.92,8,308094.0,77386.25,Broker,End-User,Contracted,False,,,,31.0,9.1,2026-09-30,2026-09-30
SAL-000863,HVW-P3-B1-01467,HVW,CUS-000863,2025-08-25,,AGT-022,Team Nile,,,Direct / Walk-In,,3098634.0,260285.26,8.4,2838348.74,0.0,8,261128.08,61972.68,Direct,End-User,Reserved,False,,,,,9.2,2026-09-30,2026-09-30
SAL-000864,HVW-P2-B4-01451,HVW,CUS-000864,2025-08-09,,AGT-022,Team Nile,,,Direct / Walk-In,,4359187.5,479510.62,11.0,3879676.88,0.0,8,341411.57,87183.75,Direct,End-User,Cancelled,True,2025-10-09,Financing Fell Through,,,8.8,2026-09-30,2026-09-30
SAL-000865,HVW-P3-B1-01472,HVW,CUS-000865,2025-11-29,,AGT-022,Team Nile,,,Direct / Walk-In,,5350895.6,626054.79,11.7,4724840.81,0.0,7,439410.2,107017.91,Direct,End-User,Reserved,False,,,,,9.3,2026-09-30,2026-09-30
SAL-000866,HVW-P1-B2-01106,HVW,CUS-000866,2025-07-29,2025-08-17,AGT-027,Team Delta,,,Direct / Walk-In,,2949731.2,171084.41,5.8,2778646.79,0.0,5,361224.08,58994.62,Direct,End-User,Contracted,False,,,,19.0,13.0,2026-09-30,2026-09-30
SAL-000867,HVW-P2-B3-01376,HVW,CUS-000867,2025-07-11,2025-07-28,AGT-028,Team Delta,,,Direct / Walk-In,,3271853.0,199583.03,6.1,3072269.97,0.0,5,470057.31,65437.06,Direct,End-User,Contracted,False,,,,17.0,15.3,2026-09-30,2026-09-30
SAL-000868,HVW-P2-B2-01308,HVW,CUS-000868,2024-10-27,,AGT-020,Team Nile,,,Direct / Walk-In,,5216948.1,672986.3,12.9,4543961.8,0.0,8,386236.75,104338.96,Direct,End-User,Cancelled,True,2025-01-12,Failed Credit Check,,,8.5,2026-09-30,2026-09-30
SAL-000869,HVW-P2-B3-01357,HVW,CUS-000869,2025-08-28,,AGT-022,Team Nile,BRK-09,,Broker Referral,,4007631.0,476908.09,11.9,3530722.91,105215.54,8,243619.88,80152.62,Broker,End-User,Reserved,False,,,,,6.9,2026-09-30,2026-09-30
SAL-000870,HVW-P1-B3-01154,HVW,CUS-000870,2025-03-25,2025-04-08,AGT-025,Team Delta,,,Direct / Walk-In,,4664068.5,317156.66,6.8,4346911.84,0.0,6,743321.92,93281.37,Direct,End-User,Contracted,False,,,,14.0,17.1,2026-09-30,2026-09-30
SAL-000871,HVW-P2-B2-01336,HVW,CUS-000871,2026-05-25,2026-05-29,AGT-022,Team Nile,,,Direct / Walk-In,,4024220.2,362179.82,9.0,3662040.38,0.0,8,267328.95,80484.4,Direct,End-User,Contracted,False,,,,4.0,7.3,2026-09-30,2026-09-30
SAL-000872,HVW-P1-B2-01103,HVW,CUS-000872,2026-04-04,,AGT-020,Team Nile,,,Direct / Walk-In,,5252555.0,635559.16,12.1,4616995.84,0.0,8,378593.66,105051.1,Direct,End-User,Reserved,False,,,,,8.2,2026-09-30,2026-09-30
SAL-000873,HVW-P1-B1-01066,HVW,CUS-000873,2024-10-15,,AGT-019,Team Nile,,,Direct / Walk-In,,4414459.6,556221.91,12.6,3858237.69,0.0,8,231494.26,88289.19,Direct,End-User,Cancelled,True,2025-01-09,Financing Fell Through,,,6.0,2026-09-30,2026-09-30
SAL-000874,HVW-P3-B3-01566,HVW,CUS-000874,2024-08-31,2024-09-04,AGT-024,Team Delta,,,Direct / Walk-In,,4447646.4,151219.98,3.4,4296426.42,0.0,7,610092.55,88952.93,Direct,End-User,Contracted,False,,,,3.0,14.2,2026-09-30,2026-09-30
SAL-000875,HVW-P1-B3-01188,HVW,CUS-000875,2025-02-28,2025-03-30,AGT-026,Team Delta,,,Direct / Walk-In,,3916840.4,168424.14,4.3,3748416.26,0.0,6,543520.36,78336.81,Direct,End-User,Contracted,False,,,,29.0,14.5,2026-09-30,2026-09-30
SAL-000876,HVW-P3-B1-01494,HVW,CUS-000876,2024-11-20,2024-11-30,AGT-019,Team Nile,,,Direct / Walk-In,,4662222.6,396288.92,8.5,4265933.68,0.0,8,392465.9,93244.45,Direct,End-User,Contracted,False,,,,9.0,9.2,2026-09-30,2026-09-30
SAL-000877,HVW-P2-B3-01402,HVW,CUS-000877,2025-08-30,2025-08-31,AGT-022,Team Nile,,,Direct / Walk-In,,5101153.2,428496.87,8.4,4672656.33,0.0,8,294377.35,102023.06,Direct,End-User,Contracted,False,,,,1.0,6.3,2026-09-30,2026-09-30
SAL-000878,HVW-P1-B4-01242,HVW,CUS-000878,2026-01-08,2026-02-09,AGT-024,Team Delta,,,Direct / Walk-In,,5394999.6,356069.97,6.6,5038929.63,0.0,5,836462.32,107899.99,Direct,End-User,Contracted,False,,,,32.0,16.6,2026-09-30,2026-09-30
SAL-000879,HVW-P3-B3-01594,HVW,CUS-000879,2025-08-02,2025-08-12,AGT-020,Team Nile,,,Direct / Walk-In,,2193047.6,203953.43,9.3,1989094.17,0.0,7,175040.29,43860.95,Direct,End-User,Contracted,False,,,,9.0,8.8,2026-09-30,2026-09-30
SAL-000880,HVW-P1-B2-01114,HVW,CUS-000880,2026-05-01,,AGT-020,Team Nile,,,Direct / Walk-In,,4214953.5,531084.14,12.6,3683869.36,0.0,8,294709.55,84299.07,Direct,End-User,Reserved,False,,,,,8.0,2026-09-30,2026-09-30
SAL-000881,HVW-P1-B2-01125,HVW,CUS-000881,2026-03-19,,AGT-020,Team Nile,,,Direct / Walk-In,,4541394.0,417808.25,9.2,4123585.75,0.0,8,432976.5,90827.88,Direct,End-User,Reserved,False,,,,,10.5,2026-09-30,2026-09-30
SAL-000882,HVW-P1-B4-01220,HVW,CUS-000882,2026-02-16,2026-03-30,AGT-027,Team Delta,,,Direct / Walk-In,,3488592.2,146520.87,4.2,3342071.33,0.0,7,437811.34,69771.84,Direct,End-User,Contracted,False,,,,41.0,13.1,2026-09-30,2026-09-30
SAL-000883,HVW-P3-B3-01560,HVW,CUS-000883,2024-12-21,,AGT-019,Team Nile,,,Direct / Walk-In,,3523647.6,398172.18,11.3,3125475.42,0.0,7,234410.66,70472.95,Direct,End-User,Reserved,False,,,,,7.5,2026-09-30,2026-09-30
SAL-000884,HVW-P2-B2-01320,HVW,CUS-000884,2025-10-20,,AGT-028,Team Delta,,,Direct / Walk-In,,3668340.5,201758.73,5.5,3466581.77,0.0,6,467988.54,73366.81,Direct,End-User,Reserved,False,,,,,13.5,2026-09-30,2026-09-30
SAL-000885,HVW-P2-B2-01327,HVW,CUS-000885,2025-12-09,2026-01-02,AGT-020,Team Nile,BRK-10,,Broker Referral,,4286515.2,377213.34,8.8,3909301.86,73885.81,8,207193.0,85730.3,Broker,End-User,Contracted,False,,,,24.0,5.3,2026-09-30,2026-09-30
SAL-000886,HVW-P3-B4-01637,HVW,CUS-000886,2026-05-21,2026-06-10,AGT-021,Team Nile,,,Direct / Walk-In,,2940907.2,332322.51,11.3,2608584.69,0.0,7,203469.61,58818.14,Direct,End-User,Contracted,False,,,,19.0,7.8,2026-09-30,2026-09-30
SAL-000887,HVW-P1-B4-01219,HVW,CUS-000887,2025-07-01,2025-08-02,AGT-019,Team Nile,,,Direct / Walk-In,,3989487.6,430864.66,10.8,3558622.94,0.0,8,359420.92,79789.75,Direct,End-User,Cancelled,True,2025-10-13,Failed Credit Check,,32.0,10.1,2026-09-30,2026-09-30
SAL-000888,HVW-P3-B2-01530,HVW,CUS-000888,2026-06-27,,AGT-022,Team Nile,,,Direct / Walk-In,,4720537.8,405966.25,8.6,4314571.55,0.0,8,310649.15,94410.76,Direct,End-User,Reserved,False,,,,,7.2,2026-09-30,2026-09-30
SAL-000889,HVW-P2-B4-01434,HVW,CUS-000889,2025-09-09,2025-09-21,AGT-020,Team Nile,,,Direct / Walk-In,,3073012.8,387199.61,12.6,2685813.19,0.0,8,166520.42,61460.26,Direct,End-User,Cancelled,True,2025-11-29,Failed Credit Check,,12.0,6.2,2026-09-30,2026-09-30
SAL-000890,HVW-P1-B3-01201,HVW,CUS-000890,2024-09-04,,AGT-024,Team Delta,,,Direct / Walk-In,,2778351.0,116690.74,4.2,2661660.26,0.0,6,343354.17,55567.02,Direct,End-User,Reserved,False,,,,,12.9,2026-09-30,2026-09-30
SAL-000891,HVW-P2-B2-01331,HVW,CUS-000891,2025-06-07,2025-06-20,AGT-026,Team Delta,,,Direct / Walk-In,,2574004.8,131274.24,5.1,2442730.56,0.0,7,359081.39,51480.1,Direct,End-User,Contracted,False,,,,13.0,14.7,2026-09-30,2026-09-30
SAL-000892,HVW-P2-B3-01390,HVW,CUS-000892,2025-09-07,2025-09-27,AGT-028,Team Delta,BRK-13,,Broker Referral,,4314278.4,211399.64,4.9,4102878.76,84109.01,5,763135.45,86285.57,Broker,End-User,Contracted,False,,,,19.0,18.6,2026-09-30,2026-09-30
SAL-000893,HVW-P1-B1-01055,HVW,CUS-000893,2024-12-29,2025-02-03,AGT-027,Team Delta,,,Direct / Walk-In,,2937856.8,179209.26,6.1,2758647.54,0.0,5,372417.42,58757.14,Direct,End-User,Contracted,False,,,,35.0,13.5,2026-09-30,2026-09-30
SAL-000894,HVW-P1-B2-01112,HVW,CUS-000894,2025-10-17,2025-11-17,AGT-022,Team Nile,,,Direct / Walk-In,,3635674.4,301760.98,8.3,3333913.42,0.0,7,346727.0,72713.49,Direct,End-User,Contracted,False,,,,30.0,10.4,2026-09-30,2026-09-30
SAL-000895,HVW-P2-B3-01401,HVW,CUS-000895,2025-10-15,,AGT-027,Team Delta,BRK-06,,Broker Referral,,3460027.6,228361.82,6.6,3231665.78,73358.81,7,533224.85,69200.55,Broker,End-User,Reserved,False,,,,,16.5,2026-09-30,2026-09-30
SAL-000896,HVW-P2-B4-01442,HVW,CUS-000896,2025-12-07,2025-12-08,AGT-019,Team Nile,BRK-14,,Broker Referral,,2466846.2,337957.93,13.7,2128888.27,49390.21,7,229919.93,49336.92,Broker,End-User,Contracted,False,,,,1.0,10.8,2026-09-30,2026-09-30
SAL-000897,HVW-P3-B2-01516,HVW,CUS-000897,2026-03-11,2026-04-07,AGT-028,Team Delta,,,Direct / Walk-In,,4042480.0,198081.52,4.9,3844398.48,0.0,7,734280.11,80849.6,Direct,End-User,Contracted,False,,,,27.0,19.1,2026-09-30,2026-09-30
SAL-000898,HVW-P1-B3-01184,HVW,CUS-000898,2024-12-01,2024-12-22,AGT-021,Team Nile,,,Direct / Walk-In,,6184682.1,637022.26,10.3,5547659.84,0.0,7,549218.32,123693.64,Direct,End-User,Contracted,False,,,,20.0,9.9,2026-09-30,2026-09-30
SAL-000899,HVW-P2-B1-01289,HVW,CUS-000899,2025-08-08,2025-08-15,AGT-025,Team Delta,,,Direct / Walk-In,,3358212.9,144403.15,4.3,3213809.75,0.0,5,594554.8,67164.26,Direct,End-User,Contracted,False,,,,7.0,18.5,2026-09-30,2026-09-30
SAL-000900,HVW-P2-B1-01285,HVW,CUS-000900,2026-06-30,2026-06-30,AGT-021,Team Nile,,,Direct / Walk-In,,2757240.0,256423.32,9.3,2500816.68,0.0,8,165053.9,55144.8,Direct,End-User,Cancelled,True,2026-06-30,Failed Credit Check,,0.0,6.6,2026-09-30,2026-09-30
SAL-000901,HVW-P2-B1-01290,HVW,CUS-000901,2026-05-30,2026-06-04,AGT-020,Team Nile,,,Direct / Walk-In,,5313475.2,504780.14,9.5,4808695.06,0.0,8,437591.25,106269.5,Direct,End-User,Contracted,False,,,,5.0,9.1,2026-09-30,2026-09-30
SAL-000902,HVW-P2-B1-01268,HVW,CUS-000902,2026-04-21,2026-05-01,AGT-023,Team Nile,,,Direct / Walk-In,,5575120.0,479460.32,8.6,5095659.68,0.0,8,545235.59,111502.4,Direct,End-User,Contracted,False,,,,9.0,10.7,2026-09-30,2026-09-30
SAL-000903,HVW-P2-B1-01280,HVW,CUS-000903,2025-08-05,2025-08-30,AGT-023,Team Nile,,,Direct / Walk-In,,2771316.0,357499.76,12.9,2413816.24,0.0,7,263105.97,55426.32,Direct,End-User,Contracted,False,,,,24.0,10.9,2026-09-30,2026-09-30
SAL-000904,HVW-P2-B2-01330,HVW,CUS-000904,2024-08-31,,AGT-019,Team Nile,,,Direct / Walk-In,,4748276.6,403603.51,8.5,4344673.09,0.0,8,251991.04,94965.53,Direct,End-User,Reserved,False,,,,,5.8,2026-09-30,2026-09-30
SAL-000905,HVW-P1-B3-01193,HVW,CUS-000905,2024-08-05,2024-08-06,AGT-025,Team Delta,,,Direct / Walk-In,,3799887.2,182394.59,4.8,3617492.61,0.0,6,683706.1,75997.74,Direct,End-User,Cancelled,True,2024-09-12,Personal / Financial Hardship,,1.0,18.9,2026-09-30,2026-09-30
SAL-000906,HVW-P2-B4-01416,HVW,CUS-000906,2025-12-17,2026-01-12,AGT-021,Team Nile,BRK-09,,Broker Referral,,2894970.5,283707.11,9.8,2611263.39,77815.65,8,172343.38,57899.41,Broker,End-User,Cancelled,True,2026-03-27,Financing Fell Through,,26.0,6.6,2026-09-30,2026-09-30
SAL-000907,HVW-P3-B4-01633,HVW,CUS-000907,2024-09-10,,AGT-022,Team Nile,BRK-02,,Broker Referral,,5366095.9,579538.36,10.8,4786557.54,83286.1,7,493015.43,107321.92,Broker,End-User,Reserved,False,,,,,10.3,2026-09-30,2026-09-30
SAL-000908,HVW-P2-B2-01303,HVW,CUS-000908,2025-07-26,2025-08-11,AGT-027,Team Delta,,,Direct / Walk-In,,2677838.9,101757.88,3.8,2576081.02,0.0,5,515216.2,53556.78,Direct,End-User,Contracted,False,,,,15.0,20.0,2026-09-30,2026-09-30
SAL-000909,HVW-P1-B3-01196,HVW,CUS-000909,2024-09-06,,AGT-020,Team Nile,,,Direct / Walk-In,,4581136.8,572642.1,12.5,4008494.7,0.0,8,200424.73,91622.74,Direct,End-User,Cancelled,True,2024-11-11,Financing Fell Through,,,5.0,2026-09-30,2026-09-30
SAL-000910,HVW-P1-B1-01101,HVW,CUS-000910,2026-04-30,2026-05-16,AGT-020,Team Nile,,,Direct / Walk-In,,2910301.3,308491.94,10.6,2601809.36,0.0,7,150904.94,58206.03,Direct,End-User,Contracted,False,,,,16.0,5.8,2026-09-30,2026-09-30
SAL-000911,HVW-P1-B1-01069,HVW,CUS-000911,2025-01-05,2025-01-26,AGT-026,Team Delta,,,Direct / Walk-In,,3284496.6,105103.89,3.2,3179392.71,0.0,7,413321.05,65689.93,Direct,End-User,Cancelled,True,2025-03-11,Failed Credit Check,,21.0,13.0,2026-09-30,2026-09-30
SAL-000912,HVW-P1-B3-01172,HVW,CUS-000912,2025-02-12,2025-02-27,AGT-022,Team Nile,,,Direct / Walk-In,,3255560.0,322300.44,9.9,2933259.56,0.0,7,190661.87,65111.2,Direct,End-User,Contracted,False,,,,15.0,6.5,2026-09-30,2026-09-30
SAL-000913,HVW-P3-B3-01590,HVW,CUS-000913,2025-06-13,,AGT-020,Team Nile,,,Direct / Walk-In,,4189706.0,406401.48,9.7,3783304.52,0.0,8,317797.58,83794.12,Direct,End-User,Reserved,False,,,,,8.4,2026-09-30,2026-09-30
SAL-000914,HVW-P1-B1-01102,HVW,CUS-000914,2025-02-15,2025-03-03,AGT-019,Team Nile,BRK-03,,Broker Referral,,4805175.3,648698.67,13.5,4156476.63,94767.67,7,257701.55,96103.51,Broker,End-User,Contracted,False,,,,16.0,6.2,2026-09-30,2026-09-30
SAL-000915,HVW-P2-B2-01312,HVW,CUS-000915,2025-07-10,2025-07-29,AGT-025,Team Delta,BRK-01,,Broker Referral,,2399060.9,81568.07,3.4,2317492.83,47972.1,5,407878.74,47981.22,Broker,End-User,Contracted,False,,,,19.0,17.6,2026-09-30,2026-09-30
SAL-000916,HVW-P1-B1-01061,HVW,CUS-000916,2025-02-25,2025-03-26,AGT-027,Team Delta,,,Direct / Walk-In,,3912085.0,133010.89,3.4,3779074.11,0.0,6,634884.45,78241.7,Direct,End-User,Contracted,False,,,,29.0,16.8,2026-09-30,2026-09-30
SAL-000917,HVW-P1-B1-01090,HVW,CUS-000917,2025-02-04,,AGT-019,Team Nile,,,Direct / Walk-In,,3087774.0,385971.75,12.5,2701802.25,0.0,8,191827.96,61755.48,Direct,End-User,Reserved,False,,,,,7.1,2026-09-30,2026-09-30
SAL-000918,HVW-P2-B1-01292,HVW,CUS-000918,2024-10-27,,AGT-019,Team Nile,,,Direct / Walk-In,,3942117.9,536128.03,13.6,3405989.87,0.0,8,299727.11,78842.36,Direct,End-User,Reserved,False,,,,,8.8,2026-09-30,2026-09-30
SAL-000919,HVW-P2-B3-01394,HVW,CUS-000919,2024-07-11,2024-07-20,AGT-027,Team Delta,,,Direct / Walk-In,,3592554.0,219145.79,6.1,3373408.21,0.0,6,431796.25,71851.08,Direct,End-User,Contracted,False,,,,8.0,12.8,2026-09-30,2026-09-30
SAL-000920,HVW-P2-B2-01349,HVW,CUS-000920,2025-04-03,,AGT-019,Team Nile,BRK-01,,Broker Referral,,4617444.9,494066.6,10.7,4123378.3,85353.93,7,317500.13,92348.9,Broker,End-User,Reserved,False,,,,,7.7,2026-09-30,2026-09-30
SAL-000921,HVW-P2-B1-01299,HVW,CUS-000921,2024-12-03,2024-12-25,AGT-025,Team Delta,,,Direct / Walk-In,,4043820.0,194103.36,4.8,3849716.64,0.0,7,500463.16,80876.4,Direct,End-User,Contracted,False,,,,21.0,13.0,2026-09-30,2026-09-30
SAL-000922,HVW-P1-B4-01210,HVW,CUS-000922,2025-04-11,2025-05-16,AGT-026,Team Delta,BRK-08,,Broker Referral,,4260430.0,183198.49,4.3,4077231.51,62789.37,5,770596.76,85208.6,Broker,End-User,Contracted,False,,,,35.0,18.9,2026-09-30,2026-09-30
SAL-000923,HVW-P1-B4-01221,HVW,CUS-000923,2026-05-08,2026-06-02,AGT-028,Team Delta,,,Direct / Walk-In,,3602266.8,205329.21,5.7,3396937.59,0.0,7,485762.08,72045.34,Direct,End-User,Contracted,False,,,,25.0,14.3,2026-09-30,2026-09-30
SAL-000924,HVW-P2-B3-01359,HVW,CUS-000924,2025-09-20,,AGT-025,Team Delta,,,Direct / Walk-In,,4135920.0,165436.8,4.0,3970483.2,0.0,5,710716.49,82718.4,Direct,End-User,Reserved,False,,,,,17.9,2026-09-30,2026-09-30
SAL-000925,HVW-P1-B4-01234,HVW,CUS-000925,2025-10-19,2025-11-08,AGT-023,Team Nile,,,Direct / Walk-In,,4068775.4,496390.6,12.2,3572384.8,0.0,7,271501.24,81375.51,Direct,End-User,Cancelled,True,2026-01-22,Personal / Financial Hardship,,20.0,7.6,2026-09-30,2026-09-30
SAL-000926,HVW-P3-B1-01455,HVW,CUS-000926,2024-12-26,2025-01-13,AGT-027,Team Delta,,,Direct / Walk-In,,4695029.8,159631.01,3.4,4535398.79,0.0,7,571460.25,93900.6,Direct,End-User,Contracted,False,,,,18.0,12.6,2026-09-30,2026-09-30
SAL-000927,HVW-P2-B4-01437,HVW,CUS-000927,2025-06-03,,AGT-025,Team Delta,,,Direct / Walk-In,,2541456.0,142321.54,5.6,2399134.46,0.0,7,458234.68,50829.12,Direct,End-User,Reserved,False,,,,,19.1,2026-09-30,2026-09-30
SAL-000928,HVW-P3-B1-01466,HVW,CUS-000928,2025-10-14,2025-11-04,AGT-022,Team Nile,,,Direct / Walk-In,,4082190.0,404136.81,9.9,3678053.19,0.0,8,235395.4,81643.8,Direct,End-User,Contracted,False,,,,21.0,6.4,2026-09-30,2026-09-30
SAL-000929,HVW-P1-B3-01187,HVW,CUS-000929,2025-07-09,,AGT-020,Team Nile,,,Direct / Walk-In,,2706154.6,289558.54,10.7,2416596.06,0.0,7,258575.78,54123.09,Direct,End-User,Reserved,False,,,,,10.7,2026-09-30,2026-09-30
SAL-000930,HVW-P2-B1-01281,HVW,CUS-000930,2024-10-19,,AGT-019,Team Nile,,,Direct / Walk-In,,3662835.8,450528.8,12.3,3212307.0,0.0,8,327655.31,73256.72,Direct,End-User,Reserved,False,,,,,10.2,2026-09-30,2026-09-30
SAL-000931,HVW-P1-B4-01223,HVW,CUS-000931,2024-12-17,2025-01-22,AGT-027,Team Delta,,,Direct / Walk-In,,4548245.4,159188.59,3.5,4389056.81,0.0,7,684692.86,90964.91,Direct,End-User,Contracted,False,,,,36.0,15.6,2026-09-30,2026-09-30
SAL-000932,HVW-P1-B2-01130,HVW,CUS-000932,2025-05-24,,AGT-019,Team Nile,,,Direct / Walk-In,,4387040.0,482574.4,11.0,3904465.6,0.0,8,421682.28,87740.8,Direct,End-User,Cancelled,True,2025-08-07,Personal / Financial Hardship,,,10.8,2026-09-30,2026-09-30
SAL-000933,HVW-P2-B2-01329,HVW,CUS-000933,2024-11-10,2024-11-26,AGT-024,Team Delta,BRK-09,,Broker Referral,,4683775.5,313812.96,6.7,4369962.54,130224.88,6,585574.98,93675.51,Broker,End-User,Contracted,False,,,,16.0,13.4,2026-09-30,2026-09-30
SAL-000934,HVW-P2-B4-01440,HVW,CUS-000934,2024-10-02,,AGT-020,Team Nile,,,Direct / Walk-In,,4333791.6,563392.91,13.0,3770398.69,0.0,8,407203.06,86675.83,Direct,End-User,Reserved,False,,,,,10.8,2026-09-30,2026-09-30
SAL-000935,HVW-P1-B4-01247,HVW,CUS-000935,2024-10-26,,AGT-028,Team Delta,,,Direct / Walk-In,,4119960.0,263677.44,6.4,3856282.56,0.0,7,489747.89,82399.2,Direct,End-User,Cancelled,True,2024-11-25,Financing Fell Through,,,12.7,2026-09-30,2026-09-30
SAL-000936,HVW-P1-B3-01190,HVW,CUS-000936,2024-12-22,2025-01-15,AGT-020,Team Nile,BRK-05,,Broker Referral,,4387305.0,473828.94,10.8,3913476.06,106055.2,7,230895.09,87746.1,Broker,End-User,Cancelled,True,2025-03-05,Failed Credit Check,,23.0,5.9,2026-09-30,2026-09-30
SAL-000937,HVW-P2-B3-01389,HVW,CUS-000937,2026-05-28,2026-06-19,AGT-022,Team Nile,,,Direct / Walk-In,,6585169.8,849486.9,12.9,5735682.9,0.0,8,395762.12,131703.4,Direct,End-User,Contracted,False,,,,21.0,6.9,2026-09-30,2026-09-30
SAL-000938,HVW-P3-B3-01571,HVW,CUS-000938,2025-05-10,2025-06-07,AGT-027,Team Delta,,,Direct / Walk-In,,4426793.6,203632.51,4.6,4223161.09,0.0,7,663036.29,88535.87,Direct,End-User,Contracted,False,,,,28.0,15.7,2026-09-30,2026-09-30
SAL-000939,HVW-P3-B1-01492,HVW,CUS-000939,2025-05-04,2025-05-13,AGT-020,Team Nile,,,Direct / Walk-In,,4261408.9,357958.35,8.4,3903450.55,0.0,8,351310.55,85228.18,Direct,End-User,Contracted,False,,,,8.0,9.0,2026-09-30,2026-09-30
SAL-000940,HVW-P3-B1-01461,HVW,CUS-000940,2026-04-08,,AGT-028,Team Delta,,,Direct / Walk-In,,4678545.6,238605.83,5.1,4439939.77,0.0,6,626031.51,93570.91,Direct,End-User,Cancelled,True,2026-05-07,Failed Credit Check,,,14.1,2026-09-30,2026-09-30
SAL-000941,HVW-P3-B3-01573,HVW,CUS-000941,2026-03-12,2026-03-31,AGT-024,Team Delta,BRK-10,,Broker Referral,,3498901.0,111964.83,3.2,3386936.17,64013.09,6,501266.55,69978.02,Broker,End-User,Contracted,False,,,,18.0,14.8,2026-09-30,2026-09-30
SAL-000942,HVW-P2-B3-01360,HVW,CUS-000942,2026-04-29,,AGT-022,Team Nile,,,Direct / Walk-In,,4426675.2,438240.84,9.9,3988434.36,0.0,8,410808.74,88533.5,Direct,End-User,Cancelled,True,2026-06-30,Personal / Financial Hardship,,,10.3,2026-09-30,2026-09-30
SAL-000943,HVW-P3-B2-01506,HVW,CUS-000943,2026-04-24,2026-05-03,AGT-025,Team Delta,,,Direct / Walk-In,,3913052.1,207391.76,5.3,3705660.34,0.0,5,674430.18,78261.04,Direct,End-User,Cancelled,True,2026-06-26,Failed Credit Check,,8.0,18.2,2026-09-30,2026-09-30
SAL-000944,HVW-P1-B4-01204,HVW,CUS-000944,2024-07-11,,AGT-023,Team Nile,,,Direct / Walk-In,,4144512.0,377150.59,9.1,3767361.41,0.0,8,301388.91,82890.24,Direct,End-User,Reserved,False,,,,,8.0,2026-09-30,2026-09-30
SAL-000945,HVW-P3-B1-01469,HVW,CUS-000945,2026-01-17,2026-02-16,AGT-020,Team Nile,,,Direct / Walk-In,,5116479.4,465599.63,9.1,4650879.77,0.0,7,423230.06,102329.59,Direct,End-User,Contracted,False,,,,29.0,9.1,2026-09-30,2026-09-30
SAL-000946,HVW-P3-B1-01462,HVW,CUS-000946,2026-01-20,2026-02-03,AGT-026,Team Delta,,,Direct / Walk-In,,4092373.1,188249.16,4.6,3904123.94,0.0,7,476303.12,81847.46,Direct,End-User,Contracted,False,,,,13.0,12.2,2026-09-30,2026-09-30
SAL-000947,HVW-P1-B4-01224,HVW,CUS-000947,2025-04-13,2025-04-19,AGT-024,Team Delta,,,Direct / Walk-In,,5900829.2,206529.02,3.5,5694300.18,0.0,6,1098999.93,118016.58,Direct,End-User,Cancelled,True,2025-05-28,Personal / Financial Hardship,,5.0,19.3,2026-09-30,2026-09-30
SAL-000948,HVW-P3-B4-01619,HVW,CUS-000948,2024-08-05,2024-08-28,AGT-024,Team Delta,BRK-07,,Broker Referral,,2043446.4,81737.86,4.0,1961708.54,38841.83,6,245213.57,40868.93,Broker,End-User,Contracted,False,,,,23.0,12.5,2026-09-30,2026-09-30
SAL-000949,HVW-P1-B1-01063,HVW,CUS-000949,2025-06-11,2025-07-16,AGT-028,Team Delta,,,Direct / Walk-In,,3739310.8,183226.23,4.9,3556084.57,0.0,5,465847.08,74786.22,Direct,End-User,Contracted,False,,,,35.0,13.1,2026-09-30,2026-09-30
SAL-000950,HVW-P2-B4-01448,HVW,CUS-000950,2024-07-26,2024-08-26,AGT-028,Team Delta,,,Direct / Walk-In,,4941831.0,296509.86,6.0,4645321.14,0.0,5,631763.68,98836.62,Direct,End-User,Cancelled,True,2024-10-06,Failed Credit Check,,31.0,13.6,2026-09-30,2026-09-30
SAL-000951,HVW-P3-B2-01531,HVW,CUS-000951,2025-06-12,2025-07-03,AGT-027,Team Delta,,,Direct / Walk-In,,5941496.0,409963.22,6.9,5531532.78,0.0,6,730162.33,118829.92,Direct,End-User,Contracted,False,,,,21.0,13.2,2026-09-30,2026-09-30
SAL-000952,HVW-P2-B1-01262,HVW,CUS-000952,2024-10-31,,AGT-025,Team Delta,,,Direct / Walk-In,,5986016.6,179580.5,3.0,5806436.1,0.0,7,1120642.17,119720.33,Direct,End-User,Reserved,False,,,,,19.3,2026-09-30,2026-09-30
SAL-000953,HVW-P2-B4-01449,HVW,CUS-000953,2025-09-14,,AGT-021,Team Nile,,,Direct / Walk-In,,4308325.2,564390.6,13.1,3743934.6,0.0,8,325722.31,86166.5,Direct,End-User,Cancelled,True,2025-12-06,Personal / Financial Hardship,,,8.7,2026-09-30,2026-09-30
SAL-000954,HVW-P2-B3-01374,HVW,CUS-000954,2025-12-09,2026-01-11,AGT-028,Team Delta,,,Direct / Walk-In,,5596870.4,341409.09,6.1,5255461.31,0.0,7,867151.12,111937.41,Direct,End-User,Contracted,False,,,,32.0,16.5,2026-09-30,2026-09-30
SAL-000955,HVW-P1-B1-01084,HVW,CUS-000955,2026-05-22,2026-06-05,AGT-027,Team Delta,BRK-07,,Broker Referral,,2604064.3,91142.25,3.5,2512922.05,49755.86,5,490019.8,52081.29,Broker,End-User,Contracted,False,,,,13.0,19.5,2026-09-30,2026-09-30
SAL-000956,HVW-P1-B4-01232,HVW,CUS-000956,2025-01-18,2025-02-12,AGT-019,Team Nile,,,Direct / Walk-In,,5287660.0,671532.82,12.7,4616127.18,0.0,7,461612.72,105753.2,Direct,End-User,Contracted,False,,,,25.0,10.0,2026-09-30,2026-09-30
SAL-000957,HVW-P2-B1-01275,HVW,CUS-000957,2025-10-12,,AGT-021,Team Nile,BRK-10,,Broker Referral,,5406788.8,675848.6,12.5,4730940.2,89414.77,8,392668.04,108135.78,Broker,End-User,Reserved,False,,,,,8.3,2026-09-30,2026-09-30
SAL-000958,HVW-P1-B1-01068,HVW,CUS-000958,2026-05-24,2026-06-16,AGT-022,Team Nile,BRK-06,,Broker Referral,,5304176.8,466767.56,8.8,4837409.24,109809.19,8,527277.61,106083.54,Broker,End-User,Contracted,False,,,,23.0,10.9,2026-09-30,2026-09-30
SAL-000959,HVW-P1-B1-01071,HVW,CUS-000959,2024-08-04,2024-08-23,AGT-027,Team Delta,,,Direct / Walk-In,,3333900.5,140023.82,4.2,3193876.68,0.0,5,463112.12,66678.01,Direct,End-User,Contracted,False,,,,19.0,14.5,2026-09-30,2026-09-30
SAL-000960,HVW-P1-B1-01067,HVW,CUS-000960,2026-03-29,,AGT-023,Team Nile,,,Direct / Walk-In,,4338615.8,490263.59,11.3,3848352.21,0.0,8,211659.37,86772.32,Direct,End-User,Reserved,False,,,,,5.5,2026-09-30,2026-09-30
SAL-000961,HVW-P3-B4-01639,HVW,CUS-000961,2024-10-04,2024-10-26,AGT-025,Team Delta,,,Direct / Walk-In,,4682025.0,285603.53,6.1,4396421.47,0.0,7,558345.53,93640.5,Direct,End-User,Contracted,False,,,,22.0,12.7,2026-09-30,2026-09-30
SAL-000962,HVW-P2-B3-01397,HVW,CUS-000962,2025-04-25,,AGT-023,Team Nile,,,Direct / Walk-In,,3920573.2,513595.09,13.1,3406978.11,0.0,8,354325.72,78411.46,Direct,End-User,Reserved,False,,,,,10.4,2026-09-30,2026-09-30
SAL-000963,HVW-P1-B2-01132,HVW,CUS-000963,2025-05-23,2025-06-13,AGT-020,Team Nile,,,Direct / Walk-In,,3473676.0,375157.01,10.8,3098518.99,0.0,7,210699.29,69473.52,Direct,End-User,Contracted,False,,,,20.0,6.8,2026-09-30,2026-09-30
SAL-000964,HVW-P3-B1-01493,HVW,CUS-000964,2025-11-21,2025-11-22,AGT-022,Team Nile,,,Direct / Walk-In,,3379481.0,300773.81,8.9,3078707.19,0.0,8,258611.4,67589.62,Direct,End-User,Cancelled,True,2026-02-07,Financing Fell Through,,1.0,8.4,2026-09-30,2026-09-30
SAL-000965,HVW-P2-B4-01446,HVW,CUS-000965,2026-01-18,,AGT-020,Team Nile,,,Direct / Walk-In,,2425130.4,286165.39,11.8,2138965.01,0.0,8,143310.66,48502.61,Direct,End-User,Reserved,False,,,,,6.7,2026-09-30,2026-09-30
SAL-000966,HVW-P3-B1-01502,HVW,CUS-000966,2025-04-13,2025-04-20,AGT-021,Team Nile,,,Direct / Walk-In,,2069625.6,194544.81,9.4,1875080.79,0.0,7,95629.12,41392.51,Direct,End-User,Contracted,False,,,,7.0,5.1,2026-09-30,2026-09-30
SAL-000967,HVW-P2-B2-01325,HVW,CUS-000967,2025-12-03,,AGT-022,Team Nile,BRK-05,,Broker Referral,,4827949.8,671085.02,13.9,4156864.78,112651.04,7,365804.1,96559.0,Broker,End-User,Reserved,False,,,,,8.8,2026-09-30,2026-09-30
SAL-000968,HVW-P3-B1-01498,HVW,CUS-000968,2026-06-28,,AGT-019,Team Nile,,,Direct / Walk-In,,3993454.4,431293.08,10.8,3562161.32,0.0,8,384713.42,79869.09,Direct,End-User,Reserved,False,,,,,10.8,2026-09-30,2026-09-30
SAL-000969,HVW-P3-B4-01618,HVW,CUS-000969,2025-06-26,2025-07-08,AGT-022,Team Nile,BRK-05,,Broker Referral,,3336722.6,427100.49,12.8,2909622.11,78850.76,7,244408.26,66734.45,Broker,End-User,Contracted,False,,,,11.0,8.4,2026-09-30,2026-09-30
SAL-000970,HVW-P1-B1-01058,HVW,CUS-000970,2024-08-28,2024-09-13,AGT-024,Team Delta,BRK-05,,Broker Referral,,3001436.2,126060.32,4.2,2875375.88,77922.69,6,365172.74,60028.72,Broker,End-User,Contracted,False,,,,16.0,12.7,2026-09-30,2026-09-30
SAL-000971,HVW-P1-B4-01226,HVW,CUS-000971,2024-09-19,2024-10-12,AGT-026,Team Delta,,,Direct / Walk-In,,5201505.5,208060.22,4.0,4993445.28,0.0,6,923787.38,104030.11,Direct,End-User,Contracted,False,,,,22.0,18.5,2026-09-30,2026-09-30
SAL-000972,HVW-P2-B2-01326,HVW,CUS-000972,2024-10-18,,AGT-023,Team Nile,,,Direct / Walk-In,,3683237.1,493553.77,13.4,3189683.33,0.0,8,194570.68,73664.74,Direct,End-User,Reserved,False,,,,,6.1,2026-09-30,2026-09-30
SAL-000973,HVW-P3-B4-01611,HVW,CUS-000973,2026-03-11,,AGT-019,Team Nile,,,Direct / Walk-In,,2676464.0,315822.75,11.8,2360641.25,0.0,8,195933.22,53529.28,Direct,End-User,Cancelled,True,2026-05-21,Financing Fell Through,,,8.3,2026-09-30,2026-09-30
SAL-000974,HVW-P2-B4-01436,HVW,CUS-000974,2025-08-11,,AGT-026,Team Delta,,,Direct / Walk-In,,4999152.6,249957.63,5.0,4749194.97,0.0,7,702880.86,99983.05,Direct,End-User,Cancelled,True,2025-09-29,Personal / Financial Hardship,,,14.8,2026-09-30,2026-09-30
SAL-000975,HVW-P3-B3-01583,HVW,CUS-000975,2024-11-14,2024-12-09,AGT-020,Team Nile,,,Direct / Walk-In,,3764566.6,357633.83,9.5,3406932.77,0.0,8,245299.16,75291.33,Direct,End-User,Cancelled,True,2025-03-04,Personal / Financial Hardship,,25.0,7.2,2026-09-30,2026-09-30
SAL-000976,HVW-P1-B2-01127,HVW,CUS-000976,2025-06-16,,AGT-020,Team Nile,,,Direct / Walk-In,,3289747.0,292787.48,8.9,2996959.52,0.0,8,239756.76,65794.94,Direct,End-User,Cancelled,True,2025-08-13,Personal / Financial Hardship,,,8.0,2026-09-30,2026-09-30
SAL-000977,HVW-P2-B2-01309,HVW,CUS-000977,2026-04-04,2026-04-19,AGT-020,Team Nile,,,Direct / Walk-In,,4573994.7,544305.37,11.9,4029689.33,0.0,7,326404.84,91479.89,Direct,End-User,Cancelled,True,2026-06-09,Failed Credit Check,,14.0,8.1,2026-09-30,2026-09-30
SAL-000978,HVW-P2-B3-01392,HVW,CUS-000978,2026-03-02,2026-03-18,AGT-020,Team Nile,,,Direct / Walk-In,,2474880.9,259862.49,10.5,2215018.41,0.0,8,194921.62,49497.62,Direct,End-User,Contracted,False,,,,16.0,8.8,2026-09-30,2026-09-30
SAL-000979,HVW-P2-B2-01351,HVW,CUS-000979,2026-05-12,2026-06-11,AGT-023,Team Nile,,,Direct / Walk-In,,2340500.5,224688.05,9.6,2115812.45,0.0,7,120601.31,46810.01,Direct,End-User,Cancelled,True,2026-06-30,Financing Fell Through,,30.0,5.7,2026-09-30,2026-09-30
SAL-000980,HVW-P1-B1-01087,HVW,CUS-000980,2026-02-07,,AGT-021,Team Nile,BRK-02,,Broker Referral,,2232162.6,207591.12,9.3,2024571.48,35227.54,8,218653.72,44643.25,Broker,End-User,Cancelled,True,2026-04-25,Failed Credit Check,,,10.8,2026-09-30,2026-09-30
SAL-000981,HVW-P3-B1-01500,HVW,CUS-000981,2026-02-09,2026-02-28,AGT-027,Team Delta,,,Direct / Walk-In,,4597439.6,206884.78,4.5,4390554.82,0.0,6,619068.23,91948.79,Direct,End-User,Contracted,False,,,,18.0,14.1,2026-09-30,2026-09-30
SAL-000982,HVW-P1-B4-01205,HVW,CUS-000982,2025-09-30,,AGT-021,Team Nile,,,Direct / Walk-In,,5061320.7,501070.75,9.9,4560249.95,0.0,8,487946.74,101226.41,Direct,End-User,Reserved,False,,,,,10.7,2026-09-30,2026-09-30
SAL-000983,HVW-P2-B4-01444,HVW,CUS-000983,2025-03-03,2025-03-22,AGT-023,Team Nile,,,Direct / Walk-In,,3281873.4,341314.83,10.4,2940558.57,0.0,8,294055.86,65637.47,Direct,End-User,Contracted,False,,,,18.0,10.0,2026-09-30,2026-09-30
SAL-000984,HVW-P1-B1-01078,HVW,CUS-000984,2025-01-30,,AGT-020,Team Nile,,,Direct / Walk-In,,4998140.7,474823.37,9.5,4523317.33,0.0,7,488518.27,99962.81,Direct,End-User,Reserved,False,,,,,10.8,2026-09-30,2026-09-30
SAL-000985,HVW-P3-B3-01553,HVW,CUS-000985,2026-04-28,2026-05-21,AGT-024,Team Delta,,,Direct / Walk-In,,4434798.4,141913.55,3.2,4292884.85,0.0,5,849991.2,88695.97,Direct,End-User,Contracted,False,,,,23.0,19.8,2026-09-30,2026-09-30
SAL-000986,HVW-P2-B2-01339,HVW,CUS-000986,2025-12-31,2026-01-26,AGT-023,Team Nile,,,Direct / Walk-In,,4269440.0,478177.28,11.2,3791262.72,0.0,7,413247.64,85388.8,Direct,End-User,Cancelled,True,2026-04-22,Financing Fell Through,,26.0,10.9,2026-09-30,2026-09-30
SAL-000987,HVW-P1-B3-01200,HVW,CUS-000987,2024-09-07,2024-09-08,AGT-020,Team Nile,BRK-12,,Broker Referral,,3504923.4,378531.73,10.8,3126391.67,65654.23,7,293880.82,70098.47,Broker,End-User,Contracted,False,,,,1.0,9.4,2026-09-30,2026-09-30
SAL-000988,HVW-P1-B4-01251,HVW,CUS-000988,2025-07-26,2025-09-04,AGT-019,Team Nile,,,Direct / Walk-In,,4335364.6,515908.39,11.9,3819456.21,0.0,8,221528.46,86707.29,Direct,End-User,Cancelled,True,2025-11-12,Personal / Financial Hardship,,40.0,5.8,2026-09-30,2026-09-30
SAL-000989,HVW-P1-B2-01104,HVW,CUS-000989,2024-12-24,,AGT-022,Team Nile,,,Direct / Walk-In,,3834498.9,333601.4,8.7,3500897.5,0.0,7,290574.49,76689.98,Direct,End-User,Reserved,False,,,,,8.3,2026-09-30,2026-09-30
SAL-000990,HVW-P1-B4-01209,HVW,CUS-000990,2026-01-11,,AGT-027,Team Delta,,,Direct / Walk-In,,3413302.5,116052.29,3.4,3297250.21,0.0,7,398967.28,68266.05,Direct,End-User,Reserved,False,,,,,12.1,2026-09-30,2026-09-30
SAL-000991,HVW-P1-B4-01211,HVW,CUS-000991,2025-01-23,2025-02-03,AGT-024,Team Delta,,,Direct / Walk-In,,2048200.4,124940.22,6.1,1923260.18,0.0,5,253870.34,40964.01,Direct,End-User,Contracted,False,,,,11.0,13.2,2026-09-30,2026-09-30
SAL-000992,HVW-P2-B4-01450,HVW,CUS-000992,2026-02-11,,AGT-019,Team Nile,,,Direct / Walk-In,,5121137.8,425054.44,8.3,4696083.36,0.0,8,356902.34,102422.76,Direct,End-User,Reserved,False,,,,,7.6,2026-09-30,2026-09-30
SAL-000993,HVW-P2-B1-01296,HVW,CUS-000993,2025-01-22,2025-02-05,AGT-025,Team Delta,,,Direct / Walk-In,,4475675.4,179027.02,4.0,4296648.38,0.0,5,803473.25,89513.51,Direct,End-User,Contracted,False,,,,14.0,18.7,2026-09-30,2026-09-30
SAL-000994,HVW-P1-B4-01212,HVW,CUS-000994,2025-09-30,2025-10-11,AGT-026,Team Delta,BRK-12,,Broker Referral,,4531974.3,285514.38,6.3,4246459.92,89175.66,5,777102.17,90639.49,Broker,End-User,Contracted,False,,,,11.0,18.3,2026-09-30,2026-09-30
SAL-000995,HVW-P3-B1-01480,HVW,CUS-000995,2025-10-27,2025-11-08,AGT-027,Team Delta,,,Direct / Walk-In,,3988009.2,155532.36,3.9,3832476.84,0.0,5,574871.53,79760.18,Direct,End-User,Contracted,False,,,,11.0,15.0,2026-09-30,2026-09-30
SAL-000996,HVW-P1-B4-01229,HVW,CUS-000996,2024-11-28,2024-12-11,AGT-019,Team Nile,,,Direct / Walk-In,,4997714.4,419808.01,8.4,4577906.39,0.0,8,238051.13,99954.29,Direct,End-User,Contracted,False,,,,13.0,5.2,2026-09-30,2026-09-30
SAL-000997,HVW-P2-B2-01337,HVW,CUS-000997,2026-01-28,,AGT-022,Team Nile,,,Direct / Walk-In,,4970334.6,502003.79,10.1,4468330.81,0.0,7,437896.42,99406.69,Direct,End-User,Cancelled,True,2026-04-13,Personal / Financial Hardship,,,9.8,2026-09-30,2026-09-30
SAL-000998,HVW-P2-B4-01427,HVW,CUS-000998,2026-03-08,,AGT-023,Team Nile,,,Direct / Walk-In,,4711215.6,485255.21,10.3,4225960.39,0.0,8,380336.44,94224.31,Direct,End-User,Reserved,False,,,,,9.0,2026-09-30,2026-09-30
SAL-000999,HVW-P3-B4-01605,HVW,CUS-000999,2025-01-14,2025-02-06,AGT-022,Team Nile,,,Direct / Walk-In,,5296307.7,587890.15,11.1,4708417.55,0.0,8,287213.47,105926.15,Direct,End-User,Cancelled,True,2025-04-22,Failed Credit Check,,23.0,6.1,2026-09-30,2026-09-30
SAL-001000,HVW-P1-B1-01098,HVW,CUS-001000,2024-11-13,2024-12-18,AGT-020,Team Nile,BRK-10,,Broker Referral,,5952816.9,708385.21,11.9,5244431.69,99119.76,7,393332.38,119056.34,Broker,End-User,Cancelled,True,2025-02-07,Personal / Financial Hardship,,35.0,7.5,2026-09-30,2026-09-30
SAL-001001,HVW-P1-B2-01123,HVW,CUS-001001,2026-01-09,,AGT-026,Team Delta,BRK-03,,Broker Referral,,2253185.0,155469.77,6.9,2097715.23,47827.91,6,367100.17,45063.7,Broker,End-User,Cancelled,True,2026-02-10,Failed Credit Check,,,17.5,2026-09-30,2026-09-30
SAL-001002,HVW-P1-B4-01203,HVW,CUS-001002,2025-11-26,2025-12-05,AGT-022,Team Nile,,,Direct / Walk-In,,4566926.0,369921.01,8.1,4197004.99,0.0,7,402912.48,91338.52,Direct,End-User,Contracted,False,,,,9.0,9.6,2026-09-30,2026-09-30
SAL-001003,HVW-P2-B3-01372,HVW,CUS-001003,2024-12-01,2024-12-25,AGT-021,Team Nile,,,Direct / Walk-In,,4987527.0,633415.93,12.7,4354111.07,0.0,8,309141.89,99750.54,Direct,End-User,Contracted,False,,,,23.0,7.1,2026-09-30,2026-09-30
SAL-001004,HVW-P2-B4-01407,HVW,CUS-001004,2026-04-03,2026-05-04,AGT-021,Team Nile,,,Direct / Walk-In,,5183190.0,658265.13,12.7,4524924.87,0.0,8,285070.27,103663.8,Direct,End-User,Contracted,False,,,,30.0,6.3,2026-09-30,2026-09-30
SAL-001005,HVW-P1-B3-01197,HVW,CUS-001005,2025-11-20,2025-12-07,AGT-019,Team Nile,,,Direct / Walk-In,,4562426.0,552053.55,12.1,4010372.45,0.0,8,413068.36,91248.52,Direct,End-User,Contracted,False,,,,16.0,10.3,2026-09-30,2026-09-30
SAL-001006,HVW-P3-B2-01515,HVW,CUS-001006,2024-09-12,2024-09-30,AGT-026,Team Delta,,,Direct / Walk-In,,2404045.2,76929.45,3.2,2327115.75,0.0,6,390955.45,48080.9,Direct,End-User,Contracted,False,,,,18.0,16.8,2026-09-30,2026-09-30
SAL-001007,HVW-P3-B4-01615,HVW,CUS-001007,2025-06-07,,AGT-024,Team Delta,BRK-03,,Broker Referral,,5351507.2,342496.46,6.4,5009010.74,114205.44,5,936685.01,107030.14,Broker,End-User,Cancelled,True,2025-07-18,Personal / Financial Hardship,,,18.7,2026-09-30,2026-09-30
SAL-001008,HVW-P3-B1-01477,HVW,CUS-001008,2026-06-30,2026-06-30,AGT-025,Team Delta,,,Direct / Walk-In,,2610612.2,133141.22,5.1,2477470.98,0.0,7,458332.13,52212.24,Direct,End-User,Contracted,False,,,,0.0,18.5,2026-09-30,2026-09-30
SAL-001009,HVW-P3-B3-01597,HVW,CUS-001009,2025-08-09,,AGT-026,Team Delta,,,Direct / Walk-In,,4898314.8,279203.94,5.7,4619110.86,0.0,5,729819.52,97966.3,Direct,End-User,Cancelled,True,2025-09-17,Failed Credit Check,,,15.8,2026-09-30,2026-09-30
SAL-001010,HVW-P3-B4-01620,HVW,CUS-001010,2025-03-09,2025-03-21,AGT-023,Team Nile,,,Direct / Walk-In,,2380459.2,252328.68,10.6,2128130.52,0.0,8,110662.79,47609.18,Direct,End-User,Contracted,False,,,,11.0,5.2,2026-09-30,2026-09-30
SAL-001011,HVW-P3-B1-01478,HVW,CUS-001011,2025-02-01,,AGT-022,Team Nile,BRK-13,,Broker Referral,,2939568.0,264561.12,9.0,2675006.88,54837.64,8,251450.65,58791.36,Broker,End-User,Cancelled,True,2025-04-22,Failed Credit Check,,,9.4,2026-09-30,2026-09-30
SAL-001012,HVW-P3-B3-01559,HVW,CUS-001012,2025-09-28,,AGT-024,Team Delta,,,Direct / Walk-In,,4537470.0,308547.96,6.8,4228922.04,0.0,6,841555.49,90749.4,Direct,End-User,Reserved,False,,,,,19.9,2026-09-30,2026-09-30
SAL-001013,HVW-P2-B3-01365,HVW,CUS-001013,2024-08-16,2024-08-31,AGT-020,Team Nile,,,Direct / Walk-In,,4156289.9,565255.43,13.6,3591034.47,0.0,7,251372.41,83125.8,Direct,End-User,Contracted,False,,,,14.0,7.0,2026-09-30,2026-09-30
SAL-001014,HVW-P2-B1-01274,HVW,CUS-001014,2025-06-25,2025-07-31,AGT-023,Team Nile,,,Direct / Walk-In,,2888144.4,346577.33,12.0,2541567.07,0.0,7,266864.54,57762.89,Direct,End-User,Contracted,False,,,,36.0,10.5,2026-09-30,2026-09-30
SAL-001015,HVW-P3-B1-01465,HVW,CUS-001015,2025-12-19,2026-01-10,AGT-023,Team Nile,,,Direct / Walk-In,,2676382.0,334547.75,12.5,2341834.25,0.0,8,154561.06,53527.64,Direct,End-User,Cancelled,True,2026-03-11,Financing Fell Through,,22.0,6.6,2026-09-30,2026-09-30
SAL-001016,HVW-P1-B2-01137,HVW,CUS-001016,2026-02-16,,AGT-021,Team Nile,BRK-05,,Broker Referral,,4615109.8,507662.08,11.0,4107447.72,111311.83,7,312166.03,92302.2,Broker,End-User,Reserved,False,,,,,7.6,2026-09-30,2026-09-30
SAL-001017,HVW-P1-B3-01155,HVW,CUS-001017,2025-05-08,,AGT-022,Team Nile,,,Direct / Walk-In,,4904875.8,475772.95,9.7,4429102.85,0.0,8,225884.25,98097.52,Direct,End-User,Reserved,False,,,,,5.1,2026-09-30,2026-09-30
SAL-001018,HVW-P1-B2-01151,HVW,CUS-001018,2025-01-11,,AGT-026,Team Delta,,,Direct / Walk-In,,3663255.6,150193.48,4.1,3513062.12,0.0,5,505880.95,73265.11,Direct,End-User,Reserved,False,,,,,14.4,2026-09-30,2026-09-30
SAL-001019,HVW-P3-B1-01456,HVW,CUS-001019,2025-12-17,2026-01-10,AGT-022,Team Nile,BRK-06,,Broker Referral,,4863462.9,500936.68,10.3,4362526.22,99029.35,8,239938.94,97269.26,Broker,End-User,Contracted,False,,,,24.0,5.5,2026-09-30,2026-09-30
SAL-001020,HVW-P2-B4-01417,HVW,CUS-001020,2024-10-20,,AGT-019,Team Nile,,,Direct / Walk-In,,6282350.4,822987.9,13.1,5459362.5,0.0,8,436749.0,125647.01,Direct,End-User,Cancelled,True,2024-12-30,Financing Fell Through,,,8.0,2026-09-30,2026-09-30
SAL-001021,HVW-P1-B4-01238,HVW,CUS-001021,2024-07-18,,AGT-020,Team Nile,BRK-10,,Broker Referral,,2479286.9,304952.29,12.3,2174334.61,41094.92,8,156552.09,49585.74,Broker,End-User,Reserved,False,,,,,7.2,2026-09-30,2026-09-30
SAL-001022,HVW-P2-B3-01371,HVW,CUS-001022,2025-08-30,,AGT-026,Team Delta,,,Direct / Walk-In,,5239718.4,230547.61,4.4,5009170.79,0.0,7,801467.33,104794.37,Direct,End-User,Reserved,False,,,,,16.0,2026-09-30,2026-09-30
SAL-001023,HVW-P3-B3-01598,HVW,CUS-001023,2025-08-08,,AGT-019,Team Nile,BRK-04,,Broker Referral,,2235380.0,198948.82,8.9,2036431.18,53558.14,8,207715.98,44707.6,Broker,End-User,Reserved,False,,,,,10.2,2026-09-30,2026-09-30
SAL-001024,HVW-P3-B3-01562,HVW,CUS-001024,2025-10-27,2025-11-10,AGT-024,Team Delta,,,Direct / Walk-In,,6064255.5,333534.05,5.5,5730721.45,0.0,5,1094567.8,121285.11,Direct,End-User,Contracted,False,,,,13.0,19.1,2026-09-30,2026-09-30
SAL-001025,HVW-P1-B4-01216,HVW,CUS-001025,2025-10-17,,AGT-027,Team Delta,,,Direct / Walk-In,,5327690.0,266384.5,5.0,5061305.5,0.0,5,733889.3,106553.8,Direct,End-User,Reserved,False,,,,,14.5,2026-09-30,2026-09-30
SAL-001026,HVW-P1-B3-01178,HVW,CUS-001026,2026-03-09,2026-03-22,AGT-020,Team Nile,,,Direct / Walk-In,,2874630.0,247218.18,8.6,2627411.82,0.0,8,207565.53,57492.6,Direct,End-User,Cancelled,True,2026-06-12,Personal / Financial Hardship,,12.0,7.9,2026-09-30,2026-09-30
SAL-001027,HVW-P3-B2-01504,HVW,CUS-001027,2025-09-12,2025-10-07,AGT-026,Team Delta,,,Direct / Walk-In,,2871766.4,100511.82,3.5,2771254.58,0.0,6,487740.81,57435.33,Direct,End-User,Contracted,False,,,,24.0,17.6,2026-09-30,2026-09-30
SAL-001028,HVW-P1-B2-01139,HVW,CUS-001028,2025-02-01,2025-02-14,AGT-026,Team Delta,,,Direct / Walk-In,,2288830.8,89264.4,3.9,2199566.4,0.0,6,362928.46,45776.62,Direct,End-User,Contracted,False,,,,13.0,16.5,2026-09-30,2026-09-30
SAL-001029,HVW-P3-B3-01557,HVW,CUS-001029,2025-10-07,2025-10-28,AGT-027,Team Delta,,,Direct / Walk-In,,2767972.2,99647.0,3.6,2668325.2,0.0,6,402917.11,55359.44,Direct,End-User,Contracted,False,,,,21.0,15.1,2026-09-30,2026-09-30
SAL-001030,HVW-P3-B3-01592,HVW,CUS-001030,2026-03-01,,AGT-025,Team Delta,,,Direct / Walk-In,,4011297.8,172485.81,4.3,3838811.99,0.0,5,706341.41,80225.96,Direct,End-User,Reserved,False,,,,,18.4,2026-09-30,2026-09-30
SAL-001031,HVW-P3-B4-01632,HVW,CUS-001031,2025-01-12,,AGT-022,Team Nile,,,Direct / Walk-In,,3595592.0,435066.63,12.1,3160525.37,0.0,7,287607.81,71911.84,Direct,End-User,Reserved,False,,,,,9.1,2026-09-30,2026-09-30
SAL-001032,HVW-P1-B4-01249,HVW,CUS-001032,2024-12-21,2025-01-12,AGT-028,Team Delta,BRK-10,,Broker Referral,,2709951.8,154467.25,5.7,2555484.55,48298.66,5,403766.56,54199.04,Broker,End-User,Contracted,False,,,,22.0,15.8,2026-09-30,2026-09-30
SAL-001033,HVW-P1-B2-01152,HVW,CUS-001033,2024-07-17,2024-08-12,AGT-028,Team Delta,,,Direct / Walk-In,,5084230.8,213537.69,4.2,4870693.11,0.0,5,618578.02,101684.62,Direct,End-User,Contracted,False,,,,26.0,12.7,2026-09-30,2026-09-30
SAL-001034,HVW-P2-B1-01272,HVW,CUS-001034,2025-01-26,,AGT-026,Team Delta,,,Direct / Walk-In,,4604904.2,198010.88,4.3,4406893.32,0.0,5,740358.08,92098.08,Direct,End-User,Reserved,False,,,,,16.8,2026-09-30,2026-09-30
SAL-001035,HVW-P2-B4-01413,HVW,CUS-001035,2026-02-12,2026-03-07,AGT-021,Team Nile,,,Direct / Walk-In,,6783697.8,942933.99,13.9,5840763.81,0.0,8,613280.2,135673.96,Direct,End-User,Contracted,False,,,,23.0,10.5,2026-09-30,2026-09-30
SAL-001036,HVW-P2-B3-01385,HVW,CUS-001036,2025-12-10,,AGT-022,Team Nile,,,Direct / Walk-In,,4891899.6,645730.75,13.2,4246168.85,0.0,7,288739.48,97837.99,Direct,End-User,Reserved,False,,,,,6.8,2026-09-30,2026-09-30
SAL-001037,HVW-P2-B4-01435,HVW,CUS-001037,2025-04-16,2025-05-05,AGT-023,Team Nile,,,Direct / Walk-In,,3778856.6,309866.24,8.2,3468990.36,0.0,7,298333.17,75577.13,Direct,End-User,Contracted,False,,,,19.0,8.6,2026-09-30,2026-09-30
SAL-001038,HVW-P1-B3-01185,HVW,CUS-001038,2025-10-22,,AGT-021,Team Nile,,,Direct / Walk-In,,4661371.2,442830.26,9.5,4218540.94,0.0,8,244675.37,93227.42,Direct,End-User,Cancelled,True,2025-12-14,Financing Fell Through,,,5.8,2026-09-30,2026-09-30
SAL-001039,HVW-P1-B4-01230,HVW,CUS-001039,2025-11-24,2025-12-10,AGT-027,Team Delta,,,Direct / Walk-In,,4384939.2,131548.18,3.0,4253391.02,0.0,6,659275.61,87698.78,Direct,End-User,Cancelled,True,2026-01-25,Personal / Financial Hardship,,16.0,15.5,2026-09-30,2026-09-30
SAL-001040,HVW-P1-B2-01134,HVW,CUS-001040,2026-03-14,2026-03-31,AGT-020,Team Nile,,,Direct / Walk-In,,5247891.2,587763.81,11.2,4660127.39,0.0,8,391450.7,104957.82,Direct,End-User,Contracted,False,,,,17.0,8.4,2026-09-30,2026-09-30
SAL-001041,HVW-P2-B2-01332,HVW,CUS-001041,2026-02-24,,AGT-026,Team Delta,,,Direct / Walk-In,,4999155.0,274953.53,5.5,4724201.47,0.0,5,609421.99,99983.1,Direct,End-User,Reserved,False,,,,,12.9,2026-09-30,2026-09-30
SAL-001042,HVW-P3-B2-01551,HVW,CUS-001042,2024-07-22,2024-07-25,AGT-019,Team Nile,,,Direct / Walk-In,,4442840.8,395412.83,8.9,4047427.97,0.0,8,307604.53,88856.82,Direct,End-User,Contracted,False,,,,3.0,7.6,2026-09-30,2026-09-30
SAL-001043,HVW-P2-B2-01315,HVW,CUS-001043,2025-11-25,2025-12-06,AGT-020,Team Nile,,,Direct / Walk-In,,2952814.2,386818.66,13.1,2565995.54,0.0,8,223241.61,59056.28,Direct,End-User,Contracted,False,,,,11.0,8.7,2026-09-30,2026-09-30
SAL-001044,HVW-P2-B4-01424,HVW,CUS-001044,2024-08-01,,AGT-022,Team Nile,BRK-02,,Broker Referral,,2219175.0,219698.33,9.9,1999476.67,34790.89,8,135964.41,44383.5,Broker,End-User,Reserved,False,,,,,6.8,2026-09-30,2026-09-30
SAL-001045,HVW-P1-B4-01236,HVW,CUS-001045,2024-09-10,,AGT-021,Team Nile,,,Direct / Walk-In,,2008808.1,212933.66,10.6,1795874.44,0.0,7,143669.96,40176.16,Direct,End-User,Reserved,False,,,,,8.0,2026-09-30,2026-09-30
SAL-001046,HVW-P3-B4-01608,HVW,CUS-001046,2024-10-03,2024-10-22,AGT-028,Team Delta,,,Direct / Walk-In,,2916985.5,160434.2,5.5,2756551.3,0.0,7,369377.87,58339.71,Direct,End-User,Contracted,False,,,,19.0,13.4,2026-09-30,2026-09-30
SAL-001047,HVW-P3-B2-01509,HVW,CUS-001047,2025-10-19,,AGT-020,Team Nile,BRK-01,,Broker Referral,,6111180.5,525561.52,8.6,5585618.98,115622.31,8,452435.14,122223.61,Broker,End-User,Reserved,False,,,,,8.1,2026-09-30,2026-09-30
SAL-001048,HVW-P3-B3-01587,HVW,CUS-001048,2024-12-06,2024-12-25,AGT-026,Team Delta,,,Direct / Walk-In,,5480341.4,290458.09,5.3,5189883.31,0.0,7,923799.23,109606.83,Direct,End-User,Contracted,False,,,,19.0,17.8,2026-09-30,2026-09-30
SAL-001049,HVW-P3-B1-01476,HVW,CUS-001049,2025-08-14,2025-08-28,AGT-021,Team Nile,,,Direct / Walk-In,,5644138.5,513616.6,9.1,5130521.9,0.0,8,287309.23,112882.77,Direct,End-User,Cancelled,True,2025-11-26,Financing Fell Through,,13.0,5.6,2026-09-30,2026-09-30
SAL-001050,HVW-P2-B4-01452,HVW,CUS-001050,2024-11-09,,AGT-028,Team Delta,,,Direct / Walk-In,,4658188.6,209618.49,4.5,4448570.11,0.0,6,542725.55,93163.77,Direct,End-User,Reserved,False,,,,,12.2,2026-09-30,2026-09-30
SAL-001051,HVW-P1-B3-01156,HVW,CUS-001051,2025-10-14,2025-11-10,AGT-019,Team Nile,,,Direct / Walk-In,,6080160.8,705298.65,11.6,5374862.15,0.0,8,537486.21,121603.22,Direct,End-User,Contracted,False,,,,26.0,10.0,2026-09-30,2026-09-30
SAL-001052,HVW-P3-B3-01584,HVW,CUS-001052,2026-02-15,,AGT-019,Team Nile,,,Direct / Walk-In,,2094661.8,236696.78,11.3,1857965.02,0.0,7,128199.59,41893.24,Direct,End-User,Cancelled,True,2026-04-30,Failed Credit Check,,,6.9,2026-09-30,2026-09-30
SAL-001053,HVW-P2-B3-01378,HVW,CUS-001053,2025-12-25,2026-01-13,AGT-019,Team Nile,,,Direct / Walk-In,,4130985.5,330478.84,8.0,3800506.66,0.0,8,406654.21,82619.71,Direct,End-User,Cancelled,True,2026-03-28,Financing Fell Through,,19.0,10.7,2026-09-30,2026-09-30
SAL-001054,HVW-P2-B2-01304,HVW,CUS-001054,2025-08-03,2025-08-07,AGT-027,Team Delta,BRK-11,,Broker Referral,,3448318.5,203450.79,5.9,3244867.71,96372.57,5,616524.86,68966.37,Broker,End-User,Contracted,False,,,,4.0,19.0,2026-09-30,2026-09-30
SAL-001055,HVW-P1-B1-01094,HVW,CUS-001055,2025-05-29,,AGT-022,Team Nile,,,Direct / Walk-In,,4363208.4,397051.96,9.1,3966156.44,0.0,8,396615.64,87264.17,Direct,End-User,Cancelled,True,2025-08-01,Failed Credit Check,,,10.0,2026-09-30,2026-09-30
SAL-001056,HVW-P2-B4-01430,HVW,CUS-001056,2025-10-06,2025-10-10,AGT-025,Team Delta,BRK-02,,Broker Referral,,6894887.2,434377.89,6.3,6460509.31,112412.86,5,814024.17,137897.74,Broker,End-User,Contracted,False,,,,3.0,12.6,2026-09-30,2026-09-30
SAL-001057,HVW-P2-B1-01282,HVW,CUS-001057,2026-05-09,2026-05-20,AGT-025,Team Delta,,,Direct / Walk-In,,4340778.0,230061.23,5.3,4110716.77,0.0,6,674157.55,86815.56,Direct,End-User,Contracted,False,,,,11.0,16.4,2026-09-30,2026-09-30
SAL-001058,HVW-P2-B2-01334,HVW,CUS-001058,2025-06-07,2025-06-18,AGT-019,Team Nile,,,Direct / Walk-In,,4436166.3,554520.79,12.5,3881645.51,0.0,8,197963.92,88723.33,Direct,End-User,Contracted,False,,,,11.0,5.1,2026-09-30,2026-09-30
SAL-001059,HVW-P2-B3-01393,HVW,CUS-001059,2026-06-01,2026-06-16,AGT-028,Team Delta,BRK-11,,Broker Referral,,2096592.4,81767.1,3.9,2014825.3,59840.31,7,370727.86,41931.85,Broker,End-User,Contracted,False,,,,15.0,18.4,2026-09-30,2026-09-30
SAL-001060,HVW-P2-B4-01422,HVW,CUS-001060,2026-03-20,,AGT-020,Team Nile,,,Direct / Walk-In,,3700895.2,321977.88,8.7,3378917.32,0.0,8,371680.91,74017.9,Direct,End-User,Reserved,False,,,,,11.0,2026-09-30,2026-09-30
SAL-001061,HVW-P1-B2-01150,HVW,CUS-001061,2026-01-10,,AGT-021,Team Nile,BRK-06,,Broker Referral,,4372088.8,406604.26,9.3,3965484.54,90016.5,8,257756.5,87441.78,Broker,End-User,Reserved,False,,,,,6.5,2026-09-30,2026-09-30
SAL-001062,HVW-P2-B1-01263,HVW,CUS-001062,2025-09-26,2025-10-30,AGT-020,Team Nile,,,Direct / Walk-In,,4600336.8,584242.77,12.7,4016094.03,0.0,8,301207.05,92006.74,Direct,End-User,Contracted,False,,,,33.0,7.5,2026-09-30,2026-09-30
SAL-001063,HVW-P2-B3-01391,HVW,CUS-001063,2024-07-27,2024-08-31,AGT-021,Team Nile,,,Direct / Walk-In,,3748159.0,483512.51,12.9,3264646.49,0.0,8,235054.55,74963.18,Direct,End-User,Contracted,False,,,,35.0,7.2,2026-09-30,2026-09-30
SAL-001064,HVW-P2-B3-01396,HVW,CUS-001064,2025-10-28,2025-11-19,AGT-020,Team Nile,,,Direct / Walk-In,,4536475.4,508085.24,11.2,4028390.16,0.0,7,229618.24,90729.51,Direct,End-User,Contracted,False,,,,22.0,5.7,2026-09-30,2026-09-30
SAL-001065,HVW-P3-B1-01495,HVW,CUS-001065,2025-09-21,,AGT-023,Team Nile,,,Direct / Walk-In,,4397883.0,510154.43,11.6,3887728.57,0.0,8,248814.63,87957.66,Direct,End-User,Reserved,False,,,,,6.4,2026-09-30,2026-09-30
SAL-001066,HVW-P2-B2-01310,HVW,CUS-001066,2024-11-17,2024-12-08,AGT-028,Team Delta,,,Direct / Walk-In,,5198620.0,181951.7,3.5,5016668.3,0.0,7,897983.63,103972.4,Direct,End-User,Cancelled,True,2025-01-23,Financing Fell Through,,21.0,17.9,2026-09-30,2026-09-30
SAL-001067,HVW-P2-B2-01316,HVW,CUS-001067,2024-09-20,2024-09-21,AGT-028,Team Delta,BRK-07,,Broker Referral,,6160558.4,240261.78,3.9,5920296.62,117221.87,6,1089334.58,123211.17,Broker,End-User,Cancelled,True,2024-10-25,Financing Fell Through,,1.0,18.4,2026-09-30,2026-09-30
SAL-001068,HVW-P3-B4-01612,HVW,CUS-001068,2025-05-29,2025-06-23,AGT-025,Team Delta,,,Direct / Walk-In,,4991902.3,314489.84,6.3,4677412.46,0.0,5,570644.32,99838.05,Direct,End-User,Contracted,False,,,,25.0,12.2,2026-09-30,2026-09-30
SAL-001069,HVW-P1-B1-01059,HVW,CUS-001069,2025-11-11,2025-11-28,AGT-025,Team Delta,,,Direct / Walk-In,,2564957.4,92338.47,3.6,2472618.93,0.0,6,314022.6,51299.15,Direct,End-User,Contracted,False,,,,16.0,12.7,2026-09-30,2026-09-30
SAL-001070,HVW-P3-B4-01616,HVW,CUS-001070,2026-06-07,,AGT-023,Team Nile,,,Direct / Walk-In,,3489881.6,373417.33,10.7,3116464.27,0.0,8,286714.71,69797.63,Direct,End-User,Cancelled,True,2026-06-30,Financing Fell Through,,,9.2,2026-09-30,2026-09-30
SAL-001071,HVW-P3-B3-01576,HVW,CUS-001071,2026-03-12,,AGT-020,Team Nile,,,Direct / Walk-In,,6497150.4,727680.84,11.2,5769469.56,0.0,8,571177.49,129943.01,Direct,End-User,Reserved,False,,,,,9.9,2026-09-30,2026-09-30
SAL-001072,HVW-P1-B4-01233,HVW,CUS-001072,2024-08-16,2024-09-15,AGT-028,Team Delta,,,Direct / Walk-In,,2419635.9,79847.98,3.3,2339787.92,0.0,5,334589.67,48392.72,Direct,End-User,Contracted,False,,,,30.0,14.3,2026-09-30,2026-09-30
SAL-001073,HVW-P1-B3-01160,HVW,CUS-001073,2024-07-24,,AGT-026,Team Delta,BRK-04,,Broker Referral,,3631580.8,246947.49,6.8,3384633.31,89015.86,7,440002.33,72631.62,Broker,End-User,Reserved,False,,,,,13.0,2026-09-30,2026-09-30
SAL-001074,HVW-P1-B3-01182,HVW,CUS-001074,2025-10-27,2025-10-28,AGT-019,Team Nile,,,Direct / Walk-In,,3665587.8,450867.3,12.3,3214720.5,0.0,8,163950.75,73311.76,Direct,End-User,Contracted,False,,,,1.0,5.1,2026-09-30,2026-09-30
SAL-001075,HVW-P1-B4-01248,HVW,CUS-001075,2025-07-16,,AGT-022,Team Nile,,,Direct / Walk-In,,4386739.9,552729.23,12.6,3834010.67,0.0,8,371899.03,87734.8,Direct,End-User,Reserved,False,,,,,9.7,2026-09-30,2026-09-30
SAL-001076,HVW-P1-B3-01161,HVW,CUS-001076,2025-05-03,2025-05-05,AGT-025,Team Delta,BRK-11,,Broker Referral,,5359795.2,305508.33,5.7,5054286.87,150112.32,7,960314.51,107195.9,Broker,End-User,Contracted,False,,,,2.0,19.0,2026-09-30,2026-09-30
SAL-001077,HVW-P3-B3-01580,HVW,CUS-001077,2025-05-31,2025-06-30,AGT-028,Team Delta,,,Direct / Walk-In,,4381315.8,280404.21,6.4,4100911.59,0.0,7,631540.38,87626.32,Direct,End-User,Contracted,False,,,,29.0,15.4,2026-09-30,2026-09-30
SAL-001078,HVW-P2-B2-01341,HVW,CUS-001078,2026-02-13,2026-03-14,AGT-027,Team Delta,,,Direct / Walk-In,,2762644.5,168521.31,6.1,2594123.19,0.0,7,376147.86,55252.89,Direct,End-User,Contracted,False,,,,28.0,14.5,2026-09-30,2026-09-30
SAL-001079,HVW-P3-B4-01634,HVW,CUS-001079,2026-04-26,2026-05-27,AGT-026,Team Delta,,,Direct / Walk-In,,3956679.9,185963.96,4.7,3770715.94,0.0,6,524129.52,79133.6,Direct,End-User,Contracted,False,,,,31.0,13.9,2026-09-30,2026-09-30
SAL-001080,HVW-P3-B3-01575,HVW,CUS-001080,2025-03-22,2025-04-20,AGT-020,Team Nile,,,Direct / Walk-In,,4738722.3,426485.01,9.0,4312237.29,0.0,7,323417.8,94774.45,Direct,End-User,Contracted,False,,,,29.0,7.5,2026-09-30,2026-09-30
SAL-001081,HVW-P3-B2-01512,HVW,CUS-001081,2025-05-01,2025-05-02,AGT-026,Team Delta,,,Direct / Walk-In,,3271697.0,114509.4,3.5,3157187.6,0.0,7,517778.77,65433.94,Direct,End-User,Contracted,False,,,,1.0,16.4,2026-09-30,2026-09-30
SAL-001082,HVW-P1-B2-01107,HVW,CUS-001082,2026-01-26,2026-02-06,AGT-021,Team Nile,,,Direct / Walk-In,,2065031.7,177592.73,8.6,1887438.97,0.0,8,135895.61,41300.63,Direct,End-User,Cancelled,True,2026-05-03,Personal / Financial Hardship,,10.0,7.2,2026-09-30,2026-09-30
SAL-001083,HVW-P1-B3-01163,HVW,CUS-001083,2025-10-24,,AGT-024,Team Delta,,,Direct / Walk-In,,5520412.8,287061.47,5.2,5233351.33,0.0,7,1020503.51,110408.26,Direct,End-User,Cancelled,True,2025-12-21,Failed Credit Check,,,19.5,2026-09-30,2026-09-30
SAL-001084,HVW-P3-B3-01572,HVW,CUS-001084,2024-08-02,2024-08-19,AGT-024,Team Delta,,,Direct / Walk-In,,4777040.0,181527.52,3.8,4595512.48,0.0,5,624989.7,95540.8,Direct,End-User,Contracted,False,,,,16.0,13.6,2026-09-30,2026-09-30
SAL-001085,HVW-P3-B1-01484,HVW,CUS-001085,2024-12-30,2025-01-26,AGT-019,Team Nile,,,Direct / Walk-In,,4355134.7,513905.89,11.8,3841228.81,0.0,8,192061.44,87102.69,Direct,End-User,Contracted,False,,,,26.0,5.0,2026-09-30,2026-09-30
SAL-001086,HVW-P3-B2-01510,HVW,CUS-001086,2024-11-30,,AGT-019,Team Nile,BRK-14,,Broker Referral,,4498762.7,476868.85,10.6,4021893.85,93307.94,8,329795.3,89975.25,Broker,End-User,Reserved,False,,,,,8.2,2026-09-30,2026-09-30
SAL-001087,HVW-P2-B3-01377,HVW,CUS-001087,2026-02-17,2026-03-30,AGT-026,Team Delta,,,Direct / Walk-In,,2202246.3,114516.81,5.2,2087729.49,0.0,5,336124.45,44044.93,Direct,End-User,Contracted,False,,,,41.0,16.1,2026-09-30,2026-09-30
SAL-001088,HVW-P3-B2-01525,HVW,CUS-001088,2025-03-23,2025-04-19,AGT-024,Team Delta,BRK-08,,Broker Referral,,4144318.0,215504.54,5.2,3928813.46,60503.73,5,542176.26,82886.36,Broker,End-User,Contracted,False,,,,26.0,13.8,2026-09-30,2026-09-30
SAL-001089,HVW-P3-B2-01549,HVW,CUS-001089,2025-05-08,2025-06-17,AGT-022,Team Nile,BRK-05,,Broker Referral,,5029247.8,668889.96,13.3,4360357.84,118165.7,8,396792.56,100584.96,Broker,End-User,Contracted,False,,,,40.0,9.1,2026-09-30,2026-09-30
SAL-001090,HVW-P2-B1-01288,HVW,CUS-001090,2026-04-21,2026-05-17,AGT-026,Team Delta,,,Direct / Walk-In,,5414076.0,335672.71,6.2,5078403.29,0.0,6,949661.42,108281.52,Direct,End-User,Contracted,False,,,,25.0,18.7,2026-09-30,2026-09-30
SAL-001091,HVW-P3-B3-01602,HVW,CUS-001091,2024-10-05,2024-10-31,AGT-026,Team Delta,,,Direct / Walk-In,,2822659.0,93147.75,3.3,2729511.25,0.0,7,464016.91,56453.18,Direct,End-User,Contracted,False,,,,26.0,17.0,2026-09-30,2026-09-30
SAL-001092,HVW-P2-B1-01298,HVW,CUS-001092,2024-09-01,,AGT-022,Team Nile,,,Direct / Walk-In,,3852618.0,439198.45,11.4,3413419.55,0.0,7,225285.69,77052.36,Direct,End-User,Reserved,False,,,,,6.6,2026-09-30,2026-09-30
SAL-001093,MER-P2-B4-01913,MER,CUS-001093,2026-06-28,2026-06-29,AGT-031,Team Legacy,,LEA-009083,Events,CMP-0082,11208130.2,448325.21,4.0,10759804.99,0.0,5,2012083.53,150000.0,Direct,End-User,Handed Over,False,,,2.0,1.0,18.7,2025-10-31,2025-10-31
SAL-001094,MER-P1-B2-01705,MER,CUS-001094,2025-01-28,2025-02-19,AGT-031,Team Legacy,,,Direct / Walk-In,,5024851.5,145720.69,2.9,4879130.81,0.0,3,941672.25,100497.03,Direct,End-User,Handed Over,False,,,,22.0,19.3,2025-10-31,2025-10-31
SAL-001095,MER-P2-B3-01902,MER,CUS-001095,2024-11-12,2024-12-06,AGT-030,Team Legacy,,,Direct / Walk-In,,8408479.5,168169.59,2.0,8240309.91,0.0,5,1252527.11,150000.0,Direct,End-User,Contracted,False,,,,23.0,15.2,2025-10-31,2025-10-31
SAL-001096,MER-P1-B3-01754,MER,CUS-001096,2026-05-03,2026-05-04,AGT-031,Team Legacy,,,Direct / Walk-In,,5121393.6,307283.62,6.0,4814109.98,0.0,5,847283.36,102427.87,Direct,End-User,Contracted,False,,,,1.0,17.6,2025-10-31,2025-10-31
SAL-001097,MER-P2-B4-01940,MER,CUS-001097,2025-12-31,,AGT-032,Team Legacy,BRK-11,,Broker Referral,,4558334.1,191450.03,4.2,4366884.07,129696.46,3,1008750.22,91166.68,Broker,End-User,Reserved,False,,,,,23.1,2025-10-31,2025-10-31
SAL-001098,MER-P2-B1-01822,MER,CUS-001098,2024-09-12,,AGT-032,Team Legacy,,,Direct / Walk-In,,4086388.8,187973.88,4.6,3898414.92,0.0,4,682222.61,81727.78,Direct,End-User,Cancelled,True,2024-10-21,Failed Credit Check,,,17.5,2025-10-31,2025-10-31
SAL-001099,MER-P2-B4-01927,MER,CUS-001099,2025-12-01,2025-12-10,AGT-029,Team Legacy,,,Direct / Walk-In,,6457448.8,232468.16,3.6,6224980.64,0.0,5,1400620.64,129148.98,Direct,End-User,Contracted,False,,,,8.0,22.5,2025-10-31,2025-10-31
SAL-001100,MER-P1-B3-01749,MER,CUS-001100,2025-03-27,2025-04-10,AGT-029,Team Legacy,,,Direct / Walk-In,,8072749.3,226036.98,2.8,7846712.32,0.0,6,1710583.29,150000.0,Direct,End-User,Contracted,False,,,,14.0,21.8,2025-10-31,2025-10-31
SAL-001101,MER-P2-B1-01801,MER,CUS-001101,2024-12-17,2024-12-25,AGT-030,Team Legacy,,,Direct / Walk-In,,7197933.4,237531.8,3.3,6960401.6,0.0,6,1426882.33,143958.67,Direct,End-User,Handed Over,False,,,,8.0,20.5,2025-10-31,2025-10-31
SAL-001102,MER-P2-B3-01876,MER,CUS-001102,2025-03-13,2025-04-10,AGT-029,Team Legacy,BRK-02,,Broker Referral,,10713765.8,374981.8,3.5,10338784.0,179894.84,4,2243516.13,150000.0,Broker,End-User,Contracted,False,,,,28.0,21.7,2025-10-31,2025-10-31
SAL-001103,MER-P2-B1-01810,MER,CUS-001103,2024-11-24,2024-12-06,AGT-031,Team Legacy,,,Direct / Walk-In,,7200495.0,374425.74,5.2,6826069.26,0.0,5,1529039.51,144009.9,Direct,End-User,Handed Over,False,,,,11.0,22.4,2025-10-31,2025-10-31
SAL-001104,MER-P2-B3-01881,MER,CUS-001104,2024-11-16,,AGT-031,Team Legacy,,,Direct / Walk-In,,7468725.0,410779.88,5.5,7057945.12,0.0,3,1672732.99,149374.5,Direct,End-User,Reserved,False,,,,,23.7,2025-10-31,2025-10-31
SAL-001105,MER-P1-B3-01747,MER,CUS-001105,2025-12-25,2025-12-26,AGT-029,Team Legacy,,,Direct / Walk-In,,8888529.0,382206.75,4.3,8506322.25,0.0,4,1888403.54,150000.0,Direct,End-User,Handed Over,False,,,,1.0,22.2,2025-10-31,2025-10-31
SAL-001106,MER-P2-B3-01882,MER,CUS-001106,2026-04-04,,AGT-029,Team Legacy,,,Direct / Walk-In,,8250210.0,321758.19,3.9,7928451.81,0.0,4,1213053.13,150000.0,Direct,End-User,Reserved,False,,,,,15.3,2025-10-31,2025-10-31
SAL-001107,MER-P2-B3-01904,MER,CUS-001107,2025-07-17,2025-07-18,AGT-032,Team Legacy,BRK-13,,Broker Referral,,9453153.6,236328.84,2.5,9216824.76,188944.91,5,1686678.93,150000.0,Broker,End-User,Handed Over,False,,,,1.0,18.3,2025-10-31,2025-10-31
SAL-001108,MER-P1-B2-01693,MER,CUS-001108,2024-11-25,2024-12-20,AGT-030,Team Legacy,,,Direct / Walk-In,,4888140.0,239518.86,4.9,4648621.14,0.0,5,808860.08,97762.8,Direct,End-User,Cancelled,True,2025-02-04,Found Alternative Property,,24.0,17.4,2025-10-31,2025-10-31
SAL-001109,MER-P1-B2-01708,MER,CUS-001109,2026-06-18,,AGT-030,Team Legacy,BRK-05,,Broker Referral,,7429377.9,200593.2,2.7,7228784.7,195900.07,4,1243350.97,148587.56,Broker,End-User,Reserved,False,,,,,17.2,2025-10-31,2025-10-31
SAL-001110,MER-P1-B3-01751,MER,CUS-001110,2025-02-12,2025-03-06,AGT-031,Team Legacy,BRK-05,,Broker Referral,,5453807.4,147252.8,2.7,5306554.6,143807.63,3,1273573.1,109076.15,Broker,End-User,Handed Over,False,,,,21.0,24.0,2025-10-31,2025-10-31
SAL-001111,MER-P1-B3-01758,MER,CUS-001111,2026-04-01,2026-04-21,AGT-029,Team Legacy,,,Direct / Walk-In,,9466934.4,454412.85,4.8,9012521.55,0.0,4,1937692.13,150000.0,Direct,End-User,Handed Over,False,,,,20.0,21.5,2025-10-31,2025-10-31
SAL-001112,MER-P2-B4-01920,MER,CUS-001112,2024-11-24,2024-12-01,AGT-029,Team Legacy,,,Direct / Walk-In,,11643734.0,442461.89,3.8,11201272.11,0.0,3,2430676.05,150000.0,Direct,End-User,Handed Over,False,,,,6.0,21.7,2025-10-31,2025-10-31
SAL-001113,MER-P1-B3-01730,MER,CUS-001113,2024-10-16,2024-10-24,AGT-031,Team Legacy,,,Direct / Walk-In,,8282666.8,414133.34,5.0,7868533.46,0.0,5,1707471.76,150000.0,Direct,End-User,Contracted,False,,,,7.0,21.7,2025-10-31,2025-10-31
SAL-001114,MER-P1-B2-01700,MER,CUS-001114,2026-03-23,2026-04-05,AGT-029,Team Legacy,,,Direct / Walk-In,,6625119.0,271629.88,4.1,6353489.12,0.0,3,1467655.99,132502.38,Direct,End-User,Contracted,False,,,,13.0,23.1,2025-10-31,2025-10-31
SAL-001115,MER-P1-B3-01737,MER,CUS-001115,2024-07-17,2024-08-18,AGT-032,Team Legacy,,,Direct / Walk-In,,7761924.0,155238.48,2.0,7606685.52,0.0,5,1734324.3,150000.0,Direct,End-User,Handed Over,False,,,,31.0,22.8,2025-10-31,2025-10-31
SAL-001116,MER-P1-B4-01767,MER,CUS-001116,2025-06-21,,AGT-031,Team Legacy,,,Direct / Walk-In,,10198012.7,489504.61,4.8,9708508.09,0.0,5,2320333.43,150000.0,Direct,End-User,Reserved,False,,,,,23.9,2025-10-31,2025-10-31
SAL-001117,MER-P2-B2-01844,MER,CUS-001117,2026-04-16,2026-05-11,AGT-031,Team Legacy,,,Direct / Walk-In,,9979445.0,588787.26,5.9,9390657.74,0.0,6,2206804.57,150000.0,Direct,End-User,Contracted,False,,,,24.0,23.5,2025-10-31,2025-10-31
SAL-001118,MER-P1-B1-01686,MER,CUS-001118,2026-05-20,2026-06-05,AGT-032,Team Legacy,BRK-11,,Broker Referral,,10428577.0,219000.12,2.1,10209576.88,303224.43,6,1735628.07,150000.0,Broker,End-User,Contracted,False,,,,15.0,17.0,2025-10-31,2025-10-31
SAL-001119,MER-P1-B2-01707,MER,CUS-001119,2025-12-19,,AGT-029,Team Legacy,,,Direct / Walk-In,,12294325.2,651599.24,5.3,11642725.96,0.0,4,1921049.78,150000.0,Direct,End-User,Reserved,False,,,,,16.5,2025-10-31,2025-10-31
SAL-001120,MER-P2-B3-01885,MER,CUS-001120,2026-03-11,2026-03-27,AGT-030,Team Legacy,,,Direct / Walk-In,,9799131.9,293973.96,3.0,9505157.94,0.0,5,1625382.01,150000.0,Direct,End-User,Handed Over,False,,,,15.0,17.1,2025-10-31,2025-10-31
SAL-001121,MER-P1-B3-01742,MER,CUS-001121,2025-08-03,2025-08-28,AGT-030,Team Legacy,,,Direct / Walk-In,,7089026.1,248115.91,3.5,6840910.19,0.0,4,1614454.8,141780.52,Direct,End-User,Handed Over,False,,,,25.0,23.6,2025-10-31,2025-10-31
SAL-001122,MER-P2-B1-01824,MER,CUS-001122,2025-12-16,,AGT-029,Team Legacy,,,Direct / Walk-In,,4751023.2,152032.74,3.2,4598990.46,0.0,4,800224.34,95020.46,Direct,End-User,Reserved,False,,,,,17.4,2025-10-31,2025-10-31
SAL-001123,MER-P2-B1-01811,MER,CUS-001123,2025-01-29,2025-02-19,AGT-032,Team Legacy,,,Direct / Walk-In,,7769641.5,287476.74,3.7,7482164.76,0.0,5,1481468.62,150000.0,Direct,End-User,Handed Over,False,,,,20.0,19.8,2025-10-31,2025-10-31
SAL-001124,MER-P1-B3-01759,MER,CUS-001124,2025-06-16,2025-07-03,AGT-029,Team Legacy,,,Direct / Walk-In,,7694858.8,215456.05,2.8,7479402.75,0.0,3,1510839.36,150000.0,Direct,End-User,Contracted,False,,,,17.0,20.2,2025-10-31,2025-10-31
SAL-001125,MER-P2-B4-01947,MER,CUS-001125,2025-06-03,2025-06-19,AGT-030,Team Legacy,,,Direct / Walk-In,,6403980.0,262563.18,4.1,6141416.82,0.0,4,1216000.53,128079.6,Direct,End-User,Handed Over,False,,,,15.0,19.8,2025-10-31,2025-10-31
SAL-001126,MER-P1-B4-01779,MER,CUS-001126,2026-05-31,2026-06-28,AGT-031,Team Legacy,,,Direct / Walk-In,,8128825.2,341410.66,4.2,7787414.54,0.0,5,1425096.86,150000.0,Direct,End-User,Handed Over,False,,,,27.0,18.3,2025-10-31,2025-10-31
SAL-001127,MER-P1-B4-01766,MER,CUS-001127,2024-07-15,2024-08-07,AGT-032,Team Legacy,,,Direct / Walk-In,,9831764.8,265457.65,2.7,9566307.15,0.0,4,2382010.48,150000.0,Direct,End-User,Contracted,False,,,,23.0,24.9,2025-10-31,2025-10-31
SAL-001128,MER-P2-B2-01842,MER,CUS-001128,2025-11-19,2025-12-11,AGT-030,Team Legacy,,,Direct / Walk-In,,8637599.7,440517.58,5.1,8197082.12,0.0,5,1524657.27,150000.0,Direct,End-User,Contracted,False,,,,22.0,18.6,2025-10-31,2025-10-31
SAL-001129,MER-P1-B4-01768,MER,CUS-001129,2026-02-16,2026-02-17,AGT-029,Team Legacy,,,Direct / Walk-In,,11392590.0,581022.09,5.1,10811567.91,0.0,5,2454225.92,150000.0,Direct,End-User,Handed Over,False,,,,1.0,22.7,2025-10-31,2025-10-31
SAL-001130,MER-P2-B2-01854,MER,CUS-001130,2024-11-07,2024-11-15,AGT-029,Team Legacy,,,Direct / Walk-In,,4958082.3,193365.21,3.9,4764717.09,0.0,4,1014884.74,99161.65,Direct,End-User,Handed Over,False,,,,8.0,21.3,2025-10-31,2025-10-31
SAL-001131,MER-P2-B1-01805,MER,CUS-001131,2024-08-10,2024-08-16,AGT-032,Team Legacy,,,Direct / Walk-In,,7797114.0,389855.7,5.0,7407258.3,0.0,5,1585153.28,150000.0,Direct,End-User,Handed Over,False,,,,5.0,21.4,2025-10-31,2025-10-31
SAL-001132,MER-P2-B4-01946,MER,CUS-001132,2024-07-09,,AGT-032,Team Legacy,,,Direct / Walk-In,,10043032.0,421807.34,4.2,9621224.66,0.0,3,2058942.08,150000.0,Direct,End-User,Reserved,False,,,,,21.4,2025-10-31,2025-10-31
SAL-001133,MER-P1-B2-01714,MER,CUS-001133,2025-12-22,2025-12-28,AGT-031,Team Legacy,,,Direct / Walk-In,,7801674.3,210645.21,2.7,7591029.09,0.0,4,1890166.24,150000.0,Direct,End-User,Contracted,False,,,,6.0,24.9,2025-10-31,2025-10-31
SAL-001134,MER-P1-B2-01721,MER,CUS-001134,2025-05-03,,AGT-032,Team Legacy,,,Direct / Walk-In,,12630117.5,290492.7,2.3,12339624.8,0.0,5,2480264.58,150000.0,Direct,End-User,Reserved,False,,,,,20.1,2025-10-31,2025-10-31
SAL-001135,MER-P1-B2-01702,MER,CUS-001135,2025-11-15,2025-12-02,AGT-032,Team Legacy,,,Direct / Walk-In,,4913041.5,191608.62,3.9,4721432.88,0.0,3,1019829.5,98260.83,Direct,End-User,Handed Over,False,,,,16.0,21.6,2025-10-31,2025-10-31
SAL-001136,MER-P1-B3-01728,MER,CUS-001136,2025-01-03,2025-01-15,AGT-031,Team Legacy,,,Direct / Walk-In,,9916764.5,297502.93,3.0,9619261.57,0.0,5,2173953.11,150000.0,Direct,End-User,Contracted,False,,,,12.0,22.6,2025-10-31,2025-10-31
SAL-001137,MER-P2-B4-01945,MER,CUS-001137,2025-02-12,2025-03-31,AGT-031,Team Legacy,,,Direct / Walk-In,,11310105.6,260132.43,2.3,11049973.17,0.0,6,1801145.63,150000.0,Direct,End-User,Handed Over,False,,,,46.0,16.3,2025-10-31,2025-10-31
SAL-001138,MER-P2-B1-01828,MER,CUS-001138,2024-12-29,,AGT-031,Team Legacy,,,Direct / Walk-In,,6701093.1,288147.0,4.3,6412946.1,0.0,3,1430086.98,134021.86,Direct,End-User,Reserved,False,,,,,22.3,2025-10-31,2025-10-31
SAL-001139,MER-P2-B2-01872,MER,CUS-001139,2026-03-19,2026-04-20,AGT-029,Team Legacy,,,Direct / Walk-In,,7289082.9,174937.99,2.4,7114144.91,0.0,5,1771422.08,145781.66,Direct,End-User,Contracted,False,,,,32.0,24.9,2025-10-31,2025-10-31
SAL-001140,MER-P2-B3-01877,MER,CUS-001140,2025-08-06,2025-08-23,AGT-031,Team Legacy,,,Direct / Walk-In,,4554508.8,204952.9,4.5,4349555.9,0.0,4,961251.85,91090.18,Direct,End-User,Handed Over,False,,,,16.0,22.1,2025-10-31,2025-10-31
SAL-001141,MER-P2-B3-01893,MER,CUS-001141,2026-05-22,2026-06-04,AGT-032,Team Legacy,,,Direct / Walk-In,,7747165.2,426094.09,5.5,7321071.11,0.0,4,1207976.73,150000.0,Direct,End-User,Contracted,False,,,,12.0,16.5,2025-10-31,2025-10-31
SAL-001142,MER-P1-B4-01772,MER,CUS-001142,2025-03-07,2025-04-10,AGT-030,Team Legacy,,,Direct / Walk-In,,4551159.7,159290.59,3.5,4391869.11,0.0,4,790536.44,91023.19,Direct,End-User,Handed Over,False,,,,34.0,18.0,2025-10-31,2025-10-31
SAL-001143,MER-P2-B1-01809,MER,CUS-001143,2024-09-05,2024-09-16,AGT-029,Team Legacy,,,Direct / Walk-In,,9216014.8,331776.53,3.6,8884238.27,0.0,6,1981185.13,150000.0,Direct,End-User,Contracted,False,,,,10.0,22.3,2025-10-31,2025-10-31
SAL-001144,MER-P1-B4-01774,MER,CUS-001144,2025-11-21,2025-12-06,AGT-032,Team Legacy,,,Direct / Walk-In,,8332801.4,383308.86,4.6,7949492.54,0.0,3,1566050.03,150000.0,Direct,End-User,Contracted,False,,,,14.0,19.7,2025-10-31,2025-10-31
SAL-001145,MER-P2-B4-01926,MER,CUS-001145,2025-05-08,2025-05-24,AGT-030,Team Legacy,,,Direct / Walk-In,,8638812.0,457857.04,5.3,8180954.96,0.0,5,1398943.3,150000.0,Direct,End-User,Contracted,False,,,,16.0,17.1,2025-10-31,2025-10-31
SAL-001146,MER-P2-B2-01840,MER,CUS-001146,2026-06-30,,AGT-031,Team Legacy,BRK-01,,Broker Referral,,8776288.8,368604.13,4.2,8407684.67,174039.07,3,1992621.27,150000.0,Broker,End-User,Reserved,False,,,,,23.7,2025-10-31,2025-10-31
SAL-001147,MER-P1-B1-01675,MER,CUS-001147,2025-08-30,2025-10-04,AGT-029,Team Legacy,,,Direct / Walk-In,,9766987.2,527417.31,5.4,9239569.89,0.0,3,2208257.2,150000.0,Direct,End-User,Handed Over,False,,,,35.0,23.9,2025-10-31,2025-10-31
SAL-001148,MER-P1-B1-01677,MER,CUS-001148,2026-04-10,2026-05-10,AGT-029,Team Legacy,,,Direct / Walk-In,,5183568.0,129589.2,2.5,5053978.8,0.0,5,803582.63,103671.36,Direct,End-User,Handed Over,False,,,,29.0,15.9,2025-10-31,2025-10-31
SAL-001149,MER-P1-B3-01727,MER,CUS-001149,2024-08-27,2024-09-15,AGT-029,Team Legacy,BRK-13,,Broker Referral,,10783129.5,345060.14,3.2,10438069.36,213980.42,6,2369441.74,150000.0,Broker,End-User,Contracted,False,,,,19.0,22.7,2025-10-31,2025-10-31
SAL-001150,MER-P1-B1-01659,MER,CUS-001150,2026-05-16,2026-06-03,AGT-032,Team Legacy,,,Direct / Walk-In,,10105995.0,333497.84,3.3,9772497.16,0.0,5,2306309.33,150000.0,Direct,End-User,Handed Over,False,,,,18.0,23.6,2025-10-31,2025-10-31
SAL-001151,MER-P2-B3-01892,MER,CUS-001151,2025-08-06,2025-08-30,AGT-031,Team Legacy,,,Direct / Walk-In,,5098280.0,112162.16,2.2,4986117.84,0.0,3,1146807.1,101965.6,Direct,End-User,Handed Over,False,,,,24.0,23.0,2025-10-31,2025-10-31
SAL-001152,MER-P1-B2-01719,MER,CUS-001152,2026-03-12,2026-04-08,AGT-030,Team Legacy,,,Direct / Walk-In,,4583428.2,256671.98,5.6,4326756.22,0.0,3,692281.0,91668.56,Direct,End-User,Contracted,False,,,,26.0,16.0,2025-10-31,2025-10-31
SAL-001153,MER-P2-B1-01818,MER,CUS-001153,2024-12-23,2025-01-19,AGT-029,Team Legacy,,,Direct / Walk-In,,5809016.2,284641.79,4.9,5524374.41,0.0,5,1176691.75,116180.32,Direct,End-User,Handed Over,False,,,,26.0,21.3,2025-10-31,2025-10-31
SAL-001154,MER-P1-B4-01788,MER,CUS-001154,2026-03-23,2026-04-03,AGT-031,Team Legacy,BRK-14,,Broker Referral,,7499826.6,292493.24,3.9,7207333.36,167210.13,4,1340564.0,149996.53,Broker,End-User,Handed Over,False,,,,11.0,18.6,2025-10-31,2025-10-31
SAL-001155,MER-P1-B4-01797,MER,CUS-001155,2025-08-23,,AGT-031,Team Legacy,,,Direct / Walk-In,,6052501.2,308677.56,5.1,5743823.64,0.0,3,1137277.08,121050.02,Direct,End-User,Reserved,False,,,,,19.8,2025-10-31,2025-10-31
SAL-001156,MER-P2-B1-01829,MER,CUS-001156,2025-04-22,2025-05-12,AGT-029,Team Legacy,,,Direct / Walk-In,,9054876.6,434634.08,4.8,8620242.52,0.0,4,1611985.35,150000.0,Direct,End-User,Handed Over,False,,,,19.0,18.7,2025-10-31,2025-10-31
SAL-001157,MER-P2-B1-01830,MER,CUS-001157,2025-03-26,2025-04-01,AGT-032,Team Legacy,BRK-10,,Broker Referral,,10541198.4,600848.31,5.7,9940350.09,187872.62,3,2127234.92,150000.0,Broker,End-User,Contracted,False,,,,6.0,21.4,2025-10-31,2025-10-31
SAL-001158,MER-P1-B2-01710,MER,CUS-001158,2026-01-26,2026-02-08,AGT-029,Team Legacy,,,Direct / Walk-In,,10333881.6,217011.51,2.1,10116870.09,0.0,5,2357230.73,150000.0,Direct,End-User,Handed Over,False,,,,13.0,23.3,2025-10-31,2025-10-31
SAL-001159,MER-P2-B2-01853,MER,CUS-001159,2026-05-28,,AGT-030,Team Legacy,,,Direct / Walk-In,,5778745.5,173362.36,3.0,5605383.14,0.0,3,1003363.58,115574.91,Direct,End-User,Reserved,False,,,,,17.9,2025-10-31,2025-10-31
SAL-001160,MER-P1-B4-01786,MER,CUS-001160,2025-06-23,2025-07-04,AGT-031,Team Legacy,,,Direct / Walk-In,,5986845.0,155657.97,2.6,5831187.03,0.0,3,921327.55,119736.9,Direct,End-User,Handed Over,False,,,,10.0,15.8,2025-10-31,2025-10-31
SAL-001161,MER-P2-B2-01869,MER,CUS-001161,2024-08-09,,AGT-032,Team Legacy,BRK-13,,Broker Referral,,10572942.6,549793.02,5.2,10023149.58,205474.57,4,1533541.89,150000.0,Broker,End-User,Reserved,False,,,,,15.3,2025-10-31,2025-10-31
SAL-001162,MER-P2-B4-01930,MER,CUS-001162,2024-11-03,2024-11-30,AGT-029,Team Legacy,,,Direct / Walk-In,,5089035.6,269718.89,5.3,4819316.71,0.0,5,1045791.73,101780.71,Direct,End-User,Handed Over,False,,,,26.0,21.7,2025-10-31,2025-10-31
SAL-001163,MER-P1-B3-01745,MER,CUS-001163,2025-03-24,2025-04-08,AGT-032,Team Legacy,BRK-08,,Broker Referral,,11092687.2,255131.81,2.3,10837555.39,166898.35,5,2015785.3,150000.0,Broker,End-User,Handed Over,False,,,,15.0,18.6,2025-10-31,2025-10-31
SAL-001164,MER-P1-B2-01712,MER,CUS-001164,2025-12-14,2025-12-21,AGT-031,Team Legacy,BRK-11,,Broker Referral,,10454334.6,459990.72,4.4,9994343.88,296832.01,3,2178766.97,150000.0,Broker,End-User,Contracted,False,,,,6.0,21.8,2025-10-31,2025-10-31
SAL-001165,MER-P2-B3-01883,MER,CUS-001165,2026-01-09,,AGT-031,Team Legacy,,,Direct / Walk-In,,6618591.6,191939.16,2.9,6426652.44,0.0,3,1105384.22,132371.83,Direct,End-User,Reserved,False,,,,,17.2,2025-10-31,2025-10-31
SAL-001166,MER-P2-B2-01852,MER,CUS-001166,2024-08-19,2024-08-27,AGT-030,Team Legacy,BRK-05,,Broker Referral,,8028720.0,441579.6,5.5,7587140.4,205611.5,6,1517428.08,150000.0,Broker,End-User,Contracted,False,,,,7.0,20.0,2025-10-31,2025-10-31
SAL-001167,MER-P2-B4-01925,MER,CUS-001167,2025-05-20,2025-06-18,AGT-030,Team Legacy,,,Direct / Walk-In,,5006853.6,190260.44,3.8,4816593.16,0.0,4,905519.51,100137.07,Direct,End-User,Handed Over,False,,,,29.0,18.8,2025-10-31,2025-10-31
SAL-001168,MER-P1-B4-01764,MER,CUS-001168,2025-08-06,2025-09-04,AGT-029,Team Legacy,,,Direct / Walk-In,,10585354.0,624535.89,5.9,9960818.11,0.0,6,1743143.17,150000.0,Direct,End-User,Handed Over,False,,,,28.0,17.5,2025-10-31,2025-10-31
SAL-001169,MER-P1-B1-01669,MER,CUS-001169,2025-04-26,2025-05-15,AGT-032,Team Legacy,,,Direct / Walk-In,,13109005.0,485033.18,3.7,12623971.82,0.0,3,2878265.57,150000.0,Direct,End-User,Handed Over,False,,,,19.0,22.8,2025-10-31,2025-10-31
SAL-001170,MER-P1-B1-01657,MER,CUS-001170,2025-09-21,2025-09-25,AGT-029,Team Legacy,,,Direct / Walk-In,,5615128.2,291986.67,5.2,5323141.53,0.0,5,915580.34,112302.56,Direct,End-User,Contracted,False,,,,4.0,17.2,2025-10-31,2025-10-31
SAL-001171,MER-P1-B1-01674,MER,CUS-001171,2026-01-04,2026-01-29,AGT-031,Team Legacy,,,Direct / Walk-In,,8684892.0,442929.49,5.1,8241962.51,0.0,6,1986312.96,150000.0,Direct,End-User,Handed Over,False,,,,25.0,24.1,2025-10-31,2025-10-31
SAL-001172,MER-P1-B2-01690,MER,CUS-001172,2024-08-01,,AGT-029,Team Legacy,,,Direct / Walk-In,,6496696.8,318338.14,4.9,6178358.66,0.0,4,932932.16,129933.94,Direct,End-User,Reserved,False,,,,,15.1,2025-10-31,2025-10-31
SAL-001173,MER-P2-B2-01847,MER,CUS-001173,2025-03-09,2025-03-27,AGT-031,Team Legacy,BRK-03,,Broker Referral,,5371489.2,171887.65,3.2,5199601.55,118550.92,4,1273902.38,107429.78,Broker,End-User,Handed Over,False,,,,17.0,24.5,2025-10-31,2025-10-31
SAL-001174,MER-P1-B1-01673,MER,CUS-001174,2026-01-24,2026-02-24,AGT-030,Team Legacy,,,Direct / Walk-In,,5694904.8,153762.43,2.7,5541142.37,0.0,5,1219051.32,113898.1,Direct,End-User,Handed Over,False,,,,31.0,22.0,2025-10-31,2025-10-31
SAL-001175,MER-P2-B4-01948,MER,CUS-001175,2025-10-30,2025-11-15,AGT-032,Team Legacy,,,Direct / Walk-In,,4831400.0,120785.0,2.5,4710615.0,0.0,5,1031624.69,96628.0,Direct,End-User,Handed Over,False,,,,16.0,21.9,2025-10-31,2025-10-31
SAL-001176,MER-P2-B3-01875,MER,CUS-001176,2026-05-07,2026-05-26,AGT-030,Team Legacy,,,Direct / Walk-In,,6515221.0,162880.52,2.5,6352340.48,0.0,4,1569028.1,130304.42,Direct,End-User,Contracted,False,,,,19.0,24.7,2025-10-31,2025-10-31
SAL-001177,MER-P2-B2-01864,MER,CUS-001177,2024-11-22,,AGT-032,Team Legacy,,,Direct / Walk-In,,10430316.0,604958.33,5.8,9825357.67,0.0,6,1945420.82,150000.0,Direct,End-User,Reserved,False,,,,,19.8,2025-10-31,2025-10-31
SAL-001178,MER-P2-B1-01812,MER,CUS-001178,2025-12-03,2025-12-04,AGT-029,Team Legacy,,,Direct / Walk-In,,7156320.0,400753.92,5.6,6755566.08,0.0,5,1026846.04,143126.4,Direct,End-User,Contracted,False,,,,1.0,15.2,2025-10-31,2025-10-31
SAL-001179,MER-P1-B4-01795,MER,CUS-001179,2025-08-02,2025-08-20,AGT-030,Team Legacy,,,Direct / Walk-In,,6478634.1,272102.63,4.2,6206531.47,0.0,4,1427502.24,129572.68,Direct,End-User,Handed Over,False,,,,18.0,23.0,2025-10-31,2025-10-31
SAL-001180,MER-P2-B2-01859,MER,CUS-001180,2024-12-24,2024-12-27,AGT-031,Team Legacy,,,Direct / Walk-In,,6151912.0,203013.1,3.3,5948898.9,0.0,4,1148137.49,123038.24,Direct,End-User,Contracted,False,,,,3.0,19.3,2025-10-31,2025-10-31
SAL-001181,MER-P1-B3-01731,MER,CUS-001181,2025-01-01,2025-02-02,AGT-029,Team Legacy,,,Direct / Walk-In,,10759225.2,365813.66,3.4,10393411.54,0.0,6,2037108.66,150000.0,Direct,End-User,Handed Over,False,,,,32.0,19.6,2025-10-31,2025-10-31
SAL-001182,MER-P1-B1-01656,MER,CUS-001182,2025-12-31,,AGT-032,Team Legacy,,,Direct / Walk-In,,9166730.3,449169.78,4.9,8717560.52,0.0,4,1368657.0,150000.0,Direct,End-User,Reserved,False,,,,,15.7,2025-10-31,2025-10-31
SAL-001183,MER-P1-B4-01794,MER,CUS-001183,2025-10-10,2025-11-02,AGT-031,Team Legacy,,,Direct / Walk-In,,8676406.8,260292.2,3.0,8416114.6,0.0,5,1986203.05,150000.0,Direct,End-User,Contracted,False,,,,23.0,23.6,2025-10-31,2025-10-31
SAL-001184,MER-P1-B1-01684,MER,CUS-001184,2026-01-06,2026-01-22,AGT-030,Team Legacy,,,Direct / Walk-In,,9701647.2,271646.12,2.8,9430001.08,0.0,6,1631390.19,150000.0,Direct,End-User,Contracted,False,,,,15.0,17.3,2025-10-31,2025-10-31
SAL-001185,MER-P1-B3-01741,MER,CUS-001185,2025-09-10,2025-10-08,AGT-029,Team Legacy,,,Direct / Walk-In,,10629250.0,605867.25,5.7,10023382.75,0.0,4,1804208.9,150000.0,Direct,End-User,Handed Over,False,,,,27.0,18.0,2025-10-31,2025-10-31
SAL-001186,MER-P2-B2-01841,MER,CUS-001186,2025-10-31,2025-11-18,AGT-032,Team Legacy,,,Direct / Walk-In,,4399045.5,237548.46,5.4,4161497.04,0.0,4,803168.93,87980.91,Direct,End-User,Contracted,False,,,,17.0,19.3,2025-10-31,2025-10-31
SAL-001187,MER-P1-B1-01681,MER,CUS-001187,2024-07-30,2024-08-15,AGT-031,Team Legacy,,,Direct / Walk-In,,4287362.4,90034.61,2.1,4197327.79,0.0,5,633796.5,85747.25,Direct,End-User,Contracted,False,,,,16.0,15.1,2025-10-31,2025-10-31
SAL-001188,MER-P1-B1-01662,MER,CUS-001188,2025-03-22,2025-04-10,AGT-032,Team Legacy,,,Direct / Walk-In,,5036805.0,186361.79,3.7,4850443.21,0.0,5,916733.77,100736.1,Direct,End-User,Handed Over,False,,,,19.0,18.9,2025-10-31,2025-10-31
SAL-001189,MER-P1-B1-01655,MER,CUS-001189,2025-09-21,2025-10-12,AGT-029,Team Legacy,,,Direct / Walk-In,,10216653.1,265632.98,2.6,9951020.12,0.0,4,1910595.86,150000.0,Direct,End-User,Handed Over,False,,,,20.0,19.2,2025-10-31,2025-10-31
SAL-001190,MER-P1-B2-01711,MER,CUS-001190,2025-01-24,2025-01-31,AGT-031,Team Legacy,,,Direct / Walk-In,,11741968.0,645808.24,5.5,11096159.76,0.0,3,2685270.66,150000.0,Direct,End-User,Handed Over,False,,,,6.0,24.2,2025-10-31,2025-10-31
SAL-001191,MER-P1-B4-01782,MER,CUS-001191,2025-12-09,2026-01-09,AGT-029,Team Legacy,,,Direct / Walk-In,,4160467.2,128974.48,3.1,4031492.72,0.0,4,830487.5,83209.34,Direct,End-User,Handed Over,False,,,,31.0,20.6,2025-10-31,2025-10-31
SAL-001192,MER-P1-B4-01790,MER,CUS-001192,2025-01-29,2025-02-22,AGT-031,Team Legacy,,,Direct / Walk-In,,9089847.0,263605.56,2.9,8826241.44,0.0,3,2082992.98,150000.0,Direct,End-User,Handed Over,False,,,,24.0,23.6,2025-10-31,2025-10-31
SAL-001193,MER-P1-B1-01672,MER,CUS-001193,2025-04-27,2025-05-21,AGT-029,Team Legacy,,,Direct / Walk-In,,6238773.9,124775.48,2.0,6113998.42,0.0,4,1033265.73,124775.48,Direct,End-User,Contracted,False,,,,24.0,16.9,2025-10-31,2025-10-31
SAL-001194,MER-P2-B3-01894,MER,CUS-001194,2025-04-09,2025-04-20,AGT-029,Team Legacy,BRK-03,,Broker Referral,,4764632.6,161997.51,3.4,4602635.09,104940.08,6,791653.24,95292.65,Broker,End-User,Contracted,False,,,,10.0,17.2,2025-10-31,2025-10-31
SAL-001195,MER-P2-B1-01807,MER,CUS-001195,2024-11-06,,AGT-031,Team Legacy,BRK-02,,Broker Referral,,5749204.5,235717.38,4.1,5513487.12,95934.68,4,1317723.42,114984.09,Broker,End-User,Reserved,False,,,,,23.9,2025-10-31,2025-10-31
SAL-001196,MER-P2-B4-01936,MER,CUS-001196,2025-12-29,2026-01-13,AGT-029,Team Legacy,,,Direct / Walk-In,,9396203.6,535583.61,5.7,8860619.99,0.0,4,1789845.24,150000.0,Direct,End-User,Handed Over,False,,,,15.0,20.2,2025-10-31,2025-10-31
SAL-001197,MER-P1-B2-01724,MER,CUS-001197,2024-10-14,2024-10-31,AGT-030,Team Legacy,,,Direct / Walk-In,,5839250.9,291962.54,5.0,5547288.36,0.0,6,904208.0,116785.02,Direct,End-User,Contracted,False,,,,16.0,16.3,2025-10-31,2025-10-31
SAL-001198,MER-P1-B1-01687,MER,CUS-001198,2025-07-10,2025-07-29,AGT-031,Team Legacy,,,Direct / Walk-In,,4212169.2,235881.48,5.6,3976287.72,0.0,4,886712.16,84243.38,Direct,End-User,Handed Over,False,,,,18.0,22.3,2025-10-31,2025-10-31
SAL-001199,MER-P1-B2-01717,MER,CUS-001199,2025-11-13,2025-11-22,AGT-030,Team Legacy,,,Direct / Walk-In,,10653566.0,298299.85,2.8,10355266.15,0.0,4,2278158.55,150000.0,Direct,End-User,Contracted,False,,,,8.0,22.0,2025-10-31,2025-10-31
SAL-001200,MER-P1-B1-01682,MER,CUS-001200,2024-08-01,2024-08-16,AGT-029,Team Legacy,,,Direct / Walk-In,,8891794.8,311212.82,3.5,8580581.98,0.0,5,2050759.09,150000.0,Direct,End-User,Contracted,False,,,,15.0,23.9,2025-10-31,2025-10-31
SAL-001201,MER-P1-B4-01769,MER,CUS-001201,2024-10-28,2024-11-19,AGT-031,Team Legacy,,,Direct / Walk-In,,6979390.0,355948.89,5.1,6623441.11,0.0,6,1106114.67,139587.8,Direct,End-User,Contracted,False,,,,21.0,16.7,2025-10-31,2025-10-31
SAL-001202,MER-P1-B4-01771,MER,CUS-001202,2026-06-04,,AGT-029,Team Legacy,,,Direct / Walk-In,,6188931.9,191856.89,3.1,5997075.01,0.0,6,935543.7,123778.64,Direct,End-User,Reserved,False,,,,,15.6,2025-10-31,2025-10-31
SAL-001203,MER-P2-B2-01846,MER,CUS-001203,2025-05-04,2025-05-14,AGT-030,Team Legacy,,,Direct / Walk-In,,6742830.9,134856.62,2.0,6607974.28,0.0,3,1348026.75,134856.62,Direct,End-User,Contracted,False,,,,9.0,20.4,2025-10-31,2025-10-31
SAL-001204,MER-P2-B2-01868,MER,CUS-001204,2025-06-05,,AGT-029,Team Legacy,,,Direct / Walk-In,,6645724.8,225954.64,3.4,6419770.16,0.0,3,1502226.22,132914.5,Direct,End-User,Reserved,False,,,,,23.4,2025-10-31,2025-10-31
SAL-001205,MER-P1-B3-01744,MER,CUS-001205,2026-01-13,2026-02-07,AGT-032,Team Legacy,,,Direct / Walk-In,,8505731.5,272183.41,3.2,8233548.09,0.0,5,1342068.34,150000.0,Direct,End-User,Handed Over,False,,,,25.0,16.3,2025-10-31,2025-10-31
SAL-001206,MER-P1-B3-01752,MER,CUS-001206,2024-12-14,2025-01-03,AGT-030,Team Legacy,,,Direct / Walk-In,,6126222.0,275679.99,4.5,5850542.01,0.0,5,1058948.1,122524.44,Direct,End-User,Contracted,False,,,,20.0,18.1,2025-10-31,2025-10-31
SAL-001207,MER-P2-B4-01917,MER,CUS-001207,2025-06-26,2025-07-08,AGT-029,Team Legacy,,,Direct / Walk-In,,5206028.8,281125.56,5.4,4924903.24,0.0,4,778134.71,104120.58,Direct,End-User,Handed Over,False,,,,12.0,15.8,2025-10-31,2025-10-31
SAL-001208,MER-P1-B3-01763,MER,CUS-001208,2025-09-28,2025-10-16,AGT-030,Team Legacy,,,Direct / Walk-In,,12151504.2,486060.17,4.0,11665444.03,0.0,3,2204768.92,150000.0,Direct,End-User,Contracted,False,,,,18.0,18.9,2025-10-31,2025-10-31
SAL-001209,MER-P2-B3-01900,MER,CUS-001209,2024-08-14,2024-08-23,AGT-031,Team Legacy,,,Direct / Walk-In,,5351850.0,187314.75,3.5,5164535.25,0.0,3,986426.23,107037.0,Direct,End-User,Handed Over,False,,,,9.0,19.1,2025-10-31,2025-10-31
SAL-001210,MER-P2-B2-01861,MER,CUS-001210,2024-11-11,2024-11-29,AGT-029,Team Legacy,,,Direct / Walk-In,,11451070.4,435140.68,3.8,11015929.72,0.0,5,1927787.7,150000.0,Direct,End-User,Contracted,False,,,,18.0,17.5,2025-10-31,2025-10-31
SAL-001211,MER-P1-B2-01699,MER,CUS-001211,2026-03-15,2026-04-04,AGT-030,Team Legacy,,,Direct / Walk-In,,4485719.6,201857.38,4.5,4283862.22,0.0,6,741108.16,89714.39,Direct,End-User,Handed Over,False,,,,19.0,17.3,2025-10-31,2025-10-31
SAL-001212,MER-P2-B4-01928,MER,CUS-001212,2025-07-10,2025-07-22,AGT-031,Team Legacy,,,Direct / Walk-In,,11676382.1,338615.08,2.9,11337767.02,0.0,5,1746016.12,150000.0,Direct,End-User,Contracted,False,,,,11.0,15.4,2025-10-31,2025-10-31
SAL-001213,MER-P1-B3-01760,MER,CUS-001213,2025-07-27,2025-09-18,AGT-031,Team Legacy,,,Direct / Walk-In,,7725111.2,386255.56,5.0,7338855.64,0.0,6,1262283.17,150000.0,Direct,End-User,Handed Over,False,,,,52.0,17.2,2025-10-31,2025-10-31
SAL-001214,MER-P2-B1-01833,MER,CUS-001214,2026-02-12,,AGT-030,Team Legacy,,,Direct / Walk-In,,6857668.8,322310.43,4.7,6535358.37,0.0,4,1496597.07,137153.38,Direct,End-User,Reserved,False,,,,,22.9,2025-10-31,2025-10-31
SAL-001215,MER-P2-B3-01879,MER,CUS-001215,2024-08-19,2024-09-06,AGT-032,Team Legacy,,,Direct / Walk-In,,6327579.1,265758.32,4.2,6061820.78,0.0,4,1103251.38,126551.58,Direct,End-User,Handed Over,False,,,,18.0,18.2,2025-10-31,2025-10-31
SAL-001216,MER-P2-B2-01857,MER,CUS-001216,2024-12-22,2025-01-03,AGT-030,Team Legacy,,,Direct / Walk-In,,10513184.4,304882.35,2.9,10208302.05,0.0,4,2256034.75,150000.0,Direct,End-User,Contracted,False,,,,11.0,22.1,2025-10-31,2025-10-31
SAL-001217,MER-P2-B3-01911,MER,CUS-001217,2026-05-05,2026-06-13,AGT-032,Team Legacy,,,Direct / Walk-In,,12930126.6,568925.57,4.4,12361201.03,0.0,3,2472240.21,150000.0,Direct,End-User,Handed Over,False,,,,38.0,20.0,2025-10-31,2025-10-31
SAL-001218,MER-P2-B3-01891,MER,CUS-001218,2026-02-13,,AGT-029,Team Legacy,,,Direct / Walk-In,,9342970.5,205545.35,2.2,9137425.15,0.0,4,1918859.28,150000.0,Direct,End-User,Reserved,False,,,,,21.0,2025-10-31,2025-10-31
SAL-001219,MER-P1-B3-01755,MER,CUS-001219,2025-02-21,2025-03-10,AGT-029,Team Legacy,BRK-09,,Broker Referral,,9011447.4,432549.48,4.8,8578897.92,255651.16,5,1724358.48,150000.0,Broker,End-User,Contracted,False,,,,16.0,20.1,2025-10-31,2025-10-31
SAL-001220,MER-P2-B3-01910,MER,CUS-001220,2026-02-21,2026-03-14,AGT-031,Team Legacy,BRK-09,,Broker Referral,,5242232.6,230658.23,4.4,5011574.37,149344.92,6,1237858.87,104844.65,Broker,End-User,Handed Over,False,,,,20.0,24.7,2025-10-31,2025-10-31
SAL-001221,MER-P1-B2-01695,MER,CUS-001221,2025-01-14,2025-01-28,AGT-031,Team Legacy,,,Direct / Walk-In,,6793241.2,380421.51,5.6,6412819.69,0.0,5,1596792.1,135864.82,Direct,End-User,Handed Over,False,,,,14.0,24.9,2025-10-31,2025-10-31
SAL-001222,MER-P2-B1-01820,MER,CUS-001222,2025-10-14,2025-10-29,AGT-031,Team Legacy,,,Direct / Walk-In,,9967943.5,299038.3,3.0,9668905.2,0.0,4,1933781.04,150000.0,Direct,End-User,Contracted,False,,,,14.0,20.0,2025-10-31,2025-10-31
SAL-001223,MER-P1-B3-01734,MER,CUS-001223,2024-12-18,,AGT-030,Team Legacy,,,Direct / Walk-In,,8119768.8,194874.45,2.4,7924894.35,0.0,6,1925749.33,150000.0,Direct,End-User,Reserved,False,,,,,24.3,2025-10-31,2025-10-31
SAL-001224,MER-P2-B2-01862,MER,CUS-001224,2024-12-19,2024-12-31,AGT-032,Team Legacy,,,Direct / Walk-In,,11730288.4,363638.94,3.1,11366649.46,0.0,5,2261963.24,150000.0,Direct,End-User,Handed Over,False,,,,11.0,19.9,2025-10-31,2025-10-31
SAL-001225,MER-P1-B1-01688,MER,CUS-001225,2024-12-20,,AGT-029,Team Legacy,,,Direct / Walk-In,,5066375.0,121593.0,2.4,4944782.0,0.0,4,1152134.21,101327.5,Direct,End-User,Reserved,False,,,,,23.3,2025-10-31,2025-10-31
SAL-001226,MER-P2-B2-01874,MER,CUS-001226,2024-11-06,,AGT-032,Team Legacy,,,Direct / Walk-In,,10280649.6,349542.09,3.4,9931107.51,0.0,6,2393396.91,150000.0,Direct,End-User,Reserved,False,,,,,24.1,2025-10-31,2025-10-31
SAL-001227,MER-P1-B2-01716,MER,CUS-001227,2025-06-26,2025-07-12,AGT-029,Team Legacy,,,Direct / Walk-In,,11034859.4,397254.94,3.6,10637604.46,0.0,6,2106245.68,150000.0,Direct,End-User,Handed Over,False,,,,15.0,19.8,2025-10-31,2025-10-31
SAL-001228,MER-P1-B2-01691,MER,CUS-001228,2025-02-03,,AGT-029,Team Legacy,BRK-12,,Broker Referral,,8070543.8,330892.3,4.1,7739651.5,162532.68,4,1578888.91,150000.0,Broker,End-User,Reserved,False,,,,,20.4,2025-10-31,2025-10-31
SAL-001229,MER-P2-B1-01803,MER,CUS-001229,2024-12-20,2025-01-14,AGT-030,Team Legacy,,,Direct / Walk-In,,4774604.4,248279.43,5.2,4526324.97,0.0,4,728738.32,95492.09,Direct,End-User,Cancelled,True,2025-02-22,Financing Fell Through,,25.0,16.1,2025-10-31,2025-10-31
SAL-001230,MER-P2-B3-01898,MER,CUS-001230,2026-06-04,,AGT-032,Team Legacy,,,Direct / Walk-In,,8022524.0,377058.63,4.7,7645465.37,0.0,3,1659065.99,150000.0,Direct,End-User,Reserved,False,,,,,21.7,2025-10-31,2025-10-31
SAL-001231,MER-P2-B4-01929,MER,CUS-001231,2026-06-30,2026-06-30,AGT-032,Team Legacy,,,Direct / Walk-In,,8547628.8,239333.61,2.8,8308295.19,0.0,6,1429026.77,150000.0,Direct,End-User,Contracted,False,,,,0.0,17.2,2025-10-31,2025-10-31
SAL-001232,MER-P2-B2-01866,MER,CUS-001232,2025-07-27,,AGT-032,Team Legacy,BRK-08,,Broker Referral,,7607445.3,281475.48,3.7,7325969.82,112819.94,4,1501823.81,150000.0,Broker,End-User,Reserved,False,,,,,20.5,2025-10-31,2025-10-31
SAL-001233,MER-P2-B1-01819,MER,CUS-001233,2025-08-28,2025-09-14,AGT-032,Team Legacy,,,Direct / Walk-In,,9352815.6,448935.15,4.8,8903880.45,0.0,3,1469140.27,150000.0,Direct,End-User,Contracted,False,,,,16.0,16.5,2025-10-31,2025-10-31
SAL-001234,MER-P1-B2-01715,MER,CUS-001234,2024-12-23,2025-01-22,AGT-030,Team Legacy,,,Direct / Walk-In,,7821814.8,234654.44,3.0,7587160.36,0.0,5,1433973.31,150000.0,Direct,End-User,Handed Over,False,,,,30.0,18.9,2025-10-31,2025-10-31
SAL-001235,MER-P2-B3-01903,MER,CUS-001235,2024-10-09,2024-10-26,AGT-029,Team Legacy,,,Direct / Walk-In,,11314340.7,429944.95,3.8,10884395.75,0.0,3,2612254.98,150000.0,Direct,End-User,Handed Over,False,,,,16.0,24.0,2025-10-31,2025-10-31
SAL-001236,MER-P1-B1-01668,MER,CUS-001236,2025-03-17,2025-04-06,AGT-029,Team Legacy,,,Direct / Walk-In,,7378167.3,332017.53,4.5,7046149.77,0.0,3,1437414.55,147563.35,Direct,End-User,Contracted,False,,,,19.0,20.4,2025-10-31,2025-10-31
SAL-001237,MER-P2-B1-01827,MER,CUS-001237,2024-09-13,2024-09-20,AGT-032,Team Legacy,,,Direct / Walk-In,,4296400.0,137484.8,3.2,4158915.2,0.0,3,969027.24,85928.0,Direct,End-User,Handed Over,False,,,,6.0,23.3,2025-10-31,2025-10-31
SAL-001238,MER-P1-B3-01746,MER,CUS-001238,2025-10-03,2025-10-24,AGT-029,Team Legacy,,,Direct / Walk-In,,6771548.4,365663.61,5.4,6405884.79,0.0,4,1338829.92,135430.97,Direct,End-User,Contracted,False,,,,20.0,20.9,2025-10-31,2025-10-31
SAL-001239,MER-P2-B2-01855,MER,CUS-001239,2025-09-06,2025-09-27,AGT-030,Team Legacy,,,Direct / Walk-In,,9492284.7,379691.39,4.0,9112593.31,0.0,3,1886306.82,150000.0,Direct,End-User,Handed Over,False,,,,21.0,20.7,2025-10-31,2025-10-31
SAL-001240,MER-P2-B4-01934,MER,CUS-001240,2025-10-13,2025-10-31,AGT-029,Team Legacy,,,Direct / Walk-In,,8604702.4,275350.48,3.2,8329351.92,0.0,6,1457636.59,150000.0,Direct,End-User,Handed Over,False,,,,18.0,17.5,2025-10-31,2025-10-31
SAL-001241,MER-P2-B1-01813,MER,CUS-001241,2024-08-05,2024-08-22,AGT-029,Team Legacy,,,Direct / Walk-In,,6647612.4,239314.05,3.6,6408298.35,0.0,3,1499541.81,132952.25,Direct,End-User,Contracted,False,,,,17.0,23.4,2025-10-31,2025-10-31
SAL-001242,MER-P2-B4-01919,MER,CUS-001242,2024-08-03,2024-08-04,AGT-032,Team Legacy,,,Direct / Walk-In,,10123075.8,242953.82,2.4,9880121.98,0.0,6,2114346.1,150000.0,Direct,End-User,Handed Over,False,,,,1.0,21.4,2025-10-31,2025-10-31
SAL-001243,MER-P2-B1-01834,MER,CUS-001243,2026-03-21,,AGT-030,Team Legacy,,,Direct / Walk-In,,10655919.0,319677.57,3.0,10336241.43,0.0,3,2253300.63,150000.0,Direct,End-User,Reserved,False,,,,,21.8,2025-10-31,2025-10-31
SAL-001244,MER-P2-B3-01888,MER,CUS-001244,2024-11-22,2024-12-01,AGT-032,Team Legacy,,,Direct / Walk-In,,10184376.8,285162.55,2.8,9899214.25,0.0,5,2395609.85,150000.0,Direct,End-User,Contracted,False,,,,9.0,24.2,2025-10-31,2025-10-31
SAL-001245,MER-P1-B2-01726,MER,CUS-001245,2026-02-03,2026-02-27,AGT-030,Team Legacy,,,Direct / Walk-In,,8303961.4,240814.88,2.9,8063146.52,0.0,3,1838397.41,150000.0,Direct,End-User,Contracted,False,,,,23.0,22.8,2025-10-31,2025-10-31
SAL-001246,MER-P2-B1-01821,MER,CUS-001246,2025-02-23,2025-02-27,AGT-031,Team Legacy,,,Direct / Walk-In,,7540549.9,377027.49,5.0,7163522.41,0.0,3,1246452.9,150000.0,Direct,End-User,Contracted,False,,,,4.0,17.4,2025-10-31,2025-10-31
SAL-001247,MER-P1-B1-01654,MER,CUS-001247,2026-06-27,2026-06-30,AGT-029,Team Legacy,,,Direct / Walk-In,,5153512.5,113377.27,2.2,5040135.23,0.0,6,922344.75,103070.25,Direct,End-User,Handed Over,False,,,,2.0,18.3,2025-10-31,2025-10-31
SAL-001248,MER-P1-B1-01665,MER,CUS-001248,2026-06-25,2026-06-30,AGT-030,Team Legacy,,,Direct / Walk-In,,5910224.4,271870.32,4.6,5638354.08,0.0,5,1093840.69,118204.49,Direct,End-User,Handed Over,False,,,,4.0,19.4,2025-10-31,2025-10-31
SAL-001249,MER-P2-B3-01884,MER,CUS-001249,2025-10-23,2025-11-08,AGT-030,Team Legacy,,,Direct / Walk-In,,7308963.0,416610.89,5.7,6892352.11,0.0,6,1516317.46,146179.26,Direct,End-User,Contracted,False,,,,16.0,22.0,2025-10-31,2025-10-31
SAL-001250,MER-P2-B2-01849,MER,CUS-001250,2025-03-29,2025-04-02,AGT-029,Team Legacy,,,Direct / Walk-In,,9552983.4,544520.05,5.7,9008463.35,0.0,5,1738633.43,150000.0,Direct,End-User,Contracted,False,,,,4.0,19.3,2025-10-31,2025-10-31
SAL-001251,MER-P1-B1-01664,MER,CUS-001251,2026-01-29,2026-03-02,AGT-029,Team Legacy,,,Direct / Walk-In,,8540755.0,392874.73,4.6,8147880.27,0.0,6,2012526.43,150000.0,Direct,End-User,Handed Over,False,,,,32.0,24.7,2025-10-31,2025-10-31
SAL-001252,MER-P2-B1-01804,MER,CUS-001252,2025-10-03,2025-10-26,AGT-029,Team Legacy,BRK-08,,Broker Referral,,10743969.6,343807.03,3.2,10400162.57,160162.5,5,2142433.49,150000.0,Broker,End-User,Handed Over,False,,,,23.0,20.6,2025-10-31,2025-10-31
SAL-001253,MER-P1-B4-01792,MER,CUS-001253,2025-10-30,2025-12-03,AGT-030,Team Legacy,,,Direct / Walk-In,,8791420.0,430779.58,4.9,8360640.42,0.0,3,1688849.36,150000.0,Direct,End-User,Handed Over,False,,,,33.0,20.2,2025-10-31,2025-10-31
SAL-001254,MER-P1-B2-01713,MER,CUS-001254,2024-08-14,,AGT-031,Team Legacy,BRK-11,,Broker Referral,,12187778.4,292506.68,2.4,11895271.72,353289.57,6,1903243.48,150000.0,Broker,End-User,Reserved,False,,,,,16.0,2025-10-31,2025-10-31
SAL-001255,MER-P2-B4-01914,MER,CUS-001255,2025-06-08,2025-06-26,AGT-031,Team Legacy,,,Direct / Walk-In,,8852161.8,221304.05,2.5,8630857.75,0.0,6,1717540.69,150000.0,Direct,End-User,Contracted,False,,,,18.0,19.9,2025-10-31,2025-10-31
SAL-001256,MER-P2-B2-01858,MER,CUS-001256,2026-05-05,2026-06-15,AGT-029,Team Legacy,BRK-11,,Broker Referral,,7911103.2,268977.51,3.4,7642125.69,226971.13,4,1520783.01,150000.0,Broker,End-User,Contracted,False,,,,41.0,19.9,2025-10-31,2025-10-31
SAL-001257,MER-P1-B4-01784,MER,CUS-001257,2026-04-04,,AGT-032,Team Legacy,,,Direct / Walk-In,,8515228.8,459822.36,5.4,8055406.44,0.0,4,2005796.2,150000.0,Direct,End-User,Reserved,False,,,,,24.9,2025-10-31,2025-10-31
SAL-001258,MER-P1-B4-01796,MER,CUS-001258,2025-08-10,2025-09-03,AGT-032,Team Legacy,,,Direct / Walk-In,,7203241.1,302536.13,4.2,6900704.97,0.0,5,1042006.45,144064.82,Direct,End-User,Handed Over,False,,,,23.0,15.1,2025-10-31,2025-10-31
SAL-001259,MER-P2-B1-01806,MER,CUS-001259,2026-01-30,2026-02-06,AGT-029,Team Legacy,,,Direct / Walk-In,,9116120.0,519618.84,5.7,8596501.16,0.0,6,1512984.2,150000.0,Direct,End-User,Handed Over,False,,,,7.0,17.6,2025-10-31,2025-10-31
SAL-001260,MER-P2-B3-01880,MER,CUS-001260,2026-04-20,2026-04-26,AGT-031,Team Legacy,,,Direct / Walk-In,,5129416.8,117976.59,2.3,5011440.21,0.0,6,937139.32,102588.34,Direct,End-User,Contracted,False,,,,6.0,18.7,2025-10-31,2025-10-31
SAL-001261,MER-P2-B2-01839,MER,CUS-001261,2025-09-23,2025-10-05,AGT-030,Team Legacy,,,Direct / Walk-In,,10049981.8,311549.44,3.1,9738432.36,0.0,6,1840563.72,150000.0,Direct,End-User,Handed Over,False,,,,11.0,18.9,2025-10-31,2025-10-31
SAL-001262,MER-P1-B2-01704,MER,CUS-001262,2025-05-13,2025-05-24,AGT-031,Team Legacy,,,Direct / Walk-In,,8774850.0,315894.6,3.6,8458955.4,0.0,4,1827134.37,150000.0,Direct,End-User,Contracted,False,,,,10.0,21.6,2025-10-31,2025-10-31
SAL-001263,MER-P1-B3-01739,MER,CUS-001263,2025-07-26,2025-08-15,AGT-029,Team Legacy,,,Direct / Walk-In,,6828821.6,293639.33,4.3,6535182.27,0.0,5,1300501.27,136576.43,Direct,End-User,Contracted,False,,,,19.0,19.9,2025-10-31,2025-10-31
SAL-001264,MER-P2-B2-01867,MER,CUS-001264,2025-10-15,2025-10-25,AGT-029,Team Legacy,,,Direct / Walk-In,,6390688.0,338706.46,5.3,6051981.54,0.0,4,1343539.9,127813.76,Direct,End-User,Handed Over,False,,,,10.0,22.2,2025-10-31,2025-10-31
SAL-001265,MER-P1-B1-01676,MER,CUS-001265,2025-01-02,2025-01-14,AGT-030,Team Legacy,,,Direct / Walk-In,,6995709.6,174892.74,2.5,6820816.86,0.0,3,1405088.27,139914.19,Direct,End-User,Handed Over,False,,,,11.0,20.6,2025-10-31,2025-10-31
SAL-001266,MER-P2-B2-01870,MER,CUS-001266,2025-03-25,,AGT-030,Team Legacy,,,Direct / Walk-In,,8777017.6,201871.4,2.3,8575146.2,0.0,3,1620702.63,150000.0,Direct,End-User,Reserved,False,,,,,18.9,2025-10-31,2025-10-31
SAL-001267,MER-P1-B4-01785,MER,CUS-001267,2025-10-23,,AGT-030,Team Legacy,,,Direct / Walk-In,,9085293.0,218047.03,2.4,8867245.97,0.0,4,1498564.57,150000.0,Direct,End-User,Reserved,False,,,,,16.9,2025-10-31,2025-10-31
SAL-001268,MER-P1-B2-01722,MER,CUS-001268,2025-01-01,2025-01-14,AGT-032,Team Legacy,,,Direct / Walk-In,,7325297.8,380915.49,5.2,6944382.31,0.0,5,1694429.28,146505.96,Direct,End-User,Contracted,False,,,,12.0,24.4,2025-10-31,2025-10-31
SAL-001269,MER-P2-B2-01860,MER,CUS-001269,2025-04-22,2025-05-18,AGT-032,Team Legacy,,,Direct / Walk-In,,7079880.5,410633.07,5.8,6669247.43,0.0,3,1493911.42,141597.61,Direct,End-User,Handed Over,False,,,,26.0,22.4,2025-10-31,2025-10-31
SAL-001270,MER-P2-B4-01931,MER,CUS-001270,2025-12-02,2025-12-07,AGT-031,Team Legacy,,,Direct / Walk-In,,4813314.0,178092.62,3.7,4635221.38,0.0,6,880692.06,96266.28,Direct,End-User,Contracted,False,,,,5.0,19.0,2025-10-31,2025-10-31
SAL-001271,MER-P1-B2-01692,MER,CUS-001271,2025-02-25,2025-03-12,AGT-032,Team Legacy,BRK-12,,Broker Referral,,6168531.6,141876.23,2.3,6026655.37,126559.76,5,1494610.53,123370.63,Broker,End-User,Contracted,False,,,,15.0,24.8,2025-10-31,2025-10-31
SAL-001272,MER-P1-B3-01757,MER,CUS-001272,2024-09-15,2024-09-16,AGT-031,Team Legacy,BRK-11,,Broker Referral,,10864422.4,608407.65,5.6,10256014.75,304603.64,4,2522979.63,150000.0,Broker,End-User,Contracted,False,,,,1.0,24.6,2025-10-31,2025-10-31
SAL-001273,MER-P2-B3-01890,MER,CUS-001273,2025-08-30,,AGT-029,Team Legacy,,,Direct / Walk-In,,8787895.2,413031.07,4.7,8374864.13,0.0,4,1834095.24,150000.0,Direct,End-User,Reserved,False,,,,,21.9,2025-10-31,2025-10-31
SAL-001274,MER-P2-B1-01823,MER,CUS-001274,2025-01-24,2025-02-03,AGT-031,Team Legacy,,,Direct / Walk-In,,9109081.8,437235.93,4.8,8671845.87,0.0,3,1907806.09,150000.0,Direct,End-User,Contracted,False,,,,10.0,22.0,2025-10-31,2025-10-31
SAL-001275,MER-P1-B3-01756,MER,CUS-001275,2024-11-23,2024-12-19,AGT-029,Team Legacy,,,Direct / Walk-In,,6477457.0,285008.11,4.4,6192448.89,0.0,5,1102255.9,129549.14,Direct,End-User,Handed Over,False,,,,26.0,17.8,2025-10-31,2025-10-31
SAL-001276,MER-P1-B1-01663,MER,CUS-001276,2026-01-18,2026-01-22,AGT-030,Team Legacy,,,Direct / Walk-In,,12077236.6,253621.97,2.1,11823614.63,0.0,5,2459311.84,150000.0,Direct,End-User,Handed Over,False,,,,3.0,20.8,2025-10-31,2025-10-31
SAL-001277,MER-P1-B2-01718,MER,CUS-001277,2025-04-10,,AGT-029,Team Legacy,,,Direct / Walk-In,,11627371.8,569741.22,4.9,11057630.58,0.0,6,2311044.79,150000.0,Direct,End-User,Reserved,False,,,,,20.9,2025-10-31,2025-10-31
SAL-001278,MER-P2-B2-01843,MER,CUS-001278,2024-11-16,2024-12-01,AGT-031,Team Legacy,,,Direct / Walk-In,,7869424.4,196735.61,2.5,7672688.79,0.0,5,1833772.62,150000.0,Direct,End-User,Contracted,False,,,,14.0,23.9,2025-10-31,2025-10-31
SAL-001279,MER-P1-B3-01732,MER,CUS-001279,2024-12-11,2025-01-12,AGT-032,Team Legacy,,,Direct / Walk-In,,4454774.6,124733.69,2.8,4330040.91,0.0,5,675486.38,89095.49,Direct,End-User,Handed Over,False,,,,31.0,15.6,2025-10-31,2025-10-31
SAL-001280,MER-P1-B1-01671,MER,CUS-001280,2024-11-05,2024-12-08,AGT-032,Team Legacy,,,Direct / Walk-In,,4110297.4,217845.76,5.3,3892451.64,0.0,3,899156.33,82205.95,Direct,End-User,Handed Over,False,,,,33.0,23.1,2025-10-31,2025-10-31
SAL-001281,MER-P1-B2-01720,MER,CUS-001281,2025-02-15,2025-03-02,AGT-032,Team Legacy,,,Direct / Walk-In,,10126203.3,202524.07,2.0,9923679.23,0.0,3,2431301.41,150000.0,Direct,End-User,Contracted,False,,,,15.0,24.5,2025-10-31,2025-10-31
SAL-001282,MER-P2-B3-01907,MER,CUS-001282,2025-07-31,2025-09-04,AGT-030,Team Legacy,,,Direct / Walk-In,,7288767.2,400882.2,5.5,6887885.0,0.0,4,1177828.34,145775.34,Direct,End-User,Handed Over,False,,,,35.0,17.1,2025-10-31,2025-10-31
SAL-001283,MER-P2-B4-01938,MER,CUS-001283,2024-08-30,2024-09-04,AGT-031,Team Legacy,,,Direct / Walk-In,,8738272.9,314577.82,3.6,8423695.08,0.0,3,1474146.64,150000.0,Direct,End-User,Handed Over,False,,,,4.0,17.5,2025-10-31,2025-10-31
SAL-001284,MER-P2-B3-01908,MER,CUS-001284,2025-08-15,2025-09-09,AGT-030,Team Legacy,,,Direct / Walk-In,,12116000.0,375596.0,3.1,11740404.0,0.0,6,2336340.4,150000.0,Direct,End-User,Contracted,False,,,,24.0,19.9,2025-10-31,2025-10-31
SAL-001285,MER-P1-B2-01709,MER,CUS-001285,2025-07-20,2025-07-31,AGT-030,Team Legacy,,,Direct / Walk-In,,9926892.8,258099.21,2.6,9668793.59,0.0,4,1711376.47,150000.0,Direct,End-User,Handed Over,False,,,,10.0,17.7,2025-10-31,2025-10-31
SAL-001286,MER-P1-B4-01781,MER,CUS-001286,2025-08-11,2025-08-24,AGT-031,Team Legacy,,,Direct / Walk-In,,8551329.0,222334.55,2.6,8328994.45,0.0,4,1874023.75,150000.0,Direct,End-User,Handed Over,False,,,,12.0,22.5,2025-10-31,2025-10-31
SAL-001287,MER-P1-B3-01729,MER,CUS-001287,2025-11-07,,AGT-032,Team Legacy,BRK-04,,Broker Referral,,6715546.5,349208.42,5.2,6366338.08,167434.69,6,1464257.76,134310.93,Broker,End-User,Reserved,False,,,,,23.0,2025-10-31,2025-10-31
SAL-001288,MER-P2-B3-01889,MER,CUS-001288,2026-05-05,,AGT-031,Team Legacy,,,Direct / Walk-In,,8566600.0,274131.2,3.2,8292468.8,0.0,5,1451182.04,150000.0,Direct,End-User,Reserved,False,,,,,17.5,2025-10-31,2025-10-31
SAL-001289,MER-P2-B4-01933,MER,CUS-001289,2026-06-07,2026-06-25,AGT-031,Team Legacy,,,Direct / Walk-In,,12380118.4,383783.67,3.1,11996334.73,0.0,3,1979395.23,150000.0,Direct,End-User,Contracted,False,,,,18.0,16.5,2025-10-31,2025-10-31
SAL-001290,MER-P2-B2-01845,MER,CUS-001290,2024-12-20,2025-01-18,AGT-030,Team Legacy,,,Direct / Walk-In,,8428039.0,219129.01,2.6,8208909.99,0.0,4,1617155.27,150000.0,Direct,End-User,Handed Over,False,,,,28.0,19.7,2025-10-31,2025-10-31
SAL-001291,MER-P1-B4-01798,MER,CUS-001291,2025-09-03,2025-09-15,AGT-031,Team Legacy,,,Direct / Walk-In,,8310544.0,191142.51,2.3,8119401.49,0.0,3,1761910.12,150000.0,Direct,End-User,Handed Over,False,,,,11.0,21.7,2025-10-31,2025-10-31
SAL-001292,MER-P2-B3-01905,MER,CUS-001292,2025-06-15,,AGT-029,Team Legacy,,,Direct / Walk-In,,7580159.6,227404.79,3.0,7352754.81,0.0,5,1551431.26,150000.0,Direct,End-User,Reserved,False,,,,,21.1,2025-10-31,2025-10-31
SAL-001293,MER-P2-B1-01826,MER,CUS-001293,2026-01-14,2026-02-16,AGT-032,Team Legacy,,,Direct / Walk-In,,9106551.0,446221.0,4.9,8660330.0,0.0,6,2095799.86,150000.0,Direct,End-User,Handed Over,False,,,,33.0,24.2,2025-10-31,2025-10-31
SAL-001294,MER-P2-B4-01935,MER,CUS-001294,2024-07-10,,AGT-032,Team Legacy,,,Direct / Walk-In,,8290396.4,356487.05,4.3,7933909.35,0.0,3,1808931.33,150000.0,Direct,End-User,Reserved,False,,,,,22.8,2025-10-31,2025-10-31
SAL-001295,MER-P1-B4-01791,MER,CUS-001295,2024-08-11,2024-09-07,AGT-031,Team Legacy,,,Direct / Walk-In,,6233862.8,261822.24,4.2,5972040.56,0.0,5,1176491.99,124677.26,Direct,End-User,Handed Over,False,,,,26.0,19.7,2025-10-31,2025-10-31
SAL-001296,MER-P1-B4-01793,MER,CUS-001296,2025-06-13,2025-07-07,AGT-031,Team Legacy,,,Direct / Walk-In,,4555175.0,241424.27,5.3,4313750.73,0.0,5,1069810.18,91103.5,Direct,End-User,Contracted,False,,,,24.0,24.8,2025-10-31,2025-10-31
SAL-001297,MER-P1-B2-01723,MER,CUS-001297,2024-09-03,2024-09-09,AGT-031,Team Legacy,,,Direct / Walk-In,,8570534.4,428526.72,5.0,8142007.68,0.0,6,1880803.77,150000.0,Direct,End-User,Contracted,False,,,,6.0,23.1,2025-10-31,2025-10-31
SAL-001298,MER-P2-B4-01922,MER,CUS-001298,2025-07-23,2025-08-13,AGT-032,Team Legacy,BRK-09,,Broker Referral,,8284274.9,356223.82,4.3,7928051.08,236255.92,5,1530113.86,150000.0,Broker,End-User,Contracted,False,,,,21.0,19.3,2025-10-31,2025-10-31
SAL-001299,MER-P1-B4-01770,MER,CUS-001299,2025-08-23,2025-08-28,AGT-030,Team Legacy,,,Direct / Walk-In,,7876356.9,354436.06,4.5,7521920.84,0.0,5,1624734.9,150000.0,Direct,End-User,Contracted,False,,,,5.0,21.6,2025-10-31,2025-10-31
SAL-001300,MER-P2-B4-01943,MER,CUS-001300,2025-08-30,2025-10-02,AGT-029,Team Legacy,BRK-06,,Broker Referral,,4805574.0,225861.98,4.7,4579712.02,103959.46,5,806029.32,96111.48,Broker,End-User,Contracted,False,,,,32.0,17.6,2025-10-31,2025-10-31
SAL-001301,MER-P1-B4-01783,MER,CUS-001301,2025-11-29,2025-12-16,AGT-031,Team Legacy,,,Direct / Walk-In,,4481369.2,129959.71,2.9,4351409.49,0.0,3,1013878.41,89627.38,Direct,End-User,Contracted,False,,,,17.0,23.3,2025-10-31,2025-10-31
SAL-001302,MER-P1-B4-01773,MER,CUS-001302,2024-07-06,2024-07-09,AGT-029,Team Legacy,,,Direct / Walk-In,,8912025.6,311920.9,3.5,8600104.7,0.0,5,1307215.91,150000.0,Direct,End-User,Contracted,False,,,,3.0,15.2,2025-10-31,2025-10-31
SAL-001303,MER-P1-B4-01787,MER,CUS-001303,2024-11-16,2024-12-15,AGT-029,Team Legacy,,,Direct / Walk-In,,7891488.0,236744.64,3.0,7654743.36,0.0,3,1584531.88,150000.0,Direct,End-User,Contracted,False,,,,28.0,20.7,2025-10-31,2025-10-31
SAL-001304,MER-P1-B1-01679,MER,CUS-001304,2026-04-14,2026-04-24,AGT-031,Team Legacy,,,Direct / Walk-In,,9044319.6,226107.99,2.5,8818211.61,0.0,5,2098734.36,150000.0,Direct,End-User,Handed Over,False,,,,10.0,23.8,2025-10-31,2025-10-31
SAL-001305,MER-P1-B3-01735,MER,CUS-001305,2025-01-13,2025-01-27,AGT-031,Team Legacy,BRK-12,,Broker Referral,,4579861.2,114496.53,2.5,4465364.67,93772.66,3,982380.23,91597.22,Broker,End-User,Contracted,False,,,,14.0,22.0,2025-10-31,2025-10-31
SAL-001306,MER-P1-B4-01765,MER,CUS-001306,2025-11-11,2025-11-27,AGT-029,Team Legacy,,,Direct / Walk-In,,8952790.0,313347.65,3.5,8639442.35,0.0,5,1606936.28,150000.0,Direct,End-User,Contracted,False,,,,16.0,18.6,2025-10-31,2025-10-31
SAL-001307,MER-P2-B2-01871,MER,CUS-001307,2026-02-07,2026-02-16,AGT-031,Team Legacy,BRK-07,,Broker Referral,,12821275.6,756455.26,5.9,12064820.34,238883.44,6,2135473.2,150000.0,Broker,End-User,Cancelled,True,2026-03-30,Unit Defect Concern,,9.0,17.7,2025-10-31,2025-10-31
SAL-001308,MER-P2-B3-01897,MER,CUS-001308,2024-11-18,2024-12-02,AGT-030,Team Legacy,,,Direct / Walk-In,,9697973.6,232751.37,2.4,9465222.23,0.0,3,2025557.56,150000.0,Direct,End-User,Handed Over,False,,,,13.0,21.4,2025-10-31,2025-10-31
SAL-001309,MER-P2-B4-01932,MER,CUS-001309,2025-06-28,2025-07-11,AGT-029,Team Legacy,,,Direct / Walk-In,,6102542.5,158666.11,2.6,5943876.39,0.0,3,1206606.91,122050.85,Direct,End-User,Handed Over,False,,,,13.0,20.3,2025-10-31,2025-10-31
SAL-001310,MER-P2-B1-01832,MER,CUS-001310,2024-12-12,,AGT-032,Team Legacy,,,Direct / Walk-In,,5454540.0,245454.3,4.5,5209085.7,0.0,3,1119953.43,109090.8,Direct,End-User,Reserved,False,,,,,21.5,2025-10-31,2025-10-31
SAL-001311,MER-P1-B3-01740,MER,CUS-001311,2025-03-20,2025-03-29,AGT-030,Team Legacy,,,Direct / Walk-In,,6801388.0,401281.89,5.9,6400106.11,0.0,3,1305621.65,136027.76,Direct,End-User,Contracted,False,,,,9.0,20.4,2025-10-31,2025-10-31
SAL-001312,MER-P2-B1-01802,MER,CUS-001312,2025-02-03,2025-03-07,AGT-029,Team Legacy,,,Direct / Walk-In,,8060545.4,265998.0,3.3,7794547.4,0.0,3,1441991.27,150000.0,Direct,End-User,Handed Over,False,,,,31.0,18.5,2025-10-31,2025-10-31
SAL-001313,MER-P1-B1-01678,MER,CUS-001313,2025-06-20,2025-06-25,AGT-030,Team Legacy,,,Direct / Walk-In,,7104913.2,319721.09,4.5,6785192.11,0.0,5,1479171.88,142098.26,Direct,End-User,Contracted,False,,,,5.0,21.8,2025-10-31,2025-10-31
SAL-001314,MER-P1-B4-01776,MER,CUS-001314,2025-03-10,2025-03-18,AGT-029,Team Legacy,BRK-05,,Broker Referral,,8335246.5,208381.16,2.5,8126865.34,220238.05,3,1479089.49,150000.0,Broker,End-User,Handed Over,False,,,,8.0,18.2,2025-10-31,2025-10-31
SAL-001315,MER-P2-B1-01836,MER,CUS-001315,2026-01-30,,AGT-031,Team Legacy,BRK-13,,Broker Referral,,9380102.4,318923.48,3.4,9061178.92,185754.17,5,1721623.99,150000.0,Broker,End-User,Cancelled,True,2026-03-22,Changed Mind,,,19.0,2025-10-31,2025-10-31
SAL-001316,MER-P2-B3-01909,MER,CUS-001316,2026-05-03,2026-05-27,AGT-031,Team Legacy,,,Direct / Walk-In,,11084893.2,631838.91,5.7,10453054.29,0.0,6,1609770.36,150000.0,Direct,End-User,Cancelled,True,2026-06-30,Price Renegotiation Failed,,23.0,15.4,2025-10-31,2025-10-31
SAL-001317,MER-P1-B1-01689,MER,CUS-001317,2024-11-01,2024-11-02,AGT-032,Team Legacy,,,Direct / Walk-In,,11578752.0,289468.8,2.5,11289283.2,0.0,4,2269145.92,150000.0,Direct,End-User,Handed Over,False,,,,1.0,20.1,2025-10-31,2025-10-31
SAL-001318,MER-P2-B4-01939,MER,CUS-001318,2025-07-08,2025-08-09,AGT-030,Team Legacy,,,Direct / Walk-In,,7104670.8,206035.45,2.9,6898635.35,0.0,3,1359031.16,142093.42,Direct,End-User,Handed Over,False,,,,32.0,19.7,2025-10-31,2025-10-31
SAL-001319,MER-P2-B2-01863,MER,CUS-001319,2025-02-16,2025-03-15,AGT-030,Team Legacy,,,Direct / Walk-In,,5354904.9,123162.81,2.3,5231742.09,0.0,3,852773.96,107098.1,Direct,End-User,Contracted,False,,,,27.0,16.3,2025-10-31,2025-10-31
SAL-001320,MER-P1-B1-01670,MER,CUS-001320,2025-06-28,,AGT-029,Team Legacy,,,Direct / Walk-In,,7454315.4,223629.46,3.0,7230685.94,0.0,3,1178601.81,149086.31,Direct,End-User,Reserved,False,,,,,16.3,2025-10-31,2025-10-31
SAL-001321,MER-P1-B2-01701,MER,CUS-001321,2026-04-26,2026-05-18,AGT-030,Team Legacy,,,Direct / Walk-In,,5419110.4,303470.18,5.6,5115640.22,0.0,6,1151019.05,108382.21,Direct,End-User,Contracted,False,,,,21.0,22.5,2025-10-31,2025-10-31
SAL-001322,MER-P2-B1-01808,MER,CUS-001322,2024-10-17,2024-11-10,AGT-030,Team Legacy,,,Direct / Walk-In,,8020463.5,248634.37,3.1,7771829.13,0.0,3,1531050.34,150000.0,Direct,End-User,Handed Over,False,,,,24.0,19.7,2025-10-31,2025-10-31
SAL-001323,MER-P2-B1-01817,MER,CUS-001323,2025-12-04,2025-12-20,AGT-032,Team Legacy,,,Direct / Walk-In,,5797042.5,307243.25,5.3,5489799.25,0.0,6,845429.08,115940.85,Direct,End-User,Contracted,False,,,,16.0,15.4,2025-10-31,2025-10-31
SAL-001324,MER-P1-B3-01750,MER,CUS-001324,2025-01-01,2025-01-13,AGT-029,Team Legacy,,,Direct / Walk-In,,4975479.6,199019.18,4.0,4776460.42,0.0,6,773786.59,99509.59,Direct,End-User,Handed Over,False,,,,12.0,16.2,2025-10-31,2025-10-31
SAL-001325,MER-P2-B2-01850,MER,CUS-001325,2025-06-28,2025-07-13,AGT-032,Team Legacy,,,Direct / Walk-In,,10274715.0,328790.88,3.2,9945924.12,0.0,6,2387021.79,150000.0,Direct,End-User,Handed Over,False,,,,15.0,24.0,2025-10-31,2025-10-31
SAL-001326,MER-P1-B1-01660,MER,CUS-001326,2025-06-01,2025-07-05,AGT-031,Team Legacy,,,Direct / Walk-In,,6117876.0,330365.3,5.4,5787510.7,0.0,3,1302189.91,122357.52,Direct,End-User,Contracted,False,,,,33.0,22.5,2025-10-31,2025-10-31
SAL-001327,MER-P2-B4-01912,MER,CUS-001327,2024-08-04,2024-08-09,AGT-032,Team Legacy,,,Direct / Walk-In,,7509877.0,157707.42,2.1,7352169.58,0.0,4,1191051.47,150000.0,Direct,End-User,Contracted,False,,,,4.0,16.2,2025-10-31,2025-10-31
SAL-001328,MER-P2-B3-01887,MER,CUS-001328,2026-01-01,2026-01-17,AGT-030,Team Legacy,,,Direct / Walk-In,,8299962.0,290498.67,3.5,8009463.33,0.0,6,1393646.62,150000.0,Direct,End-User,Handed Over,False,,,,16.0,17.4,2025-10-31,2025-10-31
SAL-001329,MER-P2-B2-01851,MER,CUS-001329,2024-09-29,2024-10-24,AGT-029,Team Legacy,,,Direct / Walk-In,,6273767.7,150570.42,2.4,6123197.28,0.0,5,1004204.35,125475.35,Direct,End-User,Handed Over,False,,,,24.0,16.4,2025-10-31,2025-10-31
SAL-001330,MER-P2-B1-01815,MER,CUS-001330,2025-01-25,2025-02-05,AGT-032,Team Legacy,,,Direct / Walk-In,,6389422.5,383365.35,6.0,6006057.15,0.0,5,1297308.34,127788.45,Direct,End-User,Contracted,False,,,,11.0,21.6,2025-10-31,2025-10-31
SAL-001331,MER-P2-B1-01814,MER,CUS-001331,2025-12-07,,AGT-031,Team Legacy,,,Direct / Walk-In,,8576212.4,325896.07,3.8,8250316.33,0.0,6,2021327.5,150000.0,Direct,End-User,Reserved,False,,,,,24.5,2025-10-31,2025-10-31
SAL-001332,MER-P2-B1-01816,MER,CUS-001332,2025-10-14,2025-10-15,AGT-029,Team Legacy,,,Direct / Walk-In,,6628363.2,338046.52,5.1,6290316.68,0.0,3,1547417.9,132567.26,Direct,End-User,Handed Over,False,,,,1.0,24.6,2025-10-31,2025-10-31
SAL-001333,MER-P2-B2-01856,MER,CUS-001333,2025-01-31,,AGT-030,Team Legacy,,,Direct / Walk-In,,5206482.9,208259.32,4.0,4998223.58,0.0,3,1239559.45,104129.66,Direct,End-User,Reserved,False,,,,,24.8,2025-10-31,2025-10-31
SAL-001334,MER-P1-B1-01667,MER,CUS-001334,2024-08-08,,AGT-031,Team Legacy,,,Direct / Walk-In,,8926719.3,339215.33,3.8,8587503.97,0.0,5,2069588.46,150000.0,Direct,End-User,Reserved,False,,,,,24.1,2025-10-31,2025-10-31
SAL-001335,MER-P1-B3-01738,MER,CUS-001335,2024-12-11,2024-12-17,AGT-031,Team Legacy,,,Direct / Walk-In,,9209263.0,230231.58,2.5,8979031.42,0.0,3,1526435.34,150000.0,Direct,End-User,Contracted,False,,,,5.0,17.0,2025-10-31,2025-10-31
SAL-001336,MER-P1-B4-01775,MER,CUS-001336,2025-09-24,2025-10-14,AGT-032,Team Legacy,,,Direct / Walk-In,,4566990.0,114174.75,2.5,4452815.25,0.0,5,872751.79,91339.8,Direct,End-User,Handed Over,False,,,,20.0,19.6,2025-10-31,2025-10-31
SAL-001337,MER-P2-B4-01924,MER,CUS-001337,2024-10-20,2024-10-21,AGT-030,Team Legacy,BRK-06,,Broker Referral,,7074298.5,339566.33,4.8,6734732.17,152878.42,5,1387354.83,141485.97,Broker,End-User,Handed Over,False,,,,1.0,20.6,2025-10-31,2025-10-31
SAL-001338,MER-P2-B2-01848,MER,CUS-001338,2025-12-25,2025-12-28,AGT-029,Team Legacy,BRK-04,,Broker Referral,,4786320.0,191452.8,4.0,4594867.2,120845.01,4,1075198.92,95726.4,Broker,End-User,Contracted,False,,,,2.0,23.4,2025-10-31,2025-10-31
SAL-001339,MER-P1-B2-01696,MER,CUS-001339,2024-09-06,2024-09-30,AGT-030,Team Legacy,,,Direct / Walk-In,,8121167.2,373573.69,4.6,7747593.51,0.0,4,1549518.7,150000.0,Direct,End-User,Contracted,False,,,,24.0,20.0,2025-10-31,2025-10-31
SAL-001340,MER-P2-B4-01921,MER,CUS-001340,2025-02-11,2025-02-17,AGT-030,Team Legacy,,,Direct / Walk-In,,5766092.5,328667.27,5.7,5437425.23,0.0,3,869988.04,115321.85,Direct,End-User,Handed Over,False,,,,5.0,16.0,2025-10-31,2025-10-31
SAL-001341,MER-P1-B2-01697,MER,CUS-001341,2025-08-22,,AGT-032,Team Legacy,BRK-01,,Broker Referral,,9511680.6,370955.54,3.9,9140725.06,189213.01,5,1837285.74,150000.0,Broker,End-User,Reserved,False,,,,,20.1,2025-10-31,2025-10-31
SAL-001342,MER-P1-B1-01661,MER,CUS-001342,2026-02-12,2026-03-17,AGT-029,Team Legacy,,,Direct / Walk-In,,3773588.0,166037.87,4.4,3607550.13,0.0,5,645751.47,75471.76,Direct,End-User,Handed Over,False,,,,33.0,17.9,2025-10-31,2025-10-31
SAL-001343,MER-P1-B4-01800,MER,CUS-001343,2026-02-14,2026-02-24,AGT-029,Team Legacy,,,Direct / Walk-In,,5005425.6,240260.43,4.8,4765165.17,0.0,5,1072162.16,100108.51,Direct,End-User,Contracted,False,,,,10.0,22.5,2025-10-31,2025-10-31
SAL-001344,MER-P2-B3-01896,MER,CUS-001344,2026-05-21,2026-06-06,AGT-029,Team Legacy,,,Direct / Walk-In,,4910443.5,245522.17,5.0,4664921.33,0.0,3,932984.27,98208.87,Direct,End-User,Contracted,False,,,,16.0,20.0,2025-10-31,2025-10-31
SAL-001345,MER-P1-B1-01658,MER,CUS-001345,2024-11-05,2024-11-29,AGT-029,Team Legacy,,,Direct / Walk-In,,5943480.4,332834.9,5.6,5610645.5,0.0,3,1268005.88,118869.61,Direct,End-User,Contracted,False,,,,24.0,22.6,2025-10-31,2025-10-31
SAL-001346,MER-P2-B1-01831,MER,CUS-001346,2026-02-03,2026-02-14,AGT-029,Team Legacy,,,Direct / Walk-In,,7286052.8,429877.12,5.9,6856175.68,0.0,6,1515214.83,145721.06,Direct,End-User,Contracted,False,,,,10.0,22.1,2025-10-31,2025-10-31
SAL-001347,MER-P1-B1-01666,MER,CUS-001347,2025-12-14,2026-01-14,AGT-029,Team Legacy,,,Direct / Walk-In,,7707117.6,277456.23,3.6,7429661.37,0.0,6,1641955.16,150000.0,Direct,End-User,Handed Over,False,,,,30.0,22.1,2025-10-31,2025-10-31
SAL-001348,MER-P2-B4-01942,MER,CUS-001348,2026-03-09,,AGT-032,Team Legacy,,,Direct / Walk-In,,7229977.0,433798.62,6.0,6796178.38,0.0,5,1624286.63,144599.54,Direct,End-User,Reserved,False,,,,,23.9,2025-10-31,2025-10-31
SAL-001349,MER-P2-B2-01873,MER,CUS-001349,2025-02-02,2025-02-20,AGT-029,Team Legacy,,,Direct / Walk-In,,5561700.0,233591.4,4.2,5328108.6,0.0,4,1086934.15,111234.0,Direct,End-User,Contracted,False,,,,17.0,20.4,2025-10-31,2025-10-31
SAL-001350,MER-P1-B3-01736,MER,CUS-001350,2026-02-12,2026-03-15,AGT-031,Team Legacy,,,Direct / Walk-In,,7369775.0,154765.27,2.1,7215009.73,0.0,3,1269841.71,147395.5,Direct,End-User,Handed Over,False,,,,30.0,17.6,2025-10-31,2025-10-31
SAL-001351,MER-P1-B2-01725,MER,CUS-001351,2024-12-08,2025-01-06,AGT-031,Team Legacy,,,Direct / Walk-In,,11358363.1,261242.35,2.3,11097120.75,0.0,5,2763183.07,150000.0,Direct,End-User,Contracted,False,,,,29.0,24.9,2025-10-31,2025-10-31
SAL-001352,MER-P2-B4-01915,MER,CUS-001352,2024-09-11,2024-10-05,AGT-031,Team Legacy,,,Direct / Walk-In,,8645248.0,345809.92,4.0,8299438.08,0.0,4,1319610.65,150000.0,Direct,End-User,Contracted,False,,,,24.0,15.9,2025-10-31,2025-10-31
SAL-001353,MER-P2-B4-01923,MER,CUS-001353,2024-10-21,,AGT-030,Team Legacy,,,Direct / Walk-In,,9189184.0,349188.99,3.8,8839995.01,0.0,3,1821038.97,150000.0,Direct,End-User,Reserved,False,,,,,20.6,2025-10-31,2025-10-31
SAL-001354,MER-P2-B4-01941,MER,CUS-001354,2025-06-16,,AGT-030,Team Legacy,,,Direct / Walk-In,,4269401.7,256164.1,6.0,4013237.6,0.0,4,626065.07,85388.03,Direct,End-User,Reserved,False,,,,,15.6,2025-10-31,2025-10-31
SAL-001355,MER-P1-B4-01789,MER,CUS-001355,2026-06-12,2026-06-22,AGT-032,Team Legacy,,,Direct / Walk-In,,9144897.6,356651.01,3.9,8788246.59,0.0,3,1379754.71,150000.0,Direct,End-User,Handed Over,False,,,,10.0,15.7,2025-10-31,2025-10-31
SAL-001356,MER-P2-B1-01835,MER,CUS-001356,2025-09-20,2025-10-14,AGT-032,Team Legacy,,,Direct / Walk-In,,9733576.2,399076.62,4.1,9334499.58,0.0,4,1876234.42,150000.0,Direct,End-User,Contracted,False,,,,24.0,20.1,2025-10-31,2025-10-31
SAL-001357,MER-P2-B3-01886,MER,CUS-001357,2025-09-21,2025-10-03,AGT-030,Team Legacy,BRK-04,,Broker Referral,,8291218.2,207280.45,2.5,8083937.75,212607.56,4,1325765.79,150000.0,Broker,End-User,Contracted,False,,,,12.0,16.4,2025-10-31,2025-10-31
SAL-001358,MER-P2-B2-01865,MER,CUS-001358,2025-06-06,2025-06-11,AGT-031,Team Legacy,,,Direct / Walk-In,,6955950.4,319973.72,4.6,6635976.68,0.0,4,1506366.71,139119.01,Direct,End-User,Contracted,False,,,,5.0,22.7,2025-10-31,2025-10-31
SAL-001359,MER-P1-B1-01653,MER,CUS-001359,2026-04-24,2026-05-28,AGT-029,Team Legacy,,,Direct / Walk-In,,10221732.3,592860.47,5.8,9628871.83,0.0,6,1742825.8,150000.0,Direct,End-User,Handed Over,False,,,,34.0,18.1,2025-10-31,2025-10-31
SAL-001360,MER-P2-B3-01899,MER,CUS-001360,2026-03-07,2026-03-30,AGT-032,Team Legacy,BRK-13,,Broker Referral,,11820759.6,591037.98,5.0,11229721.62,230209.29,5,1695687.96,150000.0,Broker,End-User,Handed Over,False,,,,23.0,15.1,2025-10-31,2025-10-31
SAL-001361,MER-P2-B3-01895,MER,CUS-001361,2026-02-11,2026-02-25,AGT-032,Team Legacy,,,Direct / Walk-In,,8980464.4,323296.72,3.6,8657167.68,0.0,5,1843976.72,150000.0,Direct,End-User,Contracted,False,,,,13.0,21.3,2025-10-31,2025-10-31
SAL-001362,MER-P2-B1-01837,MER,CUS-001362,2024-08-16,2024-08-30,AGT-032,Team Legacy,,,Direct / Walk-In,,7813881.6,281299.74,3.6,7532581.86,0.0,4,1679765.75,150000.0,Direct,End-User,Contracted,False,,,,13.0,22.3,2025-10-31,2025-10-31
SAL-001363,MER-P2-B3-01878,MER,CUS-001363,2024-09-25,,AGT-032,Team Legacy,,,Direct / Walk-In,,7020268.5,351013.42,5.0,6669255.08,0.0,4,1367197.29,140405.37,Direct,End-User,Reserved,False,,,,,20.5,2025-10-31,2025-10-31
SAL-001364,MER-P2-B4-01937,MER,CUS-001364,2024-08-01,,AGT-032,Team Legacy,,,Direct / Walk-In,,6146415.4,313467.19,5.1,5832948.21,0.0,3,1347411.04,122928.31,Direct,End-User,Reserved,False,,,,,23.1,2025-10-31,2025-10-31
SAL-001365,MER-P1-B1-01685,MER,CUS-001365,2025-06-14,2025-07-09,AGT-030,Team Legacy,,,Direct / Walk-In,,4372224.0,131166.72,3.0,4241057.28,0.0,6,818524.06,87444.48,Direct,End-User,Handed Over,False,,,,25.0,19.3,2025-10-31,2025-10-31
SAL-001366,MER-P1-B4-01780,MER,CUS-001366,2024-11-17,2024-11-27,AGT-031,Team Legacy,,,Direct / Walk-In,,4927461.0,137968.91,2.8,4789492.09,0.0,4,814213.66,98549.22,Direct,End-User,Cancelled,True,2025-01-04,Found Alternative Property,,10.0,17.0,2025-10-31,2025-10-31
SAL-001367,MER-P1-B3-01753,MER,CUS-001367,2025-12-20,2026-01-11,AGT-029,Team Legacy,,,Direct / Walk-In,,10035103.0,401404.12,4.0,9633698.88,0.0,3,2186849.65,150000.0,Direct,End-User,Handed Over,False,,,,21.0,22.7,2025-10-31,2025-10-31
SAL-001368,MER-P1-B3-01733,MER,CUS-001368,2025-01-12,,AGT-031,Team Legacy,,,Direct / Walk-In,,10970708.5,362033.38,3.3,10608675.12,0.0,5,2450603.95,150000.0,Direct,End-User,Reserved,False,,,,,23.1,2025-10-31,2025-10-31
SAL-001369,MER-P2-B3-01901,MER,CUS-001369,2025-11-11,,AGT-029,Team Legacy,,,Direct / Walk-In,,11224223.8,224484.48,2.0,10999739.32,0.0,3,2672936.65,150000.0,Direct,End-User,Reserved,False,,,,,24.3,2025-10-31,2025-10-31
SAL-001370,MER-P1-B4-01778,MER,CUS-001370,2024-10-10,2024-10-19,AGT-031,Team Legacy,,,Direct / Walk-In,,12449900.1,697194.41,5.6,11752705.69,0.0,4,2632606.07,150000.0,Direct,End-User,Handed Over,False,,,,8.0,22.4,2025-10-31,2025-10-31
SAL-001371,MER-P1-B2-01694,MER,CUS-001371,2024-10-13,2024-10-30,AGT-031,Team Legacy,,,Direct / Walk-In,,6130448.2,343305.1,5.6,5787143.1,0.0,6,1209512.91,122608.96,Direct,End-User,Handed Over,False,,,,17.0,20.9,2025-10-31,2025-10-31
SAL-001372,MER-P2-B4-01918,MER,CUS-001372,2025-02-07,2025-02-25,AGT-029,Team Legacy,,,Direct / Walk-In,,10062654.6,533320.69,5.3,9529333.91,0.0,5,1781985.44,150000.0,Direct,End-User,Contracted,False,,,,17.0,18.7,2025-10-31,2025-10-31
SAL-001373,MER-P1-B2-01703,MER,CUS-001373,2026-04-10,,AGT-031,Team Legacy,,,Direct / Walk-In,,6651779.4,365847.87,5.5,6285931.53,0.0,6,1565196.95,133035.59,Direct,End-User,Reserved,False,,,,,24.9,2025-10-31,2025-10-31
SAL-001374,MER-P1-B2-01706,MER,CUS-001374,2025-05-30,2025-06-11,AGT-031,Team Legacy,BRK-08,,Broker Referral,,12820626.2,679493.19,5.3,12141133.01,186973.45,5,2124698.28,150000.0,Broker,End-User,Contracted,False,,,,11.0,17.5,2025-10-31,2025-10-31
SAL-001375,MER-P2-B4-01944,MER,CUS-001375,2025-03-14,2025-03-27,AGT-032,Team Legacy,,,Direct / Walk-In,,6002045.3,198067.49,3.3,5803977.81,0.0,3,963460.32,120040.91,Direct,End-User,Handed Over,False,,,,12.0,16.6,2025-10-31,2025-10-31
SAL-001376,MER-P2-B3-01906,MER,CUS-001376,2025-12-19,2026-01-01,AGT-030,Team Legacy,,,Direct / Walk-In,,9407948.0,254014.6,2.7,9153933.4,0.0,4,2023019.28,150000.0,Direct,End-User,Handed Over,False,,,,13.0,22.1,2025-10-31,2025-10-31
SAL-001377,MER-P2-B4-01916,MER,CUS-001377,2026-05-02,2026-05-18,AGT-032,Team Legacy,,,Direct / Walk-In,,9858034.0,492901.7,5.0,9365132.3,0.0,6,1779375.14,150000.0,Direct,End-User,Contracted,False,,,,16.0,19.0,2025-10-31,2025-10-31
SAL-001378,MER-P1-B3-01762,MER,CUS-001378,2026-01-13,2026-02-16,AGT-031,Team Legacy,,,Direct / Walk-In,,4145326.5,169958.39,4.1,3975368.11,0.0,3,874580.98,82906.53,Direct,End-User,Handed Over,False,,,,33.0,22.0,2025-10-31,2025-10-31
SAL-001379,MER-P1-B1-01680,MER,CUS-001379,2024-10-14,2024-10-30,AGT-032,Team Legacy,,,Direct / Walk-In,,4526034.0,126728.95,2.8,4399305.05,0.0,5,835867.96,90520.68,Direct,End-User,Contracted,False,,,,15.0,19.0,2025-10-31,2025-10-31
SAL-001380,MER-P2-B2-01838,MER,CUS-001380,2025-01-30,,AGT-032,Team Legacy,,,Direct / Walk-In,,8017665.6,360794.95,4.5,7656870.65,0.0,3,1209785.56,150000.0,Direct,End-User,Reserved,False,,,,,15.8,2025-10-31,2025-10-31
