unit_id,project_id,phase,building,floor,unit_type,bedrooms,built_up_area_sqm,garden_area_sqm,terrace_area_sqm,view_type,list_price,price_per_sqm,release_date,unit_status,reservation_date,contract_date,cancellation_date,buyer_id,broker_id,sales_agent_id,discount_pct,net_contract_value,payment_plan_years,down_payment_pct,expected_handover_date,forecast_handover_date,construction_completion_pct,days_on_market,availability_bucket
AUR-P1-B1-00001,AUR,Phase 1,Building A,13,Apartment,4,207.5,18.0,0.0,Courtyard View,8743427.5,42137.0,2024-05-29,available,,,,,,,,,,,,,54.0,762,365+ days
AUR-P1-B1-00002,AUR,Phase 1,Building A,7,Duplex,3,138.9,15.3,19.1,Courtyard View,7832709.9,56391.0,2024-06-01,available,,,,,,,,,,,,,54.0,759,365+ days
AUR-P1-B1-00003,AUR,Phase 1,Building A,9,Duplex,5,238.4,9.6,0.0,Garden View,10285052.8,43142.0,2024-05-13,contracted,2026-05-07,2026-05-18,,CUS-000234,,AGT-006,5.2,9750230.05,4,18.3,2027-03-31,2027-03-31,54.0,724,365+ days
AUR-P1-B1-00004,AUR,Phase 1,Building A,6,Apartment,4,228.0,0.0,18.9,Garden View,11043180.0,48435.0,2024-10-26,contracted,2025-01-13,2025-01-30,,CUS-000181,,AGT-004,2.7,10745014.14,3,16.3,2027-03-31,2027-03-31,54.0,79,31-90 days
AUR-P1-B1-00005,AUR,Phase 1,Building A,10,Apartment,4,124.1,0.0,26.3,Pool View,5710585.6,46016.0,2024-06-09,available,,,,,,,,,,,,,54.0,751,365+ days
AUR-P1-B1-00006,AUR,Phase 1,Building A,0,Villa,4,483.3,284.7,49.7,Pool View,21448370.7,44379.0,2024-06-01,contracted,2024-12-14,2024-12-31,,CUS-000157,,AGT-006,5.2,20333055.42,5,24.2,2027-03-31,2027-03-31,54.0,196,181-365 days
AUR-P1-B1-00007,AUR,Phase 1,Building A,8,Apartment,3,221.3,0.0,9.3,Pool View,11524861.4,52078.0,2024-04-06,contracted,2025-03-28,2025-04-21,,CUS-000124,BRK-05,AGT-007,3.8,11086916.67,6,22.3,2027-03-31,2027-03-31,54.0,356,181-365 days
AUR-P1-B1-00008,AUR,Phase 1,Building A,8,Duplex,3,150.0,0.0,21.3,Courtyard View,8788200.0,58588.0,2024-07-22,contracted,2025-12-13,2025-12-18,,CUS-000132,BRK-04,AGT-004,5.6,8296060.8,3,17.0,2027-03-31,2027-03-31,54.0,509,365+ days
AUR-P1-B1-00009,AUR,Phase 1,Building A,0,Apartment,2,129.7,0.0,29.3,Garden View,6172423.0,47590.0,2024-07-21,contracted,2024-11-17,2024-12-26,,CUS-000247,,AGT-001,4.6,5888491.54,6,24.0,2027-03-31,2027-03-31,54.0,119,91-180 days
AUR-P1-B1-00010,AUR,Phase 1,Building A,0,Villa,4,438.9,122.1,53.8,Courtyard View,29217134.1,66569.0,2024-07-01,available,,,,,,,,,,,,,54.0,729,365+ days
AUR-P1-B1-00011,AUR,Phase 1,Building A,2,Apartment,2,122.9,0.0,12.0,Skyline View,7986656.5,64985.0,2024-10-19,contracted,2025-07-05,2025-07-14,,CUS-000138,,AGT-002,2.2,7810950.06,3,18.1,2027-03-31,2027-03-31,54.0,259,181-365 days
AUR-P1-B1-00012,AUR,Phase 1,Building A,5,Apartment,2,154.6,2.3,0.0,Street View,8373290.6,54161.0,2024-08-17,contracted,2026-03-29,2026-04-09,,CUS-000191,,AGT-003,3.3,8096972.01,3,19.9,2027-03-31,2027-03-31,54.0,589,365+ days
AUR-P1-B1-00013,AUR,Phase 1,Building A,11,Apartment,3,98.7,0.0,10.7,Skyline View,6627310.2,67146.0,2024-01-31,contracted,2024-07-27,2024-08-19,,CUS-000179,,AGT-008,5.8,6242926.21,6,20.9,2027-03-31,2027-03-31,54.0,178,91-180 days
AUR-P1-B1-00014,AUR,Phase 1,Building A,7,Apartment,2,221.6,35.4,0.0,Street View,11355005.6,51241.0,2024-09-29,contracted,2024-12-21,2025-01-13,,CUS-000248,,AGT-010,3.5,10957580.4,5,16.6,2027-03-31,2027-03-31,54.0,83,31-90 days
AUR-P1-B1-00015,AUR,Phase 1,Building A,13,Duplex,5,116.9,0.0,24.6,Garden View,7373350.6,63074.0,2024-07-12,available,,,,,,,,,,,,,54.0,718,365+ days
AUR-P1-B1-00016,AUR,Phase 1,Building A,12,Apartment,4,97.1,0.0,0.0,Skyline View,5373319.8,55338.0,2024-01-25,available,,,,,,,,,,,,,54.0,887,365+ days
AUR-P1-B1-00017,AUR,Phase 1,Building A,2,Apartment,2,147.7,20.8,0.0,Pool View,8405163.9,56907.0,2024-10-24,contracted,2025-07-05,2025-07-16,,CUS-000211,BRK-01,AGT-003,3.1,8144603.82,4,20.3,2027-03-31,2027-03-31,54.0,254,181-365 days
AUR-P1-B1-00018,AUR,Phase 1,Building A,14,Apartment,2,159.4,0.0,19.5,Skyline View,10410414.0,65310.0,2024-08-19,available,,,,,,,,,,,,,54.0,680,365+ days
AUR-P1-B1-00019,AUR,Phase 1,Building A,6,Apartment,4,222.3,0.0,0.0,Street View,9733850.1,43787.0,2024-03-14,contracted,2024-10-26,2024-11-23,,CUS-000013,,AGT-010,2.4,9500237.7,4,18.2,2027-03-31,2027-03-31,54.0,226,181-365 days
AUR-P1-B1-00020,AUR,Phase 1,Building A,14,Apartment,3,131.4,0.0,0.0,Skyline View,7968621.6,60644.0,2024-02-08,contracted,2024-12-13,2025-01-15,,CUS-000189,,AGT-010,4.5,7610033.63,5,15.6,2027-03-31,2027-03-31,54.0,309,181-365 days
AUR-P1-B1-00021,AUR,Phase 1,Building A,0,Villa,4,375.6,144.9,22.0,Pool View,17854521.6,47536.0,2024-04-09,contracted,2026-06-19,2026-06-20,,CUS-000033,,AGT-009,3.3,17265322.39,6,21.6,2027-03-31,2027-03-31,54.0,801,365+ days
AUR-P1-B1-00022,AUR,Phase 1,Building A,5,Duplex,5,111.3,0.0,21.1,Garden View,6582393.3,59141.0,2024-04-01,available,,,,,,,,,,,,,54.0,820,365+ days
AUR-P1-B1-00023,AUR,Phase 1,Building A,0,Apartment,4,186.1,0.0,9.4,Skyline View,9807283.9,52699.0,2024-08-18,contracted,2024-11-06,2024-11-28,,CUS-000095,,AGT-009,5.2,9297305.14,4,23.3,2027-03-31,2027-03-31,54.0,80,31-90 days
AUR-P1-B1-00024,AUR,Phase 1,Building A,13,Duplex,5,111.4,0.0,0.0,Courtyard View,7220948.0,64820.0,2024-06-06,available,,,,,,,,,,,,,54.0,754,365+ days
AUR-P1-B1-00025,AUR,Phase 1,Building A,3,Apartment,4,99.4,15.2,12.1,Pool View,5640254.2,56743.0,2024-01-10,available,,,,,,,,,,,,,54.0,902,365+ days
AUR-P1-B1-00026,AUR,Phase 1,Building A,9,Apartment,3,193.3,18.6,0.0,Street View,10824413.4,55998.0,2024-09-01,available,,,,,,,,,,,,,54.0,667,365+ days
AUR-P1-B1-00027,AUR,Phase 1,Building A,13,Apartment,3,122.7,0.0,25.6,Garden View,8216237.4,66962.0,2024-09-14,contracted,2025-07-07,2025-07-10,,CUS-000116,BRK-07,AGT-004,4.4,7854722.95,3,19.7,2027-03-31,2027-03-31,54.0,296,181-365 days
AUR-P1-B1-00028,AUR,Phase 1,Building A,9,Apartment,2,141.1,37.6,0.0,Street View,7077152.7,50157.0,2024-09-17,cancelled,2025-10-09,2025-10-28,2025-12-01,CUS-000227,,AGT-005,5.1,6716217.91,3,17.7,2027-03-31,2027-03-31,54.0,387,365+ days
AUR-P1-B1-00029,AUR,Phase 1,Building A,3,Apartment,4,206.2,0.0,20.6,Skyline View,12084763.4,58607.0,2024-07-02,contracted,2025-10-11,2025-10-26,,CUS-000088,,AGT-003,2.1,11830983.37,6,22.6,2027-03-31,2027-03-31,54.0,466,365+ days
AUR-P1-B1-00030,AUR,Phase 1,Building A,1,Duplex,3,186.6,0.0,0.0,Pool View,9424419.6,50506.0,2024-08-05,available,,,,,,,,,,,,,54.0,694,365+ days
AUR-P1-B1-00031,AUR,Phase 1,Building A,0,Villa,6,318.8,88.5,46.0,Street View,15169141.6,47582.0,2024-02-17,available,,,,,,,,,,,,,54.0,864,365+ days
AUR-P1-B1-00032,AUR,Phase 1,Building A,0,Villa,6,340.7,226.1,46.3,Street View,15205100.3,44629.0,2024-04-23,contracted,2025-09-03,2025-09-25,,CUS-000057,,AGT-005,3.7,14642511.59,4,24.2,2027-03-31,2027-03-31,54.0,498,365+ days
AUR-P1-B1-00033,AUR,Phase 1,Building A,4,Apartment,3,191.1,0.0,16.2,Skyline View,10706950.8,56028.0,2024-03-04,contracted,2024-08-02,2024-08-27,,CUS-000223,,AGT-008,4.5,10225138.01,6,21.8,2027-03-31,2027-03-31,54.0,151,91-180 days
AUR-P1-B1-00034,AUR,Phase 1,Building A,2,Apartment,2,161.3,45.2,14.6,Courtyard View,7099780.8,44016.0,2024-08-18,available,,,,,,,,,,,,,54.0,681,365+ days
AUR-P1-B1-00035,AUR,Phase 1,Building A,7,Apartment,2,113.9,54.4,14.7,Courtyard View,7250076.7,63653.0,2024-07-05,available,,,,,,,,,,,,,54.0,725,365+ days
AUR-P1-B2-00036,AUR,Phase 1,Building B,9,Apartment,2,223.2,0.0,0.0,Garden View,9936194.4,44517.0,2024-08-07,reserved,2026-06-01,,,CUS-000171,,AGT-005,2.7,9667917.15,4,16.9,2027-03-31,2027-03-31,54.0,663,365+ days
AUR-P1-B2-00037,AUR,Phase 1,Building B,12,Duplex,5,192.8,0.0,19.4,Pool View,11894603.2,61694.0,2024-02-26,contracted,2026-06-14,2026-06-24,,CUS-000174,,AGT-003,5.7,11216610.82,6,20.5,2027-03-31,2027-03-31,54.0,839,365+ days
AUR-P1-B2-00038,AUR,Phase 1,Building B,6,Apartment,2,203.5,0.0,12.1,Garden View,12777358.0,62788.0,2024-07-12,contracted,2026-01-16,2026-02-13,,CUS-000045,,AGT-003,3.5,12330150.47,5,21.3,2027-03-31,2027-03-31,54.0,553,365+ days
AUR-P1-B2-00039,AUR,Phase 1,Building B,0,Villa,6,505.4,349.8,51.1,Skyline View,26417258.0,52270.0,2024-04-02,reserved,2026-04-17,,,CUS-000241,,AGT-003,4.3,25281315.91,4,23.3,2027-03-31,2027-03-31,54.0,745,365+ days
AUR-P1-B2-00040,AUR,Phase 1,Building B,11,Apartment,4,204.9,0.0,16.3,Garden View,10842078.6,52914.0,2024-05-22,available,,,,,,,,,,,,,54.0,769,365+ days
AUR-P1-B2-00041,AUR,Phase 1,Building B,8,Duplex,4,151.2,0.0,0.0,Courtyard View,7850001.6,51918.0,2024-01-08,contracted,2025-05-04,2025-05-21,,CUS-000082,BRK-04,AGT-003,5.2,7441801.52,6,24.6,2027-03-31,2027-03-31,54.0,482,365+ days
AUR-P1-B2-00042,AUR,Phase 1,Building B,0,Villa,5,313.1,323.3,59.7,Pool View,14355008.8,45848.0,2024-04-25,available,,,,,,,,,,,,,54.0,796,365+ days
AUR-P1-B2-00043,AUR,Phase 1,Building B,2,Duplex,5,228.5,5.5,0.0,Street View,10290726.0,45036.0,2024-02-21,contracted,2025-07-10,2025-08-17,,CUS-000072,,AGT-010,3.5,9930550.59,5,18.1,2027-03-31,2027-03-31,54.0,505,365+ days
AUR-P1-B2-00044,AUR,Phase 1,Building B,3,Apartment,3,203.8,54.9,24.9,Garden View,8917880.4,43758.0,2024-05-21,available,,,,,,,,,,,,,54.0,770,365+ days
AUR-P1-B2-00045,AUR,Phase 1,Building B,4,Apartment,2,140.3,0.0,9.2,Pool View,9523423.7,67879.0,2024-09-25,cancelled,2026-05-04,2026-05-16,2026-06-30,CUS-000042,,AGT-006,5.1,9037729.09,6,16.4,2027-03-31,2027-03-31,54.0,586,365+ days
AUR-P1-B2-00046,AUR,Phase 1,Building B,2,Apartment,4,152.1,7.5,19.1,Street View,6875072.1,45201.0,2024-02-21,available,,,,,,,,,,,,,54.0,860,365+ days
AUR-P1-B2-00047,AUR,Phase 1,Building B,12,Apartment,4,121.6,0.0,19.6,Skyline View,6001811.2,49357.0,2024-06-03,available,,,,,,,,,,,,,54.0,757,365+ days
AUR-P1-B2-00048,AUR,Phase 1,Building B,3,Apartment,3,152.4,0.0,0.0,Pool View,7111593.6,46664.0,2024-02-09,available,,,,,,,,,,,,,54.0,872,365+ days
AUR-P1-B2-00049,AUR,Phase 1,Building B,0,Villa,4,506.0,153.8,58.8,Street View,23985918.0,47403.0,2024-08-09,contracted,2026-02-26,2026-03-26,,CUS-000126,,AGT-005,2.9,23290326.38,4,23.2,2027-03-31,2027-03-31,54.0,566,365+ days
AUR-P1-B2-00050,AUR,Phase 1,Building B,13,Apartment,3,100.9,36.0,13.2,Courtyard View,5457882.8,54092.0,2024-09-14,contracted,2024-09-03,2024-09-27,,CUS-000131,,AGT-007,3.3,5277772.67,3,22.2,2027-03-31,2027-03-31,54.0,0,0-30 days
AUR-P1-B2-00051,AUR,Phase 1,Building B,12,Duplex,5,205.4,0.0,0.0,Skyline View,12266077.2,59718.0,2024-10-20,contracted,2025-04-19,2025-05-04,,CUS-000064,BRK-13,AGT-005,4.9,11665039.42,5,15.1,2027-03-31,2027-03-31,54.0,181,181-365 days
AUR-P1-B2-00052,AUR,Phase 1,Building B,2,Apartment,2,204.7,55.2,15.2,Garden View,13582459.1,66353.0,2024-06-27,contracted,2026-04-23,2026-05-12,,CUS-000053,,AGT-001,3.1,13161402.87,3,24.4,2027-03-31,2027-03-31,54.0,665,365+ days
AUR-P1-B2-00053,AUR,Phase 1,Building B,1,Apartment,2,235.0,0.0,0.0,Courtyard View,11592550.0,49330.0,2024-06-24,contracted,2025-05-14,2025-05-15,,CUS-000066,,AGT-009,3.6,11175218.2,6,24.8,2027-03-31,2027-03-31,54.0,324,181-365 days
AUR-P1-B2-00054,AUR,Phase 1,Building B,9,Duplex,5,232.8,0.0,23.2,Pool View,14831920.8,63711.0,2024-08-04,available,,,,,,,,,,,,,54.0,695,365+ days
AUR-P1-B2-00055,AUR,Phase 1,Building B,3,Duplex,4,175.0,0.0,24.0,Courtyard View,7420175.0,42401.0,2024-07-16,contracted,2026-01-01,2026-01-12,,CUS-000231,,AGT-007,2.3,7249510.98,6,19.2,2027-03-31,2027-03-31,54.0,534,365+ days
AUR-P1-B2-00056,AUR,Phase 1,Building B,6,Apartment,3,199.5,0.0,0.0,Street View,8818698.0,44204.0,2024-10-14,available,,,,,,,,,,,,,54.0,624,365+ days
AUR-P1-B2-00057,AUR,Phase 1,Building B,13,Apartment,2,100.7,0.0,0.0,Garden View,5671323.3,56319.0,2024-08-17,contracted,2024-12-03,2024-12-20,,CUS-000217,,AGT-010,3.8,5455813.01,6,16.7,2027-03-31,2027-03-31,54.0,108,91-180 days
AUR-P1-B2-00058,AUR,Phase 1,Building B,3,Apartment,2,123.4,0.0,18.0,Skyline View,7589963.8,61507.0,2024-10-08,contracted,2026-02-25,2026-03-26,,CUS-000235,,AGT-004,5.0,7210465.61,5,24.9,2027-03-31,2027-03-31,54.0,505,365+ days
AUR-P1-B2-00059,AUR,Phase 1,Building B,12,Apartment,3,162.5,0.0,0.0,Skyline View,9689875.0,59630.0,2024-07-15,reserved,2024-12-31,,,CUS-000107,,AGT-006,2.9,9408868.62,4,21.1,2027-03-31,2027-03-31,54.0,169,91-180 days
AUR-P1-B2-00060,AUR,Phase 1,Building B,8,Apartment,2,152.4,0.0,18.3,Street View,9394240.8,61642.0,2024-09-22,available,,,,,,,,,,,,,54.0,646,365+ days
AUR-P1-B2-00061,AUR,Phase 1,Building B,12,Apartment,2,150.2,0.0,0.0,Skyline View,8055226.0,53630.0,2024-08-15,contracted,2026-04-13,2026-05-12,,CUS-000110,,AGT-004,3.8,7749127.41,6,24.0,2027-03-31,2027-03-31,54.0,606,365+ days
AUR-P1-B2-00062,AUR,Phase 1,Building B,5,Apartment,4,219.7,0.0,22.6,Street View,13098294.3,59619.0,2024-03-15,contracted,2025-12-14,2026-01-12,,CUS-000040,BRK-08,AGT-006,5.9,12325494.94,3,16.3,2027-03-31,2027-03-31,54.0,639,365+ days
AUR-P1-B2-00063,AUR,Phase 1,Building B,2,Apartment,2,137.4,25.8,0.0,Street View,7030208.4,51166.0,2024-04-05,contracted,2025-02-03,2025-02-10,,CUS-000063,,AGT-002,2.2,6875543.82,4,15.1,2027-03-31,2027-03-31,54.0,304,181-365 days
AUR-P1-B2-00064,AUR,Phase 1,Building B,8,Apartment,2,232.4,0.0,13.9,Street View,15104605.6,64994.0,2024-04-02,cancelled,2025-04-20,2025-05-18,2025-06-29,CUS-000250,,AGT-008,5.1,14334270.71,4,24.0,2027-03-31,2027-03-31,54.0,383,365+ days
AUR-P1-B2-00065,AUR,Phase 1,Building B,1,Duplex,3,220.7,29.7,17.2,Courtyard View,14020850.3,63529.0,2024-05-19,available,,,,,,,,,,,,,54.0,772,365+ days
AUR-P1-B2-00066,AUR,Phase 1,Building B,11,Apartment,4,161.4,0.0,12.4,Skyline View,8107283.4,50231.0,2024-06-04,available,,,,,,,,,,,,,54.0,756,365+ days
AUR-P1-B2-00067,AUR,Phase 1,Building B,0,Duplex,4,201.3,0.0,9.4,Pool View,12028882.8,59756.0,2024-06-23,reserved,2025-11-24,,,CUS-000118,BRK-12,AGT-008,5.5,11367294.25,4,18.6,2027-03-31,2027-03-31,54.0,519,365+ days
AUR-P1-B2-00068,AUR,Phase 1,Building B,5,Apartment,3,187.4,28.6,21.9,Courtyard View,8860646.8,47282.0,2024-01-22,contracted,2026-05-02,2026-05-19,,CUS-000022,,AGT-009,4.1,8497360.28,6,17.4,2027-03-31,2027-03-31,54.0,831,365+ days
AUR-P1-B2-00069,AUR,Phase 1,Building B,4,Apartment,4,132.2,25.4,0.0,Garden View,7991357.8,60449.0,2024-08-31,available,,,,,,,,,,,,,54.0,668,365+ days
AUR-P1-B2-00070,AUR,Phase 1,Building B,4,Apartment,2,206.4,0.0,0.0,Skyline View,12191222.4,59066.0,2024-06-27,available,,,,,,,,,,,,,54.0,733,365+ days
AUR-P1-B3-00071,AUR,Phase 1,Building C,11,Duplex,4,144.9,26.3,11.1,Skyline View,7748527.5,53475.0,2024-03-09,contracted,2024-10-10,2024-10-15,,CUS-000252,,AGT-006,3.0,7516071.67,6,24.1,2027-03-31,2027-03-31,54.0,215,181-365 days
AUR-P1-B3-00072,AUR,Phase 1,Building C,2,Apartment,4,120.2,57.7,12.0,Street View,5564178.2,46291.0,2024-10-15,reserved,2025-06-14,,,CUS-000142,,AGT-006,2.6,5419509.57,3,17.1,2027-03-31,2027-03-31,54.0,242,181-365 days
AUR-P1-B3-00073,AUR,Phase 1,Building C,6,Apartment,2,118.6,47.5,21.6,Street View,6234090.4,52564.0,2024-09-05,available,,,,,,,,,,,,,54.0,663,365+ days
AUR-P1-B3-00074,AUR,Phase 1,Building C,2,Duplex,5,229.0,0.0,0.0,Skyline View,9912494.0,43286.0,2024-01-07,available,,,,,,,,,,,,,54.0,905,365+ days
AUR-P1-B3-00075,AUR,Phase 1,Building C,11,Apartment,3,126.0,0.0,0.0,Pool View,5666598.0,44973.0,2024-03-23,available,,,,,,,,,,,,,54.0,829,365+ days
AUR-P1-B3-00076,AUR,Phase 1,Building C,12,Apartment,4,227.7,0.0,0.0,Skyline View,13506253.2,59316.0,2024-08-26,contracted,2026-05-02,2026-05-10,,CUS-000212,BRK-11,AGT-006,3.5,13033534.34,3,23.5,2027-03-31,2027-03-31,54.0,614,365+ days
AUR-P1-B3-00077,AUR,Phase 1,Building C,14,Apartment,2,183.1,30.8,23.9,Street View,10993690.2,60042.0,2024-06-29,available,,,,,,,,,,,,,54.0,731,365+ days
AUR-P1-B3-00078,AUR,Phase 1,Building C,11,Duplex,5,143.8,7.9,14.7,Courtyard View,7712713.0,53635.0,2024-06-15,contracted,2024-10-23,2024-11-25,,CUS-000226,,AGT-006,2.9,7489044.32,4,25.0,2027-03-31,2027-03-31,54.0,130,91-180 days
AUR-P1-B3-00079,AUR,Phase 1,Building C,13,Apartment,3,193.7,0.0,8.1,Pool View,12098695.7,62461.0,2024-10-11,available,,,,,,,,,,,,,54.0,627,365+ days
AUR-P1-B3-00080,AUR,Phase 1,Building C,11,Apartment,2,194.5,16.1,0.0,Skyline View,9526999.0,48982.0,2024-08-03,cancelled,2025-06-11,2025-06-12,2025-07-05,CUS-000083,,AGT-002,4.3,9117338.04,5,22.3,2027-03-31,2027-03-31,54.0,312,181-365 days
AUR-P1-B3-00081,AUR,Phase 1,Building C,12,Apartment,2,112.1,0.0,20.1,Garden View,7175745.2,64012.0,2024-05-31,contracted,2025-06-15,2025-06-23,,CUS-000137,,AGT-008,5.4,6788254.96,6,21.1,2027-03-31,2027-03-31,54.0,380,365+ days
AUR-P1-B3-00082,AUR,Phase 1,Building C,11,Apartment,4,183.2,37.7,27.0,Skyline View,9089651.2,49616.0,2024-08-04,contracted,2026-01-07,2026-02-13,,CUS-000015,,AGT-008,5.0,8635168.64,4,18.5,2027-03-31,2027-03-31,54.0,521,365+ days
AUR-P1-B3-00083,AUR,Phase 1,Building C,11,Apartment,2,149.8,0.0,0.0,Garden View,7800835.0,52075.0,2024-02-04,available,,,,,,,,,,,,,54.0,877,365+ days
AUR-P1-B3-00084,AUR,Phase 1,Building C,0,Villa,5,329.1,313.9,31.1,Garden View,17837549.1,54201.0,2024-08-02,available,,,,,,,,,,,,,54.0,697,365+ days
AUR-P1-B3-00085,AUR,Phase 1,Building C,10,Apartment,4,136.8,4.6,14.0,Skyline View,6360789.6,46497.0,2024-01-18,contracted,2025-06-07,2025-06-09,,CUS-000076,,AGT-009,2.9,6176326.7,6,18.9,2027-03-31,2027-03-31,54.0,506,365+ days
AUR-P1-B3-00086,AUR,Phase 1,Building C,7,Apartment,3,202.1,0.0,20.6,Pool View,11150867.5,55175.0,2024-01-21,available,,,,,,,,,,,,,54.0,891,365+ days
AUR-P1-B3-00087,AUR,Phase 1,Building C,0,Villa,4,393.8,337.5,22.7,Courtyard View,22629717.0,57465.0,2024-05-14,reserved,2024-10-22,,,CUS-000016,,AGT-004,4.7,21566120.3,3,21.9,2027-03-31,2027-03-31,54.0,161,91-180 days
AUR-P1-B3-00088,AUR,Phase 1,Building C,0,Duplex,3,170.6,0.0,0.0,Pool View,7490022.4,43904.0,2024-04-24,available,,,,,,,,,,,,,54.0,797,365+ days
AUR-P1-B3-00089,AUR,Phase 1,Building C,7,Duplex,4,160.7,0.0,8.9,Garden View,8388057.9,52197.0,2024-01-02,contracted,2025-07-07,2025-08-03,,CUS-000240,,AGT-007,2.1,8211908.68,5,24.0,2027-03-31,2027-03-31,54.0,552,365+ days
AUR-P1-B3-00090,AUR,Phase 1,Building C,8,Apartment,2,233.3,0.0,0.0,Street View,11761586.2,50414.0,2024-07-03,contracted,2025-03-28,2025-04-26,,CUS-000209,,AGT-010,2.7,11444023.37,3,17.0,2027-03-31,2027-03-31,54.0,268,181-365 days
AUR-P1-B3-00091,AUR,Phase 1,Building C,8,Duplex,5,211.4,0.0,20.8,Garden View,11577109.6,54764.0,2024-02-23,contracted,2025-09-15,2025-10-14,,CUS-000089,,AGT-006,3.4,11183487.87,6,22.9,2027-03-31,2027-03-31,54.0,570,365+ days
AUR-P1-B3-00092,AUR,Phase 1,Building C,12,Apartment,4,114.6,0.0,0.0,Pool View,6013978.8,52478.0,2024-05-03,available,,,,,,,,,,,,,54.0,788,365+ days
AUR-P1-B3-00093,AUR,Phase 1,Building C,8,Apartment,4,194.6,0.0,26.0,Garden View,12847492.0,66020.0,2024-07-01,available,,,,,,,,,,,,,54.0,729,365+ days
AUR-P1-B3-00094,AUR,Phase 1,Building C,2,Apartment,4,218.1,0.0,15.3,Street View,10251790.5,47005.0,2024-05-27,available,,,,,,,,,,,,,54.0,764,365+ days
AUR-P1-B3-00095,AUR,Phase 1,Building C,0,Villa,6,321.1,235.8,41.0,Street View,19710081.3,61383.0,2024-01-20,contracted,2025-12-28,2026-01-11,,CUS-000242,,AGT-010,5.3,18665446.99,3,19.7,2027-03-31,2027-03-31,54.0,708,365+ days
AUR-P1-B3-00096,AUR,Phase 1,Building C,6,Apartment,3,146.3,0.0,0.0,Pool View,6587157.5,45025.0,2024-08-31,reserved,2025-08-08,,,CUS-000151,,AGT-005,4.3,6303909.73,4,24.6,2027-03-31,2027-03-31,54.0,342,181-365 days
AUR-P1-B3-00097,AUR,Phase 1,Building C,3,Duplex,3,96.8,0.0,18.0,Street View,5731140.8,59206.0,2024-06-01,available,,,,,,,,,,,,,54.0,759,365+ days
AUR-P1-B3-00098,AUR,Phase 1,Building C,6,Apartment,2,136.3,13.0,18.2,Skyline View,6987964.7,51269.0,2024-06-25,contracted,2026-05-07,2026-06-02,,CUS-000020,,AGT-007,2.8,6792301.69,4,24.0,2027-03-31,2027-03-31,54.0,681,365+ days
AUR-P1-B3-00099,AUR,Phase 1,Building C,12,Apartment,2,143.0,0.0,16.9,Pool View,8812947.0,61629.0,2024-05-01,contracted,2025-06-21,2025-07-11,,CUS-000091,,AGT-006,3.9,8469242.07,6,16.9,2027-03-31,2027-03-31,54.0,416,365+ days
AUR-P1-B3-00100,AUR,Phase 1,Building C,0,Villa,6,354.5,315.5,30.1,Street View,16175126.0,45628.0,2024-10-20,cancelled,2026-01-11,2026-02-01,2026-03-25,CUS-000048,BRK-04,AGT-001,4.3,15479595.58,3,24.0,2027-03-31,2027-03-31,54.0,448,365+ days
AUR-P1-B3-00101,AUR,Phase 1,Building C,14,Apartment,4,116.2,0.0,10.9,Skyline View,7818981.8,67289.0,2024-02-27,available,,,,,,,,,,,,,54.0,854,365+ days
AUR-P1-B3-00102,AUR,Phase 1,Building C,13,Apartment,2,109.9,19.9,0.0,Courtyard View,4710204.1,42859.0,2024-04-26,available,,,,,,,,,,,,,54.0,795,365+ days
AUR-P1-B3-00103,AUR,Phase 1,Building C,1,Apartment,4,177.4,0.0,24.2,Courtyard View,10580845.6,59644.0,2024-07-05,available,,,,,,,,,,,,,54.0,725,365+ days
AUR-P1-B3-00104,AUR,Phase 1,Building C,12,Apartment,4,154.6,0.0,0.0,Pool View,10480643.2,67792.0,2024-05-26,contracted,2026-05-19,2026-06-05,,CUS-000199,,AGT-003,3.3,10134781.97,4,22.1,2027-03-31,2027-03-31,54.0,723,365+ days
AUR-P1-B3-00105,AUR,Phase 1,Building C,14,Apartment,2,232.1,0.0,0.0,Pool View,12197551.3,52553.0,2024-08-13,cancelled,2025-07-17,2025-08-14,2025-10-13,CUS-000050,,AGT-001,2.6,11880414.97,4,22.4,2027-03-31,2027-03-31,54.0,338,181-365 days
AUR-P1-B4-00106,AUR,Phase 1,Building D,7,Duplex,3,160.0,0.0,11.1,Skyline View,6973920.0,43587.0,2024-09-07,contracted,2025-05-20,2025-06-17,,CUS-000207,,AGT-007,2.8,6778650.24,4,20.9,2027-03-31,2027-03-31,54.0,255,181-365 days
AUR-P1-B4-00107,AUR,Phase 1,Building D,10,Apartment,3,211.3,14.0,14.7,Pool View,13053691.4,61778.0,2024-07-26,reserved,2026-04-19,,,CUS-000094,,AGT-002,3.6,12583758.51,6,22.9,2027-03-31,2027-03-31,54.0,632,365+ days
AUR-P1-B4-00108,AUR,Phase 1,Building D,9,Apartment,2,122.1,41.8,0.0,Skyline View,6068980.5,49705.0,2024-05-26,available,,,,,,,,,,,,,54.0,765,365+ days
AUR-P1-B4-00109,AUR,Phase 1,Building D,6,Apartment,4,178.8,20.9,0.0,Garden View,10251855.6,57337.0,2024-08-18,contracted,2026-01-31,2026-02-23,,CUS-000202,,AGT-007,5.4,9698255.4,3,22.7,2027-03-31,2027-03-31,54.0,531,365+ days
AUR-P1-B4-00110,AUR,Phase 1,Building D,1,Duplex,3,235.6,15.2,29.8,Skyline View,11650655.6,49451.0,2024-05-15,reserved,2025-04-16,,,CUS-000037,,AGT-002,2.1,11405991.83,4,23.1,2027-03-31,2027-03-31,54.0,336,181-365 days
AUR-P1-B4-00111,AUR,Phase 1,Building D,0,Villa,5,290.2,246.8,44.1,Pool View,17488032.4,60262.0,2024-10-13,contracted,2025-10-02,2025-10-04,,CUS-000055,,AGT-003,3.2,16928415.36,6,24.5,2027-03-31,2027-03-31,54.0,354,181-365 days
AUR-P1-B4-00112,AUR,Phase 1,Building D,8,Apartment,3,95.6,33.0,12.5,Street View,4843574.0,50665.0,2024-01-20,available,,,,,,,,,,,,,54.0,892,365+ days
AUR-P1-B4-00113,AUR,Phase 1,Building D,0,Villa,4,384.5,145.6,48.3,Pool View,16243587.0,42246.0,2024-06-27,available,,,,,,,,,,,,,54.0,733,365+ days
AUR-P1-B4-00114,AUR,Phase 1,Building D,0,Villa,5,432.6,109.8,32.7,Courtyard View,18483267.6,42726.0,2024-09-27,contracted,2026-03-15,2026-04-06,,CUS-000239,,AGT-001,5.8,17411238.08,4,15.8,2027-03-31,2027-03-31,54.0,534,365+ days
AUR-P1-B4-00115,AUR,Phase 1,Building D,6,Apartment,2,113.3,0.0,11.4,Street View,7418090.9,65473.0,2024-04-09,available,,,,,,,,,,,,,54.0,812,365+ days
AUR-P1-B4-00116,AUR,Phase 1,Building D,14,Apartment,2,210.4,0.0,21.6,Pool View,9385944.0,44610.0,2024-03-18,contracted,2024-09-30,2024-10-10,,CUS-000099,,AGT-006,3.7,9038664.07,4,17.8,2027-03-31,2027-03-31,54.0,196,181-365 days
AUR-P1-B4-00117,AUR,Phase 1,Building D,0,Villa,5,476.1,285.0,40.8,Courtyard View,20183307.3,42393.0,2024-02-05,available,,,,,,,,,,,,,54.0,876,365+ days
AUR-P1-B4-00118,AUR,Phase 1,Building D,1,Apartment,2,195.5,0.0,0.0,Garden View,10510666.5,53763.0,2024-07-13,contracted,2025-11-22,2025-12-07,,CUS-000229,BRK-12,AGT-001,5.9,9890537.18,4,22.7,2027-03-31,2027-03-31,54.0,497,365+ days
AUR-P1-B4-00119,AUR,Phase 1,Building D,12,Apartment,2,236.8,52.0,14.8,Garden View,13055731.2,55134.0,2024-04-17,reserved,2025-11-18,,,CUS-000038,,AGT-002,3.4,12611836.34,6,20.2,2027-03-31,2027-03-31,54.0,580,365+ days
AUR-P1-B4-00120,AUR,Phase 1,Building D,2,Apartment,4,198.3,0.0,0.0,Pool View,12951567.9,65313.0,2024-10-26,contracted,2025-01-05,2025-01-23,,CUS-000092,,AGT-009,3.4,12511214.59,4,21.4,2027-03-31,2027-03-31,54.0,71,31-90 days
AUR-P1-B4-00121,AUR,Phase 1,Building D,14,Apartment,4,168.1,2.8,0.0,Garden View,9591449.8,57058.0,2024-08-07,contracted,2026-06-27,2026-06-30,,CUS-000031,,AGT-003,5.9,9025554.26,5,23.5,2027-03-31,2027-03-31,54.0,689,365+ days
AUR-P1-B4-00122,AUR,Phase 1,Building D,7,Apartment,2,158.1,0.0,0.0,Garden View,7153866.9,45249.0,2024-07-14,contracted,2025-12-09,2026-01-12,,CUS-000225,,AGT-008,5.0,6796173.56,6,15.7,2027-03-31,2027-03-31,54.0,513,365+ days
AUR-P1-B4-00123,AUR,Phase 1,Building D,12,Apartment,4,185.4,0.0,12.6,Garden View,11728774.8,63262.0,2024-05-04,contracted,2025-09-22,2025-10-19,,CUS-000122,,AGT-003,3.8,11283081.36,5,20.2,2027-03-31,2027-03-31,54.0,506,365+ days
AUR-P1-B4-00124,AUR,Phase 1,Building D,2,Duplex,5,163.3,0.0,9.3,Skyline View,8679068.4,53148.0,2024-02-20,contracted,2026-05-22,2026-06-09,,CUS-000017,,AGT-003,4.8,8262473.12,6,22.9,2027-03-31,2027-03-31,54.0,822,365+ days
AUR-P1-B4-00125,AUR,Phase 1,Building D,3,Apartment,3,97.7,0.0,19.1,Skyline View,4854908.4,49692.0,2024-09-15,available,,,,,,,,,,,,,54.0,653,365+ days
AUR-P1-B4-00126,AUR,Phase 1,Building D,13,Apartment,3,234.2,0.0,26.9,Courtyard View,11601331.2,49536.0,2024-06-23,available,,,,,,,,,,,,,54.0,737,365+ days
AUR-P1-B4-00127,AUR,Phase 1,Building D,10,Apartment,4,143.4,0.0,0.0,Courtyard View,6225280.8,43412.0,2024-03-21,cancelled,2025-09-22,2025-10-21,2025-12-12,CUS-000176,,AGT-002,3.3,6019846.53,5,19.6,2027-03-31,2027-03-31,54.0,550,365+ days
AUR-P1-B4-00128,AUR,Phase 1,Building D,5,Apartment,3,145.8,15.5,0.0,Skyline View,6493494.6,44537.0,2024-06-23,available,,,,,,,,,,,,,54.0,737,365+ days
AUR-P1-B4-00129,AUR,Phase 1,Building D,0,Villa,5,493.4,338.1,27.1,Street View,33168321.6,67224.0,2024-10-23,contracted,2025-04-11,2025-04-28,,CUS-000105,,AGT-002,4.4,31708915.45,6,16.6,2027-03-31,2027-03-31,54.0,170,91-180 days
AUR-P1-B4-00130,AUR,Phase 1,Building D,14,Duplex,3,222.3,0.0,12.4,Street View,12338983.8,55506.0,2024-03-27,contracted,2026-04-29,2026-05-21,,CUS-000144,,AGT-007,2.1,12079865.14,6,16.7,2027-03-31,2027-03-31,54.0,763,365+ days
AUR-P1-B4-00131,AUR,Phase 1,Building D,11,Apartment,2,211.2,0.0,8.3,Courtyard View,10317964.8,48854.0,2024-02-08,available,,,,,,,,,,,,,54.0,873,365+ days
AUR-P1-B4-00132,AUR,Phase 1,Building D,11,Apartment,2,156.2,0.0,22.6,Courtyard View,7736117.4,49527.0,2024-04-29,cancelled,2024-12-17,2024-12-22,2025-01-29,CUS-000113,BRK-13,AGT-003,2.2,7565922.82,4,24.7,2027-03-31,2027-03-31,54.0,232,181-365 days
AUR-P1-B4-00133,AUR,Phase 1,Building D,0,Villa,5,339.1,310.0,32.4,Pool View,22127970.5,65255.0,2024-05-19,contracted,2025-05-17,2025-06-09,,CUS-000228,,AGT-004,5.4,20933060.09,6,22.3,2027-03-31,2027-03-31,54.0,363,181-365 days
AUR-P1-B4-00134,AUR,Phase 1,Building D,13,Apartment,2,192.6,8.2,0.0,Pool View,8234998.2,42757.0,2024-07-30,contracted,2026-05-17,2026-05-30,,CUS-000003,,AGT-001,4.6,7856188.28,5,22.6,2027-03-31,2027-03-31,54.0,656,365+ days
AUR-P1-B4-00135,AUR,Phase 1,Building D,0,Villa,5,318.7,148.3,23.5,Street View,17296167.7,54271.0,2024-01-03,available,,,,,,,,,,,,,54.0,909,365+ days
AUR-P1-B4-00136,AUR,Phase 1,Building D,6,Apartment,3,110.8,0.0,0.0,Garden View,6272942.0,56615.0,2024-02-09,available,,,,,,,,,,,,,54.0,872,365+ days
AUR-P1-B4-00137,AUR,Phase 1,Building D,10,Apartment,3,157.1,0.0,19.2,Pool View,7064472.8,44968.0,2024-06-18,contracted,2026-06-30,2026-06-30,,CUS-000030,,AGT-004,5.7,6661797.85,5,23.0,2027-03-31,2027-03-31,54.0,742,365+ days
AUR-P1-B4-00138,AUR,Phase 1,Building D,12,Duplex,5,132.3,0.0,0.0,Courtyard View,7014281.4,53018.0,2024-05-04,available,,,,,,,,,,,,,54.0,787,365+ days
AUR-P1-B4-00139,AUR,Phase 1,Building D,2,Apartment,4,187.7,0.0,27.2,Courtyard View,10170524.5,54185.0,2024-05-19,available,,,,,,,,,,,,,54.0,772,365+ days
AUR-P1-B4-00140,AUR,Phase 1,Building D,0,Villa,4,355.9,302.5,36.4,Courtyard View,23603643.9,66321.0,2024-10-02,contracted,2025-09-28,2025-10-21,,CUS-000156,,AGT-008,3.0,22895534.58,6,24.5,2027-03-31,2027-03-31,54.0,361,181-365 days
AUR-P2-B1-00141,AUR,Phase 2,Building A,14,Apartment,2,182.7,29.8,20.1,Pool View,8554379.4,46822.0,2025-04-08,available,,,,,,,,,,,,,54.0,448,365+ days
AUR-P2-B1-00142,AUR,Phase 2,Building A,9,Apartment,4,214.2,0.0,20.5,Pool View,9029172.6,42153.0,2025-07-03,contracted,2024-11-20,2024-11-29,,CUS-000155,,AGT-004,4.7,8604801.49,5,23.0,2027-03-31,2027-03-31,54.0,0,0-30 days
AUR-P2-B1-00143,AUR,Phase 2,Building A,0,Villa,5,488.8,288.8,31.8,Courtyard View,30419001.6,62232.0,2024-12-04,available,,,,,,,,,,,,,54.0,573,365+ days
AUR-P2-B1-00144,AUR,Phase 2,Building A,0,Villa,4,299.9,118.1,50.0,Garden View,16098332.1,53679.0,2024-12-31,available,,,,,,,,,,,,,54.0,546,365+ days
AUR-P2-B1-00145,AUR,Phase 2,Building A,4,Apartment,2,174.7,0.0,0.0,Street View,7605389.8,43534.0,2025-08-15,contracted,2025-12-03,2025-12-27,,CUS-000159,,AGT-009,3.3,7354411.94,3,19.7,2027-03-31,2027-03-31,54.0,110,91-180 days
AUR-P2-B1-00146,AUR,Phase 2,Building A,0,Villa,4,464.7,111.1,54.9,Street View,26549705.1,57133.0,2025-03-17,contracted,2025-05-28,2025-06-23,,CUS-000018,BRK-03,AGT-009,2.9,25779763.65,5,15.2,2027-03-31,2027-03-31,54.0,72,31-90 days
AUR-P2-B1-00147,AUR,Phase 2,Building A,9,Duplex,5,221.0,42.9,13.8,Street View,11148124.0,50444.0,2025-04-26,contracted,2024-08-11,2024-08-28,,CUS-000078,,AGT-007,5.0,10590717.8,6,24.3,2027-03-31,2027-03-31,54.0,0,0-30 days
AUR-P2-B1-00148,AUR,Phase 2,Building A,0,Villa,5,283.1,141.9,34.5,Street View,17911170.8,63268.0,2025-01-24,available,,,,,,,,,,,,,54.0,522,365+ days
AUR-P2-B1-00149,AUR,Phase 2,Building A,11,Apartment,4,190.0,5.2,27.4,Garden View,10934880.0,57552.0,2025-04-12,contracted,2025-01-02,2025-01-21,,CUS-000220,,AGT-008,3.9,10508419.68,3,15.6,2027-03-31,2027-03-31,54.0,0,0-30 days
AUR-P2-B1-00150,AUR,Phase 2,Building A,5,Apartment,3,179.5,0.0,0.0,Street View,9116805.0,50790.0,2025-03-12,cancelled,2026-04-09,,2026-05-25,CUS-000153,,AGT-006,3.2,8825067.24,4,22.4,2027-03-31,2027-03-31,54.0,393,365+ days
AUR-P2-B1-00151,AUR,Phase 2,Building A,13,Apartment,4,197.4,0.0,0.0,Courtyard View,10781593.2,54618.0,2024-11-07,available,,,,,,,,,,,,,54.0,600,365+ days
AUR-P2-B1-00152,AUR,Phase 2,Building A,1,Apartment,2,215.4,50.8,0.0,Garden View,11897188.2,55233.0,2025-07-09,contracted,2025-08-19,2025-09-06,,CUS-000134,BRK-10,AGT-007,2.2,11635450.06,6,16.7,2027-03-31,2027-03-31,54.0,41,31-90 days
AUR-P2-B1-00153,AUR,Phase 2,Building A,0,Duplex,3,234.9,0.0,10.8,Street View,15275077.2,65028.0,2025-05-22,available,,,,,,,,,,,,,54.0,404,365+ days
AUR-P2-B1-00154,AUR,Phase 2,Building A,7,Apartment,3,130.8,0.0,0.0,Courtyard View,8606509.2,65799.0,2025-04-14,contracted,2026-05-09,2026-06-02,,CUS-000196,,AGT-006,5.0,8176183.74,5,17.1,2027-03-31,2027-03-31,54.0,390,365+ days
AUR-P2-B1-00155,AUR,Phase 2,Building A,7,Apartment,3,166.3,0.0,19.2,Pool View,10938049.9,65773.0,2024-12-19,reserved,2025-05-10,,,CUS-000036,,AGT-006,4.8,10413023.5,3,20.9,2027-03-31,2027-03-31,54.0,142,91-180 days
AUR-P2-B1-00156,AUR,Phase 2,Building A,8,Apartment,4,141.4,0.0,12.5,Skyline View,6247193.4,44181.0,2024-12-13,reserved,2025-10-24,,,CUS-000200,,AGT-005,2.2,6109755.15,3,23.9,2027-03-31,2027-03-31,54.0,315,181-365 days
AUR-P2-B1-00157,AUR,Phase 2,Building A,13,Apartment,4,224.6,0.0,8.0,Courtyard View,11696718.8,52078.0,2025-07-26,reserved,2026-03-31,,,CUS-000238,,AGT-008,3.2,11322423.8,6,15.1,2027-03-31,2027-03-31,54.0,248,181-365 days
AUR-P2-B1-00158,AUR,Phase 2,Building A,0,Duplex,4,196.9,0.0,0.0,Courtyard View,11935290.4,60616.0,2025-05-05,reserved,2025-08-06,,,CUS-000005,,AGT-001,4.4,11410137.62,6,16.2,2027-03-31,2027-03-31,54.0,93,91-180 days
AUR-P2-B1-00159,AUR,Phase 2,Building A,5,Duplex,5,109.4,0.0,16.5,Street View,7427056.6,67889.0,2024-12-29,contracted,2026-02-26,2026-04-02,,CUS-000065,,AGT-008,3.0,7204244.9,3,15.2,2027-03-31,2027-03-31,54.0,424,365+ days
AUR-P2-B1-00160,AUR,Phase 2,Building A,14,Apartment,4,136.2,0.0,0.0,Pool View,7009124.4,51462.0,2025-07-06,available,,,,,,,,,,,,,54.0,359,181-365 days
AUR-P2-B1-00161,AUR,Phase 2,Building A,13,Apartment,2,121.9,53.4,22.8,Garden View,7443457.8,61062.0,2024-11-11,contracted,2025-10-04,2025-10-13,,CUS-000224,,AGT-003,3.4,7190380.23,4,18.6,2027-03-31,2027-03-31,54.0,327,181-365 days
AUR-P2-B1-00162,AUR,Phase 2,Building A,7,Apartment,3,102.3,0.0,0.0,Skyline View,6045213.9,59093.0,2025-07-08,contracted,2025-11-09,2025-11-24,,CUS-000178,,AGT-006,3.9,5809450.56,4,21.0,2027-03-31,2027-03-31,54.0,124,91-180 days
AUR-P2-B1-00163,AUR,Phase 2,Building A,3,Apartment,3,225.1,32.0,28.7,Street View,10458371.1,46461.0,2025-04-06,contracted,2026-03-14,2026-04-12,,CUS-000039,,AGT-001,4.2,10019119.51,4,19.1,2027-03-31,2027-03-31,54.0,342,181-365 days
AUR-P2-B1-00164,AUR,Phase 2,Building A,10,Apartment,4,230.9,0.0,9.7,Courtyard View,13944743.7,60393.0,2025-06-15,available,,,,,,,,,,,,,54.0,380,365+ days
AUR-P2-B1-00165,AUR,Phase 2,Building A,11,Apartment,3,120.5,0.0,21.5,Skyline View,8161224.0,67728.0,2025-03-26,available,,,,,,,,,,,,,54.0,461,365+ days
AUR-P2-B1-00166,AUR,Phase 2,Building A,10,Apartment,3,162.7,0.0,18.9,Pool View,8022899.7,49311.0,2025-01-31,available,,,,,,,,,,,,,54.0,515,365+ days
AUR-P2-B1-00167,AUR,Phase 2,Building A,6,Apartment,3,137.5,0.0,0.0,Skyline View,7004387.5,50941.0,2025-07-25,reserved,2024-10-04,,,CUS-000090,,AGT-005,4.3,6703198.84,3,24.3,2027-03-31,2027-03-31,54.0,0,0-30 days
AUR-P2-B1-00168,AUR,Phase 2,Building A,0,Villa,6,413.1,221.9,46.0,Skyline View,27658697.4,66954.0,2025-02-15,available,,,,,,,,,,,,,54.0,500,365+ days
AUR-P2-B1-00169,AUR,Phase 2,Building A,0,Villa,4,439.8,334.7,45.4,Pool View,28423394.4,64628.0,2025-05-24,reserved,2025-05-24,,,CUS-000108,,AGT-009,2.3,27769656.33,6,22.6,2027-03-31,2027-03-31,54.0,0,0-30 days
AUR-P2-B1-00170,AUR,Phase 2,Building A,3,Duplex,3,168.8,0.0,9.3,Courtyard View,10560972.0,62565.0,2024-11-25,contracted,2026-05-11,2026-06-02,,CUS-000198,BRK-12,AGT-004,3.2,10223020.9,3,22.4,2027-03-31,2027-03-31,54.0,532,365+ days
AUR-P2-B1-00171,AUR,Phase 2,Building A,4,Duplex,3,190.4,39.8,21.6,Pool View,10209628.8,53622.0,2025-03-23,available,,,,,,,,,,,,,54.0,464,365+ days
AUR-P2-B1-00172,AUR,Phase 2,Building A,6,Duplex,3,203.1,0.0,19.9,Courtyard View,11818795.2,58192.0,2025-01-05,contracted,2025-12-30,2025-12-31,,CUS-000158,,AGT-010,2.2,11558781.71,4,18.4,2027-03-31,2027-03-31,54.0,359,181-365 days
AUR-P2-B1-00173,AUR,Phase 2,Building A,0,Villa,4,465.2,163.6,47.9,Pool View,24128528.4,51867.0,2024-11-15,contracted,2025-01-10,2025-01-11,,CUS-000243,,AGT-001,2.9,23428801.08,3,22.5,2027-03-31,2027-03-31,54.0,56,31-90 days
AUR-P2-B1-00174,AUR,Phase 2,Building A,14,Apartment,2,171.9,0.0,0.0,Garden View,10251256.5,59635.0,2025-02-22,contracted,2024-11-05,2024-12-02,,CUS-000182,,AGT-009,3.2,9923216.29,5,20.8,2027-03-31,2027-03-31,54.0,0,0-30 days
AUR-P2-B1-00175,AUR,Phase 2,Building A,12,Apartment,4,183.1,0.0,8.4,Garden View,10064640.8,54968.0,2025-01-03,contracted,2025-02-14,2025-02-26,,CUS-000114,,AGT-008,2.3,9833154.06,6,15.8,2027-03-31,2027-03-31,54.0,42,31-90 days
AUR-P2-B2-00176,AUR,Phase 2,Building B,9,Apartment,3,190.3,0.0,10.3,Pool View,11061568.1,58127.0,2024-12-06,contracted,2025-04-01,2025-04-17,,CUS-000136,,AGT-001,2.8,10751844.19,6,24.7,2027-03-31,2027-03-31,54.0,116,91-180 days
AUR-P2-B2-00177,AUR,Phase 2,Building B,5,Apartment,4,147.5,0.0,15.0,Pool View,7250657.5,49157.0,2025-06-02,contracted,2026-02-28,2026-03-17,,CUS-000167,,AGT-002,4.3,6938879.23,4,23.7,2027-03-31,2027-03-31,54.0,271,181-365 days
AUR-P2-B2-00178,AUR,Phase 2,Building B,5,Apartment,4,209.7,34.8,14.3,Courtyard View,13287430.8,63364.0,2025-06-12,available,,,,,,,,,,,,,54.0,383,365+ days
AUR-P2-B2-00179,AUR,Phase 2,Building B,10,Apartment,2,213.8,0.0,0.0,Skyline View,13825163.2,64664.0,2025-08-24,contracted,2025-02-22,2025-03-21,,CUS-000170,,AGT-009,4.4,13216856.02,5,23.7,2027-03-31,2027-03-31,54.0,0,0-30 days
AUR-P2-B2-00180,AUR,Phase 2,Building B,14,Apartment,4,127.1,0.0,0.0,Pool View,8399530.6,66086.0,2025-01-28,available,,,,,,,,,,,,,54.0,518,365+ days
AUR-P2-B2-00181,AUR,Phase 2,Building B,3,Apartment,3,196.0,0.0,0.0,Street View,9422700.0,48075.0,2025-05-17,reserved,2025-03-30,,,CUS-000213,,AGT-010,5.3,8923296.9,3,23.2,2027-03-31,2027-03-31,54.0,0,0-30 days
AUR-P2-B2-00182,AUR,Phase 2,Building B,8,Apartment,4,122.3,0.0,0.0,Garden View,5738193.7,46919.0,2024-11-25,contracted,2024-11-05,2024-11-24,,CUS-000127,,AGT-008,2.9,5571786.08,6,20.5,2027-03-31,2027-03-31,54.0,0,0-30 days
AUR-P2-B2-00183,AUR,Phase 2,Building B,1,Apartment,3,211.1,0.0,0.0,Street View,13475357.4,63834.0,2025-05-13,contracted,2025-12-09,2025-12-26,,CUS-000002,,AGT-001,3.9,12949818.46,5,19.5,2027-03-31,2027-03-31,54.0,210,181-365 days
AUR-P2-B2-00184,AUR,Phase 2,Building B,7,Duplex,3,200.6,0.0,0.0,Skyline View,12754348.6,63581.0,2025-01-27,cancelled,2026-03-03,2026-03-08,2026-04-28,CUS-000148,BRK-04,AGT-006,5.7,12027350.73,4,17.7,2027-03-31,2027-03-31,54.0,400,365+ days
AUR-P2-B2-00185,AUR,Phase 2,Building B,6,Apartment,4,144.0,9.3,16.1,Street View,7626096.0,52959.0,2025-07-14,contracted,2024-08-06,2024-08-31,,CUS-000249,,AGT-002,4.8,7260043.39,5,17.7,2027-03-31,2027-03-31,54.0,0,0-30 days
AUR-P2-B2-00186,AUR,Phase 2,Building B,11,Duplex,5,237.7,30.5,16.6,Skyline View,15856729.3,66709.0,2024-11-24,contracted,2026-05-16,2026-06-14,,CUS-000027,BRK-01,AGT-006,2.3,15492024.53,5,21.0,2027-03-31,2027-03-31,54.0,538,365+ days
AUR-P2-B2-00187,AUR,Phase 2,Building B,11,Duplex,5,168.8,0.0,15.8,Street View,9309151.2,55149.0,2024-12-27,contracted,2025-10-16,2025-10-17,,CUS-000084,,AGT-010,4.5,8890239.4,5,21.4,2027-03-31,2027-03-31,54.0,293,181-365 days
AUR-P2-B2-00188,AUR,Phase 2,Building B,0,Apartment,2,238.3,13.7,0.0,Courtyard View,10867194.9,45603.0,2025-08-18,available,,,,,,,,,,,,,54.0,316,181-365 days
AUR-P2-B2-00189,AUR,Phase 2,Building B,2,Apartment,4,157.0,6.4,15.7,Street View,8256002.0,52586.0,2025-08-05,reserved,2026-06-30,,,CUS-000014,,AGT-005,4.1,7917505.92,5,19.5,2027-03-31,2027-03-31,54.0,329,181-365 days
AUR-P2-B2-00190,AUR,Phase 2,Building B,0,Villa,5,453.0,126.8,42.1,Garden View,20903232.0,46144.0,2025-05-22,available,,,,,,,,,,,,,54.0,404,365+ days
AUR-P2-B2-00191,AUR,Phase 2,Building B,0,Villa,6,325.5,112.6,46.1,Street View,17573745.0,53990.0,2025-02-08,cancelled,2024-12-21,,2025-02-07,CUS-000115,,AGT-006,3.5,16958663.93,6,24.1,2027-03-31,2027-03-31,54.0,0,0-30 days
AUR-P2-B2-00192,AUR,Phase 2,Building B,3,Duplex,3,132.2,0.0,19.8,Garden View,7123861.4,53887.0,2025-05-22,contracted,2026-05-31,2026-06-20,,CUS-000035,BRK-14,AGT-006,2.4,6952888.73,3,24.7,2027-03-31,2027-03-31,54.0,374,365+ days
AUR-P2-B2-00193,AUR,Phase 2,Building B,9,Duplex,5,105.0,0.0,10.3,Street View,4942875.0,47075.0,2025-01-12,available,,,,,,,,,,,,,54.0,534,365+ days
AUR-P2-B2-00194,AUR,Phase 2,Building B,1,Duplex,5,218.7,0.0,16.6,Garden View,11691264.6,53458.0,2025-01-26,available,,,,,,,,,,,,,54.0,520,365+ days
AUR-P2-B2-00195,AUR,Phase 2,Building B,4,Duplex,4,106.0,28.7,0.0,Courtyard View,6232164.0,58794.0,2025-06-06,available,,,,,,,,,,,,,54.0,389,365+ days
AUR-P2-B2-00196,AUR,Phase 2,Building B,13,Apartment,2,139.8,45.3,0.0,Garden View,8354587.8,59761.0,2024-11-08,available,,,,,,,,,,,,,54.0,599,365+ days
AUR-P2-B2-00197,AUR,Phase 2,Building B,5,Duplex,3,229.0,0.0,15.8,Pool View,13389401.0,58469.0,2025-07-18,available,,,,,,,,,,,,,54.0,347,181-365 days
AUR-P2-B2-00198,AUR,Phase 2,Building B,14,Apartment,3,95.4,51.1,0.0,Street View,6464017.8,67757.0,2024-11-19,contracted,2025-12-04,2025-12-24,,CUS-000060,,AGT-009,5.7,6095568.79,6,15.8,2027-03-31,2027-03-31,54.0,380,365+ days
AUR-P2-B2-00199,AUR,Phase 2,Building B,7,Duplex,4,190.9,24.1,0.0,Garden View,11431473.8,59882.0,2025-03-15,available,,,,,,,,,,,,,54.0,472,365+ days
AUR-P2-B2-00200,AUR,Phase 2,Building B,0,Villa,4,392.0,309.5,41.4,Pool View,17286416.0,44098.0,2025-08-19,contracted,2024-11-05,2024-11-16,,CUS-000194,,AGT-003,2.8,16802396.35,4,17.7,2027-03-31,2027-03-31,54.0,0,0-30 days
AUR-P2-B2-00201,AUR,Phase 2,Building B,2,Apartment,4,124.0,0.0,16.0,Garden View,7841636.0,63239.0,2025-02-17,available,,,,,,,,,,,,,54.0,498,365+ days
AUR-P2-B2-00202,AUR,Phase 2,Building B,12,Apartment,3,172.4,0.0,19.9,Courtyard View,8233996.4,47761.0,2025-08-08,available,,,,,,,,,,,,,54.0,326,181-365 days
AUR-P2-B2-00203,AUR,Phase 2,Building B,4,Duplex,4,98.6,0.0,22.5,Skyline View,6341163.2,64312.0,2025-08-26,available,,,,,,,,,,,,,54.0,308,181-365 days
AUR-P2-B2-00204,AUR,Phase 2,Building B,7,Duplex,5,217.1,0.0,18.6,Skyline View,11011312.0,50720.0,2025-05-10,contracted,2026-06-25,2026-06-30,,CUS-000001,,AGT-001,3.2,10658950.02,5,19.6,2027-03-31,2027-03-31,54.0,411,365+ days
AUR-P2-B2-00205,AUR,Phase 2,Building B,2,Duplex,3,118.8,0.0,29.0,Courtyard View,7898299.2,66484.0,2025-01-10,contracted,2026-01-06,2026-01-08,,CUS-000087,,AGT-002,3.9,7590265.53,5,20.3,2027-03-31,2027-03-31,54.0,361,181-365 days
AUR-P2-B2-00206,AUR,Phase 2,Building B,10,Duplex,3,134.2,0.0,26.3,Garden View,6599687.6,49178.0,2025-01-05,available,,,,,,,,,,,,,54.0,541,365+ days
AUR-P2-B2-00207,AUR,Phase 2,Building B,4,Apartment,3,200.0,13.8,0.0,Skyline View,12845400.0,64227.0,2024-11-18,available,,,,,,,,,,,,,54.0,589,365+ days
AUR-P2-B2-00208,AUR,Phase 2,Building B,3,Apartment,3,221.9,0.0,11.5,Pool View,10565102.8,47612.0,2025-05-15,contracted,2026-05-30,2026-06-11,,CUS-000218,,AGT-005,3.3,10216454.41,6,19.9,2027-03-31,2027-03-31,54.0,380,365+ days
AUR-P2-B2-00209,AUR,Phase 2,Building B,0,Apartment,3,153.9,0.0,16.5,Pool View,7793803.8,50642.0,2025-06-08,contracted,2026-05-08,2026-05-20,,CUS-000007,,AGT-005,6.0,7326175.57,5,18.7,2027-03-31,2027-03-31,54.0,334,181-365 days
AUR-P2-B2-00210,AUR,Phase 2,Building B,7,Apartment,4,123.7,0.0,18.1,Skyline View,7489663.9,60547.0,2025-02-22,contracted,2024-10-09,2024-11-08,,CUS-000073,,AGT-010,3.2,7249994.66,4,16.5,2027-03-31,2027-03-31,54.0,0,0-30 days
AUR-P2-B3-00211,AUR,Phase 2,Building C,12,Duplex,5,192.0,0.0,23.4,Pool View,9334272.0,48616.0,2025-04-18,contracted,2024-12-14,2024-12-21,,CUS-000154,,AGT-007,2.9,9063578.11,4,23.9,2027-03-31,2027-03-31,54.0,0,0-30 days
AUR-P2-B3-00212,AUR,Phase 2,Building C,5,Apartment,3,97.9,0.0,0.0,Garden View,6085855.6,62164.0,2025-02-07,contracted,2025-08-07,2025-08-16,,CUS-000093,,AGT-005,3.5,5872850.65,3,20.5,2027-03-31,2027-03-31,54.0,181,181-365 days
AUR-P2-B3-00213,AUR,Phase 2,Building C,12,Apartment,2,100.2,16.1,11.8,Pool View,5612302.2,56011.0,2025-08-23,available,,,,,,,,,,,,,54.0,311,181-365 days
AUR-P2-B3-00214,AUR,Phase 2,Building C,7,Duplex,5,194.5,42.4,0.0,Garden View,11819959.5,60771.0,2025-03-16,contracted,2026-06-21,2026-06-30,,CUS-000019,,AGT-007,4.0,11347161.12,4,17.0,2027-03-31,2027-03-31,54.0,462,365+ days
AUR-P2-B3-00215,AUR,Phase 2,Building C,0,Villa,5,345.4,218.9,40.7,Pool View,19156574.8,55462.0,2025-04-22,available,,,,,,,,,,,,,54.0,434,365+ days
AUR-P2-B3-00216,AUR,Phase 2,Building C,4,Apartment,2,147.7,0.0,8.8,Skyline View,7939908.9,53757.0,2024-12-29,available,,,,,,,,,,,,,54.0,548,365+ days
AUR-P2-B3-00217,AUR,Phase 2,Building C,0,Villa,4,350.5,252.0,34.3,Courtyard View,15207844.5,43389.0,2025-07-25,available,,,,,,,,,,,,,54.0,340,181-365 days
AUR-P2-B3-00218,AUR,Phase 2,Building C,0,Villa,6,380.3,199.6,26.7,Pool View,22514900.9,59203.0,2024-12-24,available,,,,,,,,,,,,,54.0,553,365+ days
AUR-P2-B3-00219,AUR,Phase 2,Building C,10,Duplex,5,192.9,13.8,23.5,Street View,10039866.3,52047.0,2025-03-14,available,,,,,,,,,,,,,54.0,473,365+ days
AUR-P2-B3-00220,AUR,Phase 2,Building C,0,Apartment,4,133.9,59.6,9.0,Garden View,7073669.2,52828.0,2025-05-14,contracted,2026-06-09,2026-06-25,,CUS-000168,,AGT-003,3.4,6833164.45,4,19.6,2027-03-31,2027-03-31,54.0,391,365+ days
AUR-P2-B3-00221,AUR,Phase 2,Building C,0,Duplex,3,123.5,0.0,27.4,Garden View,5833399.0,47234.0,2025-06-08,contracted,2025-09-13,2025-09-25,,CUS-000059,,AGT-009,5.3,5524228.85,6,15.9,2027-03-31,2027-03-31,54.0,97,91-180 days
AUR-P2-B3-00222,AUR,Phase 2,Building C,10,Apartment,4,108.5,0.0,18.5,Garden View,6761177.5,62315.0,2025-03-18,reserved,2025-06-30,,,CUS-000098,,AGT-003,2.5,6592148.06,6,19.0,2027-03-31,2027-03-31,54.0,104,91-180 days
AUR-P2-B3-00223,AUR,Phase 2,Building C,14,Apartment,3,160.9,0.0,14.5,Garden View,7865918.3,48887.0,2025-01-12,available,,,,,,,,,,,,,54.0,534,365+ days
AUR-P2-B3-00224,AUR,Phase 2,Building C,12,Apartment,4,124.8,0.0,13.3,Skyline View,6453158.4,51708.0,2025-03-30,available,,,,,,,,,,,,,54.0,457,365+ days
AUR-P2-B3-00225,AUR,Phase 2,Building C,0,Villa,6,484.6,217.6,38.1,Pool View,25591241.4,52809.0,2025-03-27,contracted,2025-11-22,2025-12-01,,CUS-000185,,AGT-009,4.5,24439635.54,6,24.4,2027-03-31,2027-03-31,54.0,240,181-365 days
AUR-P2-B3-00226,AUR,Phase 2,Building C,0,Villa,5,329.2,291.8,43.6,Pool View,16211454.0,49245.0,2024-11-18,available,,,,,,,,,,,,,54.0,589,365+ days
AUR-P2-B3-00227,AUR,Phase 2,Building C,8,Apartment,4,181.5,53.5,16.7,Garden View,11802037.5,65025.0,2025-08-12,available,,,,,,,,,,,,,54.0,322,181-365 days
AUR-P2-B3-00228,AUR,Phase 2,Building C,3,Duplex,5,128.8,27.1,29.1,Garden View,5437034.4,42213.0,2025-02-04,contracted,2025-06-02,2025-06-29,,CUS-000077,,AGT-001,5.9,5116249.37,3,24.6,2027-03-31,2027-03-31,54.0,118,91-180 days
AUR-P2-B3-00229,AUR,Phase 2,Building C,4,Apartment,2,167.4,54.0,0.0,Pool View,8641188.0,51620.0,2025-07-11,reserved,2025-02-24,,,CUS-000186,BRK-08,AGT-006,4.5,8252334.54,6,18.6,2027-03-31,2027-03-31,54.0,0,0-30 days
AUR-P2-B3-00230,AUR,Phase 2,Building C,6,Apartment,4,217.8,0.0,0.0,Skyline View,11139598.8,51146.0,2025-07-29,contracted,2024-08-22,2024-09-10,,CUS-000049,,AGT-002,4.0,10694014.85,6,15.9,2027-03-31,2027-03-31,54.0,0,0-30 days
AUR-P2-B3-00231,AUR,Phase 2,Building C,10,Apartment,4,107.5,0.0,0.0,Skyline View,5163440.0,48032.0,2025-04-19,contracted,2026-06-17,2026-06-30,,CUS-000026,,AGT-001,5.1,4900104.56,4,22.0,2027-03-31,2027-03-31,54.0,424,365+ days
AUR-P2-B3-00232,AUR,Phase 2,Building C,0,Villa,4,362.1,142.8,21.7,Courtyard View,18432700.5,50905.0,2025-02-06,available,,,,,,,,,,,,,54.0,509,365+ days
AUR-P2-B3-00233,AUR,Phase 2,Building C,6,Apartment,4,236.0,17.7,0.0,Courtyard View,10499404.0,44489.0,2025-07-27,contracted,2026-06-04,2026-06-28,,CUS-000172,,AGT-008,5.9,9879939.16,6,16.2,2027-03-31,2027-03-31,54.0,312,181-365 days
AUR-P2-B3-00234,AUR,Phase 2,Building C,2,Duplex,3,180.9,0.0,0.0,Pool View,9041020.2,49978.0,2025-04-16,available,,,,,,,,,,,,,54.0,440,365+ days
AUR-P2-B3-00235,AUR,Phase 2,Building C,4,Apartment,4,120.5,0.0,0.0,Skyline View,6188880.0,51360.0,2025-03-24,available,,,,,,,,,,,,,54.0,463,365+ days
AUR-P2-B3-00236,AUR,Phase 2,Building C,4,Apartment,2,145.7,0.0,20.7,Pool View,9699686.1,66573.0,2025-04-01,contracted,2026-03-24,2026-04-08,,CUS-000210,,AGT-005,2.1,9495992.69,6,24.1,2027-03-31,2027-03-31,54.0,357,181-365 days
AUR-P2-B3-00237,AUR,Phase 2,Building C,1,Duplex,3,201.3,0.0,0.0,Skyline View,13557756.3,67351.0,2025-04-28,available,,,,,,,,,,,,,54.0,428,365+ days
AUR-P2-B3-00238,AUR,Phase 2,Building C,0,Villa,5,405.2,148.5,23.3,Skyline View,21642542.4,53412.0,2025-01-21,contracted,2025-10-14,2025-11-09,,CUS-000161,,AGT-008,5.1,20538772.74,4,20.8,2027-03-31,2027-03-31,54.0,266,181-365 days
AUR-P2-B3-00239,AUR,Phase 2,Building C,9,Duplex,5,97.5,0.0,14.4,Skyline View,6205192.5,63643.0,2025-07-27,contracted,2025-07-10,2025-07-23,,CUS-000183,,AGT-001,4.6,5919753.65,6,23.2,2027-03-31,2027-03-31,54.0,0,0-30 days
AUR-P2-B3-00240,AUR,Phase 2,Building C,3,Apartment,4,162.1,0.0,25.7,Skyline View,10104017.2,62332.0,2025-03-20,contracted,2025-12-20,2026-01-18,,CUS-000112,,AGT-007,4.5,9649336.43,4,20.8,2027-03-31,2027-03-31,54.0,275,181-365 days
AUR-P2-B3-00241,AUR,Phase 2,Building C,9,Apartment,4,203.7,0.0,19.7,Courtyard View,11765100.9,57757.0,2025-04-10,contracted,2026-06-30,2026-06-30,,CUS-000006,BRK-01,AGT-010,4.9,11188610.96,3,21.1,2027-03-31,2027-03-31,54.0,446,365+ days
AUR-P2-B3-00242,AUR,Phase 2,Building C,0,Villa,4,512.0,92.0,57.8,Garden View,28579328.0,55819.0,2024-12-05,contracted,2025-09-20,2025-10-12,,CUS-000216,BRK-07,AGT-003,3.8,27493313.54,5,22.1,2027-03-31,2027-03-31,54.0,289,181-365 days
AUR-P2-B3-00243,AUR,Phase 2,Building C,6,Duplex,3,198.4,0.0,9.1,Skyline View,12575385.6,63384.0,2025-07-07,reserved,2026-05-30,,,CUS-000028,,AGT-010,4.0,12072370.18,3,18.2,2027-03-31,2027-03-31,54.0,327,181-365 days
AUR-P2-B3-00244,AUR,Phase 2,Building C,0,Villa,4,468.4,359.4,34.2,Courtyard View,24668286.0,52665.0,2025-01-19,available,,,,,,,,,,,,,54.0,527,365+ days
AUR-P2-B3-00245,AUR,Phase 2,Building C,12,Apartment,3,128.6,6.5,0.0,Skyline View,6828788.6,53101.0,2025-04-19,available,,,,,,,,,,,,,54.0,437,365+ days
AUR-P2-B4-00246,AUR,Phase 2,Building D,7,Apartment,2,204.2,0.0,17.3,Courtyard View,11533828.6,56483.0,2025-07-28,available,,,,,,,,,,,,,54.0,337,181-365 days
AUR-P2-B4-00247,AUR,Phase 2,Building D,6,Apartment,2,194.6,57.7,13.4,Garden View,12020636.6,61771.0,2025-07-03,available,,,,,,,,,,,,,54.0,362,181-365 days
AUR-P2-B4-00248,AUR,Phase 2,Building D,0,Villa,5,301.3,248.8,49.7,Skyline View,19836688.1,65837.0,2025-05-30,contracted,2025-03-07,2025-03-20,,CUS-000197,,AGT-009,2.1,19420117.65,3,19.3,2027-03-31,2027-03-31,54.0,0,0-30 days
AUR-P2-B4-00249,AUR,Phase 2,Building D,5,Apartment,2,177.9,0.0,0.0,Skyline View,11297539.5,63505.0,2025-01-08,contracted,2024-11-06,2024-12-03,,CUS-000190,,AGT-003,2.3,11037696.09,3,16.0,2027-03-31,2027-03-31,54.0,0,0-30 days
AUR-P2-B4-00250,AUR,Phase 2,Building D,0,Villa,6,464.7,228.4,50.1,Skyline View,23096054.7,49701.0,2024-11-18,contracted,2025-02-19,2025-03-25,,CUS-000160,BRK-02,AGT-003,5.4,21848867.75,4,17.1,2027-03-31,2027-03-31,54.0,93,91-180 days
AUR-P2-B4-00251,AUR,Phase 2,Building D,14,Duplex,4,100.1,29.3,0.0,Garden View,4907002.1,49021.0,2025-07-06,contracted,2024-12-14,2024-12-31,,CUS-000067,BRK-08,AGT-004,4.5,4686187.01,4,15.0,2027-03-31,2027-03-31,54.0,0,0-30 days
AUR-P2-B4-00252,AUR,Phase 2,Building D,9,Apartment,2,175.3,0.0,0.0,Pool View,11371009.8,64866.0,2025-01-13,contracted,2026-01-07,2026-01-31,,CUS-000068,,AGT-004,5.3,10768346.28,3,16.4,2027-03-31,2027-03-31,54.0,359,181-365 days
AUR-P2-B4-00253,AUR,Phase 2,Building D,4,Apartment,4,151.0,0.0,0.0,Garden View,8223309.0,54459.0,2025-08-03,available,,,,,,,,,,,,,54.0,331,181-365 days
AUR-P2-B4-00254,AUR,Phase 2,Building D,4,Apartment,2,205.8,35.1,11.2,Skyline View,12679338.0,61610.0,2025-06-11,available,,,,,,,,,,,,,54.0,384,365+ days
AUR-P2-B4-00255,AUR,Phase 2,Building D,6,Apartment,2,211.1,0.0,0.0,Skyline View,11620632.8,55048.0,2025-02-17,reserved,2024-08-11,,,CUS-000163,,AGT-008,5.1,11027980.53,3,23.5,2027-03-31,2027-03-31,54.0,0,0-30 days
AUR-P2-B4-00256,AUR,Phase 2,Building D,12,Apartment,3,166.9,9.7,9.4,Courtyard View,9050820.1,54229.0,2025-05-28,contracted,2024-12-06,2024-12-20,,CUS-000121,,AGT-007,4.6,8634482.38,5,21.4,2027-03-31,2027-03-31,54.0,0,0-30 days
AUR-P2-B4-00257,AUR,Phase 2,Building D,0,Villa,5,492.6,282.8,55.9,Skyline View,26381685.6,53556.0,2025-03-05,contracted,2024-08-08,2024-08-27,,CUS-000141,,AGT-005,2.2,25801288.52,3,15.5,2027-03-31,2027-03-31,54.0,0,0-30 days
AUR-P2-B4-00258,AUR,Phase 2,Building D,7,Apartment,2,237.1,0.0,25.3,Courtyard View,11883689.1,50121.0,2024-12-11,contracted,2026-06-24,2026-06-30,,CUS-000021,,AGT-007,3.9,11420225.23,5,22.1,2027-03-31,2027-03-31,54.0,560,365+ days
AUR-P2-B4-00259,AUR,Phase 2,Building D,3,Apartment,4,120.7,56.7,14.6,Skyline View,6871933.8,56934.0,2025-07-22,contracted,2024-10-09,2024-10-22,,CUS-000119,,AGT-008,5.7,6480233.57,3,17.6,2027-03-31,2027-03-31,54.0,0,0-30 days
AUR-P2-B4-00260,AUR,Phase 2,Building D,5,Duplex,3,126.9,0.0,9.4,Street View,6093864.9,48021.0,2025-07-30,available,,,,,,,,,,,,,54.0,335,181-365 days
AUR-P2-B4-00261,AUR,Phase 2,Building D,0,Villa,5,415.4,246.8,47.7,Skyline View,24212835.2,58288.0,2025-06-07,available,,,,,,,,,,,,,54.0,388,365+ days
AUR-P2-B4-00262,AUR,Phase 2,Building D,8,Apartment,3,124.1,0.0,0.0,Street View,7784420.7,62727.0,2024-11-11,contracted,2024-12-28,2025-01-12,,CUS-000080,,AGT-004,3.6,7504181.55,3,19.1,2027-03-31,2027-03-31,54.0,47,31-90 days
AUR-P2-B4-00263,AUR,Phase 2,Building D,3,Apartment,4,229.3,0.0,26.0,Garden View,13359247.3,58261.0,2025-05-22,contracted,2024-07-10,2024-08-01,,CUS-000204,,AGT-003,3.7,12864955.15,4,15.2,2027-03-31,2027-03-31,54.0,0,0-30 days
AUR-P2-B4-00264,AUR,Phase 2,Building D,6,Apartment,2,146.7,8.0,13.8,Street View,9080436.6,61898.0,2024-12-05,contracted,2025-04-03,2025-04-18,,CUS-000193,,AGT-007,3.6,8753540.88,3,17.8,2027-03-31,2027-03-31,54.0,119,91-180 days
AUR-P2-B4-00265,AUR,Phase 2,Building D,0,Villa,4,355.1,243.1,28.4,Street View,16842037.9,47429.0,2025-08-13,available,,,,,,,,,,,,,54.0,321,181-365 days
AUR-P2-B4-00266,AUR,Phase 2,Building D,0,Duplex,4,216.4,0.0,15.9,Garden View,10404944.8,48082.0,2024-12-05,available,,,,,,,,,,,,,54.0,572,365+ days
AUR-P2-B4-00267,AUR,Phase 2,Building D,12,Apartment,2,95.5,0.0,0.0,Garden View,4058177.0,42494.0,2024-12-06,contracted,2026-02-14,2026-02-27,,CUS-000100,,AGT-003,4.0,3895849.92,6,22.5,2027-03-31,2027-03-31,54.0,435,365+ days
AUR-P2-B4-00268,AUR,Phase 2,Building D,10,Duplex,3,140.5,0.0,17.4,Skyline View,6321095.0,44990.0,2025-05-18,contracted,2025-04-26,2025-05-10,,CUS-000206,,AGT-004,2.8,6144104.34,6,19.8,2027-03-31,2027-03-31,54.0,0,0-30 days
AUR-P2-B4-00269,AUR,Phase 2,Building D,2,Apartment,2,206.1,0.0,0.0,Skyline View,12589206.3,61083.0,2024-11-03,contracted,2025-10-06,2025-10-23,,CUS-000236,,AGT-003,5.7,11871621.54,4,16.5,2027-03-31,2027-03-31,54.0,337,181-365 days
AUR-P2-B4-00270,AUR,Phase 2,Building D,10,Apartment,2,111.8,26.9,10.3,Skyline View,6591616.2,58959.0,2025-07-23,contracted,2026-04-22,2026-05-12,,CUS-000129,,AGT-003,5.4,6235668.93,6,24.6,2027-03-31,2027-03-31,54.0,273,181-365 days
AUR-P2-B4-00271,AUR,Phase 2,Building D,5,Apartment,4,125.1,0.0,28.5,Courtyard View,5386180.5,43055.0,2025-02-05,contracted,2025-07-11,2025-08-03,,CUS-000103,,AGT-010,4.3,5154574.74,3,23.6,2027-03-31,2027-03-31,54.0,156,91-180 days
AUR-P2-B4-00272,AUR,Phase 2,Building D,0,Villa,5,454.2,344.0,46.0,Skyline View,22488350.4,49512.0,2025-02-11,reserved,2026-06-26,,,CUS-000004,,AGT-007,4.6,21453886.28,5,16.2,2027-03-31,2027-03-31,54.0,500,365+ days
AUR-P2-B4-00273,AUR,Phase 2,Building D,0,Villa,5,305.7,233.6,20.9,Skyline View,19555323.3,63969.0,2025-05-25,available,,,,,,,,,,,,,54.0,401,365+ days
AUR-P2-B4-00274,AUR,Phase 2,Building D,11,Apartment,3,195.3,31.5,0.0,Street View,9906201.9,50723.0,2024-11-28,contracted,2026-03-04,2026-03-25,,CUS-000046,,AGT-003,3.1,9599109.64,3,16.5,2027-03-31,2027-03-31,54.0,461,365+ days
AUR-P2-B4-00275,AUR,Phase 2,Building D,0,Villa,4,400.5,101.1,24.8,Street View,25680060.0,64120.0,2025-05-10,contracted,2024-07-12,2024-08-22,,CUS-000195,,AGT-010,5.8,24190616.52,5,19.6,2027-03-31,2027-03-31,54.0,0,0-30 days
AUR-P2-B4-00276,AUR,Phase 2,Building D,0,Duplex,5,178.8,0.0,24.2,Garden View,9044598.0,50585.0,2025-03-28,available,,,,,,,,,,,,,54.0,459,365+ days
AUR-P2-B4-00277,AUR,Phase 2,Building D,7,Duplex,4,126.4,5.3,26.9,Skyline View,7664643.2,60638.0,2025-06-13,available,,,,,,,,,,,,,54.0,382,365+ days
AUR-P2-B4-00278,AUR,Phase 2,Building D,2,Apartment,3,162.5,0.0,21.9,Skyline View,8405962.5,51729.0,2024-12-13,contracted,2024-09-30,2024-10-01,,CUS-000047,,AGT-001,5.3,7960446.49,3,21.2,2027-03-31,2027-03-31,54.0,0,0-30 days
AUR-P2-B4-00279,AUR,Phase 2,Building D,2,Apartment,3,145.1,41.8,20.7,Skyline View,7074060.3,48753.0,2025-06-15,available,,,,,,,,,,,,,54.0,380,365+ days
AUR-P2-B4-00280,AUR,Phase 2,Building D,0,Apartment,3,229.5,0.0,0.0,Street View,11663878.5,50823.0,2025-07-11,available,,,,,,,,,,,,,54.0,354,181-365 days
AUR-P3-B1-00281,AUR,Phase 3,Building A,0,Villa,5,495.0,290.9,53.3,Skyline View,27791775.0,56145.0,2026-01-22,reserved,2026-06-12,,,CUS-000149,BRK-14,AGT-002,2.5,27096980.62,3,19.8,2027-03-31,2027-03-31,54.0,141,91-180 days
AUR-P3-B1-00282,AUR,Phase 3,Building A,14,Apartment,2,211.0,14.6,24.8,Courtyard View,9678570.0,45870.0,2026-02-12,reserved,2026-04-02,,,CUS-000109,,AGT-006,3.0,9388212.9,4,20.9,2027-03-31,2027-03-31,54.0,49,31-90 days
AUR-P3-B1-00283,AUR,Phase 3,Building A,14,Apartment,3,204.1,0.0,10.1,Skyline View,9038568.5,44285.0,2025-10-28,contracted,2025-09-02,2025-09-03,,CUS-000075,BRK-07,AGT-010,5.5,8541447.23,6,18.9,2027-03-31,2027-03-31,54.0,0,0-30 days
AUR-P3-B1-00284,AUR,Phase 3,Building A,13,Duplex,4,147.9,0.0,28.7,Garden View,9745131.0,65890.0,2025-12-03,available,,,,,,,,,,,,,54.0,209,181-365 days
AUR-P3-B1-00285,AUR,Phase 3,Building A,10,Duplex,3,196.9,0.0,19.1,Courtyard View,10148816.7,51543.0,2025-11-21,reserved,2026-01-22,,,CUS-000175,,AGT-006,5.8,9560185.33,5,20.0,2027-03-31,2027-03-31,54.0,62,31-90 days
AUR-P3-B1-00286,AUR,Phase 3,Building A,0,Villa,4,465.3,168.2,27.4,Courtyard View,21928193.1,47127.0,2025-10-16,contracted,2026-05-31,2026-06-01,,CUS-000140,,AGT-008,5.3,20765998.87,6,15.6,2027-03-31,2027-03-31,54.0,227,181-365 days
AUR-P3-B1-00287,AUR,Phase 3,Building A,13,Apartment,3,130.1,19.5,0.0,Skyline View,5537316.2,42562.0,2026-01-22,contracted,2024-07-21,2024-08-06,,CUS-000102,,AGT-007,3.3,5354584.77,4,24.4,2027-03-31,2027-03-31,54.0,0,0-30 days
AUR-P3-B1-00288,AUR,Phase 3,Building A,14,Apartment,3,137.6,0.0,0.0,Pool View,8821260.8,64108.0,2025-10-19,contracted,2026-05-20,2026-06-12,,CUS-000023,,AGT-003,3.1,8547801.72,5,17.7,2027-03-31,2027-03-31,54.0,213,181-365 days
AUR-P3-B1-00289,AUR,Phase 3,Building A,10,Apartment,4,119.7,0.0,0.0,Pool View,7757637.3,64809.0,2025-12-26,available,,,,,,,,,,,,,54.0,186,181-365 days
AUR-P3-B1-00290,AUR,Phase 3,Building A,0,Villa,4,516.7,243.6,29.0,Skyline View,29007021.3,56139.0,2026-01-12,available,,,,,,,,,,,,,54.0,169,91-180 days
AUR-P3-B1-00291,AUR,Phase 3,Building A,5,Apartment,4,130.9,3.0,29.0,Skyline View,5525419.9,42211.0,2026-04-12,contracted,2026-06-17,2026-06-30,,CUS-000032,,AGT-006,4.0,5304403.1,6,22.1,2027-03-31,2027-03-31,54.0,66,31-90 days
AUR-P3-B1-00292,AUR,Phase 3,Building A,6,Duplex,3,181.3,40.1,0.0,Street View,11077248.7,61099.0,2026-02-20,available,,,,,,,,,,,,,54.0,130,91-180 days
AUR-P3-B1-00293,AUR,Phase 3,Building A,0,Villa,5,417.4,298.4,31.0,Pool View,27771291.6,66534.0,2026-05-19,contracted,2026-01-20,2026-02-08,,CUS-000192,,AGT-008,5.7,26188327.98,5,23.9,2027-03-31,2027-03-31,54.0,0,0-30 days
AUR-P3-B1-00294,AUR,Phase 3,Building A,0,Villa,5,349.3,394.4,24.2,Garden View,19487097.7,55789.0,2026-01-18,available,,,,,,,,,,,,,54.0,163,91-180 days
AUR-P3-B1-00295,AUR,Phase 3,Building A,11,Apartment,3,104.6,0.0,26.7,Pool View,4617253.2,44142.0,2026-01-22,reserved,2025-09-28,,,CUS-000143,,AGT-009,4.0,4432563.07,4,16.6,2027-03-31,2027-03-31,54.0,0,0-30 days
AUR-P3-B1-00296,AUR,Phase 3,Building A,10,Duplex,5,197.0,0.0,22.6,Skyline View,12089693.0,61369.0,2026-05-18,reserved,2024-08-24,,,CUS-000111,,AGT-009,5.4,11436849.58,3,19.6,2027-03-31,2027-03-31,54.0,0,0-30 days
AUR-P3-B1-00297,AUR,Phase 3,Building A,1,Duplex,5,107.2,0.0,0.0,Garden View,5234576.0,48830.0,2025-11-10,available,,,,,,,,,,,,,54.0,232,181-365 days
AUR-P3-B1-00298,AUR,Phase 3,Building A,1,Apartment,4,203.5,48.4,18.9,Skyline View,9074879.0,44594.0,2026-01-13,available,,,,,,,,,,,,,54.0,168,91-180 days
AUR-P3-B1-00299,AUR,Phase 3,Building A,3,Apartment,3,234.6,0.0,26.8,Courtyard View,12171048.0,51880.0,2026-06-16,contracted,2025-09-05,2025-10-10,,CUS-000104,,AGT-003,4.2,11659863.98,5,16.8,2027-03-31,2027-03-31,54.0,0,0-30 days
AUR-P3-B1-00300,AUR,Phase 3,Building A,14,Apartment,2,104.1,0.0,17.3,Garden View,6094118.1,58541.0,2025-12-10,contracted,2026-04-25,2026-05-28,,CUS-000152,,AGT-006,2.2,5960047.5,5,15.0,2027-03-31,2027-03-31,54.0,136,91-180 days
AUR-P3-B1-00301,AUR,Phase 3,Building A,1,Apartment,4,202.2,29.9,13.2,Street View,13408893.0,66315.0,2026-02-22,available,,,,,,,,,,,,,54.0,128,91-180 days
AUR-P3-B1-00302,AUR,Phase 3,Building A,10,Duplex,4,214.1,4.7,11.7,Courtyard View,9105887.1,42531.0,2026-03-12,contracted,2026-05-09,2026-05-22,,CUS-000010,,AGT-007,4.7,8677910.41,4,20.0,2027-03-31,2027-03-31,54.0,58,31-90 days
AUR-P3-B1-00303,AUR,Phase 3,Building A,6,Apartment,4,114.8,0.0,11.8,Courtyard View,7753477.2,67539.0,2026-04-27,contracted,2025-03-21,2025-04-05,,CUS-000117,,AGT-004,4.9,7373556.82,4,18.0,2027-03-31,2027-03-31,54.0,0,0-30 days
AUR-P3-B1-00304,AUR,Phase 3,Building A,0,Villa,6,407.6,176.1,46.1,Street View,18723106.0,45935.0,2026-05-07,available,,,,,,,,,,,,,54.0,54,31-90 days
AUR-P3-B1-00305,AUR,Phase 3,Building A,4,Apartment,3,97.0,0.0,23.3,Courtyard View,6041063.0,62279.0,2026-05-09,reserved,2025-10-16,,,CUS-000133,,AGT-007,2.4,5896077.49,3,18.6,2027-03-31,2027-03-31,54.0,0,0-30 days
AUR-P3-B1-00306,AUR,Phase 3,Building A,7,Duplex,4,190.5,0.0,0.0,Skyline View,8215312.5,43125.0,2025-11-18,available,,,,,,,,,,,,,54.0,224,181-365 days
AUR-P3-B1-00307,AUR,Phase 3,Building A,11,Apartment,3,120.6,0.0,12.0,Skyline View,7448979.6,61766.0,2025-11-04,contracted,2025-02-26,2025-03-25,,CUS-000139,,AGT-009,2.3,7277653.07,5,19.8,2027-03-31,2027-03-31,54.0,0,0-30 days
AUR-P3-B1-00308,AUR,Phase 3,Building A,0,Villa,4,463.0,223.6,25.4,Courtyard View,22684685.0,48995.0,2026-06-16,available,,,,,,,,,,,,,54.0,14,0-30 days
AUR-P3-B1-00309,AUR,Phase 3,Building A,1,Duplex,5,197.5,0.0,0.0,Garden View,9812195.0,49682.0,2026-01-03,available,,,,,,,,,,,,,54.0,178,91-180 days
AUR-P3-B1-00310,AUR,Phase 3,Building A,4,Apartment,2,219.7,0.0,0.0,Garden View,13499466.5,61445.0,2026-01-06,contracted,2024-10-23,2024-11-01,,CUS-000120,,AGT-004,5.8,12716497.44,5,21.7,2027-03-31,2027-03-31,54.0,0,0-30 days
AUR-P3-B1-00311,AUR,Phase 3,Building A,13,Apartment,4,238.0,0.0,0.0,Courtyard View,15772260.0,66270.0,2025-10-15,contracted,2024-11-29,2024-12-27,,CUS-000244,BRK-01,AGT-003,3.3,15251775.42,6,22.3,2027-03-31,2027-03-31,54.0,0,0-30 days
AUR-P3-B1-00312,AUR,Phase 3,Building A,9,Apartment,4,151.5,0.0,14.1,Skyline View,6438144.0,42496.0,2026-05-25,cancelled,2026-02-02,2026-02-26,2026-04-06,CUS-000029,,AGT-008,3.4,6219247.1,3,15.4,2027-03-31,2027-03-31,54.0,0,0-30 days
AUR-P3-B1-00313,AUR,Phase 3,Building A,12,Duplex,5,117.2,35.8,0.0,Pool View,6359975.2,54266.0,2026-03-27,available,,,,,,,,,,,,,54.0,95,91-180 days
AUR-P3-B1-00314,AUR,Phase 3,Building A,14,Apartment,3,220.9,0.0,13.8,Skyline View,14277871.5,64635.0,2026-05-23,contracted,2024-11-04,2024-11-09,,CUS-000069,,AGT-003,4.2,13678200.9,3,20.1,2027-03-31,2027-03-31,54.0,0,0-30 days
AUR-P3-B1-00315,AUR,Phase 3,Building A,5,Duplex,3,136.5,52.2,0.0,Courtyard View,7036029.0,51546.0,2026-03-08,contracted,2024-07-28,2024-08-12,,CUS-000180,,AGT-003,2.7,6846056.22,4,22.0,2027-03-31,2027-03-31,54.0,0,0-30 days
AUR-P3-B2-00316,AUR,Phase 3,Building B,6,Apartment,2,177.1,16.0,13.7,Garden View,9812048.4,55404.0,2025-09-01,contracted,2026-06-15,2026-06-26,,CUS-000009,,AGT-001,2.7,9547123.09,4,16.5,2027-03-31,2027-03-31,54.0,287,181-365 days
AUR-P3-B2-00317,AUR,Phase 3,Building B,2,Duplex,3,159.4,0.0,17.0,Street View,9028734.8,56642.0,2026-05-21,contracted,2026-01-27,2026-02-20,,CUS-000125,,AGT-005,3.3,8730786.55,6,21.4,2027-03-31,2027-03-31,54.0,0,0-30 days
AUR-P3-B2-00318,AUR,Phase 3,Building B,0,Villa,6,309.0,346.6,42.0,Garden View,18426288.0,59632.0,2026-04-24,available,,,,,,,,,,,,,54.0,67,31-90 days
AUR-P3-B2-00319,AUR,Phase 3,Building B,13,Apartment,2,196.5,0.0,0.0,Garden View,9362242.5,47645.0,2026-05-09,available,,,,,,,,,,,,,54.0,52,31-90 days
AUR-P3-B2-00320,AUR,Phase 3,Building B,3,Duplex,4,218.5,0.0,0.0,Pool View,14183490.5,64913.0,2026-05-01,available,,,,,,,,,,,,,54.0,60,31-90 days
AUR-P3-B2-00321,AUR,Phase 3,Building B,2,Apartment,3,120.1,0.0,0.0,Pool View,5546458.2,46182.0,2026-04-12,available,,,,,,,,,,,,,54.0,79,31-90 days
AUR-P3-B2-00322,AUR,Phase 3,Building B,4,Apartment,4,228.0,0.0,8.7,Skyline View,14210784.0,62328.0,2025-12-09,contracted,2024-10-21,2024-10-24,,CUS-000246,,AGT-002,2.8,13812882.05,5,17.4,2027-03-31,2027-03-31,54.0,0,0-30 days
AUR-P3-B2-00323,AUR,Phase 3,Building B,10,Apartment,3,183.0,0.0,0.0,Pool View,10856475.0,59325.0,2026-04-05,contracted,2025-07-04,2025-07-20,,CUS-000044,,AGT-009,5.0,10313651.25,3,23.0,2027-03-31,2027-03-31,54.0,0,0-30 days
AUR-P3-B2-00324,AUR,Phase 3,Building B,7,Apartment,2,222.6,0.0,0.0,Pool View,14684031.6,65966.0,2026-03-31,contracted,2025-08-25,2025-09-19,,CUS-000150,,AGT-007,3.8,14126038.4,6,23.5,2027-03-31,2027-03-31,54.0,0,0-30 days
AUR-P3-B2-00325,AUR,Phase 3,Building B,0,Apartment,3,146.6,0.0,17.4,Street View,8092173.4,55199.0,2025-09-07,contracted,2025-08-29,2025-09-24,,CUS-000208,,AGT-005,2.7,7873684.72,6,22.8,2027-03-31,2027-03-31,54.0,0,0-30 days
AUR-P3-B2-00326,AUR,Phase 3,Building B,1,Apartment,3,187.0,0.0,0.0,Pool View,11082181.0,59263.0,2026-03-03,contracted,2025-10-18,2025-11-19,,CUS-000214,,AGT-004,4.6,10572400.67,6,21.8,2027-03-31,2027-03-31,54.0,0,0-30 days
AUR-P3-B2-00327,AUR,Phase 3,Building B,2,Apartment,2,217.4,0.0,8.2,Skyline View,14565365.2,66998.0,2026-05-17,available,,,,,,,,,,,,,54.0,44,31-90 days
AUR-P3-B2-00328,AUR,Phase 3,Building B,14,Duplex,4,181.2,0.0,17.8,Street View,10769622.0,59435.0,2025-11-02,cancelled,2025-12-22,2025-12-25,2026-02-15,CUS-000169,,AGT-009,2.1,10543459.94,5,20.6,2027-03-31,2027-03-31,54.0,50,31-90 days
AUR-P3-B2-00329,AUR,Phase 3,Building B,5,Apartment,4,198.0,0.0,29.8,Skyline View,11566368.0,58416.0,2026-04-16,contracted,2025-08-24,2025-08-28,,CUS-000201,BRK-04,AGT-008,2.7,11254076.06,5,17.9,2027-03-31,2027-03-31,54.0,0,0-30 days
AUR-P3-B2-00330,AUR,Phase 3,Building B,7,Apartment,2,198.2,0.0,0.0,Pool View,13028478.8,65734.0,2025-09-15,contracted,2025-02-08,2025-02-21,,CUS-000251,,AGT-003,3.0,12637624.44,6,17.3,2027-03-31,2027-03-31,54.0,0,0-30 days
AUR-P3-B2-00331,AUR,Phase 3,Building B,0,Villa,6,430.9,217.4,48.2,Skyline View,20830567.8,48342.0,2026-03-29,available,,,,,,,,,,,,,54.0,93,91-180 days
AUR-P3-B2-00332,AUR,Phase 3,Building B,8,Duplex,5,132.7,11.7,0.0,Garden View,6305771.3,47519.0,2026-05-25,reserved,2024-11-26,,,CUS-000187,BRK-11,AGT-002,5.0,5990482.73,4,21.1,2027-03-31,2027-03-31,54.0,0,0-30 days
AUR-P3-B2-00333,AUR,Phase 3,Building B,7,Apartment,4,180.0,0.0,0.0,Courtyard View,12093660.0,67187.0,2026-03-01,available,,,,,,,,,,,,,54.0,121,91-180 days
AUR-P3-B2-00334,AUR,Phase 3,Building B,2,Apartment,2,233.6,37.3,26.0,Street View,11030592.0,47220.0,2025-10-26,available,,,,,,,,,,,,,54.0,247,181-365 days
AUR-P3-B2-00335,AUR,Phase 3,Building B,12,Apartment,2,184.8,0.0,11.9,Skyline View,11880976.8,64291.0,2026-01-05,contracted,2025-10-14,2025-10-24,,CUS-000130,,AGT-003,2.3,11607714.33,4,21.9,2027-03-31,2027-03-31,54.0,0,0-30 days
AUR-P3-B2-00336,AUR,Phase 3,Building B,14,Duplex,5,176.1,36.6,19.3,Street View,9499186.2,53942.0,2026-05-03,cancelled,2025-11-21,2025-12-02,2026-01-13,CUS-000233,,AGT-007,3.6,9157215.5,4,24.5,2027-03-31,2027-03-31,54.0,0,0-30 days
AUR-P3-B2-00337,AUR,Phase 3,Building B,0,Villa,5,379.6,341.5,54.4,Courtyard View,23581890.8,62123.0,2026-05-02,contracted,2025-02-28,2025-03-21,,CUS-000052,,AGT-005,4.7,22473541.93,3,22.3,2027-03-31,2027-03-31,54.0,0,0-30 days
AUR-P3-B2-00338,AUR,Phase 3,Building B,0,Villa,5,398.1,113.9,30.9,Pool View,23525719.5,59095.0,2025-10-24,contracted,2024-09-20,2024-10-06,,CUS-000188,,AGT-002,6.0,22114176.33,5,19.1,2027-03-31,2027-03-31,54.0,0,0-30 days
AUR-P3-B2-00339,AUR,Phase 3,Building B,6,Apartment,3,122.8,2.9,0.0,Street View,6192435.6,50427.0,2026-01-25,reserved,2025-05-12,,,CUS-000221,,AGT-009,3.0,6006662.53,5,23.2,2027-03-31,2027-03-31,54.0,0,0-30 days
AUR-P3-B2-00340,AUR,Phase 3,Building B,0,Villa,6,474.6,323.9,58.1,Street View,20757580.2,43737.0,2026-03-07,available,,,,,,,,,,,,,54.0,115,91-180 days
AUR-P3-B2-00341,AUR,Phase 3,Building B,0,Villa,5,391.5,383.3,27.4,Courtyard View,17056089.0,43566.0,2025-09-18,available,,,,,,,,,,,,,54.0,285,181-365 days
AUR-P3-B2-00342,AUR,Phase 3,Building B,7,Apartment,4,230.8,58.1,13.4,Street View,11095940.8,48076.0,2026-05-01,contracted,2026-06-11,2026-06-30,,CUS-000219,,AGT-001,5.1,10530047.82,5,17.5,2027-03-31,2027-03-31,54.0,41,31-90 days
AUR-P3-B2-00343,AUR,Phase 3,Building B,13,Apartment,4,102.4,9.2,0.0,Street View,6381056.0,62315.0,2025-11-11,contracted,2025-01-28,2025-02-20,,CUS-000056,,AGT-008,4.7,6081146.37,3,22.6,2027-03-31,2027-03-31,54.0,0,0-30 days
AUR-P3-B2-00344,AUR,Phase 3,Building B,9,Apartment,3,97.8,59.9,28.8,Pool View,5359342.2,54799.0,2025-10-08,contracted,2025-12-07,2025-12-24,,CUS-000081,,AGT-006,4.3,5128890.49,5,24.0,2027-03-31,2027-03-31,54.0,60,31-90 days
AUR-P3-B2-00345,AUR,Phase 3,Building B,3,Apartment,4,141.6,0.0,20.1,Garden View,7692844.8,54328.0,2026-02-27,cancelled,2025-12-23,2026-02-01,2026-03-18,CUS-000123,,AGT-008,4.0,7385131.01,5,24.1,2027-03-31,2027-03-31,54.0,0,0-30 days
AUR-P3-B2-00346,AUR,Phase 3,Building B,14,Apartment,3,99.0,0.0,23.6,Pool View,5013855.0,50645.0,2026-04-02,contracted,2024-12-31,2025-01-04,,CUS-000079,,AGT-004,3.2,4853411.64,5,20.8,2027-03-31,2027-03-31,54.0,0,0-30 days
AUR-P3-B2-00347,AUR,Phase 3,Building B,13,Apartment,3,142.6,2.3,0.0,Garden View,7152388.2,50157.0,2026-06-16,contracted,2024-11-05,2024-12-02,,CUS-000074,,AGT-008,2.6,6966426.11,5,23.1,2027-03-31,2027-03-31,54.0,0,0-30 days
AUR-P3-B2-00348,AUR,Phase 3,Building B,12,Apartment,4,181.9,24.3,8.4,Street View,12206945.2,67108.0,2026-01-21,available,,,,,,,,,,,,,54.0,160,91-180 days
AUR-P3-B2-00349,AUR,Phase 3,Building B,13,Apartment,3,237.8,0.0,12.2,Street View,13234283.4,55653.0,2026-02-13,reserved,2025-10-08,,,CUS-000054,,AGT-007,4.9,12585803.51,4,20.0,2027-03-31,2027-03-31,54.0,0,0-30 days
AUR-P3-B2-00350,AUR,Phase 3,Building B,0,Villa,4,498.5,189.5,43.4,Street View,22542170.0,45220.0,2026-06-16,available,,,,,,,,,,,,,54.0,14,0-30 days
AUR-P3-B3-00351,AUR,Phase 3,Building C,2,Apartment,3,111.1,18.1,23.5,Courtyard View,4885844.7,43977.0,2025-10-01,contracted,2024-07-31,2024-08-29,,CUS-000106,BRK-13,AGT-001,3.0,4739269.36,4,17.9,2027-03-31,2027-03-31,54.0,0,0-30 days
AUR-P3-B3-00352,AUR,Phase 3,Building C,2,Duplex,4,198.0,0.0,0.0,Garden View,11160666.0,56367.0,2026-04-11,contracted,2026-04-30,2026-05-27,,CUS-000097,,AGT-005,2.2,10915131.35,4,16.4,2027-03-31,2027-03-31,54.0,19,0-30 days
AUR-P3-B3-00353,AUR,Phase 3,Building C,4,Apartment,2,202.5,31.8,17.5,Pool View,12897022.5,63689.0,2026-03-17,available,,,,,,,,,,,,,54.0,105,91-180 days
AUR-P3-B3-00354,AUR,Phase 3,Building C,12,Apartment,3,211.7,0.0,27.1,Skyline View,12702846.8,60004.0,2026-06-16,available,,,,,,,,,,,,,54.0,14,0-30 days
AUR-P3-B3-00355,AUR,Phase 3,Building C,0,Villa,5,412.1,307.2,53.7,Street View,18277459.2,44352.0,2026-04-14,available,,,,,,,,,,,,,54.0,77,31-90 days
AUR-P3-B3-00356,AUR,Phase 3,Building C,0,Apartment,4,209.4,0.0,0.0,Street View,10820326.2,51673.0,2026-05-12,contracted,2026-06-30,2026-06-30,,CUS-000162,,AGT-008,4.8,10300950.54,4,23.6,2027-03-31,2027-03-31,54.0,49,31-90 days
AUR-P3-B3-00357,AUR,Phase 3,Building C,0,Villa,6,480.2,214.9,33.5,Garden View,23630161.8,49209.0,2026-01-01,available,,,,,,,,,,,,,54.0,180,91-180 days
AUR-P3-B3-00358,AUR,Phase 3,Building C,5,Apartment,2,118.4,0.0,0.0,Garden View,5272707.2,44533.0,2025-09-14,contracted,2024-10-24,2024-11-16,,CUS-000086,,AGT-007,4.7,5024889.96,3,18.0,2027-03-31,2027-03-31,54.0,0,0-30 days
AUR-P3-B3-00359,AUR,Phase 3,Building C,0,Villa,4,297.7,297.7,32.2,Pool View,14037745.8,47154.0,2026-02-06,available,,,,,,,,,,,,,54.0,144,91-180 days
AUR-P3-B3-00360,AUR,Phase 3,Building C,0,Duplex,3,220.4,0.0,12.6,Skyline View,13008669.2,59023.0,2025-12-04,contracted,2025-01-10,2025-01-30,,CUS-000205,,AGT-003,5.1,12345227.07,4,23.9,2027-03-31,2027-03-31,54.0,0,0-30 days
AUR-P3-B3-00361,AUR,Phase 3,Building C,5,Apartment,2,162.2,0.0,26.5,Street View,9514976.4,58662.0,2026-05-29,contracted,2024-10-26,2024-11-26,,CUS-000245,,AGT-009,5.0,9039227.58,5,15.7,2027-03-31,2027-03-31,54.0,0,0-30 days
AUR-P3-B3-00362,AUR,Phase 3,Building C,10,Apartment,4,166.3,0.0,15.1,Pool View,10760108.9,64703.0,2026-03-25,contracted,2025-04-17,2025-04-26,,CUS-000101,,AGT-008,5.5,10168302.91,6,18.2,2027-03-31,2027-03-31,54.0,0,0-30 days
AUR-P3-B3-00363,AUR,Phase 3,Building C,14,Duplex,3,178.9,45.4,0.0,Courtyard View,8866284.0,49560.0,2025-09-06,contracted,2025-10-11,2025-11-18,,CUS-000041,,AGT-004,4.4,8476167.5,4,22.7,2027-03-31,2027-03-31,54.0,35,31-90 days
AUR-P3-B3-00364,AUR,Phase 3,Building C,0,Apartment,4,104.9,36.6,0.0,Garden View,4675917.5,44575.0,2025-11-08,reserved,2026-06-09,,,CUS-000011,,AGT-010,2.3,4568371.4,5,23.0,2027-03-31,2027-03-31,54.0,213,181-365 days
AUR-P3-B3-00365,AUR,Phase 3,Building C,6,Apartment,4,159.0,0.0,0.0,Skyline View,10676532.0,67148.0,2025-11-30,contracted,2026-06-30,2026-06-30,,CUS-000034,BRK-13,AGT-002,4.1,10238794.19,4,23.2,2027-03-31,2027-03-31,54.0,212,181-365 days
AUR-P3-B3-00366,AUR,Phase 3,Building C,2,Apartment,2,180.2,0.0,19.3,Street View,9425901.6,52308.0,2026-03-09,available,,,,,,,,,,,,,54.0,113,91-180 days
AUR-P3-B3-00367,AUR,Phase 3,Building C,4,Apartment,3,129.6,33.2,23.7,Courtyard View,7599484.8,58638.0,2026-02-15,available,,,,,,,,,,,,,54.0,135,91-180 days
AUR-P3-B3-00368,AUR,Phase 3,Building C,13,Apartment,2,150.8,0.0,0.0,Street View,7889252.8,52316.0,2025-08-29,contracted,2026-06-25,2026-06-30,,CUS-000215,,AGT-001,4.6,7526347.17,6,22.1,2027-03-31,2027-03-31,54.0,300,181-365 days
AUR-P3-B3-00369,AUR,Phase 3,Building C,1,Apartment,3,172.1,13.5,0.0,Courtyard View,11578199.6,67276.0,2025-10-07,contracted,2026-06-19,2026-06-30,,CUS-000008,BRK-10,AGT-010,4.3,11080337.02,3,20.8,2027-03-31,2027-03-31,54.0,255,181-365 days
AUR-P3-B3-00370,AUR,Phase 3,Building C,2,Apartment,4,170.2,0.0,24.9,Street View,10288930.4,60452.0,2025-12-23,available,,,,,,,,,,,,,54.0,189,181-365 days
AUR-P3-B3-00371,AUR,Phase 3,Building C,8,Apartment,4,193.1,0.0,0.0,Courtyard View,13027877.7,67467.0,2026-02-26,available,,,,,,,,,,,,,54.0,124,91-180 days
AUR-P3-B3-00372,AUR,Phase 3,Building C,6,Apartment,2,208.3,36.4,12.5,Garden View,10916169.8,52406.0,2025-12-27,contracted,2026-06-30,2026-06-30,,CUS-000043,,AGT-006,4.1,10468606.84,6,18.3,2027-03-31,2027-03-31,54.0,185,181-365 days
AUR-P3-B3-00373,AUR,Phase 3,Building C,3,Apartment,4,220.0,22.8,0.0,Garden View,12441220.0,56551.0,2026-06-04,cancelled,2025-01-19,2025-02-12,2025-04-02,CUS-000070,,AGT-007,4.9,11831600.22,6,16.8,2027-03-31,2027-03-31,54.0,0,0-30 days
AUR-P3-B3-00374,AUR,Phase 3,Building C,9,Apartment,2,123.9,37.4,13.9,Skyline View,7005182.1,56539.0,2026-01-20,available,,,,,,,,,,,,,54.0,161,91-180 days
AUR-P3-B3-00375,AUR,Phase 3,Building C,4,Apartment,4,139.6,0.0,15.6,Skyline View,6569296.8,47058.0,2025-11-15,available,,,,,,,,,,,,,54.0,227,181-365 days
AUR-P3-B3-00376,AUR,Phase 3,Building C,0,Duplex,3,220.2,0.0,28.1,Skyline View,10926103.8,49619.0,2025-09-08,available,,,,,,,,,,,,,54.0,295,181-365 days
AUR-P3-B3-00377,AUR,Phase 3,Building C,6,Apartment,3,168.3,0.0,0.0,Garden View,9459469.8,56206.0,2025-11-19,contracted,2025-01-06,2025-01-24,,CUS-000145,,AGT-004,2.0,9270280.4,3,21.9,2027-03-31,2027-03-31,54.0,0,0-30 days
AUR-P3-B3-00378,AUR,Phase 3,Building C,5,Apartment,3,239.3,0.0,16.0,Garden View,14826310.1,61957.0,2026-05-28,available,,,,,,,,,,,,,54.0,33,31-90 days
AUR-P3-B3-00379,AUR,Phase 3,Building C,10,Duplex,3,158.1,0.0,11.1,Garden View,8354004.0,52840.0,2026-01-03,available,,,,,,,,,,,,,54.0,178,91-180 days
AUR-P3-B3-00380,AUR,Phase 3,Building C,6,Apartment,2,214.6,30.0,0.0,Courtyard View,13630104.4,63514.0,2026-04-20,available,,,,,,,,,,,,,54.0,71,31-90 days
AUR-P3-B3-00381,AUR,Phase 3,Building C,8,Duplex,3,179.4,0.0,15.9,Garden View,8648156.4,48206.0,2025-12-17,contracted,2026-06-18,2026-06-30,,CUS-000025,,AGT-009,5.5,8172507.8,4,24.9,2027-03-31,2027-03-31,54.0,183,181-365 days
AUR-P3-B3-00382,AUR,Phase 3,Building C,11,Apartment,4,175.1,48.9,28.5,Street View,10321619.7,58947.0,2025-12-19,contracted,2025-06-10,2025-06-11,,CUS-000164,,AGT-004,3.5,9960363.01,4,20.4,2027-03-31,2027-03-31,54.0,0,0-30 days
AUR-P3-B3-00383,AUR,Phase 3,Building C,12,Apartment,4,96.0,31.2,16.8,Garden View,5371392.0,55952.0,2026-01-12,reserved,2026-01-03,,,CUS-000146,,AGT-001,5.3,5086708.22,3,17.3,2027-03-31,2027-03-31,54.0,0,0-30 days
AUR-P3-B3-00384,AUR,Phase 3,Building C,0,Villa,4,303.7,316.4,41.3,Pool View,18179785.7,59861.0,2026-03-23,contracted,2025-06-10,2025-06-23,,CUS-000051,,AGT-010,5.6,17161717.7,4,15.5,2027-03-31,2027-03-31,54.0,0,0-30 days
AUR-P3-B3-00385,AUR,Phase 3,Building C,0,Villa,6,308.4,398.8,39.1,Pool View,14564190.0,47225.0,2026-06-08,contracted,2024-09-22,2024-10-18,,CUS-000135,BRK-01,AGT-006,4.9,13850544.69,3,24.9,2027-03-31,2027-03-31,54.0,0,0-30 days
AUR-P3-B4-00386,AUR,Phase 3,Building D,13,Apartment,2,171.0,42.9,25.9,Courtyard View,7388568.0,43208.0,2025-10-20,available,,,,,,,,,,,,,54.0,253,181-365 days
AUR-P3-B4-00387,AUR,Phase 3,Building D,0,Villa,5,394.5,118.9,41.2,Street View,17483845.5,44319.0,2025-08-31,available,,,,,,,,,,,,,54.0,303,181-365 days
AUR-P3-B4-00388,AUR,Phase 3,Building D,9,Apartment,4,191.9,0.0,12.7,Garden View,12626252.4,65796.0,2025-09-10,contracted,2025-04-03,2025-05-01,,CUS-000166,,AGT-005,5.6,11919182.27,3,16.8,2027-03-31,2027-03-31,54.0,0,0-30 days
AUR-P3-B4-00389,AUR,Phase 3,Building D,3,Apartment,2,179.7,0.0,20.5,Skyline View,10930432.2,60826.0,2026-03-31,contracted,2025-11-11,2025-11-30,,CUS-000147,,AGT-009,4.8,10405771.45,5,19.4,2027-03-31,2027-03-31,54.0,0,0-30 days
AUR-P3-B4-00390,AUR,Phase 3,Building D,7,Apartment,3,96.5,0.0,0.0,Skyline View,5160144.5,53473.0,2026-06-16,contracted,2026-05-13,2026-05-24,,CUS-000184,,AGT-003,3.1,5000180.02,5,23.4,2027-03-31,2027-03-31,54.0,0,0-30 days
AUR-P3-B4-00391,AUR,Phase 3,Building D,6,Duplex,3,199.2,0.0,0.0,Courtyard View,9592476.0,48155.0,2026-06-05,reserved,2025-09-02,,,CUS-000165,,AGT-010,4.8,9132037.15,6,21.4,2027-03-31,2027-03-31,54.0,0,0-30 days
AUR-P3-B4-00392,AUR,Phase 3,Building D,11,Duplex,4,233.2,0.0,9.6,Pool View,13412031.6,57513.0,2025-11-10,contracted,2024-09-04,2024-10-09,,CUS-000085,,AGT-001,4.5,12808490.18,6,21.9,2027-03-31,2027-03-31,54.0,0,0-30 days
AUR-P3-B4-00393,AUR,Phase 3,Building D,1,Apartment,3,236.1,0.0,0.0,Garden View,10976761.2,46492.0,2025-11-29,contracted,2025-08-05,2025-08-14,,CUS-000222,,AGT-002,2.1,10746249.21,5,21.4,2027-03-31,2027-03-31,54.0,0,0-30 days
AUR-P3-B4-00394,AUR,Phase 3,Building D,3,Apartment,4,233.2,0.0,19.3,Street View,12482030.0,53525.0,2026-01-19,contracted,2026-06-24,2026-06-25,,CUS-000012,,AGT-007,5.2,11832964.44,4,19.2,2027-03-31,2027-03-31,54.0,156,91-180 days
AUR-P3-B4-00395,AUR,Phase 3,Building D,1,Duplex,4,135.1,26.1,17.8,Skyline View,7410640.3,54853.0,2026-04-24,reserved,2024-09-24,,,CUS-000071,,AGT-003,4.6,7069750.85,3,21.4,2027-03-31,2027-03-31,54.0,0,0-30 days
AUR-P3-B4-00396,AUR,Phase 3,Building D,5,Apartment,2,208.2,50.2,0.0,Skyline View,8970297.0,43085.0,2025-12-24,available,,,,,,,,,,,,,54.0,188,181-365 days
AUR-P3-B4-00397,AUR,Phase 3,Building D,14,Apartment,4,192.6,0.0,0.0,Pool View,10823542.2,56197.0,2026-05-13,available,,,,,,,,,,,,,54.0,48,31-90 days
AUR-P3-B4-00398,AUR,Phase 3,Building D,4,Apartment,3,134.5,0.0,0.0,Street View,7772217.0,57786.0,2025-11-23,cancelled,2025-10-20,,2025-12-12,CUS-000058,,AGT-005,4.4,7430239.45,6,22.1,2027-03-31,2027-03-31,54.0,0,0-30 days
AUR-P3-B4-00399,AUR,Phase 3,Building D,6,Apartment,4,128.0,0.0,10.5,Garden View,7748096.0,60532.0,2026-03-27,reserved,2025-02-27,,,CUS-000203,,AGT-009,5.4,7329698.82,4,20.1,2027-03-31,2027-03-31,54.0,0,0-30 days
AUR-P3-B4-00400,AUR,Phase 3,Building D,8,Apartment,4,227.0,0.0,18.5,Skyline View,13253168.0,58384.0,2025-12-02,cancelled,2026-05-17,2026-06-05,2026-06-30,CUS-000232,,AGT-006,4.2,12696534.94,6,19.1,2027-03-31,2027-03-31,54.0,166,91-180 days
AUR-P3-B4-00401,AUR,Phase 3,Building D,9,Duplex,3,118.9,0.0,27.9,Garden View,6721654.8,56532.0,2026-01-05,reserved,2024-11-15,,,CUS-000230,,AGT-003,4.4,6425901.99,4,20.5,2027-03-31,2027-03-31,54.0,0,0-30 days
AUR-P3-B4-00402,AUR,Phase 3,Building D,12,Apartment,4,200.3,45.4,0.0,Skyline View,12725459.6,63532.0,2026-01-23,available,,,,,,,,,,,,,54.0,158,91-180 days
AUR-P3-B4-00403,AUR,Phase 3,Building D,3,Apartment,2,227.0,1.2,28.5,Skyline View,9569639.0,42157.0,2025-09-14,cancelled,2024-11-25,2024-12-27,2025-02-16,CUS-000237,,AGT-010,4.9,9100726.69,3,20.0,2027-03-31,2027-03-31,54.0,0,0-30 days
AUR-P3-B4-00404,AUR,Phase 3,Building D,0,Villa,4,372.0,301.3,48.2,Skyline View,19821648.0,53284.0,2025-10-10,contracted,2024-11-30,2024-12-21,,CUS-000062,BRK-10,AGT-004,5.3,18771100.66,4,21.8,2027-03-31,2027-03-31,54.0,0,0-30 days
AUR-P3-B4-00405,AUR,Phase 3,Building D,8,Apartment,3,139.5,35.6,14.1,Pool View,9046435.5,64849.0,2026-06-07,available,,,,,,,,,,,,,54.0,23,0-30 days
AUR-P3-B4-00406,AUR,Phase 3,Building D,9,Apartment,2,173.1,20.9,0.0,Courtyard View,8529156.3,49273.0,2026-02-15,available,,,,,,,,,,,,,54.0,135,91-180 days
AUR-P3-B4-00407,AUR,Phase 3,Building D,7,Duplex,4,227.8,13.5,0.0,Garden View,12580710.6,55227.0,2025-12-08,available,,,,,,,,,,,,,54.0,204,181-365 days
AUR-P3-B4-00408,AUR,Phase 3,Building D,10,Apartment,3,182.5,2.2,8.4,Skyline View,8063945.0,44186.0,2026-06-04,contracted,2025-09-06,2025-09-23,,CUS-000096,,AGT-003,5.8,7596236.19,5,20.9,2027-03-31,2027-03-31,54.0,0,0-30 days
AUR-P3-B4-00409,AUR,Phase 3,Building D,1,Apartment,3,222.1,0.0,0.0,Skyline View,12846264.0,57840.0,2026-03-31,contracted,2024-12-13,2025-01-11,,CUS-000128,,AGT-009,2.2,12563646.19,3,24.3,2027-03-31,2027-03-31,54.0,0,0-30 days
AUR-P3-B4-00410,AUR,Phase 3,Building D,10,Apartment,3,130.3,52.5,16.5,Pool View,7995598.9,61363.0,2026-06-16,reserved,2025-07-23,,,CUS-000024,,AGT-008,4.9,7603814.55,3,23.2,2027-03-31,2027-03-31,54.0,0,0-30 days
AUR-P3-B4-00411,AUR,Phase 3,Building D,13,Apartment,4,124.9,53.2,15.3,Pool View,8110006.8,64932.0,2025-08-30,available,,,,,,,,,,,,,54.0,304,181-365 days
AUR-P3-B4-00412,AUR,Phase 3,Building D,0,Villa,5,483.2,152.2,28.7,Courtyard View,29749174.4,61567.0,2026-05-05,available,,,,,,,,,,,,,54.0,56,31-90 days
AUR-P3-B4-00413,AUR,Phase 3,Building D,0,Apartment,4,124.9,8.3,19.1,Street View,7285666.8,58332.0,2025-09-14,contracted,2025-04-12,2025-04-14,,CUS-000173,,AGT-006,4.4,6965097.46,3,23.2,2027-03-31,2027-03-31,54.0,0,0-30 days
AUR-P3-B4-00414,AUR,Phase 3,Building D,1,Apartment,2,134.2,56.2,11.1,Pool View,7961683.4,59327.0,2026-06-16,available,,,,,,,,,,,,,54.0,14,0-30 days
AUR-P3-B4-00415,AUR,Phase 3,Building D,9,Apartment,4,149.8,0.0,25.7,Skyline View,9420472.6,62887.0,2026-01-24,available,,,,,,,,,,,,,54.0,157,91-180 days
AUR-P3-B4-00416,AUR,Phase 3,Building D,7,Duplex,5,194.4,14.5,28.1,Street View,12209486.4,62806.0,2026-05-29,contracted,2025-11-11,2025-11-14,,CUS-000061,BRK-13,AGT-002,4.2,11696687.97,4,23.7,2027-03-31,2027-03-31,54.0,0,0-30 days
AUR-P3-B4-00417,AUR,Phase 3,Building D,6,Duplex,5,158.2,0.0,22.4,Pool View,6820318.4,43112.0,2026-06-16,available,,,,,,,,,,,,,54.0,14,0-30 days
AUR-P3-B4-00418,AUR,Phase 3,Building D,5,Apartment,4,206.5,0.0,20.5,Skyline View,10928599.5,52923.0,2026-03-05,available,,,,,,,,,,,,,54.0,117,91-180 days
AUR-P3-B4-00419,AUR,Phase 3,Building D,12,Duplex,5,125.6,0.0,8.3,Pool View,5705756.8,45428.0,2025-12-16,contracted,2025-03-02,2025-04-06,,CUS-000177,,AGT-003,2.8,5545995.61,3,20.5,2027-03-31,2027-03-31,54.0,0,0-30 days
AUR-P3-B4-00420,AUR,Phase 3,Building D,13,Apartment,2,193.0,0.0,22.2,Courtyard View,11926821.0,61797.0,2026-03-21,available,,,,,,,,,,,,,54.0,101,91-180 days
CST-P1-B1-00421,CST,Phase 1,Building A,11,Chalet,3,221.1,10.8,20.9,Courtyard View,11526827.4,52134.0,2024-09-27,contracted,2025-06-21,2025-07-14,,CUS-000477,,AGT-013,5.0,10950486.03,3,16.5,2026-11-30,2026-11-30,47.0,267,181-365 days
CST-P1-B1-00422,CST,Phase 1,Building A,8,Cabin,2,217.4,0.0,8.3,Skyline View,10732168.4,49366.0,2024-11-16,contracted,2026-06-30,2026-06-30,,CUS-000259,,AGT-012,2.9,10420935.52,6,19.3,2026-11-30,2026-11-30,47.0,591,365+ days
CST-P1-B1-00423,CST,Phase 1,Building A,8,Chalet,2,120.9,0.0,27.6,Skyline View,4629261.0,38290.0,2025-06-07,available,,,,,,,,,,,,,47.0,388,365+ days
CST-P1-B1-00424,CST,Phase 1,Building A,12,Chalet,3,207.1,0.0,25.9,Sea View,11170766.9,53939.0,2024-08-24,contracted,2025-04-05,2025-04-06,,CUS-000372,,AGT-011,3.9,10735106.99,3,23.3,2026-11-30,2026-11-30,47.0,224,181-365 days
CST-P1-B1-00425,CST,Phase 1,Building A,4,Chalet,3,95.8,0.0,17.3,Courtyard View,4358516.8,45496.0,2024-12-02,contracted,2026-06-30,2026-06-30,,CUS-000359,,AGT-014,2.0,4271346.46,3,15.9,2026-11-30,2026-11-30,47.0,575,365+ days
CST-P1-B1-00426,CST,Phase 1,Building A,0,Villa,5,363.1,172.0,46.2,Street View,14074482.2,38762.0,2024-06-10,available,,,,,,,,,,,,,47.0,750,365+ days
CST-P1-B1-00427,CST,Phase 1,Building A,0,Cabin,2,206.9,0.0,13.5,Pool View,9716230.9,46961.0,2024-09-19,contracted,2026-05-08,2026-05-26,,CUS-000273,,AGT-014,4.4,9288716.74,4,17.5,2026-11-30,2026-11-30,47.0,596,365+ days
CST-P1-B1-00428,CST,Phase 1,Building A,0,Villa,5,353.6,338.5,44.3,Pool View,13142251.2,37167.0,2025-01-17,contracted,2026-05-25,2026-06-05,,CUS-000363,,AGT-011,4.0,12616561.15,6,18.8,2026-11-30,2026-11-30,47.0,493,365+ days
CST-P1-B1-00429,CST,Phase 1,Building A,7,Chalet,2,232.0,26.9,0.0,Street View,10260896.0,44228.0,2025-04-16,contracted,2026-06-30,2026-06-30,,CUS-000350,,AGT-013,4.8,9768372.99,4,21.9,2026-11-30,2026-11-30,47.0,440,365+ days
CST-P1-B1-00430,CST,Phase 1,Building A,1,Chalet,2,121.7,0.0,12.8,Skyline View,4407000.4,36212.0,2024-11-14,contracted,2026-02-20,2026-03-27,,CUS-000447,,AGT-011,9.9,3970707.36,6,21.1,2026-11-30,2026-11-30,47.0,463,365+ days
CST-P1-B1-00431,CST,Phase 1,Building A,8,Chalet,2,200.7,10.0,11.7,Garden View,10888376.4,54252.0,2024-07-16,available,,,,,,,,,,,,,47.0,714,365+ days
CST-P1-B1-00432,CST,Phase 1,Building A,4,Chalet,3,200.6,0.0,24.6,Pool View,11373017.0,56695.0,2025-01-08,available,,,,,,,,,,,,,47.0,538,365+ days
CST-P1-B1-00433,CST,Phase 1,Building A,2,Chalet,3,120.3,0.0,0.0,Garden View,4685324.1,38947.0,2024-07-22,contracted,2024-11-29,2024-12-16,,CUS-000264,,AGT-014,11.3,4155882.48,6,15.3,2026-11-30,2026-11-30,47.0,130,91-180 days
CST-P1-B1-00434,CST,Phase 1,Building A,8,Cabin,1,147.9,0.0,0.0,Sea View,8280773.1,55989.0,2025-01-20,contracted,2025-05-28,2025-07-07,,CUS-000412,,AGT-011,4.2,7932980.63,3,18.7,2026-11-30,2026-11-30,47.0,128,91-180 days
CST-P1-B1-00435,CST,Phase 1,Building A,0,Villa,5,288.5,264.0,27.5,Pool View,15314445.5,53083.0,2025-05-27,contracted,2026-03-16,2026-03-22,,CUS-000409,,AGT-014,3.5,14778439.91,6,19.5,2026-11-30,2026-11-30,47.0,293,181-365 days
CST-P1-B1-00436,CST,Phase 1,Building A,4,Cabin,2,189.5,0.0,0.0,Street View,10410561.5,54937.0,2025-03-03,available,,,,,,,,,,,,,47.0,484,365+ days
CST-P1-B1-00437,CST,Phase 1,Building A,2,Cabin,2,109.2,0.0,0.0,Skyline View,5669664.0,51920.0,2024-06-16,available,,,,,,,,,,,,,47.0,744,365+ days
CST-P1-B1-00438,CST,Phase 1,Building A,10,Cabin,2,177.6,0.0,0.0,Courtyard View,7612291.2,42862.0,2025-01-20,available,,,,,,,,,,,,,47.0,526,365+ days
CST-P1-B1-00439,CST,Phase 1,Building A,0,Villa,3,480.1,395.8,59.6,Pool View,22100923.4,46034.0,2025-04-03,contracted,2025-06-25,2025-07-13,,CUS-000405,,AGT-013,3.7,21283189.23,5,15.2,2026-11-30,2026-11-30,47.0,83,31-90 days
CST-P1-B1-00440,CST,Phase 1,Building A,11,Cabin,1,235.3,0.0,8.8,Sea View,10621442.0,45140.0,2025-04-01,available,,,,,,,,,,,,,47.0,455,365+ days
CST-P1-B1-00441,CST,Phase 1,Building A,3,Chalet,3,170.0,0.0,8.0,Skyline View,7916560.0,46568.0,2024-12-16,available,,,,,,,,,,,,,47.0,561,365+ days
CST-P1-B1-00442,CST,Phase 1,Building A,12,Chalet,3,218.6,32.4,0.0,Street View,8194658.2,37487.0,2025-05-30,contracted,2024-11-24,2024-12-25,,CUS-000436,,AGT-014,11.9,7219493.87,5,18.5,2026-11-30,2026-11-30,47.0,0,0-30 days
CST-P1-B1-00443,CST,Phase 1,Building A,0,Villa,5,280.5,285.9,46.8,Pool View,15460599.0,55118.0,2024-09-30,available,,,,,,,,,,,,,47.0,638,365+ days
CST-P1-B1-00444,CST,Phase 1,Building A,12,Chalet,2,132.9,5.5,0.0,Sea View,6227826.9,46861.0,2024-09-14,available,,,,,,,,,,,,,47.0,654,365+ days
CST-P1-B1-00445,CST,Phase 1,Building A,0,Villa,4,503.9,361.5,57.3,Garden View,26428547.2,52448.0,2024-06-11,contracted,2026-06-30,2026-06-30,,CUS-000258,,AGT-013,5.8,24895691.46,5,21.2,2026-11-30,2026-11-30,47.0,749,365+ days
CST-P1-B1-00446,CST,Phase 1,Building A,8,Chalet,2,227.3,0.0,23.4,Street View,11483650.6,50522.0,2025-02-25,contracted,2026-06-16,2026-06-30,,CUS-000386,,AGT-014,2.8,11162108.38,5,19.3,2026-11-30,2026-11-30,47.0,476,365+ days
CST-P1-B1-00447,CST,Phase 1,Building A,0,Cabin,2,206.2,0.0,28.0,Street View,11197484.8,54304.0,2025-03-06,contracted,2026-06-30,2026-06-30,,CUS-000334,,AGT-013,5.2,10615215.59,4,20.1,2026-11-30,2026-11-30,47.0,481,365+ days
CST-P1-B1-00448,CST,Phase 1,Building A,5,Chalet,2,228.8,0.0,21.8,Pool View,7880100.8,34441.0,2024-11-04,contracted,2026-06-30,2026-06-30,,CUS-000360,,AGT-013,2.2,7706738.58,6,17.4,2026-11-30,2026-11-30,47.0,603,365+ days
CST-P1-B1-00449,CST,Phase 1,Building A,2,Chalet,3,212.0,0.0,23.1,Courtyard View,9121088.0,43024.0,2024-08-14,available,,,,,,,,,,,,,47.0,685,365+ days
CST-P1-B1-00450,CST,Phase 1,Building A,2,Chalet,2,224.9,0.0,9.2,Garden View,13011139.7,57853.0,2025-01-04,contracted,2024-12-02,2024-12-10,,CUS-000462,,AGT-013,4.9,12373593.85,6,23.5,2026-11-30,2026-11-30,47.0,0,0-30 days
CST-P1-B1-00451,CST,Phase 1,Building A,2,Chalet,3,215.6,0.0,13.5,Courtyard View,11349399.6,52641.0,2024-08-29,contracted,2026-03-21,2026-03-27,,CUS-000474,,AGT-014,4.4,10850026.02,6,21.6,2026-11-30,2026-11-30,47.0,569,365+ days
CST-P1-B1-00452,CST,Phase 1,Building A,9,Cabin,1,215.7,18.1,21.3,Street View,11324034.3,52499.0,2024-07-27,reserved,2026-06-27,,,CUS-000338,,AGT-011,3.0,10984313.27,6,20.5,2026-11-30,2026-11-30,47.0,700,365+ days
CST-P1-B1-00453,CST,Phase 1,Building A,12,Cabin,2,110.5,0.0,12.4,Sea View,6370656.5,57653.0,2024-07-13,cancelled,2025-10-11,2025-10-20,2025-12-07,CUS-000325,,AGT-014,10.7,5688996.25,6,16.6,2026-11-30,2026-11-30,47.0,455,365+ days
CST-P1-B1-00454,CST,Phase 1,Building A,10,Cabin,1,153.7,52.0,17.1,Skyline View,8577228.5,55805.0,2025-06-08,available,,,,,,,,,,,,,47.0,387,365+ days
CST-P1-B1-00455,CST,Phase 1,Building A,4,Chalet,3,202.9,0.0,29.3,Pool View,7392458.6,36434.0,2025-02-11,available,,,,,,,,,,,,,47.0,504,365+ days
CST-P1-B1-00456,CST,Phase 1,Building A,13,Chalet,2,114.9,0.0,28.1,Garden View,4363557.3,37977.0,2024-10-11,contracted,2026-06-30,2026-06-30,,CUS-000267,,AGT-014,2.2,4267559.04,5,22.9,2026-11-30,2026-11-30,47.0,627,365+ days
CST-P1-B1-00457,CST,Phase 1,Building A,0,Villa,3,302.3,355.6,32.0,Sea View,17187266.5,56855.0,2024-10-31,available,,,,,,,,,,,,,47.0,607,365+ days
CST-P1-B1-00458,CST,Phase 1,Building A,7,Chalet,3,118.4,0.0,23.0,Pool View,5711616.0,48240.0,2025-05-07,available,,,,,,,,,,,,,47.0,419,365+ days
CST-P1-B1-00459,CST,Phase 1,Building A,14,Chalet,3,113.1,1.5,16.8,Pool View,5293532.4,46804.0,2025-04-19,reserved,2026-01-25,,,CUS-000352,,AGT-013,10.4,4743005.03,5,20.7,2026-11-30,2026-11-30,47.0,281,181-365 days
CST-P1-B1-00460,CST,Phase 1,Building A,11,Chalet,2,135.4,29.5,24.0,Pool View,4876566.4,36016.0,2024-07-31,contracted,2026-06-30,2026-06-30,,CUS-000357,,AGT-012,4.0,4681503.74,4,16.4,2026-11-30,2026-11-30,47.0,699,365+ days
CST-P1-B1-00461,CST,Phase 1,Building A,3,Chalet,2,216.8,0.0,18.3,Pool View,11690723.2,53924.0,2025-01-06,available,,,,,,,,,,,,,47.0,540,365+ days
CST-P1-B1-00462,CST,Phase 1,Building A,0,Villa,5,343.8,134.2,51.5,Pool View,14270450.4,41508.0,2025-05-31,available,,,,,,,,,,,,,47.0,395,365+ days
CST-P1-B1-00463,CST,Phase 1,Building A,4,Chalet,2,184.0,0.0,0.0,Skyline View,8856104.0,48131.0,2024-11-21,contracted,2025-06-19,2025-07-06,,CUS-000448,,AGT-013,4.9,8422154.9,3,22.5,2026-11-30,2026-11-30,47.0,210,181-365 days
CST-P1-B1-00464,CST,Phase 1,Building A,13,Cabin,2,233.6,0.0,0.0,Courtyard View,11872720.0,50825.0,2024-07-27,contracted,2026-06-30,2026-06-30,,CUS-000313,,AGT-014,5.1,11267211.28,4,15.6,2026-11-30,2026-11-30,47.0,703,365+ days
CST-P1-B1-00465,CST,Phase 1,Building A,12,Chalet,2,230.2,0.0,0.0,Garden View,8688668.8,37744.0,2024-07-26,reserved,2024-09-23,,,CUS-000366,BRK-12,AGT-012,12.4,7611273.87,3,15.7,2026-11-30,2026-11-30,47.0,59,31-90 days
CST-P1-B1-00466,CST,Phase 1,Building A,5,Chalet,2,123.4,38.8,0.0,Pool View,4382427.6,35514.0,2024-10-04,contracted,2025-02-20,2025-03-19,,CUS-000454,BRK-03,AGT-011,12.7,3825859.29,4,19.1,2026-11-30,2026-11-30,47.0,139,91-180 days
CST-P1-B1-00467,CST,Phase 1,Building A,4,Cabin,1,182.7,0.0,0.0,Street View,7925343.3,43379.0,2024-10-01,reserved,2026-06-30,,,CUS-000361,,AGT-014,5.5,7489449.42,6,20.9,2026-11-30,2026-11-30,47.0,637,365+ days
CST-P1-B2-00468,CST,Phase 1,Building B,0,Villa,5,490.6,134.2,27.9,Courtyard View,22127041.2,45102.0,2024-08-29,available,,,,,,,,,,,,,47.0,670,365+ days
CST-P1-B2-00469,CST,Phase 1,Building B,9,Cabin,2,142.4,0.0,20.3,Sea View,7148195.2,50198.0,2024-12-12,contracted,2026-05-05,2026-05-25,,CUS-000358,,AGT-013,5.9,6726451.68,5,18.5,2026-11-30,2026-11-30,47.0,509,365+ days
CST-P1-B2-00470,CST,Phase 1,Building B,0,Villa,5,345.0,393.5,42.1,Pool View,14065650.0,40770.0,2024-11-01,contracted,2026-06-30,2026-06-30,,CUS-000291,,AGT-011,2.7,13685877.45,4,20.7,2026-11-30,2026-11-30,47.0,606,365+ days
CST-P1-B2-00471,CST,Phase 1,Building B,0,Villa,3,483.6,262.3,35.4,Courtyard View,24099238.8,49833.0,2025-02-05,available,,,,,,,,,,,,,47.0,510,365+ days
CST-P1-B2-00472,CST,Phase 1,Building B,11,Cabin,2,222.9,0.0,11.9,Sea View,11304819.3,50717.0,2024-10-26,contracted,2026-05-21,2026-06-03,,CUS-000491,BRK-06,AGT-014,2.3,11044808.46,3,21.3,2026-11-30,2026-11-30,47.0,572,365+ days
CST-P1-B2-00473,CST,Phase 1,Building B,0,Villa,3,307.3,283.6,53.1,Courtyard View,11011480.9,35833.0,2024-08-06,available,,,,,,,,,,,,,47.0,693,365+ days
CST-P1-B2-00474,CST,Phase 1,Building B,13,Chalet,3,239.9,0.0,25.2,Sea View,9887958.3,41217.0,2024-11-14,contracted,2024-11-21,2024-12-07,,CUS-000413,,AGT-014,11.4,8760731.05,3,20.2,2026-11-30,2026-11-30,47.0,7,0-30 days
CST-P1-B2-00475,CST,Phase 1,Building B,3,Chalet,2,114.3,34.7,22.7,Garden View,6358166.1,55627.0,2025-01-12,available,,,,,,,,,,,,,47.0,534,365+ days
CST-P1-B2-00476,CST,Phase 1,Building B,0,Villa,3,327.5,190.8,41.1,Street View,15998702.5,48851.0,2024-10-24,contracted,2026-01-03,2026-02-02,,CUS-000463,,AGT-013,10.4,14334837.44,3,23.5,2026-11-30,2026-11-30,47.0,436,365+ days
CST-P1-B2-00477,CST,Phase 1,Building B,9,Chalet,3,161.3,24.6,14.4,Skyline View,7809662.1,48417.0,2024-09-26,cancelled,2025-07-06,2025-07-15,2025-09-05,CUS-000287,,AGT-014,2.9,7583181.9,6,15.1,2026-11-30,2026-11-30,47.0,283,181-365 days
CST-P1-B2-00478,CST,Phase 1,Building B,10,Chalet,3,212.8,0.0,28.6,Sea View,7767412.8,36501.0,2025-02-21,reserved,2026-06-30,,,CUS-000322,,AGT-014,4.4,7425646.64,3,22.8,2026-11-30,2026-11-30,47.0,494,365+ days
CST-P1-B2-00479,CST,Phase 1,Building B,5,Chalet,3,217.3,0.0,0.0,Garden View,11967362.9,55073.0,2024-09-29,contracted,2026-05-30,2026-06-08,,CUS-000400,BRK-02,AGT-012,5.5,11309157.94,5,22.9,2026-11-30,2026-11-30,47.0,608,365+ days
CST-P1-B2-00480,CST,Phase 1,Building B,11,Cabin,2,107.0,0.0,0.0,Garden View,4251752.0,39736.0,2024-09-26,contracted,2026-06-30,2026-06-30,,CUS-000339,,AGT-012,2.9,4128451.19,4,23.2,2026-11-30,2026-11-30,47.0,642,365+ days
CST-P1-B2-00481,CST,Phase 1,Building B,5,Chalet,2,136.4,0.0,0.0,Skyline View,6331278.8,46417.0,2024-06-11,available,,,,,,,,,,,,,47.0,749,365+ days
CST-P1-B2-00482,CST,Phase 1,Building B,0,Chalet,2,232.9,56.8,22.1,Garden View,11616353.3,49877.0,2025-05-19,contracted,2025-02-20,2025-03-13,,CUS-000262,,AGT-014,12.2,10199158.2,4,21.5,2026-11-30,2026-11-30,47.0,0,0-30 days
CST-P1-B2-00483,CST,Phase 1,Building B,6,Chalet,3,113.5,11.8,18.0,Street View,4707072.0,41472.0,2024-09-28,contracted,2025-09-10,2025-10-07,,CUS-000356,,AGT-013,12.6,4113980.93,6,23.6,2026-11-30,2026-11-30,47.0,347,181-365 days
CST-P1-B2-00484,CST,Phase 1,Building B,10,Chalet,3,101.1,0.0,28.3,Garden View,3454991.4,34174.0,2025-01-06,reserved,2026-02-20,,,CUS-000476,,AGT-014,12.5,3023117.48,3,24.6,2026-11-30,2026-11-30,47.0,410,365+ days
CST-P1-B2-00485,CST,Phase 1,Building B,13,Chalet,2,154.7,0.0,0.0,Street View,5585752.9,36107.0,2025-02-24,contracted,2024-08-04,2024-08-08,,CUS-000373,,AGT-012,5.4,5284122.24,3,17.1,2026-11-30,2026-11-30,47.0,0,0-30 days
CST-P1-B2-00486,CST,Phase 1,Building B,6,Chalet,2,204.3,55.6,16.0,Pool View,10367203.5,50745.0,2025-04-29,contracted,2025-11-29,2025-12-16,,CUS-000461,,AGT-013,12.1,9112771.88,6,22.4,2026-11-30,2026-11-30,47.0,214,181-365 days
CST-P1-B2-00487,CST,Phase 1,Building B,6,Cabin,2,164.3,12.2,0.0,Street View,7858797.6,47832.0,2025-06-02,available,,,,,,,,,,,,,47.0,393,365+ days
CST-P1-B2-00488,CST,Phase 1,Building B,13,Cabin,1,118.0,0.0,21.5,Pool View,4758586.0,40327.0,2024-08-24,available,,,,,,,,,,,,,47.0,675,365+ days
CST-P1-B2-00489,CST,Phase 1,Building B,9,Chalet,2,158.3,0.0,0.0,Pool View,6023789.9,38053.0,2024-12-25,contracted,2024-10-15,2024-11-15,,CUS-000490,,AGT-013,9.7,5439482.28,4,18.4,2026-11-30,2026-11-30,47.0,0,0-30 days
CST-P1-B2-00490,CST,Phase 1,Building B,6,Cabin,1,140.7,0.0,0.0,Courtyard View,7852185.6,55808.0,2024-06-13,reserved,2026-06-30,,,CUS-000353,,AGT-012,2.4,7663733.15,3,15.8,2026-11-30,2026-11-30,47.0,747,365+ days
CST-P1-B2-00491,CST,Phase 1,Building B,0,Villa,3,492.1,307.2,27.0,Courtyard View,27989663.8,56878.0,2024-10-17,cancelled,2025-04-27,2025-05-02,2025-06-01,CUS-000455,BRK-14,AGT-013,5.3,26506211.62,5,20.5,2026-11-30,2026-11-30,47.0,192,181-365 days
CST-P1-B2-00492,CST,Phase 1,Building B,4,Cabin,1,195.7,0.0,0.0,Sea View,11271341.5,57595.0,2024-07-02,available,,,,,,,,,,,,,47.0,728,365+ days
CST-P1-B2-00493,CST,Phase 1,Building B,11,Chalet,2,178.4,0.0,12.4,Skyline View,8545716.8,47902.0,2024-11-07,contracted,2025-12-13,2025-12-28,,CUS-000377,,AGT-013,5.4,8084248.09,6,18.8,2026-11-30,2026-11-30,47.0,401,365+ days
CST-P1-B2-00494,CST,Phase 1,Building B,4,Chalet,3,222.3,0.0,15.9,Pool View,8699043.6,39132.0,2024-09-27,contracted,2026-06-22,2026-06-30,,CUS-000316,,AGT-014,2.6,8472868.47,6,18.3,2026-11-30,2026-11-30,47.0,633,365+ days
CST-P1-B2-00495,CST,Phase 1,Building B,10,Chalet,2,121.0,0.0,27.1,Skyline View,5712168.0,47208.0,2024-07-15,available,,,,,,,,,,,,,47.0,715,365+ days
CST-P1-B2-00496,CST,Phase 1,Building B,9,Chalet,2,117.6,0.0,11.3,Pool View,5980548.0,50855.0,2024-11-18,available,,,,,,,,,,,,,47.0,589,365+ days
CST-P1-B2-00497,CST,Phase 1,Building B,8,Chalet,3,168.1,25.6,15.5,Sea View,9048654.9,53829.0,2024-09-10,contracted,2026-05-13,2026-06-17,,CUS-000431,,AGT-014,2.1,8858633.15,5,15.8,2026-11-30,2026-11-30,47.0,610,365+ days
CST-P1-B2-00498,CST,Phase 1,Building B,14,Chalet,2,208.9,0.0,15.9,Courtyard View,10355381.9,49571.0,2025-04-15,contracted,2026-06-08,2026-06-30,,CUS-000354,BRK-06,AGT-012,3.2,10024009.68,3,21.5,2026-11-30,2026-11-30,47.0,419,365+ days
CST-P1-B2-00499,CST,Phase 1,Building B,1,Cabin,1,197.9,0.0,21.4,Pool View,7726807.6,39044.0,2024-10-26,contracted,2026-06-30,2026-06-30,,CUS-000314,,AGT-013,5.8,7278652.76,3,21.8,2026-11-30,2026-11-30,47.0,612,365+ days
CST-P1-B2-00500,CST,Phase 1,Building B,0,Villa,4,315.2,103.6,41.6,Garden View,17851036.8,56634.0,2025-05-26,contracted,2024-11-30,2025-01-07,,CUS-000459,,AGT-012,9.1,16226592.45,3,19.2,2026-11-30,2026-11-30,47.0,0,0-30 days
CST-P1-B2-00501,CST,Phase 1,Building B,0,Cabin,2,174.9,39.5,22.4,Garden View,7030630.2,40198.0,2025-05-25,contracted,2025-10-23,2025-11-06,,CUS-000319,,AGT-013,9.1,6390842.85,5,22.8,2026-11-30,2026-11-30,47.0,151,91-180 days
CST-P1-B2-00502,CST,Phase 1,Building B,4,Chalet,2,118.9,32.7,26.2,Skyline View,5462622.7,45943.0,2024-12-02,cancelled,2026-06-30,2026-06-30,2026-06-30,CUS-000266,,AGT-014,5.4,5167641.07,6,24.0,2026-11-30,2026-11-30,47.0,575,365+ days
CST-P1-B2-00503,CST,Phase 1,Building B,12,Cabin,1,179.8,27.6,21.3,Skyline View,6393867.8,35561.0,2024-11-05,cancelled,2025-09-28,2025-10-21,2025-11-20,CUS-000421,,AGT-012,9.9,5760874.89,6,21.5,2026-11-30,2026-11-30,47.0,327,181-365 days
CST-P1-B2-00504,CST,Phase 1,Building B,12,Chalet,3,108.7,0.0,0.0,Skyline View,4413763.5,40605.0,2025-02-15,available,,,,,,,,,,,,,47.0,500,365+ days
CST-P1-B2-00505,CST,Phase 1,Building B,3,Chalet,2,132.6,40.4,12.3,Sea View,4785136.2,36087.0,2024-06-25,contracted,2025-11-29,2025-12-29,,CUS-000383,,AGT-013,11.2,4249200.95,6,20.3,2026-11-30,2026-11-30,47.0,522,365+ days
CST-P1-B2-00506,CST,Phase 1,Building B,7,Cabin,2,179.6,0.0,0.0,Pool View,8318892.4,46319.0,2025-05-13,available,,,,,,,,,,,,,47.0,413,365+ days
CST-P1-B2-00507,CST,Phase 1,Building B,14,Cabin,2,177.6,0.0,0.0,Garden View,6270878.4,35309.0,2024-09-12,contracted,2026-05-14,2026-06-13,,CUS-000295,,AGT-011,2.9,6089022.93,4,16.3,2026-11-30,2026-11-30,47.0,609,365+ days
CST-P1-B2-00508,CST,Phase 1,Building B,0,Villa,5,292.2,87.7,20.4,Street View,13980893.4,47847.0,2025-05-29,reserved,2026-06-30,,,CUS-000261,,AGT-014,4.0,13421657.66,6,17.5,2026-11-30,2026-11-30,47.0,397,365+ days
CST-P1-B2-00509,CST,Phase 1,Building B,4,Cabin,1,191.3,52.2,20.2,Courtyard View,8128145.7,42489.0,2024-10-16,contracted,2025-03-13,2025-03-19,,CUS-000425,,AGT-013,4.1,7794891.73,5,20.6,2026-11-30,2026-11-30,47.0,148,91-180 days
CST-P1-B2-00510,CST,Phase 1,Building B,10,Chalet,2,157.2,21.4,15.4,Courtyard View,7983559.2,50786.0,2025-06-13,available,,,,,,,,,,,,,47.0,382,365+ days
CST-P1-B2-00511,CST,Phase 1,Building B,0,Villa,3,427.5,112.3,20.6,Pool View,23605267.5,55217.0,2024-06-18,contracted,2025-05-04,2025-05-19,,CUS-000375,,AGT-011,2.9,22920714.74,3,18.9,2026-11-30,2026-11-30,47.0,320,181-365 days
CST-P1-B2-00512,CST,Phase 1,Building B,9,Chalet,3,197.5,0.0,14.9,Pool View,8223505.0,41638.0,2025-02-03,contracted,2026-06-26,2026-06-30,,CUS-000364,,AGT-011,4.0,7894564.8,4,20.4,2026-11-30,2026-11-30,47.0,508,365+ days
CST-P1-B2-00513,CST,Phase 1,Building B,14,Cabin,2,107.3,0.0,9.8,Courtyard View,5180014.8,48276.0,2025-05-27,contracted,2026-01-24,2026-02-02,,CUS-000481,,AGT-014,10.7,4625753.22,3,24.7,2026-11-30,2026-11-30,47.0,242,181-365 days
CST-P1-B2-00514,CST,Phase 1,Building B,10,Chalet,3,225.6,55.1,0.0,Pool View,11166072.0,49495.0,2024-12-08,contracted,2026-04-05,2026-05-02,,CUS-000384,,AGT-013,4.6,10652432.69,4,19.7,2026-11-30,2026-11-30,47.0,483,365+ days
CST-P1-B3-00515,CST,Phase 1,Building C,1,Chalet,3,224.9,0.0,19.7,Sea View,8796738.6,39114.0,2025-01-07,contracted,2025-12-13,2025-12-30,,CUS-000340,,AGT-012,3.0,8532836.44,4,19.8,2026-11-30,2026-11-30,47.0,340,181-365 days
CST-P1-B3-00516,CST,Phase 1,Building C,14,Cabin,2,200.4,22.4,28.1,Pool View,8597761.2,42903.0,2025-01-16,cancelled,2026-01-19,,2026-03-09,CUS-000486,,AGT-011,10.0,7737985.08,5,20.5,2026-11-30,2026-11-30,47.0,368,365+ days
CST-P1-B3-00517,CST,Phase 1,Building C,3,Chalet,2,117.4,14.9,27.7,Garden View,6680529.6,56904.0,2024-06-29,cancelled,2025-04-15,,2025-05-29,CUS-000312,,AGT-012,5.2,6333142.06,4,15.9,2026-11-30,2026-11-30,47.0,290,181-365 days
CST-P1-B3-00518,CST,Phase 1,Building C,10,Cabin,2,117.1,0.0,16.0,Sea View,4891852.5,41775.0,2024-12-16,reserved,2024-11-15,,,CUS-000416,,AGT-013,11.0,4353748.72,5,24.3,2026-11-30,2026-11-30,47.0,0,0-30 days
CST-P1-B3-00519,CST,Phase 1,Building C,8,Chalet,3,179.9,55.8,15.2,Street View,9107077.7,50623.0,2024-06-26,contracted,2026-06-30,2026-06-30,,CUS-000257,,AGT-012,3.5,8788329.98,5,22.0,2026-11-30,2026-11-30,47.0,734,365+ days
CST-P1-B3-00520,CST,Phase 1,Building C,2,Cabin,2,116.5,0.0,26.9,Pool View,4613866.0,39604.0,2025-02-08,available,,,,,,,,,,,,,47.0,507,365+ days
CST-P1-B3-00521,CST,Phase 1,Building C,0,Villa,5,306.4,150.5,50.8,Courtyard View,12369674.4,40371.0,2024-10-23,available,,,,,,,,,,,,,47.0,615,365+ days
CST-P1-B3-00522,CST,Phase 1,Building C,0,Villa,4,426.5,320.9,59.1,Courtyard View,17563696.5,41181.0,2025-05-09,contracted,2026-06-14,2026-06-30,,CUS-000294,,AGT-014,5.3,16632820.59,4,21.2,2026-11-30,2026-11-30,47.0,401,365+ days
CST-P1-B3-00523,CST,Phase 1,Building C,3,Cabin,2,114.1,8.3,0.0,Garden View,5405829.8,47378.0,2024-09-21,available,,,,,,,,,,,,,47.0,647,365+ days
CST-P1-B3-00524,CST,Phase 1,Building C,0,Villa,5,386.3,125.1,38.8,Skyline View,21638980.8,56016.0,2025-01-19,contracted,2026-06-30,2026-06-30,,CUS-000301,,AGT-012,2.1,21184562.2,4,15.4,2026-11-30,2026-11-30,47.0,527,365+ days
CST-P1-B3-00525,CST,Phase 1,Building C,11,Chalet,3,183.2,0.0,0.0,Pool View,7103580.0,38775.0,2024-08-04,contracted,2025-10-06,2025-11-07,,CUS-000411,,AGT-013,9.6,6421636.32,4,20.4,2026-11-30,2026-11-30,47.0,428,365+ days
CST-P1-B3-00526,CST,Phase 1,Building C,0,Villa,3,280.8,162.0,43.4,Courtyard View,12915396.0,45995.0,2024-10-13,contracted,2026-06-30,2026-06-30,,CUS-000297,,AGT-011,2.1,12644172.68,4,23.9,2026-11-30,2026-11-30,47.0,625,365+ days
CST-P1-B3-00527,CST,Phase 1,Building C,1,Chalet,3,118.3,0.0,18.0,Pool View,5975214.7,50509.0,2024-07-03,contracted,2026-03-24,2026-04-23,,CUS-000403,,AGT-013,2.8,5807908.69,4,20.5,2026-11-30,2026-11-30,47.0,629,365+ days
CST-P1-B3-00528,CST,Phase 1,Building C,0,Cabin,1,174.2,0.0,0.0,Courtyard View,8313346.6,47723.0,2025-06-11,available,,,,,,,,,,,,,47.0,384,365+ days
CST-P1-B3-00529,CST,Phase 1,Building C,4,Chalet,3,160.0,0.0,0.0,Garden View,7157920.0,44737.0,2025-03-27,contracted,2025-10-29,2025-11-23,,CUS-000423,,AGT-014,9.5,6477917.6,3,22.8,2026-11-30,2026-11-30,47.0,216,181-365 days
CST-P1-B3-00530,CST,Phase 1,Building C,3,Cabin,2,222.9,17.7,14.7,Pool View,10793486.7,48423.0,2025-01-31,available,,,,,,,,,,,,,47.0,515,365+ days
CST-P1-B3-00531,CST,Phase 1,Building C,8,Chalet,2,201.6,25.5,8.4,Pool View,8666582.4,42989.0,2024-12-11,cancelled,2026-01-27,,2026-03-16,CUS-000331,,AGT-014,10.8,7730591.5,5,18.5,2026-11-30,2026-11-30,47.0,412,365+ days
CST-P1-B3-00532,CST,Phase 1,Building C,0,Villa,5,435.1,314.8,36.7,Sea View,20022431.8,46018.0,2024-06-15,contracted,2026-06-10,2026-06-14,,CUS-000275,,AGT-012,5.7,18881153.19,3,17.0,2026-11-30,2026-11-30,47.0,725,365+ days
CST-P1-B3-00533,CST,Phase 1,Building C,13,Chalet,2,102.7,0.0,11.0,Garden View,5276931.4,51382.0,2024-11-28,available,,,,,,,,,,,,,47.0,579,365+ days
CST-P1-B3-00534,CST,Phase 1,Building C,2,Chalet,3,118.4,0.0,14.5,Pool View,6162128.0,52045.0,2024-09-29,cancelled,2026-02-01,2026-02-07,2026-03-04,CUS-000296,,AGT-013,12.0,5422672.64,3,19.2,2026-11-30,2026-11-30,47.0,490,365+ days
CST-P1-B3-00535,CST,Phase 1,Building C,4,Chalet,3,171.5,0.0,25.0,Street View,6020679.0,35106.0,2024-12-31,available,,,,,,,,,,,,,47.0,546,365+ days
CST-P1-B3-00536,CST,Phase 1,Building C,10,Chalet,3,174.2,0.0,19.8,Sea View,8534580.6,48993.0,2025-02-28,available,,,,,,,,,,,,,47.0,487,365+ days
CST-P1-B3-00537,CST,Phase 1,Building C,4,Cabin,2,239.8,0.0,11.2,Sea View,8561099.8,35701.0,2024-09-18,contracted,2025-08-12,2025-08-22,,CUS-000378,,AGT-014,3.7,8244339.11,6,19.8,2026-11-30,2026-11-30,47.0,328,181-365 days
CST-P1-B3-00538,CST,Phase 1,Building C,5,Cabin,1,195.0,0.0,18.2,Street View,7844265.0,40227.0,2025-05-20,available,,,,,,,,,,,,,47.0,406,365+ days
CST-P1-B3-00539,CST,Phase 1,Building C,13,Chalet,2,178.1,51.3,16.2,Street View,6323974.8,35508.0,2024-09-23,available,,,,,,,,,,,,,47.0,645,365+ days
CST-P1-B3-00540,CST,Phase 1,Building C,8,Chalet,3,101.5,0.0,26.6,Pool View,5136204.5,50603.0,2025-03-07,available,,,,,,,,,,,,,47.0,480,365+ days
CST-P1-B3-00541,CST,Phase 1,Building C,0,Villa,5,359.0,262.1,30.4,Pool View,13942483.0,38837.0,2025-03-27,contracted,2024-10-15,2024-11-21,,CUS-000439,,AGT-012,10.2,12520349.73,5,15.3,2026-11-30,2026-11-30,47.0,0,0-30 days
CST-P1-B3-00542,CST,Phase 1,Building C,3,Chalet,3,127.6,0.0,9.0,Pool View,5629456.8,44118.0,2025-01-22,contracted,2025-09-03,2025-10-02,,CUS-000392,,AGT-011,11.8,4965180.9,5,18.1,2026-11-30,2026-11-30,47.0,224,181-365 days
CST-P1-B3-00543,CST,Phase 1,Building C,3,Cabin,1,175.8,28.9,0.0,Skyline View,7256848.2,41279.0,2024-06-27,contracted,2026-06-30,2026-06-30,,CUS-000309,,AGT-012,3.8,6981087.97,3,19.9,2026-11-30,2026-11-30,47.0,733,365+ days
CST-P1-B3-00544,CST,Phase 1,Building C,1,Chalet,3,98.0,0.0,23.1,Courtyard View,4302690.0,43905.0,2025-03-03,contracted,2025-06-23,2025-07-08,,CUS-000484,,AGT-011,4.6,4104766.26,5,16.5,2026-11-30,2026-11-30,47.0,112,91-180 days
CST-P1-B3-00545,CST,Phase 1,Building C,7,Chalet,3,174.5,0.0,16.0,Skyline View,7922998.0,45404.0,2024-06-25,contracted,2026-06-30,2026-06-30,,CUS-000279,,AGT-012,3.4,7653616.07,5,20.5,2026-11-30,2026-11-30,47.0,735,365+ days
CST-P1-B3-00546,CST,Phase 1,Building C,8,Chalet,3,195.6,0.0,17.7,Street View,8049135.6,41151.0,2025-01-31,available,,,,,,,,,,,,,47.0,515,365+ days
CST-P1-B3-00547,CST,Phase 1,Building C,14,Chalet,2,96.9,0.0,9.7,Pool View,3773770.5,38945.0,2025-05-27,reserved,2025-09-22,,,CUS-000284,,AGT-014,11.9,3324691.81,5,20.6,2026-11-30,2026-11-30,47.0,118,91-180 days
CST-P1-B3-00548,CST,Phase 1,Building C,0,Villa,5,504.3,204.7,20.6,Garden View,24720786.0,49020.0,2025-04-21,contracted,2025-12-15,2025-12-23,,CUS-000387,,AGT-011,3.0,23979162.42,6,23.2,2026-11-30,2026-11-30,47.0,238,181-365 days
CST-P1-B3-00549,CST,Phase 1,Building C,2,Chalet,3,215.0,43.9,28.0,Skyline View,11825000.0,55000.0,2024-06-27,contracted,2026-06-30,2026-06-30,,CUS-000302,,AGT-014,4.1,11340175.0,6,23.7,2026-11-30,2026-11-30,47.0,733,365+ days
CST-P1-B3-00550,CST,Phase 1,Building C,11,Chalet,2,158.7,21.6,8.1,Garden View,7203075.6,45388.0,2025-05-11,contracted,2026-03-13,2026-03-29,,CUS-000380,,AGT-011,3.4,6958171.03,3,23.7,2026-11-30,2026-11-30,47.0,306,181-365 days
CST-P1-B3-00551,CST,Phase 1,Building C,0,Villa,3,397.4,147.4,58.8,Street View,18027653.6,45364.0,2025-01-13,contracted,2025-05-26,2025-06-18,,CUS-000256,BRK-13,AGT-013,3.4,17414713.38,3,16.8,2026-11-30,2026-11-30,47.0,133,91-180 days
CST-P1-B3-00552,CST,Phase 1,Building C,13,Chalet,3,113.8,17.0,26.6,Skyline View,5203732.6,45727.0,2024-09-17,available,,,,,,,,,,,,,47.0,651,365+ days
CST-P1-B3-00553,CST,Phase 1,Building C,0,Villa,4,346.3,250.0,40.0,Garden View,14257863.6,41172.0,2024-12-12,contracted,2025-07-04,2025-08-03,,CUS-000440,,AGT-013,5.8,13430907.51,3,20.0,2026-11-30,2026-11-30,47.0,204,181-365 days
CST-P1-B3-00554,CST,Phase 1,Building C,11,Chalet,2,201.6,59.8,14.0,Courtyard View,7448918.4,36949.0,2024-11-03,available,,,,,,,,,,,,,47.0,604,365+ days
CST-P1-B3-00555,CST,Phase 1,Building C,2,Cabin,1,224.9,48.6,16.9,Garden View,8339067.1,37079.0,2025-05-10,contracted,2025-11-08,2025-11-21,,CUS-000390,BRK-14,AGT-014,11.0,7421769.72,4,21.6,2026-11-30,2026-11-30,47.0,182,181-365 days
CST-P1-B3-00556,CST,Phase 1,Building C,2,Cabin,1,98.8,0.0,17.9,Garden View,4956894.8,50171.0,2024-08-13,contracted,2025-02-22,2025-03-22,,CUS-000410,BRK-01,AGT-013,11.3,4396765.69,6,18.6,2026-11-30,2026-11-30,47.0,193,181-365 days
CST-P1-B3-00557,CST,Phase 1,Building C,0,Villa,4,319.2,229.6,27.4,Street View,11950528.8,37439.0,2024-11-19,available,,,,,,,,,,,,,47.0,588,365+ days
CST-P1-B3-00558,CST,Phase 1,Building C,9,Chalet,3,219.4,0.0,18.7,Courtyard View,11007298.0,50170.0,2024-08-05,available,,,,,,,,,,,,,47.0,694,365+ days
CST-P1-B3-00559,CST,Phase 1,Building C,7,Cabin,1,114.4,0.0,16.9,Pool View,6318312.0,55230.0,2024-06-25,contracted,2026-05-16,2026-06-07,,CUS-000482,,AGT-013,4.0,6065579.52,4,16.3,2026-11-30,2026-11-30,47.0,690,365+ days
CST-P1-B3-00560,CST,Phase 1,Building C,0,Villa,5,300.9,244.4,51.8,Garden View,13136391.3,43657.0,2024-09-03,available,,,,,,,,,,,,,47.0,665,365+ days
CST-P1-B3-00561,CST,Phase 1,Building C,11,Chalet,3,213.2,17.0,24.3,Garden View,9651777.2,45271.0,2025-02-10,available,,,,,,,,,,,,,47.0,505,365+ days
CST-P1-B4-00562,CST,Phase 1,Building D,0,Cabin,1,239.0,19.1,0.0,Courtyard View,13010921.0,54439.0,2025-05-03,contracted,2026-06-23,2026-06-30,,CUS-000323,,AGT-012,5.4,12308331.27,4,18.1,2026-11-30,2026-11-30,47.0,416,365+ days
CST-P1-B4-00563,CST,Phase 1,Building D,14,Cabin,1,107.5,0.0,13.7,Skyline View,4744082.5,44131.0,2024-10-25,available,,,,,,,,,,,,,47.0,613,365+ days
CST-P1-B4-00564,CST,Phase 1,Building D,6,Chalet,2,208.3,59.2,0.0,Garden View,12017868.5,57695.0,2025-03-31,contracted,2024-11-15,2024-12-08,,CUS-000408,,AGT-011,12.2,10551688.54,3,23.3,2026-11-30,2026-11-30,47.0,0,0-30 days
CST-P1-B4-00565,CST,Phase 1,Building D,5,Chalet,2,141.2,3.6,0.0,Garden View,7885455.2,55846.0,2025-03-24,contracted,2026-06-30,2026-06-30,,CUS-000346,,AGT-014,5.5,7451755.16,5,23.8,2026-11-30,2026-11-30,47.0,463,365+ days
CST-P1-B4-00566,CST,Phase 1,Building D,0,Villa,3,476.6,183.6,25.1,Street View,17755256.4,37254.0,2025-01-17,contracted,2026-05-18,2026-05-25,,CUS-000343,,AGT-013,2.6,17293619.73,6,15.3,2026-11-30,2026-11-30,47.0,486,365+ days
CST-P1-B4-00567,CST,Phase 1,Building D,0,Villa,3,383.1,193.5,55.7,Skyline View,14431760.1,37671.0,2024-07-08,available,,,,,,,,,,,,,47.0,722,365+ days
CST-P1-B4-00568,CST,Phase 1,Building D,0,Chalet,3,188.7,0.0,0.0,Courtyard View,10244900.4,54292.0,2024-09-27,available,,,,,,,,,,,,,47.0,641,365+ days
CST-P1-B4-00569,CST,Phase 1,Building D,8,Chalet,2,132.0,47.0,12.2,Garden View,6991248.0,52964.0,2025-03-25,contracted,2025-03-18,2025-04-20,,CUS-000371,,AGT-014,4.6,6669650.59,4,23.5,2026-11-30,2026-11-30,47.0,0,0-30 days
CST-P1-B4-00570,CST,Phase 1,Building D,6,Chalet,3,101.5,0.0,25.0,Street View,3498197.5,34465.0,2024-06-23,available,,,,,,,,,,,,,47.0,737,365+ days
CST-P1-B4-00571,CST,Phase 1,Building D,2,Cabin,2,176.5,0.0,10.9,Pool View,6270515.5,35527.0,2024-10-19,available,,,,,,,,,,,,,47.0,619,365+ days
CST-P1-B4-00572,CST,Phase 1,Building D,9,Chalet,3,121.0,0.0,13.9,Pool View,6806129.0,56249.0,2025-05-29,available,,,,,,,,,,,,,47.0,397,365+ days
CST-P1-B4-00573,CST,Phase 1,Building D,1,Chalet,2,129.5,1.7,8.7,Courtyard View,4793572.0,37016.0,2025-02-08,available,,,,,,,,,,,,,47.0,507,365+ days
CST-P1-B4-00574,CST,Phase 1,Building D,0,Villa,3,472.6,166.2,47.7,Garden View,26865892.2,56847.0,2024-09-03,reserved,2025-07-14,,,CUS-000370,,AGT-011,2.3,26247976.68,6,19.6,2026-11-30,2026-11-30,47.0,314,181-365 days
CST-P1-B4-00575,CST,Phase 1,Building D,6,Cabin,1,140.0,5.2,0.0,Street View,5424300.0,38745.0,2025-06-01,available,,,,,,,,,,,,,47.0,394,365+ days
CST-P1-B4-00576,CST,Phase 1,Building D,0,Villa,3,355.9,378.4,43.3,Pool View,16973582.8,47692.0,2024-10-18,contracted,2026-02-26,2026-03-17,,CUS-000419,BRK-03,AGT-012,11.6,15004647.2,6,16.0,2026-11-30,2026-11-30,47.0,496,365+ days
CST-P1-B4-00577,CST,Phase 1,Building D,11,Cabin,1,150.0,0.0,9.8,Courtyard View,8259600.0,55064.0,2025-02-24,contracted,2026-06-30,2026-06-30,,CUS-000333,,AGT-013,3.9,7937475.6,4,19.9,2026-11-30,2026-11-30,47.0,491,365+ days
CST-P1-B4-00578,CST,Phase 1,Building D,4,Chalet,3,135.8,18.3,12.0,Pool View,5479530.0,40350.0,2024-09-28,available,,,,,,,,,,,,,47.0,640,365+ days
CST-P1-B4-00579,CST,Phase 1,Building D,4,Chalet,3,213.9,11.3,0.0,Sea View,7530777.3,35207.0,2024-07-06,contracted,2025-09-29,2025-10-11,,CUS-000281,,AGT-014,10.0,6777699.57,4,15.2,2026-11-30,2026-11-30,47.0,450,365+ days
CST-P1-B4-00580,CST,Phase 1,Building D,3,Chalet,3,123.2,0.0,0.0,Pool View,4744924.8,38514.0,2024-12-29,contracted,2026-01-19,2026-01-29,,CUS-000426,,AGT-012,11.8,4185023.67,4,25.0,2026-11-30,2026-11-30,47.0,386,365+ days
CST-P1-B4-00581,CST,Phase 1,Building D,0,Villa,4,296.4,154.6,42.6,Courtyard View,10315016.4,34801.0,2024-10-07,contracted,2025-11-29,2025-12-22,,CUS-000430,,AGT-014,12.8,8994694.3,5,21.3,2026-11-30,2026-11-30,47.0,418,365+ days
CST-P1-B4-00582,CST,Phase 1,Building D,0,Villa,4,465.9,159.7,57.9,Pool View,18207837.9,39081.0,2024-10-11,contracted,2026-06-30,2026-06-30,,CUS-000344,,AGT-014,5.0,17297446.0,6,24.0,2026-11-30,2026-11-30,47.0,627,365+ days
CST-P1-B4-00583,CST,Phase 1,Building D,14,Chalet,2,161.5,58.8,0.0,Street View,7695798.0,47652.0,2025-01-30,contracted,2025-05-22,2025-06-06,,CUS-000290,,AGT-012,4.4,7357182.89,6,22.9,2026-11-30,2026-11-30,47.0,112,91-180 days
CST-P1-B4-00584,CST,Phase 1,Building D,0,Villa,4,451.1,217.7,31.4,Pool View,16900461.5,37465.0,2024-09-06,contracted,2026-06-30,2026-06-30,,CUS-000300,,AGT-014,4.2,16190642.12,4,23.7,2026-11-30,2026-11-30,47.0,662,365+ days
CST-P1-B4-00585,CST,Phase 1,Building D,1,Chalet,2,229.1,32.4,20.1,Garden View,11341366.4,49504.0,2024-09-16,contracted,2024-09-07,2024-09-22,,CUS-000310,,AGT-011,11.1,10082474.73,3,15.7,2026-11-30,2026-11-30,47.0,0,0-30 days
CST-P1-B4-00586,CST,Phase 1,Building D,0,Villa,3,343.1,315.7,33.5,Garden View,18884567.1,55041.0,2024-08-10,contracted,2024-10-29,2024-11-09,,CUS-000443,BRK-14,AGT-014,10.2,16958341.26,6,16.0,2026-11-30,2026-11-30,47.0,80,31-90 days
CST-P1-B4-00587,CST,Phase 1,Building D,5,Chalet,2,195.4,0.0,0.0,Street View,7994595.6,40914.0,2024-12-26,contracted,2024-08-12,2024-08-28,,CUS-000432,,AGT-013,3.9,7682806.37,5,18.9,2026-11-30,2026-11-30,47.0,0,0-30 days
CST-P1-B4-00588,CST,Phase 1,Building D,5,Cabin,1,128.0,0.0,0.0,Garden View,4889344.0,38198.0,2024-10-05,contracted,2025-01-01,2025-02-01,,CUS-000483,,AGT-013,10.2,4390630.91,6,15.7,2026-11-30,2026-11-30,47.0,88,31-90 days
CST-P1-B4-00589,CST,Phase 1,Building D,0,Villa,4,389.5,277.2,57.2,Courtyard View,16950650.5,43519.0,2024-10-09,contracted,2025-07-14,2025-08-01,,CUS-000395,,AGT-013,4.7,16153969.93,5,20.3,2026-11-30,2026-11-30,47.0,278,181-365 days
CST-P1-B4-00590,CST,Phase 1,Building D,0,Chalet,2,109.9,0.0,26.3,Sea View,5142330.9,46791.0,2025-03-28,available,,,,,,,,,,,,,47.0,459,365+ days
CST-P1-B4-00591,CST,Phase 1,Building D,8,Chalet,3,196.2,0.0,26.6,Street View,11046452.4,56302.0,2024-11-14,contracted,2026-01-31,2026-02-12,,CUS-000406,,AGT-014,11.7,9754017.47,3,17.5,2026-11-30,2026-11-30,47.0,443,365+ days
CST-P1-B4-00592,CST,Phase 1,Building D,12,Chalet,3,159.9,0.0,0.0,Courtyard View,6849156.6,42834.0,2024-08-27,contracted,2025-08-23,2025-09-24,,CUS-000433,,AGT-014,3.0,6643681.9,3,17.6,2026-11-30,2026-11-30,47.0,361,181-365 days
CST-P1-B4-00593,CST,Phase 1,Building D,10,Cabin,2,223.3,0.0,0.0,Street View,9727171.3,43561.0,2024-09-05,contracted,2026-06-30,2026-06-30,,CUS-000304,,AGT-014,5.7,9172722.54,5,21.4,2026-11-30,2026-11-30,47.0,663,365+ days
CST-P1-B4-00594,CST,Phase 1,Building D,6,Cabin,2,197.6,0.0,0.0,Skyline View,10634634.4,53819.0,2025-05-25,cancelled,2026-05-21,2026-06-08,2026-06-30,CUS-000332,,AGT-012,5.7,10028460.24,5,20.0,2026-11-30,2026-11-30,47.0,361,181-365 days
CST-P1-B4-00595,CST,Phase 1,Building D,0,Villa,4,485.7,86.2,20.6,Courtyard View,23911496.7,49231.0,2025-03-29,available,,,,,,,,,,,,,47.0,458,365+ days
CST-P1-B4-00596,CST,Phase 1,Building D,0,Villa,3,374.0,318.0,29.8,Courtyard View,18366392.0,49108.0,2025-05-18,cancelled,2024-09-01,2024-09-13,2024-10-17,CUS-000321,,AGT-014,12.1,16144058.57,4,19.8,2026-11-30,2026-11-30,47.0,0,0-30 days
CST-P1-B4-00597,CST,Phase 1,Building D,0,Villa,4,395.6,251.3,33.8,Pool View,18045294.0,45615.0,2024-10-25,available,,,,,,,,,,,,,47.0,613,365+ days
CST-P1-B4-00598,CST,Phase 1,Building D,0,Villa,5,355.5,298.9,57.9,Courtyard View,15176650.5,42691.0,2024-11-01,available,,,,,,,,,,,,,47.0,606,365+ days
CST-P1-B4-00599,CST,Phase 1,Building D,0,Villa,5,300.2,375.3,59.2,Street View,11945558.4,39792.0,2025-05-08,contracted,2025-08-18,2025-09-07,,CUS-000306,,AGT-012,3.8,11491627.18,4,24.0,2026-11-30,2026-11-30,47.0,102,91-180 days
CST-P1-B4-00600,CST,Phase 1,Building D,14,Chalet,3,182.3,0.0,0.0,Street View,9947199.5,54565.0,2024-09-28,contracted,2026-06-28,2026-06-30,,CUS-000330,,AGT-014,5.7,9380209.13,6,17.1,2026-11-30,2026-11-30,47.0,638,365+ days
CST-P1-B4-00601,CST,Phase 1,Building D,0,Villa,3,286.2,154.6,29.5,Street View,15054978.6,52603.0,2025-02-02,contracted,2025-07-20,2025-08-09,,CUS-000452,BRK-07,AGT-011,2.3,14708714.09,5,19.4,2026-11-30,2026-11-30,47.0,168,91-180 days
CST-P1-B4-00602,CST,Phase 1,Building D,0,Villa,4,482.3,331.6,55.2,Skyline View,19594402.1,40627.0,2025-02-15,contracted,2025-12-24,2026-01-24,,CUS-000381,,AGT-012,3.9,18830220.42,3,21.6,2026-11-30,2026-11-30,47.0,312,181-365 days
CST-P1-B4-00603,CST,Phase 1,Building D,14,Cabin,1,179.5,0.0,0.0,Sea View,7416760.5,41319.0,2024-07-25,available,,,,,,,,,,,,,47.0,705,365+ days
CST-P1-B4-00604,CST,Phase 1,Building D,3,Cabin,2,135.2,1.4,14.0,Sea View,5269690.4,38977.0,2024-06-28,contracted,2026-03-12,2026-03-29,,CUS-000485,BRK-06,AGT-014,4.2,5048363.4,6,19.1,2026-11-30,2026-11-30,47.0,622,365+ days
CST-P1-B4-00605,CST,Phase 1,Building D,7,Chalet,2,108.4,26.3,0.0,Garden View,5953002.8,54917.0,2024-11-08,available,,,,,,,,,,,,,47.0,599,365+ days
CST-P1-B4-00606,CST,Phase 1,Building D,12,Chalet,2,192.8,0.0,24.2,Garden View,9603560.8,49811.0,2025-04-28,contracted,2025-01-17,2025-02-15,,CUS-000470,,AGT-011,9.5,8691222.52,5,16.0,2026-11-30,2026-11-30,47.0,0,0-30 days
CST-P1-B4-00607,CST,Phase 1,Building D,1,Chalet,2,99.9,0.0,0.0,Courtyard View,4005490.5,40095.0,2024-06-30,available,,,,,,,,,,,,,47.0,730,365+ days
CST-P1-B4-00608,CST,Phase 1,Building D,3,Chalet,2,123.2,0.0,0.0,Courtyard View,5253371.2,42641.0,2025-03-02,available,,,,,,,,,,,,,47.0,485,365+ days
CST-P2-B1-00609,CST,Phase 2,Building A,4,Chalet,2,115.3,46.2,14.3,Street View,6651541.7,57689.0,2026-05-15,contracted,2026-06-30,2026-06-30,,CUS-000276,,AGT-014,4.3,6365525.41,4,16.0,2026-11-30,2026-11-30,47.0,46,31-90 days
CST-P2-B1-00610,CST,Phase 2,Building A,13,Chalet,2,177.2,25.6,25.8,Street View,6426866.8,36269.0,2026-06-16,contracted,2026-06-30,2026-06-30,,CUS-000260,,AGT-011,4.1,6163365.26,6,20.1,2026-11-30,2026-11-30,47.0,14,0-30 days
CST-P2-B1-00611,CST,Phase 2,Building A,14,Chalet,2,106.0,0.0,0.0,Street View,3776038.0,35623.0,2026-01-04,available,,,,,,,,,,,,,47.0,177,91-180 days
CST-P2-B1-00612,CST,Phase 2,Building A,1,Cabin,1,143.7,0.0,26.0,Pool View,5808928.8,40424.0,2026-02-18,contracted,2026-06-30,2026-06-30,,CUS-000311,,AGT-014,2.8,5646278.79,5,23.2,2026-11-30,2026-11-30,47.0,132,91-180 days
CST-P2-B1-00613,CST,Phase 2,Building A,11,Cabin,1,170.7,0.0,9.3,Garden View,9781280.7,57301.0,2025-09-22,contracted,2024-10-15,2024-10-28,,CUS-000469,,AGT-012,10.1,8793371.35,4,15.4,2026-11-30,2026-11-30,47.0,0,0-30 days
CST-P2-B1-00614,CST,Phase 2,Building A,9,Chalet,2,188.6,0.0,15.1,Street View,7994376.8,42388.0,2025-06-30,contracted,2025-08-15,2025-08-17,,CUS-000428,,AGT-013,4.9,7602652.34,3,17.9,2026-11-30,2026-11-30,47.0,46,31-90 days
CST-P2-B1-00615,CST,Phase 2,Building A,10,Chalet,2,142.0,0.0,20.1,Sea View,5534024.0,38972.0,2025-07-03,available,,,,,,,,,,,,,47.0,362,181-365 days
CST-P2-B1-00616,CST,Phase 2,Building A,0,Chalet,3,114.6,0.0,12.4,Skyline View,6490600.2,56637.0,2025-08-31,contracted,2026-06-30,2026-06-30,,CUS-000292,,AGT-014,5.9,6107654.79,6,20.8,2026-11-30,2026-11-30,47.0,303,181-365 days
CST-P2-B1-00617,CST,Phase 2,Building A,6,Chalet,3,177.0,20.4,0.0,Courtyard View,9874122.0,55786.0,2025-08-24,contracted,2025-01-04,2025-01-26,,CUS-000434,,AGT-012,11.8,8708975.6,6,22.4,2026-11-30,2026-11-30,47.0,0,0-30 days
CST-P2-B1-00618,CST,Phase 2,Building A,5,Chalet,3,138.4,38.9,0.0,Sea View,7184620.8,51912.0,2026-04-06,cancelled,2026-06-30,2026-06-30,2026-06-30,CUS-000272,,AGT-011,5.2,6811020.52,5,24.4,2026-11-30,2026-11-30,47.0,85,31-90 days
CST-P2-B1-00619,CST,Phase 2,Building A,1,Chalet,2,95.6,0.0,0.0,Skyline View,4280012.0,44770.0,2026-02-05,available,,,,,,,,,,,,,47.0,145,91-180 days
CST-P2-B1-00620,CST,Phase 2,Building A,0,Villa,5,457.5,269.5,29.3,Street View,23775817.5,51969.0,2025-08-16,contracted,2024-10-25,2024-11-11,,CUS-000489,,AGT-013,11.1,21136701.76,4,22.5,2026-11-30,2026-11-30,47.0,0,0-30 days
CST-P2-B1-00621,CST,Phase 2,Building A,3,Cabin,2,231.4,47.4,0.0,Courtyard View,8711978.6,37649.0,2026-04-20,cancelled,2025-09-23,2025-10-17,2025-12-06,CUS-000458,BRK-01,AGT-012,11.3,7727525.02,4,18.0,2026-11-30,2026-11-30,47.0,0,0-30 days
CST-P2-B1-00622,CST,Phase 2,Building A,9,Cabin,1,131.8,14.1,22.3,Sea View,6786250.2,51489.0,2025-08-20,contracted,2024-08-27,2024-09-16,,CUS-000398,,AGT-014,2.8,6596235.19,3,22.0,2026-11-30,2026-11-30,47.0,0,0-30 days
CST-P2-B1-00623,CST,Phase 2,Building A,5,Chalet,2,205.7,0.0,17.1,Courtyard View,8357179.6,40628.0,2026-01-14,contracted,2026-06-11,2026-06-14,,CUS-000308,,AGT-012,5.8,7872463.18,4,17.0,2026-11-30,2026-11-30,47.0,148,91-180 days
CST-P2-B1-00624,CST,Phase 2,Building A,13,Chalet,3,206.3,40.8,22.0,Courtyard View,9120110.4,44208.0,2025-11-23,reserved,2024-08-08,,,CUS-000402,,AGT-011,2.2,8919467.97,6,21.4,2026-11-30,2026-11-30,47.0,0,0-30 days
CST-P2-B1-00625,CST,Phase 2,Building A,12,Chalet,3,178.6,0.0,0.0,Courtyard View,6909855.4,38689.0,2026-05-31,contracted,2025-08-10,2025-09-06,,CUS-000475,,AGT-014,3.1,6695649.88,5,23.4,2026-11-30,2026-11-30,47.0,0,0-30 days
CST-P2-B1-00626,CST,Phase 2,Building A,0,Villa,3,426.5,279.2,57.1,Courtyard View,18934467.5,44395.0,2026-05-04,contracted,2026-05-15,2026-05-31,,CUS-000345,,AGT-014,3.9,18196023.27,3,20.1,2026-11-30,2026-11-30,47.0,11,0-30 days
CST-P2-B1-00627,CST,Phase 2,Building A,2,Cabin,2,219.5,0.0,0.0,Sea View,7948973.0,36214.0,2025-07-17,available,,,,,,,,,,,,,47.0,348,181-365 days
CST-P2-B1-00628,CST,Phase 2,Building A,8,Cabin,1,146.5,0.0,11.8,Sea View,7921401.5,54071.0,2025-11-23,contracted,2025-01-04,2025-01-28,,CUS-000487,,AGT-011,9.9,7137182.75,5,19.3,2026-11-30,2026-11-30,47.0,0,0-30 days
CST-P2-B1-00629,CST,Phase 2,Building A,0,Villa,3,336.3,391.5,31.0,Street View,18363661.5,54605.0,2026-03-20,available,,,,,,,,,,,,,47.0,102,91-180 days
CST-P2-B1-00630,CST,Phase 2,Building A,0,Villa,3,502.0,176.9,37.9,Garden View,24689364.0,49182.0,2025-10-09,cancelled,2024-11-11,2024-11-23,2024-12-27,CUS-000420,,AGT-013,10.0,22220427.6,4,22.0,2026-11-30,2026-11-30,47.0,0,0-30 days
CST-P2-B1-00631,CST,Phase 2,Building A,5,Cabin,2,195.9,0.5,0.0,Pool View,9482735.4,48406.0,2026-01-17,contracted,2026-06-30,2026-06-30,,CUS-000269,,AGT-014,3.2,9179287.87,3,17.3,2026-11-30,2026-11-30,47.0,164,91-180 days
CST-P2-B1-00632,CST,Phase 2,Building A,0,Villa,4,351.3,371.8,26.7,Courtyard View,17799668.4,50668.0,2025-10-10,contracted,2025-02-20,2025-03-06,,CUS-000391,,AGT-012,11.3,15788305.87,4,15.7,2026-11-30,2026-11-30,47.0,0,0-30 days
CST-P2-B1-00633,CST,Phase 2,Building A,11,Chalet,2,134.6,25.9,0.0,Courtyard View,5492083.8,40803.0,2025-12-16,available,,,,,,,,,,,,,47.0,196,181-365 days
CST-P2-B1-00634,CST,Phase 2,Building A,4,Chalet,2,144.5,0.0,8.5,Pool View,5641135.5,39039.0,2025-10-01,available,,,,,,,,,,,,,47.0,272,181-365 days
CST-P2-B1-00635,CST,Phase 2,Building A,5,Cabin,2,199.7,0.0,11.5,Courtyard View,7884156.0,39480.0,2026-05-06,available,,,,,,,,,,,,,47.0,55,31-90 days
CST-P2-B1-00636,CST,Phase 2,Building A,4,Chalet,3,126.7,0.0,0.0,Sea View,6419508.9,50667.0,2026-03-05,available,,,,,,,,,,,,,47.0,117,91-180 days
CST-P2-B1-00637,CST,Phase 2,Building A,10,Chalet,3,105.4,0.0,22.6,Street View,4156870.6,39439.0,2025-08-23,contracted,2024-08-10,2024-08-23,,CUS-000379,,AGT-011,5.9,3911615.23,3,22.3,2026-11-30,2026-11-30,47.0,0,0-30 days
CST-P2-B1-00638,CST,Phase 2,Building A,14,Cabin,1,144.4,7.5,0.0,Garden View,8009001.6,55464.0,2026-05-14,available,,,,,,,,,,,,,47.0,47,31-90 days
CST-P2-B1-00639,CST,Phase 2,Building A,2,Chalet,2,233.4,4.1,0.0,Sea View,13531365.0,57975.0,2025-12-31,cancelled,2025-05-16,2025-05-22,2025-07-08,CUS-000467,,AGT-012,3.2,13098361.32,5,20.7,2026-11-30,2026-11-30,47.0,0,0-30 days
CST-P2-B1-00640,CST,Phase 2,Building A,6,Chalet,3,170.4,0.0,0.0,Street View,6039146.4,35441.0,2026-02-21,available,,,,,,,,,,,,,47.0,129,91-180 days
CST-P2-B1-00641,CST,Phase 2,Building A,8,Cabin,2,191.7,0.0,0.0,Skyline View,10368094.5,54085.0,2026-06-10,contracted,2024-10-08,2024-11-06,,CUS-000441,,AGT-014,11.1,9217236.01,4,18.1,2026-11-30,2026-11-30,47.0,0,0-30 days
CST-P2-B1-00642,CST,Phase 2,Building A,2,Chalet,3,119.3,0.0,0.0,Courtyard View,6514853.7,54609.0,2026-01-20,contracted,2025-06-09,2025-06-25,,CUS-000415,,AGT-013,3.0,6319408.09,5,15.4,2026-11-30,2026-11-30,47.0,0,0-30 days
CST-P2-B1-00643,CST,Phase 2,Building A,5,Chalet,2,123.5,0.0,0.0,Street View,6444477.0,52182.0,2025-11-17,available,,,,,,,,,,,,,47.0,225,181-365 days
CST-P2-B1-00644,CST,Phase 2,Building A,12,Chalet,3,225.0,0.0,16.6,Courtyard View,10801350.0,48006.0,2026-03-05,available,,,,,,,,,,,,,47.0,117,91-180 days
CST-P2-B1-00645,CST,Phase 2,Building A,6,Chalet,3,103.7,14.6,0.0,Street View,5206673.3,50209.0,2025-12-15,available,,,,,,,,,,,,,47.0,197,181-365 days
CST-P2-B1-00646,CST,Phase 2,Building A,3,Chalet,2,206.1,0.0,21.8,Garden View,11919999.6,57836.0,2026-04-23,available,,,,,,,,,,,,,47.0,68,31-90 days
CST-P2-B1-00647,CST,Phase 2,Building A,0,Villa,3,353.9,392.5,58.9,Skyline View,13600730.9,38431.0,2025-07-27,contracted,2026-02-20,2026-03-18,,CUS-000336,,AGT-011,11.5,12036646.85,3,21.9,2026-11-30,2026-11-30,47.0,208,181-365 days
CST-P2-B1-00648,CST,Phase 2,Building A,13,Cabin,2,152.7,0.0,0.0,Courtyard View,6016838.1,39403.0,2025-12-20,contracted,2026-02-09,2026-03-04,,CUS-000341,,AGT-011,9.7,5433204.8,5,18.5,2026-11-30,2026-11-30,47.0,51,31-90 days
CST-P2-B1-00649,CST,Phase 2,Building A,7,Cabin,2,173.7,0.0,8.9,Pool View,6042675.6,34788.0,2026-02-07,contracted,2024-10-10,2024-10-11,,CUS-000303,,AGT-012,11.4,5353810.58,4,17.5,2026-11-30,2026-11-30,47.0,0,0-30 days
CST-P2-B1-00650,CST,Phase 2,Building A,0,Villa,4,513.2,115.8,35.2,Skyline View,22615697.6,44068.0,2026-01-05,available,,,,,,,,,,,,,47.0,176,91-180 days
CST-P2-B1-00651,CST,Phase 2,Building A,0,Villa,4,353.2,292.2,33.2,Garden View,16715190.0,47325.0,2026-01-30,available,,,,,,,,,,,,,47.0,151,91-180 days
CST-P2-B1-00652,CST,Phase 2,Building A,4,Cabin,1,164.4,0.0,20.6,Street View,8498493.6,51694.0,2025-08-09,reserved,2025-03-31,,,CUS-000374,,AGT-013,5.6,8022577.96,6,15.4,2026-11-30,2026-11-30,47.0,0,0-30 days
CST-P2-B1-00653,CST,Phase 2,Building A,9,Cabin,2,194.8,0.0,28.3,Sea View,10489200.8,53846.0,2026-06-16,contracted,2024-12-01,2024-12-15,,CUS-000444,,AGT-012,2.9,10185013.98,5,15.9,2026-11-30,2026-11-30,47.0,0,0-30 days
CST-P2-B1-00654,CST,Phase 2,Building A,0,Villa,4,489.2,256.0,56.0,Garden View,26197638.4,53552.0,2026-02-26,available,,,,,,,,,,,,,47.0,124,91-180 days
CST-P2-B1-00655,CST,Phase 2,Building A,6,Chalet,3,172.3,0.0,27.3,Garden View,9169289.1,53217.0,2026-03-18,contracted,2024-07-13,2024-07-25,,CUS-000449,,AGT-012,2.9,8903379.72,3,17.7,2026-11-30,2026-11-30,47.0,0,0-30 days
CST-P2-B2-00656,CST,Phase 2,Building B,13,Chalet,3,204.5,37.6,19.1,Garden View,11832370.0,57860.0,2026-05-04,contracted,2026-06-30,2026-06-30,,CUS-000326,,AGT-014,5.9,11134260.17,5,23.5,2026-11-30,2026-11-30,47.0,57,31-90 days
CST-P2-B2-00657,CST,Phase 2,Building B,0,Villa,4,514.9,355.1,22.6,Pool View,25456141.1,49439.0,2025-12-18,available,,,,,,,,,,,,,47.0,194,181-365 days
CST-P2-B2-00658,CST,Phase 2,Building B,14,Chalet,3,197.2,12.3,14.4,Courtyard View,11259725.6,57098.0,2025-09-16,contracted,2026-06-30,2026-06-30,,CUS-000329,,AGT-013,4.7,10730518.5,6,16.2,2026-11-30,2026-11-30,47.0,287,181-365 days
CST-P2-B2-00659,CST,Phase 2,Building B,13,Chalet,2,195.2,0.0,0.0,Garden View,10668656.0,54655.0,2025-08-08,contracted,2026-06-30,2026-06-30,,CUS-000254,,AGT-011,5.9,10039205.3,3,20.3,2026-11-30,2026-11-30,47.0,326,181-365 days
CST-P2-B2-00660,CST,Phase 2,Building B,10,Chalet,3,221.3,0.0,26.7,Courtyard View,10312580.0,46600.0,2025-12-19,contracted,2026-05-13,2026-06-12,,CUS-000285,,AGT-012,2.3,10075390.66,4,19.6,2026-11-30,2026-11-30,47.0,145,91-180 days
CST-P2-B2-00661,CST,Phase 2,Building B,0,Villa,3,403.3,356.7,23.0,Street View,20290829.6,50312.0,2026-06-09,available,,,,,,,,,,,,,47.0,21,0-30 days
CST-P2-B2-00662,CST,Phase 2,Building B,9,Cabin,1,214.7,0.0,26.9,Garden View,7901604.1,36803.0,2026-05-09,contracted,2025-05-11,2025-05-27,,CUS-000368,,AGT-013,3.5,7625047.96,6,19.9,2026-11-30,2026-11-30,47.0,0,0-30 days
CST-P2-B2-00663,CST,Phase 2,Building B,4,Chalet,3,206.8,0.0,25.4,Skyline View,11675721.2,56459.0,2026-03-26,contracted,2026-06-30,2026-06-30,,CUS-000293,BRK-10,AGT-013,4.7,11126962.3,4,17.2,2026-11-30,2026-11-30,47.0,96,91-180 days
CST-P2-B2-00664,CST,Phase 2,Building B,12,Cabin,1,137.5,0.0,9.0,Pool View,7391312.5,53755.0,2026-04-06,contracted,2026-06-01,2026-06-30,,CUS-000280,,AGT-013,4.0,7095660.0,3,20.1,2026-11-30,2026-11-30,47.0,56,31-90 days
CST-P2-B2-00665,CST,Phase 2,Building B,7,Chalet,2,111.1,0.0,9.9,Street View,5385239.2,48472.0,2026-05-11,available,,,,,,,,,,,,,47.0,50,31-90 days
CST-P2-B2-00666,CST,Phase 2,Building B,11,Chalet,2,154.5,52.8,10.0,Pool View,6324148.5,40933.0,2026-05-15,available,,,,,,,,,,,,,47.0,46,31-90 days
CST-P2-B2-00667,CST,Phase 2,Building B,4,Chalet,2,119.5,40.5,8.5,Pool View,4575057.5,38285.0,2026-06-05,contracted,2026-06-30,2026-06-30,,CUS-000337,BRK-03,AGT-011,5.6,4318854.28,4,18.5,2026-11-30,2026-11-30,47.0,25,0-30 days
CST-P2-B2-00668,CST,Phase 2,Building B,8,Chalet,2,222.5,0.0,25.3,Skyline View,11786270.0,52972.0,2026-02-15,cancelled,2025-03-06,2025-03-22,2025-04-24,CUS-000435,,AGT-012,3.5,11373750.55,6,18.2,2026-11-30,2026-11-30,47.0,0,0-30 days
CST-P2-B2-00669,CST,Phase 2,Building B,0,Villa,3,459.5,247.3,49.5,Courtyard View,23774070.5,51739.0,2025-11-08,contracted,2026-01-02,2026-01-23,,CUS-000417,,AGT-013,10.1,21372889.38,6,19.8,2026-11-30,2026-11-30,47.0,55,31-90 days
CST-P2-B2-00670,CST,Phase 2,Building B,0,Villa,3,288.7,216.8,43.6,Garden View,15521089.4,53762.0,2025-06-24,available,,,,,,,,,,,,,47.0,371,365+ days
CST-P2-B2-00671,CST,Phase 2,Building B,5,Cabin,1,100.9,38.4,26.7,Pool View,3534627.9,35031.0,2025-12-31,contracted,2026-06-30,2026-06-30,,CUS-000282,BRK-07,AGT-013,3.8,3400312.04,5,18.8,2026-11-30,2026-11-30,47.0,181,181-365 days
CST-P2-B2-00672,CST,Phase 2,Building B,0,Chalet,2,229.2,0.0,0.0,Sea View,8886542.4,38772.0,2026-01-30,available,,,,,,,,,,,,,47.0,151,91-180 days
CST-P2-B2-00673,CST,Phase 2,Building B,4,Chalet,3,195.0,0.3,0.0,Sea View,8286330.0,42494.0,2026-02-25,contracted,2026-06-30,2026-06-30,,CUS-000349,,AGT-014,2.9,8046026.43,5,24.5,2026-11-30,2026-11-30,47.0,125,91-180 days
CST-P2-B2-00674,CST,Phase 2,Building B,1,Chalet,3,163.8,4.9,16.8,Street View,6585742.8,40206.0,2025-06-26,reserved,2025-08-16,,,CUS-000446,,AGT-013,3.5,6355241.8,3,22.4,2026-11-30,2026-11-30,47.0,51,31-90 days
CST-P2-B2-00675,CST,Phase 2,Building B,0,Villa,3,449.4,158.1,50.0,Garden View,22806600.6,50749.0,2026-04-26,contracted,2026-04-16,2026-04-20,,CUS-000472,,AGT-012,4.4,21803110.17,4,18.3,2026-11-30,2026-11-30,47.0,0,0-30 days
CST-P2-B2-00676,CST,Phase 2,Building B,5,Chalet,3,125.1,0.0,27.5,Garden View,5651892.9,45179.0,2026-03-01,reserved,2026-06-16,,,CUS-000289,,AGT-013,5.6,5335386.9,4,18.2,2026-11-30,2026-11-30,47.0,107,91-180 days
CST-P2-B2-00677,CST,Phase 2,Building B,11,Cabin,2,118.3,55.4,12.9,Courtyard View,5776943.9,48833.0,2026-05-06,contracted,2026-06-30,2026-06-30,,CUS-000307,,AGT-013,3.5,5574750.86,3,22.6,2026-11-30,2026-11-30,47.0,55,31-90 days
CST-P2-B2-00678,CST,Phase 2,Building B,8,Cabin,2,196.8,0.0,22.0,Street View,7034025.6,35742.0,2026-04-15,reserved,2026-02-02,,,CUS-000404,,AGT-013,10.0,6330623.04,5,15.5,2026-11-30,2026-11-30,47.0,0,0-30 days
CST-P2-B2-00679,CST,Phase 2,Building B,0,Chalet,2,239.9,34.9,29.6,Courtyard View,8252320.1,34399.0,2026-03-04,contracted,2025-02-08,2025-02-22,,CUS-000465,,AGT-014,9.4,7476602.01,4,22.6,2026-11-30,2026-11-30,47.0,0,0-30 days
CST-P2-B2-00680,CST,Phase 2,Building B,8,Chalet,3,96.1,3.7,0.0,Garden View,4486236.3,46683.0,2026-05-22,contracted,2025-12-31,2026-01-18,,CUS-000389,BRK-05,AGT-013,3.5,4329218.03,5,17.8,2026-11-30,2026-11-30,47.0,0,0-30 days
CST-P2-B2-00681,CST,Phase 2,Building B,10,Cabin,2,124.3,58.7,0.0,Sea View,5532220.1,44507.0,2026-04-14,available,,,,,,,,,,,,,47.0,77,31-90 days
CST-P2-B2-00682,CST,Phase 2,Building B,8,Chalet,3,124.0,0.0,0.0,Skyline View,7143268.0,57607.0,2025-10-31,contracted,2025-06-28,2025-07-04,,CUS-000422,,AGT-014,4.8,6800391.14,6,24.2,2026-11-30,2026-11-30,47.0,0,0-30 days
CST-P2-B2-00683,CST,Phase 2,Building B,9,Chalet,2,105.1,0.0,26.6,Skyline View,4194961.4,39914.0,2026-06-14,available,,,,,,,,,,,,,47.0,16,0-30 days
CST-P2-B2-00684,CST,Phase 2,Building B,0,Villa,4,423.8,325.1,22.9,Street View,15300451.4,36103.0,2026-03-12,available,,,,,,,,,,,,,47.0,110,91-180 days
CST-P2-B2-00685,CST,Phase 2,Building B,0,Villa,4,450.5,271.6,22.0,Pool View,25350986.5,56273.0,2026-05-26,reserved,2026-06-30,,,CUS-000335,,AGT-011,3.5,24463701.97,6,17.9,2026-11-30,2026-11-30,47.0,35,31-90 days
CST-P2-B2-00686,CST,Phase 2,Building B,13,Cabin,2,217.1,37.2,0.0,Garden View,11321547.9,52149.0,2025-07-25,reserved,2026-06-30,,,CUS-000286,,AGT-014,3.5,10925293.72,4,23.9,2026-11-30,2026-11-30,47.0,340,181-365 days
CST-P2-B2-00687,CST,Phase 2,Building B,0,Villa,5,430.8,134.4,56.7,Pool View,15703090.8,36451.0,2025-07-18,contracted,2026-06-30,2026-06-30,,CUS-000328,,AGT-013,5.6,14823717.72,3,17.6,2026-11-30,2026-11-30,47.0,347,181-365 days
CST-P2-B2-00688,CST,Phase 2,Building B,0,Villa,3,360.6,337.1,45.9,Pool View,13282701.0,36835.0,2026-01-26,reserved,2025-12-22,,,CUS-000388,,AGT-011,3.0,12884219.97,5,16.5,2026-11-30,2026-11-30,47.0,0,0-30 days
CST-P2-B2-00689,CST,Phase 2,Building B,0,Villa,3,474.7,103.8,40.9,Pool View,24263341.1,51113.0,2025-08-28,available,,,,,,,,,,,,,47.0,306,181-365 days
CST-P2-B2-00690,CST,Phase 2,Building B,6,Chalet,3,230.6,0.0,26.6,Pool View,11535073.2,50022.0,2026-05-10,contracted,2026-03-22,2026-04-10,,CUS-000479,,AGT-013,2.8,11212091.15,3,15.1,2026-11-30,2026-11-30,47.0,0,0-30 days
CST-P2-B2-00691,CST,Phase 2,Building B,2,Chalet,2,153.7,0.0,27.2,Street View,8032669.4,52262.0,2026-03-04,contracted,2026-06-22,2026-06-29,,CUS-000271,,AGT-012,2.4,7839885.33,3,19.8,2026-11-30,2026-11-30,47.0,110,91-180 days
CST-P2-B2-00692,CST,Phase 2,Building B,0,Villa,4,508.5,343.9,45.4,Pool View,25755016.5,50649.0,2026-02-27,contracted,2025-11-25,2025-12-10,,CUS-000393,,AGT-014,9.7,23256779.9,5,20.1,2026-11-30,2026-11-30,47.0,0,0-30 days
CST-P2-B2-00693,CST,Phase 2,Building B,13,Cabin,2,221.7,21.8,28.3,Street View,12346694.7,55691.0,2025-12-02,contracted,2025-10-09,2025-10-27,,CUS-000473,,AGT-013,12.1,10852744.64,3,19.0,2026-11-30,2026-11-30,47.0,0,0-30 days
CST-P2-B2-00694,CST,Phase 2,Building B,12,Chalet,2,236.4,0.0,0.0,Skyline View,11624497.2,49173.0,2025-12-29,available,,,,,,,,,,,,,47.0,183,181-365 days
CST-P2-B2-00695,CST,Phase 2,Building B,0,Villa,5,482.8,190.7,40.3,Skyline View,27362690.0,56675.0,2026-04-19,reserved,2026-06-30,,,CUS-000278,,AGT-012,4.3,26186094.33,6,16.2,2026-11-30,2026-11-30,47.0,72,31-90 days
CST-P2-B2-00696,CST,Phase 2,Building B,0,Villa,5,479.8,101.8,20.0,Courtyard View,17357724.6,36177.0,2026-01-02,contracted,2025-12-13,2026-01-04,,CUS-000369,,AGT-012,3.8,16698131.07,4,21.6,2026-11-30,2026-11-30,47.0,0,0-30 days
CST-P2-B2-00697,CST,Phase 2,Building B,9,Chalet,2,234.1,0.0,26.4,Skyline View,10820102.0,46220.0,2026-05-01,contracted,2026-06-30,2026-06-30,,CUS-000351,,AGT-011,2.1,10592879.86,4,19.0,2026-11-30,2026-11-30,47.0,60,31-90 days
CST-P2-B2-00698,CST,Phase 2,Building B,8,Cabin,1,95.7,0.0,13.5,Courtyard View,3943988.4,41212.0,2025-11-24,available,,,,,,,,,,,,,47.0,218,181-365 days
CST-P2-B2-00699,CST,Phase 2,Building B,7,Cabin,1,201.5,0.0,0.0,Sea View,10086888.5,50059.0,2025-09-24,available,,,,,,,,,,,,,47.0,279,181-365 days
CST-P2-B2-00700,CST,Phase 2,Building B,3,Chalet,3,129.1,13.7,9.5,Courtyard View,6072476.7,47037.0,2025-11-21,available,,,,,,,,,,,,,47.0,221,181-365 days
CST-P2-B2-00701,CST,Phase 2,Building B,5,Chalet,2,235.8,0.0,20.7,Courtyard View,12001276.8,50896.0,2025-08-09,available,,,,,,,,,,,,,47.0,325,181-365 days
CST-P2-B2-00702,CST,Phase 2,Building B,4,Chalet,2,173.7,0.0,11.1,Skyline View,6485784.3,37339.0,2026-02-05,contracted,2025-12-12,2025-12-26,,CUS-000466,BRK-11,AGT-014,5.0,6161495.08,6,18.6,2026-11-30,2026-11-30,47.0,0,0-30 days
CST-P2-B3-00703,CST,Phase 2,Building C,8,Cabin,1,212.5,0.0,0.0,Skyline View,7280887.5,34263.0,2025-11-28,cancelled,2024-09-06,2024-10-03,2024-11-20,CUS-000424,,AGT-014,12.0,6407181.0,6,17.8,2026-11-30,2026-11-30,47.0,0,0-30 days
CST-P2-B3-00704,CST,Phase 2,Building C,1,Cabin,1,117.0,57.1,0.0,Street View,4252365.0,36345.0,2026-04-26,contracted,2024-08-26,2024-09-26,,CUS-000365,,AGT-011,5.2,4031242.02,5,18.0,2026-11-30,2026-11-30,47.0,0,0-30 days
CST-P2-B3-00705,CST,Phase 2,Building C,3,Chalet,2,239.1,0.0,23.4,Sea View,10325294.4,43184.0,2026-05-04,contracted,2025-07-07,2025-07-20,,CUS-000394,,AGT-014,4.9,9819354.97,3,15.5,2026-11-30,2026-11-30,47.0,0,0-30 days
CST-P2-B3-00706,CST,Phase 2,Building C,9,Chalet,2,115.9,0.0,27.9,Skyline View,4349031.6,37524.0,2026-04-17,contracted,2025-05-27,2025-06-08,,CUS-000488,,AGT-013,2.1,4257701.94,4,22.1,2026-11-30,2026-11-30,47.0,0,0-30 days
CST-P2-B3-00707,CST,Phase 2,Building C,0,Cabin,2,111.7,5.3,24.7,Garden View,4186292.6,37478.0,2025-12-05,available,,,,,,,,,,,,,47.0,207,181-365 days
CST-P2-B3-00708,CST,Phase 2,Building C,2,Cabin,1,109.3,0.0,0.0,Courtyard View,4216028.9,38573.0,2026-03-08,available,,,,,,,,,,,,,47.0,114,91-180 days
CST-P2-B3-00709,CST,Phase 2,Building C,6,Cabin,1,175.7,25.0,0.0,Pool View,9619223.6,54748.0,2026-05-04,cancelled,2026-06-30,2026-06-30,2026-06-30,CUS-000253,,AGT-012,4.5,9186358.54,4,17.3,2026-11-30,2026-11-30,47.0,57,31-90 days
CST-P2-B3-00710,CST,Phase 2,Building C,0,Villa,4,313.7,394.8,21.8,Sea View,17435759.7,55581.0,2025-06-28,available,,,,,,,,,,,,,47.0,367,365+ days
CST-P2-B3-00711,CST,Phase 2,Building C,11,Chalet,3,233.9,39.0,22.6,Sea View,8297836.4,35476.0,2026-05-11,available,,,,,,,,,,,,,47.0,50,31-90 days
CST-P2-B3-00712,CST,Phase 2,Building C,6,Chalet,3,220.7,58.2,12.0,Garden View,12462929.0,56470.0,2025-10-21,reserved,2024-10-21,,,CUS-000429,,AGT-014,12.2,10942451.66,5,17.9,2026-11-30,2026-11-30,47.0,0,0-30 days
CST-P2-B3-00713,CST,Phase 2,Building C,14,Cabin,1,231.4,0.0,19.0,Pool View,9489251.2,41008.0,2025-07-30,available,,,,,,,,,,,,,47.0,335,181-365 days
CST-P2-B3-00714,CST,Phase 2,Building C,3,Chalet,3,100.6,0.0,20.6,Skyline View,4306887.2,42812.0,2025-08-30,contracted,2025-06-14,2025-07-15,,CUS-000442,,AGT-014,2.7,4190601.25,3,18.3,2026-11-30,2026-11-30,47.0,0,0-30 days
CST-P2-B3-00715,CST,Phase 2,Building C,7,Cabin,1,207.7,0.0,0.0,Courtyard View,9978946.5,48045.0,2026-03-05,reserved,2026-06-30,,,CUS-000317,,AGT-013,4.7,9509936.01,4,16.9,2026-11-30,2026-11-30,47.0,117,91-180 days
CST-P2-B3-00716,CST,Phase 2,Building C,0,Villa,4,359.0,235.7,23.2,Sea View,18454395.0,51405.0,2026-03-12,available,,,,,,,,,,,,,47.0,110,91-180 days
CST-P2-B3-00717,CST,Phase 2,Building C,0,Villa,4,300.3,121.1,45.8,Garden View,15487071.6,51572.0,2025-12-28,contracted,2026-06-30,2026-06-30,,CUS-000299,,AGT-011,3.6,14929537.02,4,21.6,2026-11-30,2026-11-30,47.0,184,181-365 days
CST-P2-B3-00718,CST,Phase 2,Building C,4,Chalet,2,144.2,5.9,8.3,Garden View,5414277.4,37547.0,2026-06-02,contracted,2025-10-13,2025-10-27,,CUS-000382,,AGT-013,12.5,4737492.72,3,21.1,2026-11-30,2026-11-30,47.0,0,0-30 days
CST-P2-B3-00719,CST,Phase 2,Building C,11,Chalet,2,190.9,0.0,12.1,Pool View,6711662.2,35158.0,2025-09-30,available,,,,,,,,,,,,,47.0,273,181-365 days
CST-P2-B3-00720,CST,Phase 2,Building C,0,Villa,3,416.8,276.3,49.8,Skyline View,22392996.8,53726.0,2026-04-21,contracted,2024-11-26,2024-12-05,,CUS-000457,,AGT-013,11.9,19728230.18,5,15.8,2026-11-30,2026-11-30,47.0,0,0-30 days
CST-P2-B3-00721,CST,Phase 2,Building C,0,Villa,3,435.6,169.0,31.5,Skyline View,16602022.8,38113.0,2026-04-05,contracted,2025-07-15,2025-08-15,,CUS-000471,,AGT-012,4.9,15788523.68,3,15.4,2026-11-30,2026-11-30,47.0,0,0-30 days
CST-P2-B3-00722,CST,Phase 2,Building C,0,Villa,4,320.0,118.3,31.3,Skyline View,12142400.0,37945.0,2026-04-12,reserved,2026-04-30,,,CUS-000460,,AGT-012,2.2,11875267.2,6,18.1,2026-11-30,2026-11-30,47.0,18,0-30 days
CST-P2-B3-00723,CST,Phase 2,Building C,10,Cabin,1,140.6,0.0,29.7,Sea View,6778466.6,48211.0,2025-08-11,contracted,2026-04-01,2026-04-21,,CUS-000468,,AGT-012,3.1,6568334.14,3,23.9,2026-11-30,2026-11-30,47.0,233,181-365 days
CST-P2-B3-00724,CST,Phase 2,Building C,4,Chalet,3,161.0,29.4,15.1,Garden View,6083063.0,37783.0,2026-06-15,available,,,,,,,,,,,,,47.0,15,0-30 days
CST-P2-B3-00725,CST,Phase 2,Building C,10,Chalet,2,154.5,13.7,20.8,Skyline View,7241724.0,46872.0,2025-11-05,contracted,2026-05-19,2026-06-16,,CUS-000263,,AGT-011,5.3,6857912.63,4,18.8,2026-11-30,2026-11-30,47.0,195,181-365 days
CST-P2-B3-00726,CST,Phase 2,Building C,13,Cabin,2,133.5,37.5,26.3,Street View,4570239.0,34234.0,2026-01-09,contracted,2026-06-30,2026-06-30,,CUS-000324,,AGT-013,4.0,4387429.44,6,16.9,2026-11-30,2026-11-30,47.0,172,91-180 days
CST-P2-B3-00727,CST,Phase 2,Building C,8,Chalet,2,220.9,47.3,0.0,Skyline View,12639677.1,57219.0,2025-08-02,reserved,2025-05-03,,,CUS-000456,,AGT-011,5.2,11982413.89,6,17.8,2026-11-30,2026-11-30,47.0,0,0-30 days
CST-P2-B3-00728,CST,Phase 2,Building C,14,Chalet,2,141.5,0.0,0.0,Garden View,5336814.0,37716.0,2025-07-29,available,,,,,,,,,,,,,47.0,336,181-365 days
CST-P2-B3-00729,CST,Phase 2,Building C,8,Cabin,2,95.4,0.0,14.5,Garden View,3474658.8,36422.0,2026-06-16,contracted,2026-05-18,2026-06-12,,CUS-000437,,AGT-011,4.7,3311349.84,3,16.6,2026-11-30,2026-11-30,47.0,0,0-30 days
CST-P2-B3-00730,CST,Phase 2,Building C,14,Cabin,1,124.6,0.0,0.0,Street View,6469356.6,51921.0,2026-05-26,contracted,2026-05-22,2026-05-23,,CUS-000385,,AGT-012,5.2,6132950.06,6,23.4,2026-11-30,2026-11-30,47.0,0,0-30 days
CST-P2-B3-00731,CST,Phase 2,Building C,3,Chalet,2,153.5,49.2,16.2,Pool View,7070363.5,46061.0,2026-01-17,available,,,,,,,,,,,,,47.0,164,91-180 days
CST-P2-B3-00732,CST,Phase 2,Building C,12,Chalet,2,201.6,51.3,13.6,Garden View,9444556.8,46848.0,2026-05-26,reserved,2025-11-23,,,CUS-000407,,AGT-012,11.5,8358432.77,5,24.0,2026-11-30,2026-11-30,47.0,0,0-30 days
CST-P2-B3-00733,CST,Phase 2,Building C,7,Chalet,2,155.1,17.3,0.0,Sea View,8770284.6,56546.0,2025-09-23,available,,,,,,,,,,,,,47.0,280,181-365 days
CST-P2-B3-00734,CST,Phase 2,Building C,1,Chalet,3,199.2,25.6,17.6,Courtyard View,11272329.6,56588.0,2025-10-30,contracted,2025-02-16,2025-03-05,,CUS-000396,,AGT-013,11.1,10021101.01,4,21.9,2026-11-30,2026-11-30,47.0,0,0-30 days
CST-P2-B3-00735,CST,Phase 2,Building C,4,Chalet,2,203.6,3.5,29.5,Sea View,9095015.6,44671.0,2025-08-14,contracted,2026-05-24,2026-06-17,,CUS-000362,,AGT-014,2.0,8913115.29,5,17.9,2026-11-30,2026-11-30,47.0,283,181-365 days
CST-P2-B3-00736,CST,Phase 2,Building C,4,Chalet,3,175.2,0.0,0.0,Street View,8205842.4,46837.0,2026-06-16,contracted,2026-06-30,2026-06-30,,CUS-000298,,AGT-014,2.7,7984284.66,6,17.6,2026-11-30,2026-11-30,47.0,14,0-30 days
CST-P2-B3-00737,CST,Phase 2,Building C,14,Chalet,3,218.3,0.0,0.0,Skyline View,9335599.5,42765.0,2025-11-17,contracted,2026-06-30,2026-06-30,,CUS-000283,,AGT-011,2.0,9148887.51,6,20.1,2026-11-30,2026-11-30,47.0,225,181-365 days
CST-P2-B3-00738,CST,Phase 2,Building C,1,Chalet,2,207.7,0.0,0.0,Garden View,10402031.4,50082.0,2026-01-18,available,,,,,,,,,,,,,47.0,163,91-180 days
CST-P2-B3-00739,CST,Phase 2,Building C,3,Chalet,3,191.7,0.0,24.8,Garden View,6845031.9,35707.0,2026-06-16,contracted,2026-06-30,2026-06-30,,CUS-000255,,AGT-011,2.0,6708131.26,6,21.1,2026-11-30,2026-11-30,47.0,14,0-30 days
CST-P2-B3-00740,CST,Phase 2,Building C,0,Villa,5,392.2,224.0,36.1,Pool View,17657628.4,45022.0,2025-07-19,available,,,,,,,,,,,,,47.0,346,181-365 days
CST-P2-B3-00741,CST,Phase 2,Building C,0,Villa,4,400.2,353.0,31.7,Skyline View,21862525.8,54629.0,2026-05-16,contracted,2026-05-23,2026-06-07,,CUS-000450,,AGT-011,2.0,21425275.28,3,22.6,2026-11-30,2026-11-30,47.0,7,0-30 days
CST-P2-B3-00742,CST,Phase 2,Building C,14,Cabin,2,234.6,0.0,0.0,Pool View,10640048.4,45354.0,2025-07-12,available,,,,,,,,,,,,,47.0,353,181-365 days
CST-P2-B3-00743,CST,Phase 2,Building C,0,Villa,3,323.6,299.6,26.4,Courtyard View,16867326.4,52124.0,2025-09-22,contracted,2024-09-30,2024-10-15,,CUS-000480,,AGT-012,10.6,15079389.8,6,23.6,2026-11-30,2026-11-30,47.0,0,0-30 days
CST-P2-B3-00744,CST,Phase 2,Building C,0,Cabin,2,201.9,0.0,0.0,Pool View,7586392.5,37575.0,2025-11-25,available,,,,,,,,,,,,,47.0,217,181-365 days
CST-P2-B3-00745,CST,Phase 2,Building C,0,Villa,5,498.2,246.6,47.0,Sea View,28092999.8,56389.0,2026-04-29,available,,,,,,,,,,,,,47.0,62,31-90 days
CST-P2-B3-00746,CST,Phase 2,Building C,9,Chalet,3,117.5,6.7,16.5,Courtyard View,5734000.0,48800.0,2026-05-08,available,,,,,,,,,,,,,47.0,53,31-90 days
CST-P2-B3-00747,CST,Phase 2,Building C,11,Chalet,2,226.8,0.0,0.0,Pool View,7839342.0,34565.0,2026-01-27,contracted,2026-06-30,2026-06-30,,CUS-000270,,AGT-013,4.3,7502250.29,6,20.6,2026-11-30,2026-11-30,47.0,154,91-180 days
CST-P2-B3-00748,CST,Phase 2,Building C,8,Cabin,2,122.2,0.0,8.8,Sea View,5170159.8,42309.0,2026-03-19,available,,,,,,,,,,,,,47.0,103,91-180 days
CST-P2-B3-00749,CST,Phase 2,Building C,8,Cabin,1,125.4,0.0,10.8,Street View,6923584.8,55212.0,2025-10-25,contracted,2025-11-23,2025-11-28,,CUS-000318,,AGT-013,9.1,6293538.58,6,16.8,2026-11-30,2026-11-30,47.0,29,0-30 days
CST-P2-B4-00750,CST,Phase 2,Building D,0,Villa,5,347.9,81.8,41.0,Courtyard View,13794582.9,39651.0,2026-03-15,available,,,,,,,,,,,,,47.0,107,91-180 days
CST-P2-B4-00751,CST,Phase 2,Building D,10,Chalet,3,98.7,11.8,0.0,Skyline View,4775007.3,48379.0,2026-03-14,contracted,2026-06-30,2026-06-30,,CUS-000355,,AGT-011,2.0,4679507.15,5,24.0,2026-11-30,2026-11-30,47.0,108,91-180 days
CST-P2-B4-00752,CST,Phase 2,Building D,4,Chalet,2,224.4,0.0,0.0,Pool View,10331824.8,46042.0,2026-01-03,available,,,,,,,,,,,,,47.0,178,91-180 days
CST-P2-B4-00753,CST,Phase 2,Building D,0,Villa,5,320.8,287.6,23.5,Garden View,16793880.0,52350.0,2025-09-26,contracted,2025-07-31,2025-08-27,,CUS-000418,,AGT-014,3.6,16189300.32,4,20.4,2026-11-30,2026-11-30,47.0,0,0-30 days
CST-P2-B4-00754,CST,Phase 2,Building D,13,Chalet,3,169.7,0.0,9.8,Street View,7205122.6,42458.0,2025-06-22,contracted,2024-07-28,2024-07-29,,CUS-000376,,AGT-013,2.6,7017789.41,5,15.6,2026-11-30,2026-11-30,47.0,0,0-30 days
CST-P2-B4-00755,CST,Phase 2,Building D,12,Chalet,2,185.9,0.0,24.7,Courtyard View,9864969.4,53066.0,2026-02-23,contracted,2025-09-24,2025-10-17,,CUS-000427,,AGT-013,10.1,8868607.49,5,20.8,2026-11-30,2026-11-30,47.0,0,0-30 days
CST-P2-B4-00756,CST,Phase 2,Building D,3,Chalet,3,216.6,0.0,23.1,Pool View,10625962.8,49058.0,2026-01-19,reserved,2025-04-26,,,CUS-000478,,AGT-012,5.2,10073412.73,3,19.6,2026-11-30,2026-11-30,47.0,0,0-30 days
CST-P2-B4-00757,CST,Phase 2,Building D,2,Cabin,1,200.9,0.0,13.1,Skyline View,11550343.7,57493.0,2025-11-17,contracted,2024-09-28,2024-10-25,,CUS-000277,,AGT-011,11.0,10279805.89,4,15.3,2026-11-30,2026-11-30,47.0,0,0-30 days
CST-P2-B4-00758,CST,Phase 2,Building D,2,Chalet,3,177.8,0.0,0.0,Skyline View,10179761.2,57254.0,2025-12-08,available,,,,,,,,,,,,,47.0,204,181-365 days
CST-P2-B4-00759,CST,Phase 2,Building D,8,Chalet,2,143.5,0.0,0.0,Street View,6639745.0,46270.0,2026-02-28,available,,,,,,,,,,,,,47.0,122,91-180 days
CST-P2-B4-00760,CST,Phase 2,Building D,13,Chalet,3,128.8,0.0,11.3,Sea View,6705585.6,52062.0,2026-02-27,contracted,2026-05-08,2026-05-18,,CUS-000342,,AGT-012,2.8,6517829.2,6,22.1,2026-11-30,2026-11-30,47.0,70,31-90 days
CST-P2-B4-00761,CST,Phase 2,Building D,12,Chalet,2,217.3,0.0,23.8,Skyline View,10877168.8,50056.0,2026-06-16,cancelled,2026-02-06,2026-03-16,2026-04-15,CUS-000399,,AGT-013,9.5,9843837.76,6,15.2,2026-11-30,2026-11-30,47.0,0,0-30 days
CST-P2-B4-00762,CST,Phase 2,Building D,8,Cabin,1,161.7,29.9,10.7,Sea View,5919998.7,36611.0,2026-03-06,cancelled,2026-06-30,2026-06-30,2026-06-30,CUS-000320,,AGT-014,2.8,5754238.74,5,22.5,2026-11-30,2026-11-30,47.0,116,91-180 days
CST-P2-B4-00763,CST,Phase 2,Building D,1,Chalet,3,139.5,0.0,15.7,Garden View,7908673.5,56693.0,2026-01-10,available,,,,,,,,,,,,,47.0,171,91-180 days
CST-P2-B4-00764,CST,Phase 2,Building D,13,Cabin,2,101.0,0.0,0.0,Sea View,5012630.0,49630.0,2026-05-19,available,,,,,,,,,,,,,47.0,42,31-90 days
CST-P2-B4-00765,CST,Phase 2,Building D,9,Chalet,2,129.0,5.5,11.6,Skyline View,5745273.0,44537.0,2025-11-21,reserved,2026-01-08,,,CUS-000274,,AGT-011,11.7,5073076.06,5,15.2,2026-11-30,2026-11-30,47.0,48,31-90 days
CST-P2-B4-00766,CST,Phase 2,Building D,1,Cabin,2,173.4,0.0,14.8,Pool View,7991139.0,46085.0,2026-02-11,cancelled,2025-01-27,2025-02-18,2025-03-31,CUS-000268,,AGT-013,9.1,7263945.35,5,24.0,2026-11-30,2026-11-30,47.0,0,0-30 days
CST-P2-B4-00767,CST,Phase 2,Building D,0,Villa,5,296.0,284.8,23.6,Courtyard View,14483576.0,48931.0,2025-12-16,available,,,,,,,,,,,,,47.0,196,181-365 days
CST-P2-B4-00768,CST,Phase 2,Building D,1,Cabin,1,156.4,39.6,0.0,Street View,8083534.0,51685.0,2025-11-10,contracted,2026-06-30,2026-06-30,,CUS-000288,,AGT-014,2.2,7905696.25,5,19.7,2026-11-30,2026-11-30,47.0,232,181-365 days
CST-P2-B4-00769,CST,Phase 2,Building D,3,Cabin,1,229.8,0.0,20.4,Pool View,11773113.6,51232.0,2025-09-03,reserved,2026-03-14,,,CUS-000315,,AGT-014,4.7,11219777.26,3,22.1,2026-11-30,2026-11-30,47.0,192,181-365 days
CST-P2-B4-00770,CST,Phase 2,Building D,0,Chalet,2,197.5,23.2,0.0,Sea View,6964245.0,35262.0,2025-11-28,reserved,2026-02-13,,,CUS-000397,,AGT-014,10.7,6219070.79,3,21.5,2026-11-30,2026-11-30,47.0,77,31-90 days
CST-P2-B4-00771,CST,Phase 2,Building D,5,Chalet,2,165.2,0.0,0.0,Street View,8273216.0,50080.0,2025-10-27,reserved,2025-03-09,,,CUS-000367,,AGT-014,5.8,7793369.47,5,17.2,2026-11-30,2026-11-30,47.0,0,0-30 days
CST-P2-B4-00772,CST,Phase 2,Building D,7,Chalet,2,239.9,0.0,15.8,Street View,10860512.9,45271.0,2026-05-14,available,,,,,,,,,,,,,47.0,47,31-90 days
CST-P2-B4-00773,CST,Phase 2,Building D,2,Chalet,2,172.6,0.0,0.0,Sea View,8652092.8,50128.0,2026-05-12,cancelled,2024-11-11,2024-11-18,2024-12-15,CUS-000414,,AGT-011,11.0,7700362.59,6,20.8,2026-11-30,2026-11-30,47.0,0,0-30 days
CST-P2-B4-00774,CST,Phase 2,Building D,3,Chalet,2,143.8,23.3,15.5,Courtyard View,4925150.0,34250.0,2026-06-16,reserved,2025-06-17,,,CUS-000401,,AGT-011,5.1,4673967.35,5,20.9,2026-11-30,2026-11-30,47.0,0,0-30 days
CST-P2-B4-00775,CST,Phase 2,Building D,0,Villa,4,345.5,224.1,56.5,Skyline View,16719436.0,48392.0,2026-02-05,contracted,2026-05-13,2026-06-03,,CUS-000327,,AGT-014,3.2,16184414.05,5,18.2,2026-11-30,2026-11-30,47.0,97,91-180 days
CST-P2-B4-00776,CST,Phase 2,Building D,12,Cabin,2,237.2,0.0,19.1,Street View,13314747.6,56133.0,2025-08-07,available,,,,,,,,,,,,,47.0,327,181-365 days
CST-P2-B4-00777,CST,Phase 2,Building D,9,Chalet,2,105.1,46.3,24.1,Skyline View,4977220.7,47357.0,2025-10-30,available,,,,,,,,,,,,,47.0,243,181-365 days
CST-P2-B4-00778,CST,Phase 2,Building D,1,Chalet,3,147.2,0.0,0.0,Garden View,7693260.8,52264.0,2026-01-18,available,,,,,,,,,,,,,47.0,163,91-180 days
CST-P2-B4-00779,CST,Phase 2,Building D,8,Chalet,3,181.0,0.0,24.5,Courtyard View,8360933.0,46193.0,2025-12-29,contracted,2025-10-24,2025-11-13,,CUS-000438,,AGT-013,10.4,7491395.97,6,24.3,2026-11-30,2026-11-30,47.0,0,0-30 days
CST-P2-B4-00780,CST,Phase 2,Building D,7,Chalet,3,126.2,32.1,0.0,Sea View,6433676.0,50980.0,2025-09-06,available,,,,,,,,,,,,,47.0,297,181-365 days
CST-P2-B4-00781,CST,Phase 2,Building D,10,Chalet,2,189.8,0.0,12.9,Pool View,10776464.4,56778.0,2025-12-17,contracted,2026-05-16,2026-05-28,,CUS-000305,,AGT-014,2.6,10496276.33,5,20.0,2026-11-30,2026-11-30,47.0,150,91-180 days
CST-P2-B4-00782,CST,Phase 2,Building D,0,Chalet,3,126.3,0.0,0.0,Street View,4790811.6,37932.0,2026-05-09,contracted,2026-03-31,2026-04-28,,CUS-000453,,AGT-014,5.2,4541689.4,6,18.7,2026-11-30,2026-11-30,47.0,0,0-30 days
CST-P2-B4-00783,CST,Phase 2,Building D,0,Villa,4,507.1,216.6,57.6,Street View,19437143.0,38330.0,2025-12-28,available,,,,,,,,,,,,,47.0,184,181-365 days
CST-P2-B4-00784,CST,Phase 2,Building D,3,Chalet,2,165.2,0.0,18.6,Pool View,7700302.4,46612.0,2026-02-16,reserved,2025-12-22,,,CUS-000347,BRK-14,AGT-012,2.1,7538596.05,4,16.6,2026-11-30,2026-11-30,47.0,0,0-30 days
CST-P2-B4-00785,CST,Phase 2,Building D,3,Cabin,1,177.8,0.0,0.0,Courtyard View,10034320.8,56436.0,2026-03-15,available,,,,,,,,,,,,,47.0,107,91-180 days
CST-P2-B4-00786,CST,Phase 2,Building D,3,Cabin,2,130.1,0.0,0.0,Courtyard View,6902715.7,53057.0,2026-01-16,reserved,2025-11-02,,,CUS-000445,,AGT-012,9.2,6267665.86,5,17.6,2026-11-30,2026-11-30,47.0,0,0-30 days
CST-P2-B4-00787,CST,Phase 2,Building D,13,Cabin,2,190.3,0.0,0.0,Sea View,9448395.0,49650.0,2025-09-07,cancelled,2026-05-26,2026-06-05,2026-06-30,CUS-000348,,AGT-013,5.2,8957078.46,4,17.3,2026-11-30,2026-11-30,47.0,261,181-365 days
CST-P2-B4-00788,CST,Phase 2,Building D,0,Villa,3,460.3,175.5,39.5,Skyline View,25300389.5,54965.0,2025-11-15,available,,,,,,,,,,,,,47.0,227,181-365 days
CST-P2-B4-00789,CST,Phase 2,Building D,0,Villa,5,461.8,351.5,55.4,Pool View,22461028.4,48638.0,2025-09-06,available,,,,,,,,,,,,,47.0,297,181-365 days
CST-P2-B4-00790,CST,Phase 2,Building D,11,Chalet,3,205.2,0.0,22.5,Skyline View,10514858.4,51242.0,2026-03-14,contracted,2026-06-12,2026-06-13,,CUS-000265,,AGT-013,3.4,10157353.21,4,19.8,2026-11-30,2026-11-30,47.0,90,31-90 days
CST-P2-B4-00791,CST,Phase 2,Building D,3,Cabin,1,172.5,0.0,13.7,Skyline View,6389745.0,37042.0,2026-04-27,contracted,2024-09-07,2024-09-28,,CUS-000451,,AGT-011,11.1,5680483.31,3,21.1,2026-11-30,2026-11-30,47.0,0,0-30 days
CST-P2-B4-00792,CST,Phase 2,Building D,11,Chalet,3,121.4,0.0,27.8,Garden View,4784981.0,39415.0,2025-07-22,available,,,,,,,,,,,,,47.0,343,181-365 days
CST-P2-B4-00793,CST,Phase 2,Building D,11,Cabin,2,145.7,0.0,0.0,Street View,5986084.5,41085.0,2026-04-28,available,,,,,,,,,,,,,47.0,63,31-90 days
CST-P2-B4-00794,CST,Phase 2,Building D,4,Cabin,1,116.2,0.0,29.7,Street View,6305941.6,54268.0,2025-10-08,available,,,,,,,,,,,,,47.0,265,181-365 days
CST-P2-B4-00795,CST,Phase 2,Building D,0,Villa,4,415.0,193.1,32.0,Courtyard View,23022125.0,55475.0,2025-07-14,available,,,,,,,,,,,,,47.0,351,181-365 days
CST-P2-B4-00796,CST,Phase 2,Building D,0,Villa,3,298.9,296.8,31.4,Courtyard View,13942489.4,46646.0,2025-10-28,contracted,2024-11-26,2024-12-17,,CUS-000464,,AGT-012,11.6,12325160.63,5,24.0,2026-11-30,2026-11-30,47.0,0,0-30 days
VTX-P1-B1-00797,VTX,Phase 1,Building A,9,Retail,0,72.3,0.0,0.0,Garden View,4670073.9,64593.0,2024-11-09,available,,,,,,,,,,,,,71.0,598,365+ days
VTX-P1-B1-00798,VTX,Phase 1,Building A,0,Administrative,0,276.5,0.0,0.0,Pool View,15175426.0,54884.0,2024-12-02,contracted,2025-03-22,2025-04-02,,CUS-000678,BRK-06,AGT-017,14.2,13020515.51,5,8.6,2026-03-31,2026-03-31,71.0,110,91-180 days
VTX-P1-B1-00799,VTX,Phase 1,Building A,6,Retail,0,186.5,0.0,0.0,Skyline View,9059797.0,48578.0,2024-03-20,contracted,2025-06-01,2025-06-22,,CUS-000613,,AGT-016,5.3,8579627.76,5,21.2,2026-03-31,2026-03-31,71.0,438,365+ days
VTX-P1-B1-00800,VTX,Phase 1,Building A,10,Retail,0,142.4,0.0,0.0,Street View,9302849.6,65329.0,2024-03-28,reserved,2025-12-19,,,CUS-000545,,AGT-016,5.2,8819101.42,3,23.9,2026-03-31,2026-03-31,71.0,631,365+ days
VTX-P1-B1-00801,VTX,Phase 1,Building A,2,Office,0,155.9,0.0,0.0,Pool View,11854324.2,76038.0,2024-07-03,reserved,2026-06-09,,,CUS-000571,BRK-06,AGT-016,9.7,10704454.75,3,14.2,2026-03-31,2026-03-31,71.0,706,365+ days
VTX-P1-B1-00802,VTX,Phase 1,Building A,3,Office,0,299.5,0.0,0.0,Street View,15445514.5,51571.0,2024-09-22,available,,,,,,,,,,,,,71.0,646,365+ days
VTX-P1-B1-00803,VTX,Phase 1,Building A,2,Office,0,48.8,0.0,0.0,Pool View,3862520.0,79150.0,2024-01-27,contracted,2024-12-10,2024-12-14,,CUS-000627,BRK-12,AGT-017,3.2,3738919.36,6,18.5,2026-03-31,2026-03-31,71.0,318,181-365 days
VTX-P1-B1-00804,VTX,Phase 1,Building A,8,Office,0,103.3,0.0,0.0,Skyline View,5146406.0,49820.0,2024-11-26,contracted,2025-05-28,2025-06-14,,CUS-000618,,AGT-016,3.0,4992013.82,3,23.1,2026-03-31,2026-03-31,71.0,183,181-365 days
VTX-P1-B1-00805,VTX,Phase 1,Building A,7,Office,0,237.4,0.0,0.0,Pool View,16017615.4,67471.0,2024-05-19,contracted,2025-07-10,2025-08-02,,CUS-000581,BRK-06,AGT-018,13.7,13823202.09,6,8.1,2026-03-31,2026-03-31,71.0,417,365+ days
VTX-P1-B1-00806,VTX,Phase 1,Building A,2,Retail,0,230.5,0.0,0.0,Garden View,12143201.0,52682.0,2024-07-25,contracted,2025-06-13,2025-06-28,,CUS-000594,,AGT-016,4.8,11560327.35,5,18.4,2026-03-31,2026-03-31,71.0,323,181-365 days
VTX-P1-B1-00807,VTX,Phase 1,Building A,1,Administrative,0,211.8,0.0,10.6,Skyline View,10571785.2,49914.0,2024-09-30,reserved,2026-03-30,,,CUS-000598,BRK-09,AGT-017,5.4,10000908.8,3,24.0,2026-03-31,2026-03-31,71.0,546,365+ days
VTX-P1-B1-00808,VTX,Phase 1,Building A,8,Retail,0,70.9,0.0,0.0,Courtyard View,5670085.7,79973.0,2024-02-26,reserved,2026-06-25,,,CUS-000501,BRK-06,AGT-017,11.9,4995345.5,5,11.4,2026-03-31,2026-03-31,71.0,850,365+ days
VTX-P1-B1-00809,VTX,Phase 1,Building A,8,Retail,0,130.7,0.0,0.0,Courtyard View,9003138.8,68884.0,2024-11-09,contracted,2025-06-27,2025-06-28,,CUS-000585,BRK-11,AGT-018,5.4,8516969.3,6,22.9,2026-03-31,2026-03-31,71.0,230,181-365 days
VTX-P1-B1-00810,VTX,Phase 1,Building A,9,Office,0,279.6,0.0,0.0,Pool View,15520596.0,55510.0,2024-09-03,contracted,2026-03-07,2026-03-24,,CUS-000653,,AGT-017,3.2,15023936.93,4,18.6,2026-03-31,2026-03-31,71.0,550,365+ days
VTX-P1-B1-00811,VTX,Phase 1,Building A,11,Office,0,164.0,0.0,0.0,Street View,10011708.0,61047.0,2024-06-12,contracted,2025-08-03,2025-08-16,,CUS-000597,BRK-06,AGT-015,14.1,8600057.17,6,9.0,2026-03-31,2026-03-31,71.0,417,365+ days
VTX-P1-B1-00812,VTX,Phase 1,Building A,12,Office,0,77.9,0.0,0.0,Skyline View,4084374.9,52431.0,2023-12-29,reserved,2024-11-05,,,CUS-000624,,AGT-017,4.5,3900578.03,4,21.8,2026-03-31,2026-03-31,71.0,312,181-365 days
VTX-P1-B1-00813,VTX,Phase 1,Building A,8,Retail,0,199.8,0.0,3.1,Garden View,13261325.4,66373.0,2025-02-27,available,,,,,,,,,,,,,71.0,488,365+ days
VTX-P1-B1-00814,VTX,Phase 1,Building A,9,Retail,0,208.7,0.0,0.0,Garden View,14329759.4,68662.0,2024-06-28,contracted,2025-01-19,2025-02-07,,CUS-000510,BRK-01,AGT-015,4.6,13670590.47,4,23.8,2026-03-31,2026-03-31,71.0,205,181-365 days
VTX-P1-B1-00815,VTX,Phase 1,Building A,0,Office,0,268.3,0.0,0.0,Street View,18793073.5,70045.0,2024-11-10,contracted,2024-10-28,2024-10-30,,CUS-000670,BRK-06,AGT-018,9.7,16970145.37,5,8.1,2026-03-31,2026-03-31,71.0,0,0-30 days
VTX-P1-B1-00816,VTX,Phase 1,Building A,2,Retail,0,112.1,0.0,0.0,Skyline View,6694051.5,59715.0,2024-04-16,contracted,2025-04-30,2025-05-17,,CUS-000674,,AGT-015,5.6,6319184.62,6,16.0,2026-03-31,2026-03-31,71.0,379,365+ days
VTX-P1-B1-00817,VTX,Phase 1,Building A,7,Administrative,0,270.5,0.0,0.0,Skyline View,14772546.0,54612.0,2024-09-22,contracted,2025-06-15,2025-06-23,,CUS-000655,BRK-13,AGT-015,3.3,14285051.98,4,22.1,2026-03-31,2026-03-31,71.0,266,181-365 days
VTX-P1-B1-00818,VTX,Phase 1,Building A,8,Office,0,150.2,0.0,0.0,Garden View,9894575.2,65876.0,2024-10-23,contracted,2025-07-04,2025-08-05,,CUS-000546,BRK-06,AGT-015,11.8,8727015.33,6,9.0,2026-03-31,2026-03-31,71.0,254,181-365 days
VTX-P1-B1-00819,VTX,Phase 1,Building A,10,Retail,0,169.8,0.0,0.0,Street View,10979607.6,64662.0,2023-12-23,contracted,2026-02-02,2026-03-06,,CUS-000615,,AGT-016,4.0,10540423.3,3,16.8,2026-03-31,2026-03-31,71.0,772,365+ days
VTX-P1-B1-00820,VTX,Phase 1,Building A,2,Office,0,306.6,0.0,0.0,Courtyard View,18353076.0,59860.0,2024-08-25,contracted,2025-10-08,2025-10-23,,CUS-000542,BRK-06,AGT-018,12.2,16114000.73,6,8.3,2026-03-31,2026-03-31,71.0,409,365+ days
VTX-P1-B1-00821,VTX,Phase 1,Building A,1,Office,0,216.1,0.0,0.0,Street View,17058717.9,78939.0,2024-02-23,contracted,2025-08-18,2025-09-05,,CUS-000555,,AGT-016,3.7,16427545.34,3,19.8,2026-03-31,2026-03-31,71.0,542,365+ days
VTX-P1-B1-00822,VTX,Phase 1,Building A,7,Office,0,237.5,0.0,0.0,Pool View,12828800.0,54016.0,2024-06-16,cancelled,2025-04-06,2025-04-21,2025-06-05,CUS-000522,BRK-01,AGT-018,3.6,12366963.2,4,18.3,2026-03-31,2026-03-31,71.0,294,181-365 days
VTX-P1-B1-00823,VTX,Phase 1,Building A,1,Office,0,242.0,0.0,0.0,Pool View,14907684.0,61602.0,2024-04-17,available,,,,,,,,,,,,,71.0,804,365+ days
VTX-P1-B1-00824,VTX,Phase 1,Building A,5,Office,0,142.2,0.0,0.0,Skyline View,7666144.2,53911.0,2025-03-15,reserved,2025-07-14,,,CUS-000649,,AGT-018,4.6,7313501.57,6,16.0,2026-03-31,2026-03-31,71.0,121,91-180 days
VTX-P1-B1-00825,VTX,Phase 1,Building A,8,Office,0,70.7,0.0,13.5,Garden View,3494488.9,49427.0,2024-04-17,available,,,,,,,,,,,,,71.0,804,365+ days
VTX-P1-B1-00826,VTX,Phase 1,Building A,12,Office,0,103.0,0.0,0.0,Garden View,7870951.0,76417.0,2024-12-25,contracted,2025-01-01,2025-01-27,,CUS-000552,,AGT-017,3.5,7595467.72,5,18.5,2026-03-31,2026-03-31,71.0,7,0-30 days
VTX-P1-B1-00827,VTX,Phase 1,Building A,14,Administrative,0,78.0,0.0,0.0,Courtyard View,5794698.0,74291.0,2024-08-27,reserved,2025-05-06,,,CUS-000626,BRK-07,AGT-018,5.0,5504963.1,4,22.9,2026-03-31,2026-03-31,71.0,252,181-365 days
VTX-P1-B1-00828,VTX,Phase 1,Building A,7,Office,0,114.5,0.0,0.0,Skyline View,7068199.5,61731.0,2024-04-30,contracted,2026-06-02,2026-06-30,,CUS-000505,,AGT-017,4.6,6743062.32,3,23.7,2026-03-31,2026-03-31,71.0,763,365+ days
VTX-P1-B2-00829,VTX,Phase 1,Building B,8,Office,0,309.5,0.0,0.0,Courtyard View,16486755.5,53269.0,2025-02-01,reserved,2024-11-08,,,CUS-000661,BRK-06,AGT-017,12.4,14442397.82,5,9.1,2026-03-31,2026-03-31,71.0,0,0-30 days
VTX-P1-B2-00830,VTX,Phase 1,Building B,7,Retail,0,216.9,0.0,0.0,Skyline View,16589379.6,76484.0,2023-12-26,available,,,,,,,,,,,,,71.0,917,365+ days
VTX-P1-B2-00831,VTX,Phase 1,Building B,4,Office,0,275.2,0.0,12.9,Pool View,13219782.4,48037.0,2024-12-05,contracted,2025-01-12,2025-02-07,,CUS-000580,,AGT-017,3.6,12743870.23,3,20.9,2026-03-31,2026-03-31,71.0,38,31-90 days
VTX-P1-B2-00832,VTX,Phase 1,Building B,9,Office,0,252.3,0.0,0.0,Courtyard View,13148614.5,52115.0,2024-03-30,available,,,,,,,,,,,,,71.0,822,365+ days
VTX-P1-B2-00833,VTX,Phase 1,Building B,9,Office,0,172.2,0.0,0.0,Garden View,9454985.4,54907.0,2024-03-02,available,,,,,,,,,,,,,71.0,850,365+ days
VTX-P1-B2-00834,VTX,Phase 1,Building B,13,Office,0,269.9,0.0,0.0,Street View,20424412.6,75674.0,2025-03-19,available,,,,,,,,,,,,,71.0,468,365+ days
VTX-P1-B2-00835,VTX,Phase 1,Building B,1,Office,0,212.0,0.0,0.0,Pool View,13913136.0,65628.0,2024-10-08,available,,,,,,,,,,,,,71.0,630,365+ days
VTX-P1-B2-00836,VTX,Phase 1,Building B,2,Administrative,0,271.4,0.0,0.0,Pool View,15105581.2,55658.0,2024-09-26,contracted,2025-01-01,2025-01-09,,CUS-000664,,AGT-017,3.3,14607097.02,6,20.9,2026-03-31,2026-03-31,71.0,97,91-180 days
VTX-P1-B2-00837,VTX,Phase 1,Building B,5,Retail,0,187.1,0.0,0.0,Pool View,13869535.9,74129.0,2024-03-11,available,,,,,,,,,,,,,71.0,841,365+ days
VTX-P1-B2-00838,VTX,Phase 1,Building B,10,Retail,0,73.0,0.0,0.0,Courtyard View,4978162.0,68194.0,2024-10-18,contracted,2026-04-03,2026-04-24,,CUS-000582,,AGT-015,4.9,4734232.06,6,20.1,2026-03-31,2026-03-31,71.0,532,365+ days
VTX-P1-B2-00839,VTX,Phase 1,Building B,12,Office,0,171.5,0.0,0.0,Garden View,8993288.5,52439.0,2025-02-01,reserved,2024-12-02,,,CUS-000669,BRK-11,AGT-016,5.9,8462684.48,5,19.9,2026-03-31,2026-03-31,71.0,0,0-30 days
VTX-P1-B2-00840,VTX,Phase 1,Building B,5,Office,0,318.6,0.0,0.0,Pool View,17971270.2,56407.0,2024-11-16,reserved,2025-06-10,,,CUS-000600,BRK-07,AGT-016,5.7,16946907.8,5,19.8,2026-03-31,2026-03-31,71.0,206,181-365 days
VTX-P1-B2-00841,VTX,Phase 1,Building B,13,Retail,0,219.9,0.0,0.0,Pool View,14256776.7,64833.0,2024-04-22,contracted,2025-09-29,2025-10-04,,CUS-000642,BRK-01,AGT-016,5.8,13429883.65,6,24.3,2026-03-31,2026-03-31,71.0,525,365+ days
VTX-P1-B2-00842,VTX,Phase 1,Building B,12,Office,0,214.3,0.0,0.0,Courtyard View,12026301.7,56119.0,2024-01-18,available,,,,,,,,,,,,,71.0,894,365+ days
VTX-P1-B2-00843,VTX,Phase 1,Building B,2,Office,0,221.1,0.0,0.0,Pool View,15833413.2,71612.0,2024-11-12,available,,,,,,,,,,,,,71.0,595,365+ days
VTX-P1-B2-00844,VTX,Phase 1,Building B,8,Administrative,0,174.7,0.0,13.7,Skyline View,11759057.0,67310.0,2025-02-01,cancelled,2024-07-15,2024-07-26,2024-09-05,CUS-000634,BRK-06,AGT-017,13.2,10206861.48,5,13.4,2026-03-31,2026-03-31,71.0,0,0-30 days
VTX-P1-B2-00845,VTX,Phase 1,Building B,2,Office,0,56.3,0.0,0.0,Skyline View,2874396.5,51055.0,2024-10-08,available,,,,,,,,,,,,,71.0,630,365+ days
VTX-P1-B2-00846,VTX,Phase 1,Building B,12,Retail,0,268.7,0.0,0.0,Street View,13185109.0,49070.0,2025-02-24,reserved,2024-12-05,,,CUS-000619,,AGT-016,3.4,12736815.29,6,19.4,2026-03-31,2026-03-31,71.0,0,0-30 days
VTX-P1-B2-00847,VTX,Phase 1,Building B,2,Office,0,128.9,0.0,0.0,Courtyard View,6978903.8,54142.0,2024-10-26,cancelled,2026-06-11,2026-06-30,2026-06-30,CUS-000507,BRK-06,AGT-018,9.2,6336844.65,3,14.9,2026-03-31,2026-03-31,71.0,593,365+ days
VTX-P1-B2-00848,VTX,Phase 1,Building B,8,Retail,0,315.7,0.0,0.0,Skyline View,25222535.8,79894.0,2025-03-01,contracted,2025-05-18,2025-06-04,,CUS-000659,BRK-06,AGT-017,14.1,21666158.25,6,12.4,2026-03-31,2026-03-31,71.0,78,31-90 days
VTX-P1-B2-00849,VTX,Phase 1,Building B,1,Office,0,312.5,0.0,0.0,Pool View,15300625.0,48962.0,2024-02-07,contracted,2025-08-03,2025-08-10,,CUS-000524,,AGT-018,2.6,14902808.75,6,21.3,2026-03-31,2026-03-31,71.0,543,365+ days
VTX-P1-B2-00850,VTX,Phase 1,Building B,4,Retail,0,200.7,0.0,0.0,Pool View,9761445.9,48637.0,2024-08-18,available,,,,,,,,,,,,,71.0,681,365+ days
VTX-P1-B2-00851,VTX,Phase 1,Building B,1,Office,0,224.9,0.0,0.0,Pool View,12463733.1,55419.0,2024-05-03,contracted,2025-09-03,2025-09-28,,CUS-000639,,AGT-017,3.1,12077357.37,3,16.4,2026-03-31,2026-03-31,71.0,488,365+ days
VTX-P1-B2-00852,VTX,Phase 1,Building B,11,Retail,0,113.0,0.0,0.0,Pool View,5592935.0,49495.0,2024-08-27,available,,,,,,,,,,,,,71.0,672,365+ days
VTX-P1-B2-00853,VTX,Phase 1,Building B,5,Office,0,266.2,0.0,0.0,Street View,18891681.6,70968.0,2025-02-26,available,,,,,,,,,,,,,71.0,489,365+ days
VTX-P1-B2-00854,VTX,Phase 1,Building B,5,Office,0,157.6,0.0,0.0,Garden View,8285189.6,52571.0,2024-02-03,contracted,2024-12-02,2024-12-20,,CUS-000665,BRK-06,AGT-018,12.2,7274396.47,6,12.5,2026-03-31,2026-03-31,71.0,303,181-365 days
VTX-P1-B2-00855,VTX,Phase 1,Building B,9,Retail,0,316.9,0.0,0.0,Garden View,19264667.9,60791.0,2024-07-09,available,,,,,,,,,,,,,71.0,721,365+ days
VTX-P1-B2-00856,VTX,Phase 1,Building B,12,Administrative,0,143.0,0.0,0.0,Garden View,10260965.0,71755.0,2024-03-30,contracted,2026-06-22,2026-06-30,,CUS-000498,,AGT-018,3.4,9912092.19,3,15.4,2026-03-31,2026-03-31,71.0,814,365+ days
VTX-P1-B2-00857,VTX,Phase 1,Building B,7,Office,0,45.8,0.0,0.0,Garden View,3012907.2,65784.0,2024-12-16,available,,,,,,,,,,,,,71.0,561,365+ days
VTX-P1-B2-00858,VTX,Phase 1,Building B,4,Retail,0,227.4,0.0,0.0,Street View,15656944.8,68852.0,2024-10-21,contracted,2025-12-11,2025-12-23,,CUS-000535,BRK-03,AGT-017,4.2,14999353.12,4,21.4,2026-03-31,2026-03-31,71.0,416,365+ days
VTX-P1-B2-00859,VTX,Phase 1,Building B,13,Office,0,171.7,0.0,0.0,Courtyard View,8901099.7,51841.0,2025-01-16,contracted,2026-05-08,2026-05-21,,CUS-000622,,AGT-018,5.2,8438242.52,6,21.3,2026-03-31,2026-03-31,71.0,477,365+ days
VTX-P1-B2-00860,VTX,Phase 1,Building B,11,Office,0,242.7,0.0,0.0,Street View,15833990.7,65241.0,2024-04-12,contracted,2025-06-18,2025-07-02,,CUS-000528,,AGT-015,4.3,15153129.1,4,20.1,2026-03-31,2026-03-31,71.0,432,365+ days
VTX-P1-B3-00861,VTX,Phase 1,Building C,8,Retail,0,178.8,0.0,0.0,Skyline View,9915354.0,55455.0,2024-01-12,cancelled,2025-06-09,2025-07-12,2025-08-23,CUS-000564,,AGT-017,2.4,9677385.5,3,20.8,2026-03-31,2026-03-31,71.0,514,365+ days
VTX-P1-B3-00862,VTX,Phase 1,Building C,10,Administrative,0,66.3,0.0,0.0,Skyline View,4048941.0,61070.0,2024-10-12,available,,,,,,,,,,,,,71.0,626,365+ days
VTX-P1-B3-00863,VTX,Phase 1,Building C,0,Office,0,235.1,0.0,0.0,Pool View,17639082.8,75028.0,2024-04-18,cancelled,2024-10-31,2024-12-09,2025-02-05,CUS-000673,,AGT-016,2.6,17180466.65,4,24.4,2026-03-31,2026-03-31,71.0,196,181-365 days
VTX-P1-B3-00864,VTX,Phase 1,Building C,4,Retail,0,74.0,0.0,0.0,Courtyard View,5080100.0,68650.0,2025-01-25,contracted,2026-05-22,2026-06-06,,CUS-000506,BRK-14,AGT-017,2.6,4948017.4,6,16.2,2026-03-31,2026-03-31,71.0,482,365+ days
VTX-P1-B3-00865,VTX,Phase 1,Building C,7,Office,0,240.0,0.0,0.0,Street View,12197760.0,50824.0,2024-07-04,contracted,2025-04-21,2025-05-12,,CUS-000539,,AGT-017,3.5,11770838.4,5,24.7,2026-03-31,2026-03-31,71.0,291,181-365 days
VTX-P1-B3-00866,VTX,Phase 1,Building C,7,Office,0,173.3,0.0,10.2,Pool View,9886245.1,57047.0,2025-02-28,contracted,2025-10-29,2025-12-01,,CUS-000492,,AGT-015,3.7,9520454.03,3,22.1,2026-03-31,2026-03-31,71.0,243,181-365 days
VTX-P1-B3-00867,VTX,Phase 1,Building C,8,Retail,0,232.5,0.0,0.0,Garden View,18447015.0,79342.0,2025-01-11,cancelled,2025-09-10,,2025-10-21,CUS-000574,BRK-06,AGT-015,10.0,16602313.5,5,14.6,2026-03-31,2026-03-31,71.0,242,181-365 days
VTX-P1-B3-00868,VTX,Phase 1,Building C,3,Administrative,0,188.0,0.0,0.0,Pool View,10804360.0,57470.0,2025-01-22,contracted,2024-07-20,2024-08-12,,CUS-000603,BRK-03,AGT-017,2.3,10555859.72,5,19.0,2026-03-31,2026-03-31,71.0,0,0-30 days
VTX-P1-B3-00869,VTX,Phase 1,Building C,13,Office,0,54.2,0.0,0.0,Garden View,3244412.0,59860.0,2024-10-28,available,,,,,,,,,,,,,71.0,610,365+ days
VTX-P1-B3-00870,VTX,Phase 1,Building C,10,Office,0,65.5,0.0,0.0,Skyline View,3933340.5,60051.0,2024-02-14,contracted,2026-05-26,2026-06-03,,CUS-000652,BRK-06,AGT-016,11.5,3481006.34,3,10.5,2026-03-31,2026-03-31,71.0,832,365+ days
VTX-P1-B3-00871,VTX,Phase 1,Building C,6,Retail,0,183.2,0.0,0.0,Pool View,9687249.6,52878.0,2024-12-25,reserved,2025-03-21,,,CUS-000536,,AGT-018,4.8,9222261.62,3,16.7,2026-03-31,2026-03-31,71.0,86,31-90 days
VTX-P1-B3-00872,VTX,Phase 1,Building C,14,Administrative,0,268.3,0.0,0.0,Street View,21385388.1,79707.0,2024-08-27,contracted,2025-04-01,2025-04-18,,CUS-000583,BRK-03,AGT-015,4.4,20444431.02,6,19.5,2026-03-31,2026-03-31,71.0,217,181-365 days
VTX-P1-B3-00873,VTX,Phase 1,Building C,0,Office,0,194.2,0.0,0.0,Garden View,13798686.8,71054.0,2025-01-02,available,,,,,,,,,,,,,71.0,544,365+ days
VTX-P1-B3-00874,VTX,Phase 1,Building C,0,Administrative,0,298.7,0.0,0.0,Garden View,23714390.4,79392.0,2025-02-20,available,,,,,,,,,,,,,71.0,495,365+ days
VTX-P1-B3-00875,VTX,Phase 1,Building C,11,Office,0,91.5,0.0,0.0,Garden View,7246342.5,79195.0,2025-02-17,contracted,2025-02-17,2025-03-19,,CUS-000556,,AGT-018,2.2,7086922.96,5,21.4,2026-03-31,2026-03-31,71.0,0,0-30 days
VTX-P1-B3-00876,VTX,Phase 1,Building C,1,Retail,0,198.7,0.0,0.0,Street View,15583047.5,78425.0,2024-11-14,available,,,,,,,,,,,,,71.0,593,365+ days
VTX-P1-B3-00877,VTX,Phase 1,Building C,5,Office,0,148.4,0.0,0.0,Pool View,11416412.0,76930.0,2024-03-12,contracted,2025-01-19,2025-02-11,,CUS-000544,BRK-10,AGT-018,4.6,10891257.05,6,21.7,2026-03-31,2026-03-31,71.0,313,181-365 days
VTX-P1-B3-00878,VTX,Phase 1,Building C,8,Office,0,295.7,0.0,14.6,Skyline View,19877249.7,67221.0,2024-09-03,reserved,2026-04-04,,,CUS-000596,BRK-08,AGT-016,4.2,19042405.21,5,19.4,2026-03-31,2026-03-31,71.0,578,365+ days
VTX-P1-B3-00879,VTX,Phase 1,Building C,0,Retail,0,184.1,0.0,0.0,Pool View,10138387.0,55070.0,2024-04-22,reserved,2026-03-31,,,CUS-000554,,AGT-018,4.5,9682159.59,4,18.4,2026-03-31,2026-03-31,71.0,708,365+ days
VTX-P1-B3-00880,VTX,Phase 1,Building C,1,Office,0,224.9,0.0,0.0,Street View,15134645.5,67295.0,2024-10-15,available,,,,,,,,,,,,,71.0,623,365+ days
VTX-P1-B3-00881,VTX,Phase 1,Building C,14,Administrative,0,278.8,0.0,0.0,Street View,18660641.6,66932.0,2025-03-06,contracted,2025-09-21,2025-10-09,,CUS-000616,,AGT-015,5.3,17671627.6,4,21.0,2026-03-31,2026-03-31,71.0,199,181-365 days
VTX-P1-B3-00882,VTX,Phase 1,Building C,4,Retail,0,223.1,0.0,0.0,Skyline View,14929182.7,66917.0,2025-03-12,available,,,,,,,,,,,,,71.0,475,365+ days
VTX-P1-B3-00883,VTX,Phase 1,Building C,6,Office,0,302.6,0.0,0.0,Skyline View,18003489.6,59496.0,2024-10-03,contracted,2025-10-04,2025-11-14,,CUS-000643,BRK-02,AGT-015,4.5,17193332.57,5,19.8,2026-03-31,2026-03-31,71.0,366,365+ days
VTX-P1-B3-00884,VTX,Phase 1,Building C,10,Administrative,0,219.9,0.0,0.0,Street View,13194879.6,60004.0,2025-03-01,contracted,2026-05-14,2026-05-30,,CUS-000668,BRK-10,AGT-015,3.4,12746253.69,5,22.0,2026-03-31,2026-03-31,71.0,439,365+ days
VTX-P1-B3-00885,VTX,Phase 1,Building C,10,Office,0,215.6,0.0,0.0,Skyline View,14694218.0,68155.0,2024-03-14,cancelled,2026-03-20,2026-04-01,2026-05-26,CUS-000657,BRK-05,AGT-017,5.4,13900730.23,6,21.8,2026-03-31,2026-03-31,71.0,736,365+ days
VTX-P1-B3-00886,VTX,Phase 1,Building C,0,Administrative,0,126.2,0.0,0.0,Courtyard View,10114425.2,80146.0,2024-05-02,contracted,2024-07-20,2024-08-08,,CUS-000587,,AGT-018,5.8,9527788.54,3,21.9,2026-03-31,2026-03-31,71.0,79,31-90 days
VTX-P1-B3-00887,VTX,Phase 1,Building C,2,Office,0,296.1,0.0,0.0,Pool View,23682078.0,79980.0,2024-10-22,available,,,,,,,,,,,,,71.0,616,365+ days
VTX-P1-B3-00888,VTX,Phase 1,Building C,1,Retail,0,89.2,0.0,0.0,Skyline View,4431456.0,49680.0,2024-02-20,reserved,2026-05-28,,,CUS-000558,,AGT-015,3.4,4280786.5,4,23.6,2026-03-31,2026-03-31,71.0,828,365+ days
VTX-P1-B3-00889,VTX,Phase 1,Building C,12,Office,0,193.5,0.0,0.0,Pool View,15046366.5,77759.0,2024-04-16,available,,,,,,,,,,,,,71.0,805,365+ days
VTX-P1-B3-00890,VTX,Phase 1,Building C,10,Administrative,0,62.6,0.0,0.0,Skyline View,3183335.2,50852.0,2024-04-09,contracted,2024-10-10,2024-11-08,,CUS-000579,,AGT-015,4.7,3033718.45,4,17.1,2026-03-31,2026-03-31,71.0,184,181-365 days
VTX-P1-B3-00891,VTX,Phase 1,Building C,8,Retail,0,83.3,0.0,0.0,Skyline View,5239486.7,62899.0,2024-05-02,contracted,2026-02-15,2026-03-12,,CUS-000530,BRK-13,AGT-017,5.6,4946075.44,5,23.9,2026-03-31,2026-03-31,71.0,654,365+ days
VTX-P1-B3-00892,VTX,Phase 1,Building C,14,Office,0,102.7,0.0,0.0,Courtyard View,8088960.1,78763.0,2025-02-27,cancelled,2025-09-28,2025-10-11,2025-11-30,CUS-000646,BRK-06,AGT-016,11.9,7126373.85,5,8.5,2026-03-31,2026-03-31,71.0,213,181-365 days
VTX-P1-B4-00893,VTX,Phase 1,Building D,9,Office,0,180.8,0.0,0.0,Pool View,13839697.6,76547.0,2023-12-15,contracted,2025-09-27,2025-10-19,,CUS-000621,,AGT-018,5.9,13023155.44,3,22.7,2026-03-31,2026-03-31,71.0,652,365+ days
VTX-P1-B4-00894,VTX,Phase 1,Building D,11,Administrative,0,156.5,0.0,0.0,Street View,12608109.5,80563.0,2024-06-15,available,,,,,,,,,,,,,71.0,745,365+ days
VTX-P1-B4-00895,VTX,Phase 1,Building D,6,Office,0,281.3,0.0,0.0,Garden View,19690156.1,69997.0,2024-04-22,contracted,2026-03-01,2026-04-10,,CUS-000532,BRK-05,AGT-016,2.8,19138831.73,5,16.2,2026-03-31,2026-03-31,71.0,678,365+ days
VTX-P1-B4-00896,VTX,Phase 1,Building D,10,Office,0,260.5,0.0,0.0,Street View,20646709.0,79258.0,2025-01-02,contracted,2026-01-28,2026-02-10,,CUS-000577,BRK-11,AGT-015,4.1,19800193.93,5,19.7,2026-03-31,2026-03-31,71.0,391,365+ days
VTX-P1-B4-00897,VTX,Phase 1,Building D,12,Retail,0,166.1,0.0,0.0,Garden View,9480988.0,57080.0,2024-09-09,contracted,2024-09-25,2024-10-18,,CUS-000549,BRK-11,AGT-015,2.6,9234482.31,3,19.2,2026-03-31,2026-03-31,71.0,16,0-30 days
VTX-P1-B4-00898,VTX,Phase 1,Building D,9,Office,0,194.5,0.0,0.0,Street View,10670270.0,54860.0,2024-01-13,contracted,2025-06-01,2025-06-08,,CUS-000495,BRK-11,AGT-015,3.7,10275470.01,3,23.1,2026-03-31,2026-03-31,71.0,505,365+ days
VTX-P1-B4-00899,VTX,Phase 1,Building D,0,Retail,0,162.2,0.0,7.9,Skyline View,10334735.2,63716.0,2025-02-15,reserved,2025-08-06,,,CUS-000527,BRK-10,AGT-017,4.5,9869672.12,6,24.2,2026-03-31,2026-03-31,71.0,172,91-180 days
VTX-P1-B4-00900,VTX,Phase 1,Building D,9,Retail,0,146.2,0.0,0.0,Garden View,11135615.4,76167.0,2025-02-26,contracted,2026-04-08,2026-04-24,,CUS-000638,BRK-08,AGT-016,4.6,10623377.09,4,22.5,2026-03-31,2026-03-31,71.0,406,365+ days
VTX-P1-B4-00901,VTX,Phase 1,Building D,7,Retail,0,293.7,0.0,0.0,Courtyard View,23795280.3,81019.0,2024-04-10,contracted,2025-01-26,2025-02-21,,CUS-000631,,AGT-018,3.5,22962445.49,6,20.1,2026-03-31,2026-03-31,71.0,291,181-365 days
VTX-P1-B4-00902,VTX,Phase 1,Building D,8,Office,0,126.2,0.0,0.0,Skyline View,7907944.4,62662.0,2024-11-15,available,,,,,,,,,,,,,71.0,592,365+ days
VTX-P1-B4-00903,VTX,Phase 1,Building D,2,Retail,0,245.0,0.0,0.8,Pool View,18593050.0,75890.0,2024-10-09,contracted,2025-04-24,2025-05-14,,CUS-000584,BRK-06,AGT-018,10.1,16715151.95,4,12.1,2026-03-31,2026-03-31,71.0,197,181-365 days
VTX-P1-B4-00904,VTX,Phase 1,Building D,2,Office,0,181.8,0.0,14.0,Courtyard View,10110625.2,55614.0,2024-07-19,contracted,2026-06-05,2026-06-26,,CUS-000509,,AGT-016,4.4,9665757.69,3,20.8,2026-03-31,2026-03-31,71.0,686,365+ days
VTX-P1-B4-00905,VTX,Phase 1,Building D,0,Retail,0,197.9,0.0,0.0,Street View,14155589.1,71529.0,2024-04-21,contracted,2026-05-21,2026-06-01,,CUS-000517,BRK-06,AGT-017,14.6,12088873.09,6,8.2,2026-03-31,2026-03-31,71.0,760,365+ days
VTX-P1-B4-00906,VTX,Phase 1,Building D,7,Office,0,58.2,0.0,0.0,Skyline View,4476569.4,76917.0,2024-03-16,contracted,2024-11-08,2024-12-02,,CUS-000515,,AGT-017,5.9,4212451.81,3,24.7,2026-03-31,2026-03-31,71.0,237,181-365 days
VTX-P1-B4-00907,VTX,Phase 1,Building D,8,Office,0,216.5,0.0,0.0,Courtyard View,13560910.5,62637.0,2024-06-04,contracted,2026-05-13,2026-05-26,,CUS-000518,BRK-06,AGT-018,10.2,12177697.63,3,10.4,2026-03-31,2026-03-31,71.0,708,365+ days
VTX-P1-B4-00908,VTX,Phase 1,Building D,10,Office,0,174.4,0.0,0.0,Street View,11002547.2,63088.0,2024-07-17,available,,,,,,,,,,,,,71.0,713,365+ days
VTX-P1-B4-00909,VTX,Phase 1,Building D,1,Office,0,286.1,0.0,0.0,Courtyard View,21121046.4,73824.0,2024-12-15,contracted,2024-11-02,2024-11-10,,CUS-000572,BRK-14,AGT-017,2.5,20593020.24,3,16.6,2026-03-31,2026-03-31,71.0,0,0-30 days
VTX-P1-B4-00910,VTX,Phase 1,Building D,7,Office,0,269.3,0.0,8.9,Garden View,18725236.9,69533.0,2025-02-17,reserved,2024-10-19,,,CUS-000562,,AGT-015,5.8,17639173.16,6,17.9,2026-03-31,2026-03-31,71.0,0,0-30 days
VTX-P1-B4-00911,VTX,Phase 1,Building D,12,Office,0,229.9,0.0,0.0,Courtyard View,14089881.3,61287.0,2024-08-14,available,,,,,,,,,,,,,71.0,685,365+ days
VTX-P1-B4-00912,VTX,Phase 1,Building D,10,Office,0,172.3,0.0,0.0,Courtyard View,12429722.0,72140.0,2025-02-08,contracted,2025-07-27,2025-08-13,,CUS-000595,BRK-14,AGT-017,5.5,11746087.29,6,20.5,2026-03-31,2026-03-31,71.0,169,91-180 days
VTX-P1-B4-00913,VTX,Phase 1,Building D,6,Office,0,226.8,0.0,2.4,Courtyard View,17130657.6,75532.0,2024-03-24,contracted,2025-01-01,2025-01-30,,CUS-000526,BRK-06,AGT-018,9.3,15537506.44,3,11.6,2026-03-31,2026-03-31,71.0,283,181-365 days
VTX-P1-B4-00914,VTX,Phase 1,Building D,6,Administrative,0,85.4,0.0,0.0,Skyline View,4820659.2,56448.0,2024-10-07,contracted,2026-06-05,2026-06-17,,CUS-000519,,AGT-015,3.4,4656756.79,6,20.9,2026-03-31,2026-03-31,71.0,606,365+ days
VTX-P1-B4-00915,VTX,Phase 1,Building D,1,Retail,0,270.6,0.0,0.0,Courtyard View,17753795.4,65609.0,2024-08-20,contracted,2024-10-25,2024-11-05,,CUS-000551,BRK-02,AGT-016,3.8,17079151.17,3,20.5,2026-03-31,2026-03-31,71.0,66,31-90 days
VTX-P1-B4-00916,VTX,Phase 1,Building D,2,Office,0,250.7,0.0,14.0,Skyline View,13617271.9,54317.0,2025-01-26,contracted,2025-01-06,2025-01-29,,CUS-000537,BRK-06,AGT-017,13.9,11724471.11,3,11.8,2026-03-31,2026-03-31,71.0,0,0-30 days
VTX-P1-B4-00917,VTX,Phase 1,Building D,12,Office,0,213.5,0.0,0.0,Skyline View,12397518.0,58068.0,2024-12-29,contracted,2025-03-14,2025-04-11,,CUS-000609,BRK-02,AGT-017,4.8,11802437.14,4,15.4,2026-03-31,2026-03-31,71.0,75,31-90 days
VTX-P1-B4-00918,VTX,Phase 1,Building D,11,Office,0,202.9,0.0,0.0,Pool View,16424957.9,80951.0,2024-04-22,available,,,,,,,,,,,,,71.0,799,365+ days
VTX-P1-B4-00919,VTX,Phase 1,Building D,8,Office,0,198.5,0.0,0.0,Garden View,15777177.0,79482.0,2024-09-05,contracted,2024-10-01,2024-11-06,,CUS-000563,BRK-06,AGT-016,9.6,14262568.01,4,8.9,2026-03-31,2026-03-31,71.0,26,0-30 days
VTX-P1-B4-00920,VTX,Phase 1,Building D,5,Retail,0,198.7,0.0,0.0,Skyline View,15166771.0,76330.0,2024-05-08,available,,,,,,,,,,,,,71.0,783,365+ days
VTX-P1-B4-00921,VTX,Phase 1,Building D,6,Administrative,0,223.4,0.0,0.0,Courtyard View,15675084.4,70166.0,2024-03-21,contracted,2026-05-16,2026-06-02,,CUS-000500,,AGT-017,5.6,14797279.67,5,18.5,2026-03-31,2026-03-31,71.0,786,365+ days
VTX-P1-B4-00922,VTX,Phase 1,Building D,9,Retail,0,161.4,0.0,5.3,Pool View,12035920.8,74572.0,2024-06-22,reserved,2024-11-28,,,CUS-000565,BRK-14,AGT-015,5.1,11422088.84,4,23.3,2026-03-31,2026-03-31,71.0,159,91-180 days
VTX-P1-B4-00923,VTX,Phase 1,Building D,5,Office,0,286.7,0.0,0.0,Street View,22231578.1,77543.0,2024-12-18,contracted,2024-08-17,2024-09-13,,CUS-000676,BRK-11,AGT-017,4.0,21342314.98,6,24.6,2026-03-31,2026-03-31,71.0,0,0-30 days
VTX-P1-B4-00924,VTX,Phase 1,Building D,10,Office,0,224.3,0.0,0.0,Pool View,13272279.6,59172.0,2025-03-06,reserved,2025-02-20,,,CUS-000629,,AGT-015,4.6,12661754.74,6,18.3,2026-03-31,2026-03-31,71.0,0,0-30 days
VTX-P2-B1-00925,VTX,Phase 2,Building A,3,Retail,0,211.0,0.0,0.0,Courtyard View,13102256.0,62096.0,2025-09-29,contracted,2026-06-28,2026-06-29,,CUS-000499,BRK-07,AGT-018,2.8,12735392.83,3,17.6,2026-03-31,2026-03-31,71.0,272,181-365 days
VTX-P2-B1-00926,VTX,Phase 2,Building A,1,Office,0,83.3,0.0,0.0,Garden View,6728141.0,80770.0,2025-07-28,contracted,2025-11-30,2025-12-15,,CUS-000523,,AGT-015,5.1,6385005.81,4,18.8,2026-03-31,2026-03-31,71.0,125,91-180 days
VTX-P2-B1-00927,VTX,Phase 2,Building A,4,Office,0,232.5,0.0,0.0,Skyline View,11520840.0,49552.0,2026-05-08,available,,,,,,,,,,,,,71.0,53,31-90 days
VTX-P2-B1-00928,VTX,Phase 2,Building A,2,Office,0,252.5,0.0,0.0,Street View,20325492.5,80497.0,2026-03-17,contracted,2025-09-09,2025-10-17,,CUS-000677,BRK-06,AGT-015,14.9,17296994.12,5,13.9,2026-03-31,2026-03-31,71.0,0,0-30 days
VTX-P2-B1-00929,VTX,Phase 2,Building A,12,Office,0,67.1,0.0,0.0,Garden View,4442154.2,66202.0,2025-07-15,contracted,2025-12-20,2025-12-28,,CUS-000617,,AGT-018,2.8,4317773.88,6,23.3,2026-03-31,2026-03-31,71.0,158,91-180 days
VTX-P2-B1-00930,VTX,Phase 2,Building A,2,Office,0,124.2,0.0,0.0,Skyline View,7445417.4,59947.0,2025-07-03,available,,,,,,,,,,,,,71.0,362,181-365 days
VTX-P2-B1-00931,VTX,Phase 2,Building A,0,Office,0,278.2,0.0,0.0,Garden View,16101103.2,57876.0,2026-05-25,available,,,,,,,,,,,,,71.0,36,31-90 days
VTX-P2-B1-00932,VTX,Phase 2,Building A,9,Retail,0,109.1,0.0,0.0,Pool View,7592487.2,69592.0,2025-06-20,available,,,,,,,,,,,,,71.0,375,365+ days
VTX-P2-B1-00933,VTX,Phase 2,Building A,4,Office,0,72.2,0.0,2.9,Pool View,4226227.0,58535.0,2025-11-23,reserved,2025-07-02,,,CUS-000569,BRK-06,AGT-015,12.5,3697948.62,3,8.7,2026-03-31,2026-03-31,71.0,0,0-30 days
VTX-P2-B1-00934,VTX,Phase 2,Building A,5,Office,0,84.7,0.0,0.6,Skyline View,4922255.8,58114.0,2025-09-26,contracted,2026-03-25,2026-04-16,,CUS-000576,,AGT-017,5.3,4661376.24,6,23.9,2026-03-31,2026-03-31,71.0,180,91-180 days
VTX-P2-B1-00935,VTX,Phase 2,Building A,14,Office,0,288.0,0.0,0.0,Garden View,19846656.0,68912.0,2025-04-12,contracted,2025-12-09,2025-12-27,,CUS-000608,,AGT-018,3.3,19191716.35,4,17.2,2026-03-31,2026-03-31,71.0,241,181-365 days
VTX-P2-B1-00936,VTX,Phase 2,Building A,2,Office,0,302.1,0.0,0.0,Courtyard View,22069009.2,73052.0,2025-04-04,cancelled,2024-08-11,2024-09-02,2024-10-13,CUS-000588,BRK-04,AGT-015,4.3,21120041.8,5,20.2,2026-03-31,2026-03-31,71.0,0,0-30 days
VTX-P2-B1-00937,VTX,Phase 2,Building A,1,Office,0,184.5,0.0,0.0,Skyline View,10214842.5,55365.0,2025-12-08,cancelled,2026-03-24,,2026-05-02,CUS-000612,,AGT-015,3.3,9877752.7,3,15.2,2026-03-31,2026-03-31,71.0,106,91-180 days
VTX-P2-B1-00938,VTX,Phase 2,Building A,8,Administrative,0,63.4,0.0,0.0,Pool View,3411997.8,53817.0,2026-01-18,available,,,,,,,,,,,,,71.0,163,91-180 days
VTX-P2-B1-00939,VTX,Phase 2,Building A,4,Office,0,146.4,0.0,0.0,Pool View,8661902.4,59166.0,2025-11-01,available,,,,,,,,,,,,,71.0,241,181-365 days
VTX-P2-B1-00940,VTX,Phase 2,Building A,2,Office,0,104.6,0.0,0.0,Pool View,6090544.2,58227.0,2025-07-29,contracted,2024-07-17,2024-08-26,,CUS-000667,BRK-06,AGT-017,11.1,5414493.79,6,12.9,2026-03-31,2026-03-31,71.0,0,0-30 days
VTX-P2-B1-00941,VTX,Phase 2,Building A,8,Office,0,49.5,0.0,0.0,Courtyard View,2462575.5,49749.0,2025-09-28,contracted,2026-05-22,2026-06-10,,CUS-000514,BRK-06,AGT-016,9.5,2228630.83,3,8.3,2026-03-31,2026-03-31,71.0,236,181-365 days
VTX-P2-B1-00942,VTX,Phase 2,Building A,14,Office,0,57.4,0.0,0.0,Pool View,3985856.0,69440.0,2026-03-13,reserved,2025-05-29,,,CUS-000586,BRK-10,AGT-015,4.5,3806492.48,5,16.9,2026-03-31,2026-03-31,71.0,0,0-30 days
VTX-P2-B1-00943,VTX,Phase 2,Building A,12,Office,0,235.0,0.0,0.0,Pool View,14053000.0,59800.0,2026-01-01,available,,,,,,,,,,,,,71.0,180,91-180 days
VTX-P2-B1-00944,VTX,Phase 2,Building A,12,Office,0,151.6,0.0,0.0,Garden View,9879772.0,65170.0,2025-05-29,contracted,2025-12-23,2026-01-06,,CUS-000493,,AGT-016,5.2,9366023.86,4,23.0,2026-03-31,2026-03-31,71.0,208,181-365 days
VTX-P2-B1-00945,VTX,Phase 2,Building A,10,Administrative,0,79.2,0.0,0.0,Courtyard View,4968374.4,62732.0,2026-03-21,contracted,2025-05-04,2025-05-16,,CUS-000575,,AGT-018,2.2,4859070.16,3,24.6,2026-03-31,2026-03-31,71.0,0,0-30 days
VTX-P2-B1-00946,VTX,Phase 2,Building A,7,Retail,0,174.2,0.0,0.0,Courtyard View,12924072.2,74191.0,2026-04-18,available,,,,,,,,,,,,,71.0,73,31-90 days
VTX-P2-B1-00947,VTX,Phase 2,Building A,6,Office,0,300.5,0.0,0.0,Pool View,23952554.5,79709.0,2025-06-20,contracted,2025-02-23,2025-03-24,,CUS-000589,BRK-09,AGT-017,3.1,23210025.31,3,19.0,2026-03-31,2026-03-31,71.0,0,0-30 days
VTX-P2-B1-00948,VTX,Phase 2,Building A,14,Retail,0,304.3,0.0,0.0,Courtyard View,20358887.2,66904.0,2026-02-11,reserved,2024-12-10,,,CUS-000644,BRK-06,AGT-018,10.3,18261921.82,6,13.3,2026-03-31,2026-03-31,71.0,0,0-30 days
VTX-P2-B1-00949,VTX,Phase 2,Building A,7,Retail,0,124.5,0.0,0.0,Skyline View,9981663.0,80174.0,2026-01-27,reserved,2026-01-21,,,CUS-000533,BRK-14,AGT-018,2.1,9772048.08,3,18.0,2026-03-31,2026-03-31,71.0,0,0-30 days
VTX-P2-B1-00950,VTX,Phase 2,Building A,0,Office,0,198.2,0.0,7.0,Garden View,14012938.2,70701.0,2025-10-22,reserved,2025-04-15,,,CUS-000590,BRK-06,AGT-016,9.4,12695722.01,3,11.4,2026-03-31,2026-03-31,71.0,0,0-30 days
VTX-P2-B1-00951,VTX,Phase 2,Building A,12,Office,0,287.2,0.0,1.7,Courtyard View,21792736.0,75880.0,2026-01-30,contracted,2026-04-17,2026-05-09,,CUS-000662,BRK-06,AGT-018,12.9,18981473.06,4,12.8,2026-03-31,2026-03-31,71.0,77,31-90 days
VTX-P2-B1-00952,VTX,Phase 2,Building A,7,Retail,0,102.3,0.0,12.2,Pool View,7128264.0,69680.0,2026-02-09,contracted,2025-08-03,2025-08-13,,CUS-000628,BRK-06,AGT-017,9.6,6443950.66,3,11.5,2026-03-31,2026-03-31,71.0,0,0-30 days
VTX-P2-B1-00953,VTX,Phase 2,Building A,12,Office,0,67.4,0.0,0.0,Skyline View,4537974.6,67329.0,2026-04-18,cancelled,2026-02-23,2026-03-24,2026-05-23,CUS-000531,BRK-06,AGT-016,11.6,4011569.55,3,8.2,2026-03-31,2026-03-31,71.0,0,0-30 days
VTX-P2-B1-00954,VTX,Phase 2,Building A,4,Office,0,69.2,0.0,0.0,Skyline View,4795006.4,69292.0,2026-04-24,available,,,,,,,,,,,,,71.0,67,31-90 days
VTX-P2-B1-00955,VTX,Phase 2,Building A,5,Retail,0,285.6,0.0,0.0,Skyline View,20221051.2,70802.0,2025-12-22,contracted,2026-06-21,2026-06-30,,CUS-000560,BRK-07,AGT-018,3.7,19472872.31,4,19.3,2026-03-31,2026-03-31,71.0,181,181-365 days
VTX-P2-B1-00956,VTX,Phase 2,Building A,9,Retail,0,313.4,0.0,9.6,Pool View,16367628.4,52226.0,2026-03-09,contracted,2026-05-21,2026-06-06,,CUS-000497,BRK-13,AGT-017,4.9,15565614.61,3,18.1,2026-03-31,2026-03-31,71.0,73,31-90 days
VTX-P2-B2-00957,VTX,Phase 2,Building B,8,Administrative,0,156.3,0.0,0.0,Street View,8627291.1,55197.0,2025-11-13,reserved,2025-02-20,,,CUS-000534,BRK-01,AGT-017,2.4,8420236.11,5,24.9,2026-03-31,2026-03-31,71.0,0,0-30 days
VTX-P2-B2-00958,VTX,Phase 2,Building B,0,Office,0,307.4,0.0,0.0,Street View,21710432.4,70626.0,2026-01-03,contracted,2024-12-06,2025-01-06,,CUS-000592,BRK-02,AGT-015,5.3,20559779.48,5,24.7,2026-03-31,2026-03-31,71.0,0,0-30 days
VTX-P2-B2-00959,VTX,Phase 2,Building B,12,Office,0,257.8,0.0,0.0,Pool View,15324663.2,59444.0,2025-12-01,contracted,2025-07-23,2025-08-11,,CUS-000557,,AGT-016,2.7,14910897.29,3,24.4,2026-03-31,2026-03-31,71.0,0,0-30 days
VTX-P2-B2-00960,VTX,Phase 2,Building B,14,Retail,0,230.5,0.0,12.1,Skyline View,14377668.0,62376.0,2025-12-17,available,,,,,,,,,,,,,71.0,195,181-365 days
VTX-P2-B2-00961,VTX,Phase 2,Building B,7,Office,0,261.0,0.0,1.5,Garden View,15023421.0,57561.0,2025-06-23,contracted,2026-05-05,2026-05-24,,CUS-000496,,AGT-016,3.6,14482577.84,6,17.7,2026-03-31,2026-03-31,71.0,316,181-365 days
VTX-P2-B2-00962,VTX,Phase 2,Building B,10,Office,0,70.4,0.0,0.0,Skyline View,3538022.4,50256.0,2025-05-15,contracted,2025-09-15,2025-10-08,,CUS-000645,BRK-06,AGT-016,9.9,3187758.18,6,10.0,2026-03-31,2026-03-31,71.0,123,91-180 days
VTX-P2-B2-00963,VTX,Phase 2,Building B,13,Office,0,128.2,0.0,0.0,Skyline View,10408429.8,81189.0,2025-07-30,reserved,2025-08-29,,,CUS-000630,,AGT-015,3.7,10023317.9,5,24.1,2026-03-31,2026-03-31,71.0,30,0-30 days
VTX-P2-B2-00964,VTX,Phase 2,Building B,3,Office,0,259.3,0.0,0.0,Garden View,13805650.6,53242.0,2025-04-26,contracted,2025-09-25,2025-09-28,,CUS-000573,BRK-12,AGT-018,2.1,13515731.94,3,24.7,2026-03-31,2026-03-31,71.0,152,91-180 days
VTX-P2-B2-00965,VTX,Phase 2,Building B,11,Office,0,133.2,0.0,0.0,Garden View,9475981.2,71141.0,2026-03-04,contracted,2024-12-31,2025-01-01,,CUS-000540,,AGT-016,4.6,9040086.06,6,21.4,2026-03-31,2026-03-31,71.0,0,0-30 days
VTX-P2-B2-00966,VTX,Phase 2,Building B,5,Office,0,304.0,0.0,0.3,Courtyard View,14766496.0,48574.0,2026-03-29,contracted,2024-09-28,2024-10-25,,CUS-000663,,AGT-018,5.5,13954338.72,5,18.2,2026-03-31,2026-03-31,71.0,0,0-30 days
VTX-P2-B2-00967,VTX,Phase 2,Building B,6,Office,0,236.1,0.0,0.0,Courtyard View,17858840.1,75641.0,2025-11-22,available,,,,,,,,,,,,,71.0,220,181-365 days
VTX-P2-B2-00968,VTX,Phase 2,Building B,4,Office,0,158.0,0.0,13.9,Pool View,11683626.0,73947.0,2026-06-08,contracted,2025-05-20,2025-06-10,,CUS-000516,BRK-06,AGT-015,14.6,9977816.6,3,14.2,2026-03-31,2026-03-31,71.0,0,0-30 days
VTX-P2-B2-00969,VTX,Phase 2,Building B,14,Office,0,174.1,0.0,0.0,Skyline View,13961949.5,80195.0,2025-07-27,contracted,2026-06-04,2026-06-15,,CUS-000561,BRK-06,AGT-017,9.9,12579716.5,6,10.0,2026-03-31,2026-03-31,71.0,312,181-365 days
VTX-P2-B2-00970,VTX,Phase 2,Building B,9,Office,0,307.5,0.0,0.0,Garden View,21533302.5,70027.0,2025-07-05,contracted,2024-11-14,2024-12-11,,CUS-000503,BRK-06,AGT-017,12.1,18927772.9,6,13.0,2026-03-31,2026-03-31,71.0,0,0-30 days
VTX-P2-B2-00971,VTX,Phase 2,Building B,0,Office,0,308.9,0.0,0.0,Street View,15157105.2,49068.0,2026-06-16,contracted,2024-09-26,2024-10-18,,CUS-000647,BRK-05,AGT-016,5.2,14368935.73,4,17.4,2026-03-31,2026-03-31,71.0,0,0-30 days
VTX-P2-B2-00972,VTX,Phase 2,Building B,8,Office,0,305.0,0.0,0.0,Street View,16928720.0,55504.0,2025-09-22,contracted,2024-12-05,2024-12-25,,CUS-000623,,AGT-016,2.8,16454715.84,6,16.0,2026-03-31,2026-03-31,71.0,0,0-30 days
VTX-P2-B2-00973,VTX,Phase 2,Building B,2,Retail,0,154.0,0.0,5.8,Skyline View,7931924.0,51506.0,2025-05-06,cancelled,2025-07-03,,2025-08-18,CUS-000658,BRK-06,AGT-018,14.4,6789726.94,6,12.7,2026-03-31,2026-03-31,71.0,58,31-90 days
VTX-P2-B2-00974,VTX,Phase 2,Building B,1,Office,0,133.4,0.0,11.1,Courtyard View,9177386.4,68796.0,2025-12-26,contracted,2024-12-19,2025-01-03,,CUS-000553,,AGT-018,4.3,8782758.78,6,19.9,2026-03-31,2026-03-31,71.0,0,0-30 days
VTX-P2-B2-00975,VTX,Phase 2,Building B,13,Office,0,215.6,0.0,0.0,Skyline View,13978641.6,64836.0,2025-10-14,available,,,,,,,,,,,,,71.0,259,181-365 days
VTX-P2-B2-00976,VTX,Phase 2,Building B,8,Office,0,297.6,0.0,0.0,Skyline View,17842310.4,59954.0,2025-08-10,contracted,2025-06-03,2025-06-28,,CUS-000611,,AGT-018,5.8,16807456.4,5,15.9,2026-03-31,2026-03-31,71.0,0,0-30 days
VTX-P2-B2-00977,VTX,Phase 2,Building B,12,Office,0,258.2,0.0,0.0,Skyline View,14677120.8,56844.0,2026-03-06,contracted,2024-10-08,2024-10-16,,CUS-000640,,AGT-016,3.4,14178098.69,5,16.1,2026-03-31,2026-03-31,71.0,0,0-30 days
VTX-P2-B2-00978,VTX,Phase 2,Building B,1,Office,0,119.7,0.0,0.0,Pool View,8312686.2,69446.0,2025-11-12,available,,,,,,,,,,,,,71.0,230,181-365 days
VTX-P2-B2-00979,VTX,Phase 2,Building B,7,Office,0,314.7,0.0,0.0,Street View,22819526.4,72512.0,2025-08-08,available,,,,,,,,,,,,,71.0,326,181-365 days
VTX-P2-B2-00980,VTX,Phase 2,Building B,7,Retail,0,289.0,0.0,0.0,Pool View,17681020.0,61180.0,2025-08-21,available,,,,,,,,,,,,,71.0,313,181-365 days
VTX-P2-B2-00981,VTX,Phase 2,Building B,9,Office,0,260.9,0.0,0.0,Pool View,17519174.1,67149.0,2025-10-13,contracted,2025-03-25,2025-04-04,,CUS-000494,BRK-03,AGT-018,2.1,17151271.44,6,23.3,2026-03-31,2026-03-31,71.0,0,0-30 days
VTX-P2-B2-00982,VTX,Phase 2,Building B,9,Office,0,201.8,0.0,1.5,Pool View,12469020.2,61789.0,2025-12-10,contracted,2025-07-15,2025-07-22,,CUS-000654,BRK-09,AGT-015,3.3,12057542.53,3,19.4,2026-03-31,2026-03-31,71.0,0,0-30 days
VTX-P2-B2-00983,VTX,Phase 2,Building B,2,Office,0,310.4,0.0,0.0,Pool View,18996480.0,61200.0,2026-06-16,available,,,,,,,,,,,,,71.0,14,0-30 days
VTX-P2-B2-00984,VTX,Phase 2,Building B,1,Office,0,288.1,0.0,0.0,Garden View,21594535.5,74955.0,2025-08-25,contracted,2024-09-27,2024-10-21,,CUS-000525,BRK-05,AGT-017,2.6,21033077.58,5,19.1,2026-03-31,2026-03-31,71.0,0,0-30 days
VTX-P2-B2-00985,VTX,Phase 2,Building B,8,Office,0,64.6,0.0,12.9,Pool View,3106097.2,48082.0,2025-05-05,cancelled,2024-07-12,,2024-08-31,CUS-000651,BRK-06,AGT-018,14.9,2643288.72,3,12.1,2026-03-31,2026-03-31,71.0,0,0-30 days
VTX-P2-B2-00986,VTX,Phase 2,Building B,1,Retail,0,217.8,0.0,0.0,Courtyard View,13491838.8,61946.0,2025-11-03,contracted,2026-05-28,2026-06-28,,CUS-000641,BRK-06,AGT-015,10.4,12088687.56,6,13.3,2026-03-31,2026-03-31,71.0,206,181-365 days
VTX-P2-B2-00987,VTX,Phase 2,Building B,8,Office,0,63.6,0.0,0.0,Street View,3286275.6,51671.0,2025-12-05,reserved,2024-09-27,,,CUS-000671,,AGT-018,5.0,3121961.82,4,19.7,2026-03-31,2026-03-31,71.0,0,0-30 days
VTX-P2-B2-00988,VTX,Phase 2,Building B,3,Office,0,226.1,0.0,0.0,Garden View,13268000.2,58682.0,2025-08-19,contracted,2026-05-30,2026-06-23,,CUS-000512,BRK-06,AGT-017,12.4,11622768.18,6,9.2,2026-03-31,2026-03-31,71.0,284,181-365 days
VTX-P2-B3-00989,VTX,Phase 2,Building C,12,Administrative,0,112.3,0.0,0.0,Street View,6787412.0,60440.0,2025-07-10,available,,,,,,,,,,,,,71.0,355,181-365 days
VTX-P2-B3-00990,VTX,Phase 2,Building C,3,Administrative,0,67.6,0.0,0.0,Garden View,4473835.6,66181.0,2025-10-22,available,,,,,,,,,,,,,71.0,251,181-365 days
VTX-P2-B3-00991,VTX,Phase 2,Building C,0,Office,0,225.3,0.0,0.0,Street View,12668168.4,56228.0,2025-08-03,available,,,,,,,,,,,,,71.0,331,181-365 days
VTX-P2-B3-00992,VTX,Phase 2,Building C,13,Retail,0,227.0,0.0,0.0,Pool View,12683852.0,55876.0,2026-03-18,contracted,2025-10-27,2025-10-28,,CUS-000511,,AGT-016,2.0,12430174.96,4,16.5,2026-03-31,2026-03-31,71.0,0,0-30 days
VTX-P2-B3-00993,VTX,Phase 2,Building C,14,Retail,0,166.1,0.0,0.0,Pool View,12542543.2,75512.0,2026-06-16,contracted,2026-04-02,2026-05-04,,CUS-000602,,AGT-016,2.4,12241522.16,6,20.7,2026-03-31,2026-03-31,71.0,0,0-30 days
VTX-P2-B3-00994,VTX,Phase 2,Building C,13,Retail,0,167.8,0.0,0.0,Pool View,9341258.2,55669.0,2025-11-06,contracted,2025-01-25,2025-03-02,,CUS-000578,,AGT-018,2.7,9089044.23,3,21.3,2026-03-31,2026-03-31,71.0,0,0-30 days
VTX-P2-B3-00995,VTX,Phase 2,Building C,2,Office,0,232.5,0.0,0.0,Garden View,17133157.5,73691.0,2025-07-23,available,,,,,,,,,,,,,71.0,342,181-365 days
VTX-P2-B3-00996,VTX,Phase 2,Building C,9,Office,0,271.6,0.0,0.0,Pool View,15342140.8,56488.0,2025-08-30,contracted,2024-09-02,2024-09-20,,CUS-000538,,AGT-018,4.5,14651744.46,6,18.2,2026-03-31,2026-03-31,71.0,0,0-30 days
VTX-P2-B3-00997,VTX,Phase 2,Building C,10,Office,0,144.3,0.0,0.0,Street View,9174016.8,63576.0,2026-01-21,contracted,2026-01-04,2026-01-29,,CUS-000614,BRK-12,AGT-016,5.5,8669445.88,3,15.3,2026-03-31,2026-03-31,71.0,0,0-30 days
VTX-P2-B3-00998,VTX,Phase 2,Building C,13,Retail,0,202.7,0.0,0.0,Street View,10905260.0,53800.0,2025-07-08,contracted,2024-11-11,2024-12-03,,CUS-000566,BRK-01,AGT-018,2.9,10589007.46,3,19.8,2026-03-31,2026-03-31,71.0,0,0-30 days
VTX-P2-B3-00999,VTX,Phase 2,Building C,8,Office,0,59.7,0.0,0.0,Pool View,3199024.5,53585.0,2026-04-20,available,,,,,,,,,,,,,71.0,71,31-90 days
VTX-P2-B3-01000,VTX,Phase 2,Building C,10,Office,0,302.5,0.0,4.6,Courtyard View,19742662.5,65265.0,2025-07-22,cancelled,2024-11-19,2024-11-24,2024-12-19,CUS-000570,BRK-06,AGT-016,9.8,17807881.57,5,9.5,2026-03-31,2026-03-31,71.0,0,0-30 days
VTX-P2-B3-01001,VTX,Phase 2,Building C,7,Office,0,210.5,0.0,0.0,Courtyard View,11140502.0,52924.0,2026-02-12,available,,,,,,,,,,,,,71.0,138,91-180 days
VTX-P2-B3-01002,VTX,Phase 2,Building C,10,Office,0,192.3,0.0,0.0,Street View,12290085.3,63911.0,2025-10-02,available,,,,,,,,,,,,,71.0,271,181-365 days
VTX-P2-B3-01003,VTX,Phase 2,Building C,10,Office,0,53.8,0.0,0.0,Pool View,2676173.4,49743.0,2026-06-16,contracted,2025-12-31,2026-01-12,,CUS-000548,,AGT-016,3.2,2590535.85,6,15.5,2026-03-31,2026-03-31,71.0,0,0-30 days
VTX-P2-B3-01004,VTX,Phase 2,Building C,14,Retail,0,291.2,0.0,0.0,Skyline View,17004332.8,58394.0,2025-05-18,contracted,2026-05-30,2026-06-13,,CUS-000504,BRK-06,AGT-018,11.0,15133856.19,5,11.4,2026-03-31,2026-03-31,71.0,377,365+ days
VTX-P2-B3-01005,VTX,Phase 2,Building C,4,Retail,0,84.0,0.0,0.0,Pool View,4899636.0,58329.0,2025-11-14,contracted,2025-03-22,2025-04-13,,CUS-000632,BRK-13,AGT-018,2.9,4757546.56,5,23.5,2026-03-31,2026-03-31,71.0,0,0-30 days
VTX-P2-B3-01006,VTX,Phase 2,Building C,3,Office,0,286.0,0.0,0.0,Skyline View,14336894.0,50129.0,2025-06-07,contracted,2025-05-21,2025-06-13,,CUS-000675,BRK-11,AGT-017,5.1,13605712.41,3,23.8,2026-03-31,2026-03-31,71.0,0,0-30 days
VTX-P2-B3-01007,VTX,Phase 2,Building C,2,Administrative,0,238.6,0.0,0.0,Skyline View,13595189.4,56979.0,2026-02-09,contracted,2025-05-18,2025-05-22,,CUS-000599,BRK-06,AGT-016,12.5,11895790.72,5,12.6,2026-03-31,2026-03-31,71.0,0,0-30 days
VTX-P2-B3-01008,VTX,Phase 2,Building C,5,Administrative,0,238.7,0.0,0.0,Skyline View,18629102.8,78044.0,2025-08-18,contracted,2024-10-04,2024-10-11,,CUS-000543,,AGT-017,3.5,17977084.2,5,21.4,2026-03-31,2026-03-31,71.0,0,0-30 days
VTX-P2-B3-01009,VTX,Phase 2,Building C,6,Office,0,104.1,0.0,11.5,Garden View,5301084.3,50923.0,2025-07-27,available,,,,,,,,,,,,,71.0,338,181-365 days
VTX-P2-B3-01010,VTX,Phase 2,Building C,11,Office,0,123.6,0.0,0.8,Garden View,8335707.6,67441.0,2025-10-10,contracted,2024-10-25,2024-11-14,,CUS-000656,,AGT-017,3.7,8027286.42,5,17.8,2026-03-31,2026-03-31,71.0,0,0-30 days
VTX-P2-B3-01011,VTX,Phase 2,Building C,7,Administrative,0,52.1,0.0,0.0,Garden View,2826529.2,54252.0,2026-05-14,available,,,,,,,,,,,,,71.0,47,31-90 days
VTX-P2-B3-01012,VTX,Phase 2,Building C,11,Office,0,60.3,0.0,11.1,Skyline View,4426442.1,73407.0,2026-02-27,reserved,2026-05-06,,,CUS-000521,BRK-06,AGT-018,13.1,3846578.18,3,10.6,2026-03-31,2026-03-31,71.0,68,31-90 days
VTX-P2-B3-01013,VTX,Phase 2,Building C,5,Office,0,172.3,0.0,0.0,Street View,8906014.7,51689.0,2026-03-26,contracted,2024-10-01,2024-10-11,,CUS-000547,,AGT-016,4.8,8478525.99,6,15.8,2026-03-31,2026-03-31,71.0,0,0-30 days
VTX-P2-B3-01014,VTX,Phase 2,Building C,11,Retail,0,109.8,0.0,0.0,Courtyard View,8929704.6,81327.0,2026-05-02,available,,,,,,,,,,,,,71.0,59,31-90 days
VTX-P2-B3-01015,VTX,Phase 2,Building C,10,Retail,0,260.9,0.0,0.0,Garden View,20303238.0,77820.0,2026-02-05,available,,,,,,,,,,,,,71.0,145,91-180 days
VTX-P2-B3-01016,VTX,Phase 2,Building C,6,Retail,0,66.9,0.0,0.0,Street View,5130494.1,76689.0,2026-01-19,contracted,2026-04-04,2026-04-11,,CUS-000567,BRK-14,AGT-017,4.3,4909882.85,3,23.0,2026-03-31,2026-03-31,71.0,75,31-90 days
VTX-P2-B3-01017,VTX,Phase 2,Building C,2,Office,0,199.2,0.0,0.0,Skyline View,10921936.8,54829.0,2026-02-01,cancelled,2026-06-13,2026-06-25,2026-06-30,CUS-000559,BRK-06,AGT-016,13.0,9502085.02,3,8.7,2026-03-31,2026-03-31,71.0,132,91-180 days
VTX-P2-B3-01018,VTX,Phase 2,Building C,6,Office,0,58.3,0.0,0.0,Street View,3162366.9,54243.0,2026-06-15,cancelled,2025-06-24,,2025-07-17,CUS-000591,BRK-06,AGT-015,9.7,2855617.31,3,9.3,2026-03-31,2026-03-31,71.0,0,0-30 days
VTX-P2-B3-01019,VTX,Phase 2,Building C,13,Office,0,156.5,0.0,0.0,Skyline View,7990733.5,51059.0,2025-12-07,contracted,2025-11-15,2025-12-17,,CUS-000650,BRK-10,AGT-017,4.3,7647131.96,5,16.3,2026-03-31,2026-03-31,71.0,0,0-30 days
VTX-P2-B3-01020,VTX,Phase 2,Building C,6,Office,0,153.7,0.0,0.0,Skyline View,8412615.8,54734.0,2025-12-30,contracted,2025-11-23,2025-11-24,,CUS-000502,BRK-09,AGT-017,5.2,7975159.78,3,24.8,2026-03-31,2026-03-31,71.0,0,0-30 days
VTX-P2-B4-01021,VTX,Phase 2,Building D,11,Office,0,187.8,0.0,0.0,Courtyard View,9470941.8,50431.0,2026-04-01,available,,,,,,,,,,,,,71.0,90,31-90 days
VTX-P2-B4-01022,VTX,Phase 2,Building D,5,Office,0,102.1,0.0,0.0,Street View,8174636.5,80065.0,2025-08-26,available,,,,,,,,,,,,,71.0,308,181-365 days
VTX-P2-B4-01023,VTX,Phase 2,Building D,11,Office,0,239.7,0.0,12.9,Street View,11551862.1,48193.0,2025-04-13,contracted,2026-05-17,2026-06-14,,CUS-000550,,AGT-018,2.1,11309273.0,4,20.2,2026-03-31,2026-03-31,71.0,399,365+ days
VTX-P2-B4-01024,VTX,Phase 2,Building D,5,Office,0,46.4,0.0,0.0,Skyline View,3779187.2,81448.0,2025-09-03,contracted,2024-11-23,2024-11-25,,CUS-000606,BRK-06,AGT-016,13.4,3272776.12,5,12.4,2026-03-31,2026-03-31,71.0,0,0-30 days
VTX-P2-B4-01025,VTX,Phase 2,Building D,1,Office,0,286.1,0.0,0.0,Garden View,23356345.7,81637.0,2025-08-17,contracted,2026-05-24,2026-06-10,,CUS-000529,,AGT-018,5.5,22071746.69,5,22.7,2026-03-31,2026-03-31,71.0,280,181-365 days
VTX-P2-B4-01026,VTX,Phase 2,Building D,4,Retail,0,179.2,0.0,0.0,Skyline View,11797990.4,65837.0,2025-12-10,contracted,2026-04-20,2026-05-14,,CUS-000568,BRK-14,AGT-018,3.5,11385060.74,3,19.5,2026-03-31,2026-03-31,71.0,131,91-180 days
VTX-P2-B4-01027,VTX,Phase 2,Building D,13,Office,0,271.7,0.0,0.0,Courtyard View,19998750.2,73606.0,2026-01-22,contracted,2026-06-30,2026-06-30,,CUS-000635,BRK-04,AGT-018,4.4,19118805.19,4,21.1,2026-03-31,2026-03-31,71.0,159,91-180 days
VTX-P2-B4-01028,VTX,Phase 2,Building D,3,Retail,0,93.0,0.0,7.6,Garden View,5009073.0,53861.0,2025-10-29,available,,,,,,,,,,,,,71.0,244,181-365 days
VTX-P2-B4-01029,VTX,Phase 2,Building D,11,Office,0,313.3,0.0,6.7,Street View,16000544.3,51071.0,2025-11-27,contracted,2025-01-30,2025-02-04,,CUS-000660,BRK-12,AGT-018,4.9,15216517.63,5,17.4,2026-03-31,2026-03-31,71.0,0,0-30 days
VTX-P2-B4-01030,VTX,Phase 2,Building D,8,Office,0,55.7,0.0,0.0,Street View,3635427.6,65268.0,2025-03-28,contracted,2026-01-04,2026-01-25,,CUS-000604,BRK-02,AGT-015,3.9,3493645.92,3,16.8,2026-03-31,2026-03-31,71.0,282,181-365 days
VTX-P2-B4-01031,VTX,Phase 2,Building D,12,Retail,0,294.2,0.0,0.0,Pool View,23253862.2,79041.0,2025-06-10,available,,,,,,,,,,,,,71.0,385,365+ days
VTX-P2-B4-01032,VTX,Phase 2,Building D,6,Office,0,147.4,0.0,0.0,Street View,11962099.6,81154.0,2025-08-31,contracted,2025-10-01,2025-11-13,,CUS-000620,,AGT-015,5.4,11316146.22,5,21.5,2026-03-31,2026-03-31,71.0,31,31-90 days
VTX-P2-B4-01033,VTX,Phase 2,Building D,2,Office,0,133.7,0.0,0.0,Courtyard View,8411067.0,62910.0,2025-06-21,contracted,2025-12-20,2026-01-13,,CUS-000610,BRK-14,AGT-017,3.0,8158734.99,6,15.0,2026-03-31,2026-03-31,71.0,182,181-365 days
VTX-P2-B4-01034,VTX,Phase 2,Building D,12,Office,0,162.5,0.0,0.0,Garden View,11922462.5,73369.0,2025-11-23,reserved,2025-02-11,,,CUS-000601,BRK-06,AGT-017,14.4,10205627.9,3,15.0,2026-03-31,2026-03-31,71.0,0,0-30 days
VTX-P2-B4-01035,VTX,Phase 2,Building D,11,Administrative,0,170.0,0.0,13.7,Street View,10585050.0,62265.0,2026-02-03,available,,,,,,,,,,,,,71.0,147,91-180 days
VTX-P2-B4-01036,VTX,Phase 2,Building D,11,Office,0,315.5,0.0,0.0,Street View,15755123.5,49937.0,2026-01-22,contracted,2025-10-23,2025-11-10,,CUS-000605,BRK-06,AGT-015,11.2,13990549.67,3,11.7,2026-03-31,2026-03-31,71.0,0,0-30 days
VTX-P2-B4-01037,VTX,Phase 2,Building D,4,Office,0,314.3,0.0,0.0,Skyline View,19140241.4,60898.0,2026-03-28,contracted,2025-02-23,2025-03-04,,CUS-000648,,AGT-016,3.4,18489473.19,5,24.3,2026-03-31,2026-03-31,71.0,0,0-30 days
VTX-P2-B4-01038,VTX,Phase 2,Building D,11,Retail,0,109.7,0.0,12.8,Pool View,8579088.5,78205.0,2025-08-07,contracted,2024-10-02,2024-10-19,,CUS-000541,,AGT-018,3.7,8261662.23,5,15.3,2026-03-31,2026-03-31,71.0,0,0-30 days
VTX-P2-B4-01039,VTX,Phase 2,Building D,5,Office,0,155.9,0.0,0.0,Courtyard View,12456877.7,79903.0,2025-11-23,contracted,2025-10-10,2025-10-11,,CUS-000666,BRK-10,AGT-018,4.0,11958602.59,5,17.9,2026-03-31,2026-03-31,71.0,0,0-30 days
VTX-P2-B4-01040,VTX,Phase 2,Building D,10,Office,0,69.6,0.0,2.2,Skyline View,4516622.4,64894.0,2026-06-16,cancelled,2024-12-26,2025-01-03,2025-02-12,CUS-000672,,AGT-016,2.9,4385640.35,3,17.9,2026-03-31,2026-03-31,71.0,0,0-30 days
VTX-P2-B4-01041,VTX,Phase 2,Building D,0,Administrative,0,292.7,0.0,0.0,Pool View,17865529.9,61037.0,2025-08-28,contracted,2026-03-20,2026-04-19,,CUS-000633,,AGT-016,2.7,17383160.59,5,20.6,2026-03-31,2026-03-31,71.0,204,181-365 days
VTX-P2-B4-01042,VTX,Phase 2,Building D,10,Office,0,255.5,0.0,0.0,Courtyard View,13305929.0,52078.0,2025-06-02,contracted,2026-06-11,2026-06-28,,CUS-000637,,AGT-017,4.7,12680550.34,4,15.3,2026-03-31,2026-03-31,71.0,374,365+ days
VTX-P2-B4-01043,VTX,Phase 2,Building D,4,Office,0,132.4,0.0,0.0,Courtyard View,9286933.2,70143.0,2026-04-24,contracted,2026-05-03,2026-05-18,,CUS-000636,BRK-06,AGT-015,9.8,8376813.75,4,12.9,2026-03-31,2026-03-31,71.0,9,0-30 days
VTX-P2-B4-01044,VTX,Phase 2,Building D,13,Office,0,263.8,0.0,0.0,Garden View,13243815.2,50204.0,2025-04-12,contracted,2025-06-04,2025-06-20,,CUS-000625,BRK-13,AGT-015,5.2,12555136.81,6,18.0,2026-03-31,2026-03-31,71.0,53,31-90 days
VTX-P2-B4-01045,VTX,Phase 2,Building D,11,Office,0,218.6,0.0,0.0,Garden View,16791759.0,76815.0,2025-08-05,contracted,2024-11-02,2024-11-06,,CUS-000508,BRK-06,AGT-015,9.7,15162958.38,3,8.8,2026-03-31,2026-03-31,71.0,0,0-30 days
VTX-P2-B4-01046,VTX,Phase 2,Building D,11,Office,0,131.3,0.0,0.0,Courtyard View,8054729.8,61346.0,2025-06-03,available,,,,,,,,,,,,,71.0,392,365+ days
VTX-P2-B4-01047,VTX,Phase 2,Building D,7,Office,0,110.3,0.0,0.0,Pool View,8568655.5,77685.0,2025-06-04,reserved,2026-02-08,,,CUS-000513,,AGT-018,2.1,8388713.73,5,21.3,2026-03-31,2026-03-31,71.0,249,181-365 days
VTX-P2-B4-01048,VTX,Phase 2,Building D,5,Office,0,63.2,0.0,0.0,Skyline View,4688681.6,74188.0,2025-07-31,contracted,2024-08-14,2024-09-23,,CUS-000593,BRK-08,AGT-016,4.7,4468313.56,6,19.9,2026-03-31,2026-03-31,71.0,0,0-30 days
VTX-P2-B4-01049,VTX,Phase 2,Building D,6,Office,0,128.5,0.0,0.0,Street View,9159094.5,71277.0,2025-05-21,contracted,2026-04-10,2026-04-21,,CUS-000607,BRK-10,AGT-016,2.7,8911798.95,3,17.9,2026-03-31,2026-03-31,71.0,324,181-365 days
VTX-P2-B4-01050,VTX,Phase 2,Building D,14,Office,0,190.4,0.0,0.0,Skyline View,15277886.4,80241.0,2025-08-16,contracted,2025-07-20,2025-08-07,,CUS-000520,,AGT-015,3.4,14758438.26,6,17.3,2026-03-31,2026-03-31,71.0,0,0-30 days
VTX-P2-B4-01051,VTX,Phase 2,Building D,3,Retail,0,191.0,0.0,0.0,Garden View,11901783.0,62313.0,2025-12-28,available,,,,,,,,,,,,,71.0,184,181-365 days
VTX-P2-B4-01052,VTX,Phase 2,Building D,7,Retail,0,193.4,0.0,0.0,Street View,12670794.4,65516.0,2025-12-11,available,,,,,,,,,,,,,71.0,201,181-365 days
HVW-P1-B1-01053,HVW,Phase 1,Building A,4,Apartment,1,178.1,0.0,24.4,Pool View,4012593.0,22530.0,2024-02-02,available,,,,,,,,,,,,,63.0,879,365+ days
HVW-P1-B1-01054,HVW,Phase 1,Building A,11,Apartment,2,228.7,0.0,23.5,Courtyard View,5156270.2,22546.0,2023-12-09,available,,,,,,,,,,,,,63.0,934,365+ days
HVW-P1-B1-01055,HVW,Phase 1,Building A,11,Apartment,1,162.6,0.0,0.0,Skyline View,2937856.8,18068.0,2024-07-20,contracted,2024-12-29,2025-02-03,,CUS-000893,,AGT-027,6.1,2758647.54,5,13.5,2026-09-30,2026-09-30,63.0,162,91-180 days
HVW-P1-B1-01056,HVW,Phase 1,Building A,3,Apartment,3,112.7,0.0,18.5,Garden View,2045843.1,18153.0,2024-03-30,reserved,2026-05-16,,,CUS-000702,,AGT-020,12.2,1796250.24,8,10.0,2026-09-30,2026-09-30,63.0,777,365+ days
HVW-P1-B1-01057,HVW,Phase 1,Building A,8,Apartment,2,202.7,0.0,25.6,Garden View,4046500.1,19963.0,2024-06-05,available,,,,,,,,,,,,,63.0,755,365+ days
HVW-P1-B1-01058,HVW,Phase 1,Building A,6,Apartment,2,125.3,0.0,10.7,Garden View,3001436.2,23954.0,2023-11-20,contracted,2024-08-28,2024-09-13,,CUS-000970,BRK-05,AGT-024,4.2,2875375.88,6,12.7,2026-09-30,2026-09-30,63.0,282,181-365 days
HVW-P1-B1-01059,HVW,Phase 1,Building A,6,Apartment,2,134.7,0.0,22.2,Street View,2564957.4,19042.0,2024-08-28,contracted,2025-11-11,2025-11-28,,CUS-001069,,AGT-025,3.6,2472618.93,6,12.7,2026-09-30,2026-09-30,63.0,440,365+ days
HVW-P1-B1-01060,HVW,Phase 1,Building A,0,Townhouse,4,255.7,62.8,12.4,Street View,5454592.4,21332.0,2024-07-24,reserved,2025-01-24,,,CUS-000687,BRK-03,AGT-026,3.9,5241863.3,7,19.8,2026-09-30,2026-09-30,63.0,184,181-365 days
HVW-P1-B1-01061,HVW,Phase 1,Building A,6,Apartment,3,191.3,55.1,15.1,Skyline View,3912085.0,20450.0,2024-05-06,contracted,2025-02-25,2025-03-26,,CUS-000916,,AGT-027,3.4,3779074.11,6,16.8,2026-09-30,2026-09-30,63.0,295,181-365 days
HVW-P1-B1-01062,HVW,Phase 1,Building A,6,Apartment,3,202.5,0.0,20.9,Skyline View,4728172.5,23349.0,2024-05-24,reserved,2025-07-14,,,CUS-000819,,AGT-025,6.5,4420841.29,7,20.0,2026-09-30,2026-09-30,63.0,416,365+ days
HVW-P1-B1-01063,HVW,Phase 1,Building A,8,Apartment,1,142.7,9.7,19.3,Skyline View,3739310.8,26204.0,2024-06-26,contracted,2025-06-11,2025-07-16,,CUS-000949,,AGT-028,4.9,3556084.57,5,13.1,2026-09-30,2026-09-30,63.0,350,181-365 days
HVW-P1-B1-01064,HVW,Phase 1,Building A,14,Apartment,2,159.4,41.2,0.0,Pool View,3809341.2,23898.0,2024-08-13,available,,,,,,,,,,,,,63.0,686,365+ days
HVW-P1-B1-01065,HVW,Phase 1,Building A,0,Townhouse,4,183.7,90.0,18.8,Skyline View,4286823.2,23336.0,2024-02-21,cancelled,2025-01-03,,2025-03-22,CUS-000861,,AGT-020,12.3,3759543.95,7,10.3,2026-09-30,2026-09-30,63.0,317,181-365 days
HVW-P1-B1-01066,HVW,Phase 1,Building A,4,Apartment,3,222.1,0.0,0.0,Street View,4414459.6,19876.0,2024-02-04,cancelled,2024-10-15,,2025-01-09,CUS-000873,,AGT-019,12.6,3858237.69,8,6.0,2026-09-30,2026-09-30,63.0,254,181-365 days
HVW-P1-B1-01067,HVW,Phase 1,Building A,0,Apartment,1,185.8,0.0,12.1,Skyline View,4338615.8,23351.0,2024-01-10,reserved,2026-03-29,,,CUS-000960,,AGT-023,11.3,3848352.21,8,5.5,2026-09-30,2026-09-30,63.0,809,365+ days
HVW-P1-B1-01068,HVW,Phase 1,Building A,0,Townhouse,4,258.4,88.5,20.5,Skyline View,5304176.8,20527.0,2024-08-10,contracted,2026-05-24,2026-06-16,,CUS-000958,BRK-06,AGT-022,8.8,4837409.24,8,10.9,2026-09-30,2026-09-30,63.0,652,365+ days
HVW-P1-B1-01069,HVW,Phase 1,Building A,10,Apartment,2,177.1,32.2,0.0,Skyline View,3284496.6,18546.0,2024-08-21,cancelled,2025-01-05,2025-01-26,2025-03-11,CUS-000911,,AGT-026,3.2,3179392.71,7,13.0,2026-09-30,2026-09-30,63.0,137,91-180 days
HVW-P1-B1-01070,HVW,Phase 1,Building A,1,Apartment,1,126.7,28.8,9.8,Street View,3220714.0,25420.0,2024-02-02,available,,,,,,,,,,,,,63.0,879,365+ days
HVW-P1-B1-01071,HVW,Phase 1,Building A,4,Apartment,3,146.5,51.3,25.1,Pool View,3333900.5,22757.0,2024-04-09,contracted,2024-08-04,2024-08-23,,CUS-000959,,AGT-027,4.2,3193876.68,5,14.5,2026-09-30,2026-09-30,63.0,117,91-180 days
HVW-P1-B1-01072,HVW,Phase 1,Building A,6,Apartment,1,97.4,0.0,0.0,Skyline View,1872417.6,19224.0,2024-04-26,contracted,2025-08-05,2025-09-04,,CUS-000773,BRK-01,AGT-026,4.6,1786286.39,7,15.3,2026-09-30,2026-09-30,63.0,466,365+ days
HVW-P1-B1-01073,HVW,Phase 1,Building A,9,Apartment,1,122.4,17.1,0.0,Pool View,3104798.4,25366.0,2024-03-23,contracted,2026-01-05,2026-02-08,,CUS-000732,,AGT-027,3.0,3011654.45,5,16.1,2026-09-30,2026-09-30,63.0,653,365+ days
HVW-P1-B1-01074,HVW,Phase 1,Building A,13,Apartment,3,122.2,0.0,25.4,Street View,3255163.6,26638.0,2023-12-12,reserved,2024-12-05,,,CUS-000800,,AGT-020,8.4,2981729.86,7,10.1,2026-09-30,2026-09-30,63.0,359,181-365 days
HVW-P1-B1-01075,HVW,Phase 1,Building A,0,Townhouse,4,183.4,56.6,13.9,Pool View,3935397.2,21458.0,2024-08-15,available,,,,,,,,,,,,,63.0,684,365+ days
HVW-P1-B1-01076,HVW,Phase 1,Building A,0,Apartment,1,134.3,39.0,0.0,Skyline View,3324462.2,24754.0,2024-04-04,contracted,2026-04-05,2026-04-22,,CUS-000805,,AGT-025,6.7,3101723.23,7,16.8,2026-09-30,2026-09-30,63.0,731,365+ days
HVW-P1-B1-01077,HVW,Phase 1,Building A,0,Townhouse,3,205.1,32.4,20.9,Skyline View,4729811.1,23061.0,2024-05-11,available,,,,,,,,,,,,,63.0,780,365+ days
HVW-P1-B1-01078,HVW,Phase 1,Building A,12,Apartment,1,231.9,0.0,25.7,Skyline View,4998140.7,21553.0,2023-11-20,reserved,2025-01-30,,,CUS-000984,,AGT-020,9.5,4523317.33,7,10.8,2026-09-30,2026-09-30,63.0,437,365+ days
HVW-P1-B1-01079,HVW,Phase 1,Building A,0,Townhouse,3,187.5,77.0,10.5,Pool View,4090125.0,21814.0,2023-12-18,available,,,,,,,,,,,,,63.0,925,365+ days
HVW-P1-B1-01080,HVW,Phase 1,Building A,1,Apartment,2,153.3,0.0,10.9,Courtyard View,3870825.0,25250.0,2024-07-14,reserved,2025-11-12,,,CUS-000730,,AGT-025,3.1,3750829.43,5,18.9,2026-09-30,2026-09-30,63.0,486,365+ days
HVW-P1-B1-01081,HVW,Phase 1,Building A,5,Apartment,3,97.6,22.5,29.3,Pool View,2322587.2,23797.0,2024-08-01,available,,,,,,,,,,,,,63.0,698,365+ days
HVW-P1-B1-01082,HVW,Phase 1,Building A,2,Apartment,1,228.0,0.0,0.0,Street View,4477464.0,19638.0,2023-12-05,cancelled,2026-02-06,,2026-03-24,CUS-000808,,AGT-020,13.1,3890916.22,7,7.1,2026-09-30,2026-09-30,63.0,794,365+ days
HVW-P1-B1-01083,HVW,Phase 1,Building A,5,Apartment,2,104.4,0.0,0.0,Courtyard View,2313399.6,22159.0,2024-06-27,contracted,2024-10-01,2024-10-04,,CUS-000799,,AGT-026,3.9,2223177.02,6,13.8,2026-09-30,2026-09-30,63.0,96,91-180 days
HVW-P1-B1-01084,HVW,Phase 1,Building A,13,Apartment,3,99.7,0.0,15.9,Garden View,2604064.3,26119.0,2024-06-04,contracted,2026-05-22,2026-06-05,,CUS-000955,BRK-07,AGT-027,3.5,2512922.05,5,19.5,2026-09-30,2026-09-30,63.0,717,365+ days
HVW-P1-B1-01085,HVW,Phase 1,Building A,4,Apartment,3,234.2,0.0,10.8,Garden View,4265718.8,18214.0,2024-04-30,available,,,,,,,,,,,,,63.0,791,365+ days
HVW-P1-B1-01086,HVW,Phase 1,Building A,0,Townhouse,4,244.0,54.0,17.2,Garden View,5655188.0,23177.0,2024-08-20,available,,,,,,,,,,,,,63.0,679,365+ days
HVW-P1-B1-01087,HVW,Phase 1,Building A,5,Apartment,3,121.3,0.0,28.6,Garden View,2232162.6,18402.0,2024-09-21,cancelled,2026-02-07,,2026-04-25,CUS-000980,BRK-02,AGT-021,9.3,2024571.48,8,10.8,2026-09-30,2026-09-30,63.0,504,365+ days
HVW-P1-B1-01088,HVW,Phase 1,Building A,14,Apartment,1,156.5,0.0,0.0,Street View,3487915.5,22287.0,2024-08-28,available,,,,,,,,,,,,,63.0,671,365+ days
HVW-P1-B1-01089,HVW,Phase 1,Building A,0,Townhouse,4,208.8,58.5,10.3,Pool View,4479595.2,21454.0,2024-09-18,reserved,2026-03-08,,,CUS-000716,,AGT-022,8.3,4107788.8,7,11.0,2026-09-30,2026-09-30,63.0,536,365+ days
HVW-P1-B1-01090,HVW,Phase 1,Building A,12,Apartment,1,135.5,6.9,24.6,Street View,3087774.0,22788.0,2024-07-17,reserved,2025-02-04,,,CUS-000917,,AGT-019,12.5,2701802.25,8,7.1,2026-09-30,2026-09-30,63.0,202,181-365 days
HVW-P1-B1-01091,HVW,Phase 1,Building A,14,Apartment,3,149.8,0.0,0.0,Courtyard View,3949027.6,26362.0,2023-12-20,cancelled,2025-07-10,,2025-10-07,CUS-000682,,AGT-023,8.1,3629156.36,8,6.9,2026-09-30,2026-09-30,63.0,568,365+ days
HVW-P1-B1-01092,HVW,Phase 1,Building A,0,Townhouse,4,255.6,79.4,14.9,Pool View,6453644.4,25249.0,2024-01-13,cancelled,2024-12-09,2024-12-19,2025-02-10,CUS-000781,,AGT-023,9.4,5847001.83,7,8.2,2026-09-30,2026-09-30,63.0,331,181-365 days
HVW-P1-B1-01093,HVW,Phase 1,Building A,0,Townhouse,4,239.1,80.3,23.2,Garden View,5984912.1,25031.0,2024-08-17,available,,,,,,,,,,,,,63.0,682,365+ days
HVW-P1-B1-01094,HVW,Phase 1,Building A,1,Apartment,2,162.6,33.0,0.0,Garden View,4363208.4,26834.0,2024-09-16,cancelled,2025-05-29,,2025-08-01,CUS-001055,,AGT-022,9.1,3966156.44,8,10.0,2026-09-30,2026-09-30,63.0,255,181-365 days
HVW-P1-B1-01095,HVW,Phase 1,Building A,2,Apartment,1,220.0,6.2,8.1,Pool View,5270980.0,23959.0,2023-12-02,available,,,,,,,,,,,,,63.0,941,365+ days
HVW-P1-B1-01096,HVW,Phase 1,Building A,14,Apartment,1,163.2,0.0,0.0,Courtyard View,3398313.6,20823.0,2024-06-02,available,,,,,,,,,,,,,63.0,758,365+ days
HVW-P1-B1-01097,HVW,Phase 1,Building A,0,Apartment,2,138.2,0.0,26.9,Skyline View,3622222.0,26210.0,2024-03-20,contracted,2025-09-30,2025-10-14,,CUS-000755,,AGT-024,3.3,3502688.67,5,17.3,2026-09-30,2026-09-30,63.0,559,365+ days
HVW-P1-B1-01098,HVW,Phase 1,Building A,0,Townhouse,4,244.7,58.1,16.1,Garden View,5952816.9,24327.0,2024-05-24,cancelled,2024-11-13,2024-12-18,2025-02-07,CUS-001000,BRK-10,AGT-020,11.9,5244431.69,7,7.5,2026-09-30,2026-09-30,63.0,173,91-180 days
HVW-P1-B1-01099,HVW,Phase 1,Building A,7,Apartment,2,133.4,0.0,24.6,Skyline View,3342603.8,25057.0,2024-07-27,contracted,2024-12-21,2025-01-06,,CUS-000746,,AGT-021,8.6,3055139.87,8,6.2,2026-09-30,2026-09-30,63.0,147,91-180 days
HVW-P1-B1-01100,HVW,Phase 1,Building A,2,Apartment,3,148.6,0.0,23.4,Street View,3376637.8,22723.0,2024-06-15,contracted,2026-05-30,2026-06-18,,CUS-000711,,AGT-027,3.2,3268585.39,7,18.9,2026-09-30,2026-09-30,63.0,714,365+ days
HVW-P1-B1-01101,HVW,Phase 1,Building A,0,Apartment,3,129.1,57.2,0.0,Street View,2910301.3,22543.0,2024-06-13,contracted,2026-04-30,2026-05-16,,CUS-000910,,AGT-020,10.6,2601809.36,7,5.8,2026-09-30,2026-09-30,63.0,686,365+ days
HVW-P1-B1-01102,HVW,Phase 1,Building A,0,Apartment,1,180.3,0.0,10.0,Pool View,4805175.3,26651.0,2024-08-12,contracted,2025-02-15,2025-03-03,,CUS-000914,BRK-03,AGT-019,13.5,4156476.63,7,6.2,2026-09-30,2026-09-30,63.0,187,181-365 days
HVW-P1-B2-01103,HVW,Phase 1,Building B,0,Townhouse,3,245.0,40.9,22.1,Pool View,5252555.0,21439.0,2024-06-07,reserved,2026-04-04,,,CUS-000872,,AGT-020,12.1,4616995.84,8,8.2,2026-09-30,2026-09-30,63.0,666,365+ days
HVW-P1-B2-01104,HVW,Phase 1,Building B,8,Apartment,2,183.9,0.0,25.5,Pool View,3834498.9,20851.0,2024-04-21,reserved,2024-12-24,,,CUS-000989,,AGT-022,8.7,3500897.5,7,8.3,2026-09-30,2026-09-30,63.0,247,181-365 days
HVW-P1-B2-01105,HVW,Phase 1,Building B,2,Apartment,2,227.0,0.0,0.0,Street View,4781982.0,21066.0,2024-03-22,available,,,,,,,,,,,,,63.0,830,365+ days
HVW-P1-B2-01106,HVW,Phase 1,Building B,3,Apartment,2,155.2,0.0,26.3,Pool View,2949731.2,19006.0,2024-08-30,contracted,2025-07-29,2025-08-17,,CUS-000866,,AGT-027,5.8,2778646.79,5,13.0,2026-09-30,2026-09-30,63.0,333,181-365 days
HVW-P1-B2-01107,HVW,Phase 1,Building B,13,Apartment,3,104.1,0.0,0.0,Courtyard View,2065031.7,19837.0,2024-01-04,cancelled,2026-01-26,2026-02-06,2026-05-03,CUS-001082,,AGT-021,8.6,1887438.97,8,7.2,2026-09-30,2026-09-30,63.0,753,365+ days
HVW-P1-B2-01108,HVW,Phase 1,Building B,0,Townhouse,3,191.2,69.0,17.7,Garden View,4481345.6,23438.0,2024-01-31,available,,,,,,,,,,,,,63.0,881,365+ days
HVW-P1-B2-01109,HVW,Phase 1,Building B,0,Townhouse,4,241.5,48.8,21.2,Courtyard View,5323384.5,22043.0,2023-12-09,available,,,,,,,,,,,,,63.0,934,365+ days
HVW-P1-B2-01110,HVW,Phase 1,Building B,0,Apartment,2,228.0,49.3,0.0,Skyline View,5631372.0,24699.0,2024-07-08,contracted,2025-12-10,2026-01-06,,CUS-000728,,AGT-022,10.2,5056972.06,7,11.0,2026-09-30,2026-09-30,63.0,520,365+ days
HVW-P1-B2-01111,HVW,Phase 1,Building B,0,Townhouse,4,231.6,49.6,17.4,Garden View,4749884.4,20509.0,2024-08-07,contracted,2025-12-29,2026-01-18,,CUS-000698,,AGT-023,10.6,4246396.65,7,7.9,2026-09-30,2026-09-30,63.0,509,365+ days
HVW-P1-B2-01112,HVW,Phase 1,Building B,6,Apartment,2,156.4,18.3,12.2,Courtyard View,3635674.4,23246.0,2023-12-15,contracted,2025-10-17,2025-11-17,,CUS-000894,,AGT-022,8.3,3333913.42,7,10.4,2026-09-30,2026-09-30,63.0,672,365+ days
HVW-P1-B2-01113,HVW,Phase 1,Building B,8,Apartment,1,197.5,6.0,0.0,Street View,4333150.0,21940.0,2024-07-29,available,,,,,,,,,,,,,63.0,701,365+ days
HVW-P1-B2-01114,HVW,Phase 1,Building B,11,Apartment,1,176.1,58.6,28.1,Skyline View,4214953.5,23935.0,2024-07-16,reserved,2026-05-01,,,CUS-000880,,AGT-020,12.6,3683869.36,8,8.0,2026-09-30,2026-09-30,63.0,654,365+ days
HVW-P1-B2-01115,HVW,Phase 1,Building B,0,Townhouse,3,222.9,54.8,12.9,Courtyard View,4355911.8,19542.0,2024-04-02,cancelled,2024-10-03,,2024-12-17,CUS-000787,,AGT-023,11.2,3868049.68,7,7.5,2026-09-30,2026-09-30,63.0,184,181-365 days
HVW-P1-B2-01116,HVW,Phase 1,Building B,0,Townhouse,3,237.9,71.9,17.4,Skyline View,5310641.7,22323.0,2024-03-28,contracted,2026-05-30,2026-06-11,,CUS-000804,,AGT-027,5.7,5007935.12,6,13.4,2026-09-30,2026-09-30,63.0,793,365+ days
HVW-P1-B2-01117,HVW,Phase 1,Building B,13,Apartment,2,203.1,0.0,12.0,Skyline View,5439221.1,26781.0,2023-12-10,cancelled,2024-12-10,,2025-03-03,CUS-000761,,AGT-019,11.2,4830028.34,7,9.6,2026-09-30,2026-09-30,63.0,366,365+ days
HVW-P1-B2-01118,HVW,Phase 1,Building B,10,Apartment,3,145.0,0.0,14.0,Skyline View,3050655.0,21039.0,2024-06-07,contracted,2025-10-31,2025-11-27,,CUS-000780,,AGT-028,6.0,2867615.7,6,18.6,2026-09-30,2026-09-30,63.0,511,365+ days
HVW-P1-B2-01119,HVW,Phase 1,Building B,14,Apartment,2,219.8,33.6,23.2,Skyline View,4998691.6,22742.0,2024-03-06,available,,,,,,,,,,,,,63.0,846,365+ days
HVW-P1-B2-01120,HVW,Phase 1,Building B,0,Apartment,1,159.7,22.8,0.0,Garden View,3356734.3,21019.0,2024-08-13,available,,,,,,,,,,,,,63.0,686,365+ days
HVW-P1-B2-01121,HVW,Phase 1,Building B,13,Apartment,2,157.8,0.0,0.0,Pool View,4210419.6,26682.0,2023-11-17,contracted,2025-08-28,2025-09-03,,CUS-000859,BRK-02,AGT-026,4.1,4037792.4,6,17.6,2026-09-30,2026-09-30,63.0,650,365+ days
HVW-P1-B2-01122,HVW,Phase 1,Building B,8,Apartment,3,225.1,51.4,0.0,Garden View,5440216.8,24168.0,2024-03-19,available,,,,,,,,,,,,,63.0,833,365+ days
HVW-P1-B2-01123,HVW,Phase 1,Building B,12,Apartment,2,115.4,0.0,8.6,Garden View,2253185.0,19525.0,2024-01-09,cancelled,2026-01-09,,2026-02-10,CUS-001001,BRK-03,AGT-026,6.9,2097715.23,6,17.5,2026-09-30,2026-09-30,63.0,731,365+ days
HVW-P1-B2-01124,HVW,Phase 1,Building B,2,Apartment,1,227.0,0.0,0.0,Garden View,4301650.0,18950.0,2024-06-23,available,,,,,,,,,,,,,63.0,737,365+ days
HVW-P1-B2-01125,HVW,Phase 1,Building B,0,Townhouse,4,237.0,66.4,24.4,Skyline View,4541394.0,19162.0,2024-03-19,reserved,2026-03-19,,,CUS-000881,,AGT-020,9.2,4123585.75,8,10.5,2026-09-30,2026-09-30,63.0,730,365+ days
HVW-P1-B2-01126,HVW,Phase 1,Building B,10,Apartment,1,146.4,8.5,0.0,Courtyard View,3046437.6,20809.0,2024-04-11,contracted,2025-02-24,2025-03-14,,CUS-000748,,AGT-019,9.1,2769211.78,7,10.7,2026-09-30,2026-09-30,63.0,319,181-365 days
HVW-P1-B2-01127,HVW,Phase 1,Building B,12,Apartment,2,164.2,15.3,16.1,Pool View,3289747.0,20035.0,2024-07-27,cancelled,2025-06-16,,2025-08-13,CUS-000976,,AGT-020,8.9,2996959.52,8,8.0,2026-09-30,2026-09-30,63.0,324,181-365 days
HVW-P1-B2-01128,HVW,Phase 1,Building B,0,Townhouse,4,229.8,72.2,15.0,Pool View,6070167.0,26415.0,2024-03-29,available,,,,,,,,,,,,,63.0,823,365+ days
HVW-P1-B2-01129,HVW,Phase 1,Building B,5,Apartment,1,101.5,3.7,0.0,Street View,2352668.5,23179.0,2023-11-23,available,,,,,,,,,,,,,63.0,950,365+ days
HVW-P1-B2-01130,HVW,Phase 1,Building B,0,Townhouse,4,224.0,86.7,17.9,Skyline View,4387040.0,19585.0,2024-01-20,cancelled,2025-05-24,,2025-08-07,CUS-000932,,AGT-019,11.0,3904465.6,8,10.8,2026-09-30,2026-09-30,63.0,490,365+ days
HVW-P1-B2-01131,HVW,Phase 1,Building B,0,Townhouse,3,220.3,43.6,23.6,Garden View,4155298.6,18862.0,2023-12-05,available,,,,,,,,,,,,,63.0,938,365+ days
HVW-P1-B2-01132,HVW,Phase 1,Building B,7,Apartment,3,188.0,0.0,0.0,Courtyard View,3473676.0,18477.0,2024-04-18,contracted,2025-05-23,2025-06-13,,CUS-000963,,AGT-020,10.8,3098518.99,7,6.8,2026-09-30,2026-09-30,63.0,400,365+ days
HVW-P1-B2-01133,HVW,Phase 1,Building B,3,Apartment,1,118.5,56.1,13.6,Pool View,2650845.0,22370.0,2023-12-03,available,,,,,,,,,,,,,63.0,940,365+ days
HVW-P1-B2-01134,HVW,Phase 1,Building B,12,Apartment,1,195.7,0.0,0.0,Garden View,5247891.2,26816.0,2024-08-08,contracted,2026-03-14,2026-03-31,,CUS-001040,,AGT-020,11.2,4660127.39,8,8.4,2026-09-30,2026-09-30,63.0,583,365+ days
HVW-P1-B2-01135,HVW,Phase 1,Building B,0,Townhouse,3,199.9,81.9,13.7,Garden View,5380708.3,26917.0,2024-04-19,available,,,,,,,,,,,,,63.0,802,365+ days
HVW-P1-B2-01136,HVW,Phase 1,Building B,0,Townhouse,3,245.3,61.3,22.5,Street View,5979432.8,24376.0,2024-04-23,contracted,2025-10-11,2025-10-23,,CUS-000831,,AGT-028,5.3,5662522.86,6,18.3,2026-09-30,2026-09-30,63.0,536,365+ days
HVW-P1-B2-01137,HVW,Phase 1,Building B,0,Townhouse,4,189.4,85.6,17.8,Skyline View,4615109.8,24367.0,2024-09-14,reserved,2026-02-16,,,CUS-001016,BRK-05,AGT-021,11.0,4107447.72,7,7.6,2026-09-30,2026-09-30,63.0,520,365+ days
HVW-P1-B2-01138,HVW,Phase 1,Building B,7,Apartment,3,236.0,0.0,0.0,Street View,4265936.0,18076.0,2024-04-12,contracted,2025-09-05,2025-09-20,,CUS-000786,,AGT-024,3.7,4108096.37,7,12.3,2026-09-30,2026-09-30,63.0,511,365+ days
HVW-P1-B2-01139,HVW,Phase 1,Building B,5,Apartment,2,106.8,0.0,0.0,Garden View,2288830.8,21431.0,2023-12-14,contracted,2025-02-01,2025-02-14,,CUS-001028,,AGT-026,3.9,2199566.4,6,16.5,2026-09-30,2026-09-30,63.0,415,365+ days
HVW-P1-B2-01140,HVW,Phase 1,Building B,0,Townhouse,4,246.7,79.1,13.9,Street View,5827547.4,23622.0,2024-07-20,reserved,2025-06-11,,,CUS-000792,,AGT-021,11.4,5163207.0,8,8.3,2026-09-30,2026-09-30,63.0,326,181-365 days
HVW-P1-B2-01141,HVW,Phase 1,Building B,7,Apartment,2,154.5,0.0,0.0,Courtyard View,3438243.0,22254.0,2024-03-11,cancelled,2025-01-22,2025-01-26,2025-04-14,CUS-000725,BRK-07,AGT-020,9.8,3101295.19,7,9.0,2026-09-30,2026-09-30,63.0,317,181-365 days
HVW-P1-B2-01142,HVW,Phase 1,Building B,0,Apartment,2,154.0,0.0,0.0,Garden View,3806726.0,24719.0,2024-01-08,available,,,,,,,,,,,,,63.0,904,365+ days
HVW-P1-B2-01143,HVW,Phase 1,Building B,10,Apartment,2,222.5,0.0,0.0,Courtyard View,5627692.5,25293.0,2024-01-22,reserved,2025-01-04,,,CUS-000836,,AGT-028,4.7,5363190.95,7,14.3,2026-09-30,2026-09-30,63.0,348,181-365 days
HVW-P1-B2-01144,HVW,Phase 1,Building B,0,Townhouse,3,184.4,86.9,20.4,Skyline View,4021764.0,21810.0,2023-11-27,contracted,2026-03-20,2026-04-12,,CUS-000745,,AGT-019,14.0,3458717.04,8,7.6,2026-09-30,2026-09-30,63.0,844,365+ days
HVW-P1-B2-01145,HVW,Phase 1,Building B,9,Apartment,2,228.4,56.3,16.7,Skyline View,6042550.4,26456.0,2024-03-04,available,,,,,,,,,,,,,63.0,848,365+ days
HVW-P1-B2-01146,HVW,Phase 1,Building B,14,Apartment,1,99.7,0.0,27.5,Pool View,1811349.6,18168.0,2024-04-02,available,,,,,,,,,,,,,63.0,819,365+ days
HVW-P1-B2-01147,HVW,Phase 1,Building B,1,Apartment,2,188.6,0.0,0.0,Street View,3639414.2,19297.0,2024-02-06,contracted,2026-06-26,2026-06-30,,CUS-000681,,AGT-022,11.5,3220881.57,8,5.6,2026-09-30,2026-09-30,63.0,871,365+ days
HVW-P1-B2-01148,HVW,Phase 1,Building B,0,Townhouse,4,236.4,47.2,23.6,Pool View,5549253.6,23474.0,2023-12-08,contracted,2025-08-16,2025-08-29,,CUS-000757,,AGT-028,6.2,5205199.88,6,20.0,2026-09-30,2026-09-30,63.0,617,365+ days
HVW-P1-B2-01149,HVW,Phase 1,Building B,7,Apartment,3,182.8,0.0,17.0,Garden View,4510407.2,24674.0,2024-05-19,available,,,,,,,,,,,,,63.0,772,365+ days
HVW-P1-B2-01150,HVW,Phase 1,Building B,7,Apartment,2,168.8,0.0,0.0,Street View,4372088.8,25901.0,2024-04-03,reserved,2026-01-10,,,CUS-001061,BRK-06,AGT-021,9.3,3965484.54,8,6.5,2026-09-30,2026-09-30,63.0,647,365+ days
HVW-P1-B2-01151,HVW,Phase 1,Building B,6,Apartment,2,177.2,57.9,8.2,Street View,3663255.6,20673.0,2024-09-13,reserved,2025-01-11,,,CUS-001018,,AGT-026,4.1,3513062.12,5,14.4,2026-09-30,2026-09-30,63.0,120,91-180 days
HVW-P1-B2-01152,HVW,Phase 1,Building B,8,Apartment,1,236.3,0.0,11.6,Courtyard View,5084230.8,21516.0,2024-03-14,contracted,2024-07-17,2024-08-12,,CUS-001033,,AGT-028,4.2,4870693.11,5,12.7,2026-09-30,2026-09-30,63.0,125,91-180 days
HVW-P1-B3-01153,HVW,Phase 1,Building C,12,Apartment,3,229.1,0.0,0.0,Street View,4962076.9,21659.0,2024-03-19,available,,,,,,,,,,,,,63.0,833,365+ days
HVW-P1-B3-01154,HVW,Phase 1,Building C,0,Apartment,2,218.1,0.0,24.2,Garden View,4664068.5,21385.0,2024-07-20,contracted,2025-03-25,2025-04-08,,CUS-000870,,AGT-025,6.8,4346911.84,6,17.1,2026-09-30,2026-09-30,63.0,248,181-365 days
HVW-P1-B3-01155,HVW,Phase 1,Building C,0,Townhouse,3,235.8,38.8,13.8,Street View,4904875.8,20801.0,2024-06-11,reserved,2025-05-08,,,CUS-001017,,AGT-022,9.7,4429102.85,8,5.1,2026-09-30,2026-09-30,63.0,331,181-365 days
HVW-P1-B3-01156,HVW,Phase 1,Building C,0,Townhouse,3,228.2,36.6,24.7,Street View,6080160.8,26644.0,2024-09-20,contracted,2025-10-14,2025-11-10,,CUS-001051,,AGT-019,11.6,5374862.15,8,10.0,2026-09-30,2026-09-30,63.0,389,365+ days
HVW-P1-B3-01157,HVW,Phase 1,Building C,12,Apartment,1,191.6,0.0,0.0,Pool View,3457613.6,18046.0,2024-02-22,available,,,,,,,,,,,,,63.0,859,365+ days
HVW-P1-B3-01158,HVW,Phase 1,Building C,7,Apartment,2,108.8,10.5,18.4,Garden View,2158374.4,19838.0,2024-04-17,available,,,,,,,,,,,,,63.0,804,365+ days
HVW-P1-B3-01159,HVW,Phase 1,Building C,0,Townhouse,3,188.9,76.3,19.9,Pool View,3669193.6,19424.0,2024-08-09,available,,,,,,,,,,,,,63.0,690,365+ days
HVW-P1-B3-01160,HVW,Phase 1,Building C,6,Apartment,1,192.8,9.9,0.0,Courtyard View,3631580.8,18836.0,2024-05-09,reserved,2024-07-24,,,CUS-001073,BRK-04,AGT-026,6.8,3384633.31,7,13.0,2026-09-30,2026-09-30,63.0,76,31-90 days
HVW-P1-B3-01161,HVW,Phase 1,Building C,0,Apartment,1,206.4,59.9,0.0,Courtyard View,5359795.2,25968.0,2024-08-11,contracted,2025-05-03,2025-05-05,,CUS-001076,BRK-11,AGT-025,5.7,5054286.87,7,19.0,2026-09-30,2026-09-30,63.0,265,181-365 days
HVW-P1-B3-01162,HVW,Phase 1,Building C,0,Apartment,3,153.1,0.0,21.1,Skyline View,3835920.5,25055.0,2024-05-30,available,,,,,,,,,,,,,63.0,761,365+ days
HVW-P1-B3-01163,HVW,Phase 1,Building C,0,Townhouse,4,250.2,35.5,10.4,Skyline View,5520412.8,22064.0,2024-06-18,cancelled,2025-10-24,,2025-12-21,CUS-001083,,AGT-024,5.2,5233351.33,7,19.5,2026-09-30,2026-09-30,63.0,493,365+ days
HVW-P1-B3-01164,HVW,Phase 1,Building C,14,Apartment,3,111.1,13.7,0.0,Pool View,2335988.6,21026.0,2024-08-16,available,,,,,,,,,,,,,63.0,683,365+ days
HVW-P1-B3-01165,HVW,Phase 1,Building C,0,Townhouse,4,253.9,45.3,12.9,Garden View,5122686.4,20176.0,2024-02-10,available,,,,,,,,,,,,,63.0,871,365+ days
HVW-P1-B3-01166,HVW,Phase 1,Building C,0,Townhouse,4,230.4,47.1,18.1,Skyline View,5050828.8,21922.0,2024-01-20,contracted,2025-05-20,2025-06-13,,CUS-000795,,AGT-023,12.2,4434627.69,7,10.4,2026-09-30,2026-09-30,63.0,486,365+ days
HVW-P1-B3-01167,HVW,Phase 1,Building C,9,Apartment,3,136.9,19.5,0.0,Pool View,3651396.8,26672.0,2023-11-20,available,,,,,,,,,,,,,63.0,953,365+ days
HVW-P1-B3-01168,HVW,Phase 1,Building C,0,Townhouse,4,186.3,39.6,23.0,Courtyard View,3679052.4,19748.0,2024-05-28,available,,,,,,,,,,,,,63.0,763,365+ days
HVW-P1-B3-01169,HVW,Phase 1,Building C,14,Apartment,2,168.2,36.4,9.6,Courtyard View,4266729.4,25367.0,2024-09-19,reserved,2025-06-04,,,CUS-000738,,AGT-025,3.6,4113127.14,7,19.7,2026-09-30,2026-09-30,63.0,258,181-365 days
HVW-P1-B3-01170,HVW,Phase 1,Building C,0,Townhouse,3,226.7,41.7,24.5,Courtyard View,5579993.8,24614.0,2024-06-08,available,,,,,,,,,,,,,63.0,752,365+ days
HVW-P1-B3-01171,HVW,Phase 1,Building C,2,Apartment,3,217.0,6.7,0.0,Courtyard View,3967411.0,18283.0,2024-02-10,cancelled,2025-05-16,2025-06-06,2025-09-01,CUS-000777,BRK-13,AGT-019,8.8,3618278.83,8,5.5,2026-09-30,2026-09-30,63.0,461,365+ days
HVW-P1-B3-01172,HVW,Phase 1,Building C,0,Apartment,2,140.0,0.0,0.0,Garden View,3255560.0,23254.0,2023-11-21,contracted,2025-02-12,2025-02-27,,CUS-000912,,AGT-022,9.9,2933259.56,7,6.5,2026-09-30,2026-09-30,63.0,449,365+ days
HVW-P1-B3-01173,HVW,Phase 1,Building C,12,Apartment,2,151.1,0.0,15.0,Street View,3782184.1,25031.0,2024-04-11,contracted,2024-12-29,2025-01-09,,CUS-000712,,AGT-028,5.1,3589292.71,5,15.9,2026-09-30,2026-09-30,63.0,262,181-365 days
HVW-P1-B3-01174,HVW,Phase 1,Building C,14,Apartment,3,115.8,0.0,0.0,Skyline View,2458434.0,21230.0,2024-08-03,contracted,2025-10-22,2025-11-19,,CUS-000801,,AGT-027,4.6,2345346.04,6,12.1,2026-09-30,2026-09-30,63.0,445,365+ days
HVW-P1-B3-01175,HVW,Phase 1,Building C,1,Apartment,3,122.7,27.0,0.0,Skyline View,2533264.2,20646.0,2024-09-15,available,,,,,,,,,,,,,63.0,653,365+ days
HVW-P1-B3-01176,HVW,Phase 1,Building C,0,Townhouse,3,193.6,89.9,11.5,Street View,5089550.4,26289.0,2024-09-06,available,,,,,,,,,,,,,63.0,662,365+ days
HVW-P1-B3-01177,HVW,Phase 1,Building C,0,Apartment,3,126.8,0.0,0.0,Garden View,3386701.2,26709.0,2024-05-10,available,,,,,,,,,,,,,63.0,781,365+ days
HVW-P1-B3-01178,HVW,Phase 1,Building C,0,Apartment,3,110.0,0.0,27.8,Garden View,2874630.0,26133.0,2024-09-03,cancelled,2026-03-09,2026-03-22,2026-06-12,CUS-001026,,AGT-020,8.6,2627411.82,8,7.9,2026-09-30,2026-09-30,63.0,552,365+ days
HVW-P1-B3-01179,HVW,Phase 1,Building C,12,Apartment,3,207.0,0.0,20.6,Street View,4495626.0,21718.0,2023-12-01,cancelled,2025-10-31,,2025-12-11,CUS-000776,BRK-06,AGT-028,5.1,4266349.07,6,13.9,2026-09-30,2026-09-30,63.0,700,365+ days
HVW-P1-B3-01180,HVW,Phase 1,Building C,0,Townhouse,4,215.3,56.3,23.0,Street View,4349705.9,20203.0,2024-03-06,available,,,,,,,,,,,,,63.0,846,365+ days
HVW-P1-B3-01181,HVW,Phase 1,Building C,0,Townhouse,3,211.4,81.3,18.1,Pool View,3993346.0,18890.0,2024-09-07,contracted,2026-01-25,2026-02-21,,CUS-000814,,AGT-022,10.5,3574044.67,7,10.3,2026-09-30,2026-09-30,63.0,505,365+ days
HVW-P1-B3-01182,HVW,Phase 1,Building C,6,Apartment,2,147.8,49.8,0.0,Skyline View,3665587.8,24801.0,2024-02-22,contracted,2025-10-27,2025-10-28,,CUS-001074,,AGT-019,12.3,3214720.5,8,5.1,2026-09-30,2026-09-30,63.0,613,365+ days
HVW-P1-B3-01183,HVW,Phase 1,Building C,0,Townhouse,4,194.0,83.8,12.4,Skyline View,3966718.0,20447.0,2024-09-03,contracted,2025-02-10,2025-03-05,,CUS-000802,,AGT-026,3.7,3819949.43,7,12.5,2026-09-30,2026-09-30,63.0,160,91-180 days
HVW-P1-B3-01184,HVW,Phase 1,Building C,4,Apartment,3,234.9,0.0,22.0,Pool View,6184682.1,26329.0,2024-05-06,contracted,2024-12-01,2024-12-22,,CUS-000898,,AGT-021,10.3,5547659.84,7,9.9,2026-09-30,2026-09-30,63.0,209,181-365 days
HVW-P1-B3-01185,HVW,Phase 1,Building C,0,Apartment,2,175.2,0.0,0.0,Courtyard View,4661371.2,26606.0,2023-12-12,cancelled,2025-10-22,,2025-12-14,CUS-001038,,AGT-021,9.5,4218540.94,8,5.8,2026-09-30,2026-09-30,63.0,680,365+ days
HVW-P1-B3-01186,HVW,Phase 1,Building C,11,Apartment,1,104.7,54.1,21.2,Pool View,2179435.2,20816.0,2024-09-26,contracted,2025-08-12,2025-09-22,,CUS-000815,,AGT-024,4.0,2092257.79,6,13.7,2026-09-30,2026-09-30,63.0,320,181-365 days
HVW-P1-B3-01187,HVW,Phase 1,Building C,10,Apartment,1,148.6,4.4,12.4,Courtyard View,2706154.6,18211.0,2024-08-24,reserved,2025-07-09,,,CUS-000929,,AGT-020,10.7,2416596.06,7,10.7,2026-09-30,2026-09-30,63.0,319,181-365 days
HVW-P1-B3-01188,HVW,Phase 1,Building C,6,Apartment,2,184.4,0.0,0.0,Street View,3916840.4,21241.0,2023-12-30,contracted,2025-02-28,2025-03-30,,CUS-000875,,AGT-026,4.3,3748416.26,6,14.5,2026-09-30,2026-09-30,63.0,426,365+ days
HVW-P1-B3-01189,HVW,Phase 1,Building C,6,Apartment,2,222.1,13.3,13.6,Garden View,4474426.6,20146.0,2024-04-30,contracted,2026-05-12,2026-06-13,,CUS-000708,,AGT-024,4.0,4295449.54,7,18.3,2026-09-30,2026-09-30,63.0,742,365+ days
HVW-P1-B3-01190,HVW,Phase 1,Building C,0,Townhouse,3,196.3,86.4,15.0,Courtyard View,4387305.0,22350.0,2024-05-14,cancelled,2024-12-22,2025-01-15,2025-03-05,CUS-000936,BRK-05,AGT-020,10.8,3913476.06,7,5.9,2026-09-30,2026-09-30,63.0,222,181-365 days
HVW-P1-B3-01191,HVW,Phase 1,Building C,0,Townhouse,3,223.1,49.1,20.1,Courtyard View,5391434.6,24166.0,2024-09-13,reserved,2025-09-24,,,CUS-000720,,AGT-019,10.9,4803768.23,7,8.4,2026-09-30,2026-09-30,63.0,376,365+ days
HVW-P1-B3-01192,HVW,Phase 1,Building C,4,Apartment,1,232.2,0.0,0.0,Courtyard View,4572482.4,19692.0,2024-09-21,contracted,2025-03-19,2025-03-20,,CUS-000847,BRK-12,AGT-027,3.6,4407873.03,5,18.7,2026-09-30,2026-09-30,63.0,179,91-180 days
HVW-P1-B3-01193,HVW,Phase 1,Building C,1,Apartment,1,147.1,0.0,26.6,Skyline View,3799887.2,25832.0,2024-01-17,cancelled,2024-08-05,2024-08-06,2024-09-12,CUS-000905,,AGT-025,4.8,3617492.61,6,18.9,2026-09-30,2026-09-30,63.0,201,181-365 days
HVW-P1-B3-01194,HVW,Phase 1,Building C,0,Townhouse,4,210.2,60.5,13.7,Pool View,4668962.4,22212.0,2024-08-02,contracted,2025-11-18,2025-12-06,,CUS-000858,,AGT-023,9.4,4230079.93,8,9.1,2026-09-30,2026-09-30,63.0,473,365+ days
HVW-P1-B3-01195,HVW,Phase 1,Building C,0,Townhouse,4,182.6,84.0,12.6,Courtyard View,4189391.8,22943.0,2024-01-05,available,,,,,,,,,,,,,63.0,907,365+ days
HVW-P1-B3-01196,HVW,Phase 1,Building C,8,Apartment,3,229.7,11.8,27.8,Street View,4581136.8,19944.0,2024-08-28,cancelled,2024-09-06,,2024-11-11,CUS-000909,,AGT-020,12.5,4008494.7,8,5.0,2026-09-30,2026-09-30,63.0,9,0-30 days
HVW-P1-B3-01197,HVW,Phase 1,Building C,0,Townhouse,3,187.0,81.3,24.7,Garden View,4562426.0,24398.0,2024-06-22,contracted,2025-11-20,2025-12-07,,CUS-001005,,AGT-019,12.1,4010372.45,8,10.3,2026-09-30,2026-09-30,63.0,516,365+ days
HVW-P1-B3-01198,HVW,Phase 1,Building C,0,Townhouse,3,196.8,88.2,11.3,Street View,3772262.4,19168.0,2024-07-28,available,,,,,,,,,,,,,63.0,702,365+ days
HVW-P1-B3-01199,HVW,Phase 1,Building C,4,Apartment,1,153.6,29.6,0.0,Skyline View,2892134.4,18829.0,2024-06-06,cancelled,2026-04-27,2026-05-21,2026-06-30,CUS-000706,,AGT-026,4.7,2756204.08,6,13.8,2026-09-30,2026-09-30,63.0,690,365+ days
HVW-P1-B3-01200,HVW,Phase 1,Building C,11,Apartment,1,144.7,0.7,17.8,Courtyard View,3504923.4,24222.0,2024-01-13,contracted,2024-09-07,2024-09-08,,CUS-000987,BRK-12,AGT-020,10.8,3126391.67,7,9.4,2026-09-30,2026-09-30,63.0,238,181-365 days
HVW-P1-B3-01201,HVW,Phase 1,Building C,0,Apartment,3,123.4,0.0,13.7,Skyline View,2778351.0,22515.0,2024-07-14,reserved,2024-09-04,,,CUS-000890,,AGT-024,4.2,2661660.26,6,12.9,2026-09-30,2026-09-30,63.0,52,31-90 days
HVW-P1-B3-01202,HVW,Phase 1,Building C,2,Apartment,3,190.4,53.4,0.0,Pool View,4973248.0,26120.0,2024-01-22,contracted,2024-07-24,2024-08-06,,CUS-000735,,AGT-028,5.8,4684799.62,7,14.6,2026-09-30,2026-09-30,63.0,184,181-365 days
HVW-P1-B4-01203,HVW,Phase 1,Building D,0,Townhouse,3,182.0,80.5,20.6,Garden View,4566926.0,25093.0,2024-05-27,contracted,2025-11-26,2025-12-05,,CUS-001002,,AGT-022,8.1,4197004.99,7,9.6,2026-09-30,2026-09-30,63.0,548,365+ days
HVW-P1-B4-01204,HVW,Phase 1,Building D,0,Townhouse,3,192.0,37.9,22.9,Garden View,4144512.0,21586.0,2024-05-14,reserved,2024-07-11,,,CUS-000944,,AGT-023,9.1,3767361.41,8,8.0,2026-09-30,2026-09-30,63.0,58,31-90 days
HVW-P1-B4-01205,HVW,Phase 1,Building D,14,Apartment,1,194.3,9.7,0.0,Garden View,5061320.7,26049.0,2024-06-17,reserved,2025-09-30,,,CUS-000982,,AGT-021,9.9,4560249.95,8,10.7,2026-09-30,2026-09-30,63.0,470,365+ days
HVW-P1-B4-01206,HVW,Phase 1,Building D,8,Apartment,3,146.3,0.0,13.9,Street View,3677250.5,25135.0,2024-02-14,cancelled,2025-11-23,2025-12-04,2026-01-23,CUS-000769,,AGT-026,5.7,3467647.22,6,16.8,2026-09-30,2026-09-30,63.0,648,365+ days
HVW-P1-B4-01207,HVW,Phase 1,Building D,10,Apartment,2,239.5,41.5,25.6,Courtyard View,5146615.5,21489.0,2023-11-22,available,,,,,,,,,,,,,63.0,951,365+ days
HVW-P1-B4-01208,HVW,Phase 1,Building D,5,Apartment,2,133.4,0.1,0.0,Courtyard View,3058728.6,22929.0,2024-06-05,contracted,2026-03-30,2026-04-15,,CUS-000782,,AGT-028,3.1,2963908.01,5,15.8,2026-09-30,2026-09-30,63.0,663,365+ days
HVW-P1-B4-01209,HVW,Phase 1,Building D,14,Apartment,2,161.5,0.0,0.0,Street View,3413302.5,21135.0,2024-01-03,reserved,2026-01-11,,,CUS-000990,,AGT-027,3.4,3297250.21,7,12.1,2026-09-30,2026-09-30,63.0,739,365+ days
HVW-P1-B4-01210,HVW,Phase 1,Building D,6,Apartment,1,178.0,0.0,0.0,Skyline View,4260430.0,23935.0,2023-12-12,contracted,2025-04-11,2025-05-16,,CUS-000922,BRK-08,AGT-026,4.3,4077231.51,5,18.9,2026-09-30,2026-09-30,63.0,486,365+ days
HVW-P1-B4-01211,HVW,Phase 1,Building D,5,Apartment,2,111.4,0.0,0.0,Garden View,2048200.4,18386.0,2024-05-03,contracted,2025-01-23,2025-02-03,,CUS-000991,,AGT-024,6.1,1923260.18,5,13.2,2026-09-30,2026-09-30,63.0,265,181-365 days
HVW-P1-B4-01212,HVW,Phase 1,Building D,0,Townhouse,3,224.7,34.0,17.7,Pool View,4531974.3,20169.0,2023-11-25,contracted,2025-09-30,2025-10-11,,CUS-000994,BRK-12,AGT-026,6.3,4246459.92,5,18.3,2026-09-30,2026-09-30,63.0,675,365+ days
HVW-P1-B4-01213,HVW,Phase 1,Building D,6,Apartment,2,229.6,0.0,0.0,Courtyard View,4980712.8,21693.0,2024-08-06,available,,,,,,,,,,,,,63.0,693,365+ days
HVW-P1-B4-01214,HVW,Phase 1,Building D,11,Apartment,3,147.1,0.0,20.7,Pool View,2739884.6,18626.0,2024-08-23,reserved,2025-04-13,,,CUS-000790,,AGT-025,4.3,2622069.56,5,13.0,2026-09-30,2026-09-30,63.0,233,181-365 days
HVW-P1-B4-01215,HVW,Phase 1,Building D,2,Apartment,1,195.7,0.0,19.8,Garden View,4307944.1,22013.0,2023-12-27,available,,,,,,,,,,,,,63.0,916,365+ days
HVW-P1-B4-01216,HVW,Phase 1,Building D,10,Apartment,3,227.0,0.0,22.1,Garden View,5327690.0,23470.0,2024-08-16,reserved,2025-10-17,,,CUS-001025,,AGT-027,5.0,5061305.5,5,14.5,2026-09-30,2026-09-30,63.0,427,365+ days
HVW-P1-B4-01217,HVW,Phase 1,Building D,0,Townhouse,3,214.0,67.2,17.6,Pool View,4391280.0,20520.0,2024-02-10,contracted,2026-01-06,2026-02-07,,CUS-000797,,AGT-027,3.3,4246367.76,6,12.3,2026-09-30,2026-09-30,63.0,696,365+ days
HVW-P1-B4-01218,HVW,Phase 1,Building D,4,Apartment,3,182.4,55.5,0.0,Garden View,4454755.2,24423.0,2024-08-24,contracted,2025-08-15,2025-08-31,,CUS-000772,,AGT-027,5.0,4232017.44,6,17.1,2026-09-30,2026-09-30,63.0,356,181-365 days
HVW-P1-B4-01219,HVW,Phase 1,Building D,6,Apartment,3,203.4,0.0,24.0,Pool View,3989487.6,19614.0,2024-04-11,cancelled,2025-07-01,2025-08-02,2025-10-13,CUS-000887,,AGT-019,10.8,3558622.94,8,10.1,2026-09-30,2026-09-30,63.0,446,365+ days
HVW-P1-B4-01220,HVW,Phase 1,Building D,2,Apartment,2,187.7,0.0,0.0,Garden View,3488592.2,18586.0,2024-01-10,contracted,2026-02-16,2026-03-30,,CUS-000882,,AGT-027,4.2,3342071.33,7,13.1,2026-09-30,2026-09-30,63.0,768,365+ days
HVW-P1-B4-01221,HVW,Phase 1,Building D,11,Apartment,1,145.2,0.0,29.0,Skyline View,3602266.8,24809.0,2024-07-16,contracted,2026-05-08,2026-06-02,,CUS-000923,,AGT-028,5.7,3396937.59,7,14.3,2026-09-30,2026-09-30,63.0,661,365+ days
HVW-P1-B4-01222,HVW,Phase 1,Building D,0,Townhouse,4,198.7,82.1,23.2,Skyline View,4661104.6,23458.0,2023-11-26,contracted,2025-07-22,2025-08-04,,CUS-000785,,AGT-027,4.5,4451354.89,7,13.1,2026-09-30,2026-09-30,63.0,604,365+ days
HVW-P1-B4-01223,HVW,Phase 1,Building D,7,Apartment,1,180.1,2.5,0.0,Pool View,4548245.4,25254.0,2024-03-15,contracted,2024-12-17,2025-01-22,,CUS-000931,,AGT-027,3.5,4389056.81,7,15.6,2026-09-30,2026-09-30,63.0,277,181-365 days
HVW-P1-B4-01224,HVW,Phase 1,Building D,8,Apartment,2,233.9,0.0,0.0,Garden View,5900829.2,25228.0,2024-07-13,cancelled,2025-04-13,2025-04-19,2025-05-28,CUS-000947,,AGT-024,3.5,5694300.18,6,19.3,2026-09-30,2026-09-30,63.0,274,181-365 days
HVW-P1-B4-01225,HVW,Phase 1,Building D,13,Apartment,1,214.5,0.0,25.1,Courtyard View,4399609.5,20511.0,2024-04-17,reserved,2024-12-17,,,CUS-000762,,AGT-024,6.7,4104835.66,5,14.6,2026-09-30,2026-09-30,63.0,244,181-365 days
HVW-P1-B4-01226,HVW,Phase 1,Building D,0,Townhouse,3,226.3,58.2,24.1,Courtyard View,5201505.5,22985.0,2024-03-14,contracted,2024-09-19,2024-10-12,,CUS-000971,,AGT-026,4.0,4993445.28,6,18.5,2026-09-30,2026-09-30,63.0,189,181-365 days
HVW-P1-B4-01227,HVW,Phase 1,Building D,11,Apartment,1,97.8,29.5,9.5,Pool View,2060157.0,21065.0,2024-02-15,available,,,,,,,,,,,,,63.0,866,365+ days
HVW-P1-B4-01228,HVW,Phase 1,Building D,4,Apartment,1,100.0,14.1,0.0,Street View,2643000.0,26430.0,2024-07-13,contracted,2024-09-23,2024-10-04,,CUS-000848,,AGT-027,3.8,2542566.0,5,15.6,2026-09-30,2026-09-30,63.0,72,31-90 days
HVW-P1-B4-01229,HVW,Phase 1,Building D,0,Townhouse,3,245.6,80.6,20.9,Street View,4997714.4,20349.0,2024-07-02,contracted,2024-11-28,2024-12-11,,CUS-000996,,AGT-019,8.4,4577906.39,8,5.2,2026-09-30,2026-09-30,63.0,149,91-180 days
HVW-P1-B4-01230,HVW,Phase 1,Building D,0,Apartment,3,173.4,57.1,0.0,Garden View,4384939.2,25288.0,2024-01-09,cancelled,2025-11-24,2025-12-10,2026-01-25,CUS-001039,,AGT-027,3.0,4253391.02,6,15.5,2026-09-30,2026-09-30,63.0,685,365+ days
HVW-P1-B4-01231,HVW,Phase 1,Building D,12,Apartment,1,161.9,29.2,17.5,Skyline View,3377881.6,20864.0,2024-04-22,available,,,,,,,,,,,,,63.0,799,365+ days
HVW-P1-B4-01232,HVW,Phase 1,Building D,0,Townhouse,4,250.6,33.3,20.3,Street View,5287660.0,21100.0,2024-02-09,contracted,2025-01-18,2025-02-12,,CUS-000956,,AGT-019,12.7,4616127.18,7,10.0,2026-09-30,2026-09-30,63.0,344,181-365 days
HVW-P1-B4-01233,HVW,Phase 1,Building D,13,Apartment,2,106.7,59.2,28.9,Street View,2419635.9,22677.0,2024-08-28,contracted,2024-08-16,2024-09-15,,CUS-001072,,AGT-028,3.3,2339787.92,5,14.3,2026-09-30,2026-09-30,63.0,0,0-30 days
HVW-P1-B4-01234,HVW,Phase 1,Building D,0,Townhouse,3,218.2,45.5,12.6,Garden View,4068775.4,18647.0,2024-08-03,cancelled,2025-10-19,2025-11-08,2026-01-22,CUS-000925,,AGT-023,12.2,3572384.8,7,7.6,2026-09-30,2026-09-30,63.0,442,365+ days
HVW-P1-B4-01235,HVW,Phase 1,Building D,5,Apartment,1,221.7,56.0,13.9,Pool View,4668780.3,21059.0,2024-05-28,reserved,2026-06-20,,,CUS-000709,,AGT-023,13.5,4038494.96,7,6.2,2026-09-30,2026-09-30,63.0,753,365+ days
HVW-P1-B4-01236,HVW,Phase 1,Building D,12,Apartment,1,105.3,3.2,0.0,Street View,2008808.1,19077.0,2024-06-01,reserved,2024-09-10,,,CUS-001045,,AGT-021,10.6,1795874.44,7,8.0,2026-09-30,2026-09-30,63.0,101,91-180 days
HVW-P1-B4-01237,HVW,Phase 1,Building D,0,Townhouse,3,189.3,46.0,24.1,Skyline View,3569251.5,18855.0,2024-02-24,cancelled,2026-01-30,2026-02-13,2026-05-07,CUS-000763,,AGT-021,13.5,3087402.55,8,7.7,2026-09-30,2026-09-30,63.0,706,365+ days
HVW-P1-B4-01238,HVW,Phase 1,Building D,8,Apartment,3,118.7,0.0,0.0,Courtyard View,2479286.9,20887.0,2024-06-26,reserved,2024-07-18,,,CUS-001021,BRK-10,AGT-020,12.3,2174334.61,8,7.2,2026-09-30,2026-09-30,63.0,22,0-30 days
HVW-P1-B4-01239,HVW,Phase 1,Building D,0,Townhouse,3,226.1,86.8,18.9,Courtyard View,5233536.7,23147.0,2024-06-30,contracted,2025-05-08,2025-05-17,,CUS-000724,,AGT-025,6.9,4872422.67,6,18.8,2026-09-30,2026-09-30,63.0,312,181-365 days
HVW-P1-B4-01240,HVW,Phase 1,Building D,1,Apartment,1,183.7,38.3,0.0,Courtyard View,4315113.0,23490.0,2024-07-15,available,,,,,,,,,,,,,63.0,715,365+ days
HVW-P1-B4-01241,HVW,Phase 1,Building D,0,Apartment,3,101.8,13.1,15.1,Skyline View,2431900.2,23889.0,2024-04-16,cancelled,2026-06-24,,2026-06-30,CUS-000699,,AGT-021,10.9,2166823.08,7,7.5,2026-09-30,2026-09-30,63.0,799,365+ days
HVW-P1-B4-01242,HVW,Phase 1,Building D,0,Townhouse,3,248.4,73.3,16.9,Street View,5394999.6,21719.0,2024-07-12,contracted,2026-01-08,2026-02-09,,CUS-000878,,AGT-024,6.6,5038929.63,5,16.6,2026-09-30,2026-09-30,63.0,545,365+ days
HVW-P1-B4-01243,HVW,Phase 1,Building D,1,Apartment,1,219.3,51.9,9.3,Skyline View,5583597.3,25461.0,2024-06-30,reserved,2025-09-18,,,CUS-000784,,AGT-023,13.9,4807477.28,8,5.2,2026-09-30,2026-09-30,63.0,445,365+ days
HVW-P1-B4-01244,HVW,Phase 1,Building D,5,Apartment,3,229.9,0.0,16.8,Skyline View,5503576.1,23939.0,2024-08-25,available,,,,,,,,,,,,,63.0,674,365+ days
HVW-P1-B4-01245,HVW,Phase 1,Building D,0,Townhouse,4,223.0,57.7,17.9,Pool View,5886977.0,26399.0,2024-01-27,available,,,,,,,,,,,,,63.0,885,365+ days
HVW-P1-B4-01246,HVW,Phase 1,Building D,5,Apartment,1,189.2,0.0,0.0,Courtyard View,4576369.6,24188.0,2024-09-26,contracted,2025-11-03,2025-12-04,,CUS-000817,,AGT-027,5.3,4333822.01,7,14.3,2026-09-30,2026-09-30,63.0,403,365+ days
HVW-P1-B4-01247,HVW,Phase 1,Building D,0,Townhouse,4,228.0,86.7,23.4,Skyline View,4119960.0,18070.0,2024-07-31,cancelled,2024-10-26,,2024-11-25,CUS-000935,,AGT-028,6.4,3856282.56,7,12.7,2026-09-30,2026-09-30,63.0,87,31-90 days
HVW-P1-B4-01248,HVW,Phase 1,Building D,0,Townhouse,3,233.3,38.4,23.7,Street View,4386739.9,18803.0,2024-06-17,reserved,2025-07-16,,,CUS-001075,,AGT-022,12.6,3834010.67,8,9.7,2026-09-30,2026-09-30,63.0,394,365+ days
HVW-P1-B4-01249,HVW,Phase 1,Building D,4,Apartment,2,129.7,22.6,21.7,Skyline View,2709951.8,20894.0,2024-01-31,contracted,2024-12-21,2025-01-12,,CUS-001032,BRK-10,AGT-028,5.7,2555484.55,5,15.8,2026-09-30,2026-09-30,63.0,325,181-365 days
HVW-P1-B4-01250,HVW,Phase 1,Building D,0,Townhouse,4,239.2,76.8,11.4,Street View,6398600.0,26750.0,2024-08-24,contracted,2025-12-09,2025-12-31,,CUS-000846,,AGT-022,12.0,5630768.0,8,6.2,2026-09-30,2026-09-30,63.0,472,365+ days
HVW-P1-B4-01251,HVW,Phase 1,Building D,7,Apartment,2,192.7,28.2,28.2,Pool View,4335364.6,22498.0,2023-12-28,cancelled,2025-07-26,2025-09-04,2025-11-12,CUS-000988,,AGT-019,11.9,3819456.21,8,5.8,2026-09-30,2026-09-30,63.0,576,365+ days
HVW-P1-B4-01252,HVW,Phase 1,Building D,7,Apartment,3,204.5,0.0,0.0,Skyline View,4497568.5,21993.0,2024-02-13,available,,,,,,,,,,,,,63.0,868,365+ days
HVW-P2-B1-01253,HVW,Phase 2,Building A,14,Apartment,1,111.0,0.0,0.0,Street View,2901207.0,26137.0,2025-06-19,contracted,2025-02-13,2025-02-26,,CUS-000788,,AGT-022,12.9,2526951.3,7,8.0,2026-09-30,2026-09-30,63.0,0,0-30 days
HVW-P2-B1-01254,HVW,Phase 2,Building A,0,Townhouse,3,191.2,85.1,21.2,Courtyard View,5112114.4,26737.0,2025-07-05,cancelled,2025-07-18,2025-08-17,2025-10-07,CUS-000736,,AGT-021,8.4,4682696.79,8,10.3,2026-09-30,2026-09-30,63.0,13,0-30 days
HVW-P2-B1-01255,HVW,Phase 2,Building A,4,Apartment,3,228.2,20.0,11.1,Garden View,5044361.0,22105.0,2025-04-15,available,,,,,,,,,,,,,63.0,441,365+ days
HVW-P2-B1-01256,HVW,Phase 2,Building A,13,Apartment,3,228.4,0.0,0.0,Street View,5645819.6,24719.0,2025-07-22,contracted,2025-02-04,2025-02-20,,CUS-000857,,AGT-025,5.6,5329653.7,7,13.7,2026-09-30,2026-09-30,63.0,0,0-30 days
HVW-P2-B1-01257,HVW,Phase 2,Building A,0,Townhouse,4,193.3,37.1,16.1,Street View,3583395.4,18538.0,2024-11-11,contracted,2024-11-29,2024-12-01,,CUS-000843,,AGT-021,9.1,3257306.42,7,8.6,2026-09-30,2026-09-30,63.0,18,0-30 days
HVW-P2-B1-01258,HVW,Phase 2,Building A,8,Apartment,3,194.9,0.0,0.0,Courtyard View,4740357.8,24322.0,2025-06-07,contracted,2025-09-12,2025-10-01,,CUS-000778,,AGT-028,3.4,4579185.63,7,13.0,2026-09-30,2026-09-30,63.0,97,91-180 days
HVW-P2-B1-01259,HVW,Phase 2,Building A,11,Apartment,2,131.4,0.0,29.0,Garden View,3463966.8,26362.0,2024-10-23,available,,,,,,,,,,,,,63.0,615,365+ days
HVW-P2-B1-01260,HVW,Phase 2,Building A,4,Apartment,1,171.4,0.0,21.7,Garden View,3703097.0,21605.0,2025-02-06,reserved,2026-06-30,,,CUS-000684,,AGT-025,5.3,3506832.86,5,14.2,2026-09-30,2026-09-30,63.0,509,365+ days
HVW-P2-B1-01261,HVW,Phase 2,Building A,10,Apartment,1,107.0,0.0,15.8,Street View,2562650.0,23950.0,2025-07-09,available,,,,,,,,,,,,,63.0,356,181-365 days
HVW-P2-B1-01262,HVW,Phase 2,Building A,14,Apartment,1,236.2,0.0,16.0,Skyline View,5986016.6,25343.0,2024-10-26,reserved,2024-10-31,,,CUS-000952,,AGT-025,3.0,5806436.1,7,19.3,2026-09-30,2026-09-30,63.0,5,0-30 days
HVW-P2-B1-01263,HVW,Phase 2,Building A,1,Apartment,1,177.4,0.0,0.0,Pool View,4600336.8,25932.0,2025-02-04,contracted,2025-09-26,2025-10-30,,CUS-001062,,AGT-020,12.7,4016094.03,8,7.5,2026-09-30,2026-09-30,63.0,234,181-365 days
HVW-P2-B1-01264,HVW,Phase 2,Building A,0,Townhouse,3,199.6,82.5,20.6,Skyline View,5113752.0,25620.0,2025-07-19,available,,,,,,,,,,,,,63.0,346,181-365 days
HVW-P2-B1-01265,HVW,Phase 2,Building A,10,Apartment,3,166.9,6.1,10.8,Courtyard View,3207984.9,19221.0,2024-12-24,available,,,,,,,,,,,,,63.0,553,365+ days
HVW-P2-B1-01266,HVW,Phase 2,Building A,0,Townhouse,3,224.8,64.0,10.9,Garden View,4286261.6,19067.0,2025-08-13,contracted,2024-08-14,2024-09-05,,CUS-000749,BRK-08,AGT-027,6.0,4029085.9,5,19.8,2026-09-30,2026-09-30,63.0,0,0-30 days
HVW-P2-B1-01267,HVW,Phase 2,Building A,11,Apartment,3,177.2,0.0,0.0,Courtyard View,4322262.4,24392.0,2024-10-03,reserved,2025-01-09,,,CUS-000842,,AGT-021,9.1,3928936.52,8,9.4,2026-09-30,2026-09-30,63.0,98,91-180 days
HVW-P2-B1-01268,HVW,Phase 2,Building A,0,Townhouse,4,245.6,86.9,17.8,Garden View,5575120.0,22700.0,2025-03-06,contracted,2026-04-21,2026-05-01,,CUS-000902,,AGT-023,8.6,5095659.68,8,10.7,2026-09-30,2026-09-30,63.0,411,365+ days
HVW-P2-B1-01269,HVW,Phase 2,Building A,8,Apartment,1,228.1,0.0,11.1,Skyline View,4890920.2,21442.0,2024-11-10,available,,,,,,,,,,,,,63.0,597,365+ days
HVW-P2-B1-01270,HVW,Phase 2,Building A,11,Apartment,2,181.0,0.0,16.9,Street View,3356102.0,18542.0,2025-07-20,cancelled,2024-11-29,,2025-01-21,CUS-000743,BRK-03,AGT-021,9.1,3050696.72,7,10.5,2026-09-30,2026-09-30,63.0,0,0-30 days
HVW-P2-B1-01271,HVW,Phase 2,Building A,0,Townhouse,4,221.7,84.9,21.5,Street View,4617789.3,20829.0,2025-03-12,available,,,,,,,,,,,,,63.0,475,365+ days
HVW-P2-B1-01272,HVW,Phase 2,Building A,0,Townhouse,4,204.1,42.7,20.1,Street View,4604904.2,22562.0,2024-10-11,reserved,2025-01-26,,,CUS-001034,,AGT-026,4.3,4406893.32,5,16.8,2026-09-30,2026-09-30,63.0,107,91-180 days
HVW-P2-B1-01273,HVW,Phase 2,Building A,11,Apartment,1,219.8,0.0,29.4,Garden View,5884925.2,26774.0,2025-05-19,contracted,2025-04-11,2025-04-23,,CUS-000742,BRK-13,AGT-023,11.4,5214043.73,7,7.3,2026-09-30,2026-09-30,63.0,0,0-30 days
HVW-P2-B1-01274,HVW,Phase 2,Building A,6,Apartment,3,135.6,0.0,0.0,Pool View,2888144.4,21299.0,2025-01-28,contracted,2025-06-25,2025-07-31,,CUS-001014,,AGT-023,12.0,2541567.07,7,10.5,2026-09-30,2026-09-30,63.0,148,91-180 days
HVW-P2-B1-01275,HVW,Phase 2,Building A,0,Townhouse,3,204.4,39.4,15.8,Skyline View,5406788.8,26452.0,2025-04-27,reserved,2025-10-12,,,CUS-000957,BRK-10,AGT-021,12.5,4730940.2,8,8.3,2026-09-30,2026-09-30,63.0,168,91-180 days
HVW-P2-B1-01276,HVW,Phase 2,Building A,10,Apartment,3,182.9,54.4,0.0,Skyline View,3648489.2,19948.0,2025-01-17,available,,,,,,,,,,,,,63.0,529,365+ days
HVW-P2-B1-01277,HVW,Phase 2,Building A,0,Apartment,1,194.1,0.0,12.8,Pool View,4648500.9,23949.0,2025-05-11,available,,,,,,,,,,,,,63.0,415,365+ days
HVW-P2-B1-01278,HVW,Phase 2,Building A,11,Apartment,1,187.6,0.0,0.0,Street View,4694127.2,25022.0,2025-01-14,available,,,,,,,,,,,,,63.0,532,365+ days
HVW-P2-B1-01279,HVW,Phase 2,Building A,6,Apartment,3,103.8,0.0,22.0,Skyline View,2217064.2,21359.0,2025-03-07,available,,,,,,,,,,,,,63.0,480,365+ days
HVW-P2-B1-01280,HVW,Phase 2,Building A,5,Apartment,2,138.0,0.0,25.4,Courtyard View,2771316.0,20082.0,2024-10-22,contracted,2025-08-05,2025-08-30,,CUS-000903,,AGT-023,12.9,2413816.24,7,10.9,2026-09-30,2026-09-30,63.0,287,181-365 days
HVW-P2-B1-01281,HVW,Phase 2,Building A,10,Apartment,1,141.8,0.0,17.7,Pool View,3662835.8,25831.0,2025-07-21,reserved,2024-10-19,,,CUS-000930,,AGT-019,12.3,3212307.0,8,10.2,2026-09-30,2026-09-30,63.0,0,0-30 days
HVW-P2-B1-01282,HVW,Phase 2,Building A,0,Townhouse,3,220.4,74.4,23.9,Pool View,4340778.0,19695.0,2024-12-29,contracted,2026-05-09,2026-05-20,,CUS-001057,,AGT-025,5.3,4110716.77,6,16.4,2026-09-30,2026-09-30,63.0,496,365+ days
HVW-P2-B1-01283,HVW,Phase 2,Building A,0,Townhouse,4,251.8,80.3,25.0,Garden View,6029854.6,23947.0,2025-03-14,available,,,,,,,,,,,,,63.0,473,365+ days
HVW-P2-B1-01284,HVW,Phase 2,Building A,0,Townhouse,3,194.8,39.4,15.5,Garden View,3869312.4,19863.0,2025-01-11,contracted,2025-04-01,2025-05-02,,CUS-000862,BRK-01,AGT-021,12.5,3385648.35,8,9.1,2026-09-30,2026-09-30,63.0,80,31-90 days
HVW-P2-B1-01285,HVW,Phase 2,Building A,13,Apartment,3,133.2,0.0,0.0,Street View,2757240.0,20700.0,2025-04-21,cancelled,2026-06-30,2026-06-30,2026-06-30,CUS-000900,,AGT-021,9.3,2500816.68,8,6.6,2026-09-30,2026-09-30,63.0,435,365+ days
HVW-P2-B1-01286,HVW,Phase 2,Building A,0,Townhouse,3,222.8,42.8,21.6,Courtyard View,4427927.2,19874.0,2024-11-06,available,,,,,,,,,,,,,63.0,601,365+ days
HVW-P2-B1-01287,HVW,Phase 2,Building A,14,Apartment,3,230.0,0.0,10.3,Street View,4713850.0,20495.0,2025-02-09,available,,,,,,,,,,,,,63.0,506,365+ days
HVW-P2-B1-01288,HVW,Phase 2,Building A,12,Apartment,3,212.4,0.0,14.9,Garden View,5414076.0,25490.0,2025-05-29,contracted,2026-04-21,2026-05-17,,CUS-001090,,AGT-026,6.2,5078403.29,6,18.7,2026-09-30,2026-09-30,63.0,327,181-365 days
HVW-P2-B1-01289,HVW,Phase 2,Building A,8,Apartment,2,167.3,7.7,11.1,Garden View,3358212.9,20073.0,2025-06-14,contracted,2025-08-08,2025-08-15,,CUS-000899,,AGT-025,4.3,3213809.75,5,18.5,2026-09-30,2026-09-30,63.0,55,31-90 days
HVW-P2-B1-01290,HVW,Phase 2,Building A,0,Townhouse,4,225.3,85.3,13.4,Street View,5313475.2,23584.0,2025-06-28,contracted,2026-05-30,2026-06-04,,CUS-000901,,AGT-020,9.5,4808695.06,8,9.1,2026-09-30,2026-09-30,63.0,336,181-365 days
HVW-P2-B1-01291,HVW,Phase 2,Building A,0,Townhouse,4,199.1,76.1,22.2,Pool View,4871777.9,24469.0,2025-01-17,available,,,,,,,,,,,,,63.0,529,365+ days
HVW-P2-B1-01292,HVW,Phase 2,Building A,13,Apartment,3,182.7,0.0,0.0,Courtyard View,3942117.9,21577.0,2024-12-17,reserved,2024-10-27,,,CUS-000918,,AGT-019,13.6,3405989.87,8,8.8,2026-09-30,2026-09-30,63.0,0,0-30 days
HVW-P2-B1-01293,HVW,Phase 2,Building A,9,Apartment,1,237.6,0.0,0.0,Skyline View,5274957.6,22201.0,2025-02-03,available,,,,,,,,,,,,,63.0,512,365+ days
HVW-P2-B1-01294,HVW,Phase 2,Building A,11,Apartment,3,113.2,0.0,16.6,Skyline View,2661218.8,23509.0,2025-06-22,available,,,,,,,,,,,,,63.0,373,365+ days
HVW-P2-B1-01295,HVW,Phase 2,Building A,12,Apartment,1,114.8,0.0,0.0,Garden View,2599990.4,22648.0,2025-02-13,contracted,2026-05-04,2026-05-25,,CUS-000856,,AGT-023,11.7,2295791.52,8,7.0,2026-09-30,2026-09-30,63.0,445,365+ days
HVW-P2-B1-01296,HVW,Phase 2,Building A,0,Townhouse,4,208.2,58.3,12.2,Garden View,4475675.4,21497.0,2025-04-27,contracted,2025-01-22,2025-02-05,,CUS-000993,,AGT-025,4.0,4296648.38,5,18.7,2026-09-30,2026-09-30,63.0,0,0-30 days
HVW-P2-B1-01297,HVW,Phase 2,Building A,0,Townhouse,4,255.0,38.1,19.9,Pool View,5972865.0,23423.0,2025-01-18,contracted,2025-03-20,2025-03-28,,CUS-000789,,AGT-028,4.0,5733950.4,6,16.4,2026-09-30,2026-09-30,63.0,61,31-90 days
HVW-P2-B1-01298,HVW,Phase 2,Building A,0,Townhouse,4,186.0,74.4,10.4,Courtyard View,3852618.0,20713.0,2024-10-29,reserved,2024-09-01,,,CUS-001092,,AGT-022,11.4,3413419.55,7,6.6,2026-09-30,2026-09-30,63.0,0,0-30 days
HVW-P2-B1-01299,HVW,Phase 2,Building A,13,Apartment,2,220.0,0.0,12.5,Skyline View,4043820.0,18381.0,2024-11-27,contracted,2024-12-03,2024-12-25,,CUS-000921,,AGT-025,4.8,3849716.64,7,13.0,2026-09-30,2026-09-30,63.0,6,0-30 days
HVW-P2-B1-01300,HVW,Phase 2,Building A,0,Townhouse,3,219.3,79.8,19.6,Skyline View,4769775.0,21750.0,2024-10-15,cancelled,2026-06-25,2026-06-30,2026-06-30,CUS-000830,,AGT-021,11.8,4206941.55,8,10.4,2026-09-30,2026-09-30,63.0,618,365+ days
HVW-P2-B1-01301,HVW,Phase 2,Building A,9,Apartment,3,140.3,0.0,16.6,Garden View,3152961.9,22473.0,2024-10-24,contracted,2024-07-28,2024-08-26,,CUS-000820,,AGT-021,11.7,2784065.36,8,6.5,2026-09-30,2026-09-30,63.0,0,0-30 days
HVW-P2-B1-01302,HVW,Phase 2,Building A,11,Apartment,2,198.2,2.5,0.0,Pool View,4225624.0,21320.0,2025-04-08,contracted,2026-01-30,2026-02-22,,CUS-000767,BRK-05,AGT-024,3.7,4069275.91,7,18.4,2026-09-30,2026-09-30,63.0,297,181-365 days
HVW-P2-B2-01303,HVW,Phase 2,Building B,3,Apartment,1,133.1,0.0,0.0,Courtyard View,2677838.9,20119.0,2025-01-08,contracted,2025-07-26,2025-08-11,,CUS-000908,,AGT-027,3.8,2576081.02,5,20.0,2026-09-30,2026-09-30,63.0,199,181-365 days
HVW-P2-B2-01304,HVW,Phase 2,Building B,6,Apartment,2,148.5,31.1,29.9,Garden View,3448318.5,23221.0,2024-10-14,contracted,2025-08-03,2025-08-07,,CUS-001054,BRK-11,AGT-027,5.9,3244867.71,5,19.0,2026-09-30,2026-09-30,63.0,293,181-365 days
HVW-P2-B2-01305,HVW,Phase 2,Building B,6,Apartment,2,149.0,36.0,28.8,Courtyard View,2941260.0,19740.0,2025-08-04,available,,,,,,,,,,,,,63.0,330,181-365 days
HVW-P2-B2-01306,HVW,Phase 2,Building B,7,Apartment,3,162.3,0.0,0.0,Courtyard View,3195849.3,19691.0,2025-01-21,contracted,2026-06-10,2026-06-24,,CUS-000723,BRK-12,AGT-027,5.1,3032860.99,6,17.7,2026-09-30,2026-09-30,63.0,505,365+ days
HVW-P2-B2-01307,HVW,Phase 2,Building B,9,Apartment,1,122.7,0.0,12.9,Street View,2510810.1,20463.0,2024-11-25,contracted,2025-01-27,2025-02-12,,CUS-000803,,AGT-025,5.2,2380247.97,6,16.4,2026-09-30,2026-09-30,63.0,63,31-90 days
HVW-P2-B2-01308,HVW,Phase 2,Building B,1,Apartment,1,198.9,50.5,0.0,Courtyard View,5216948.1,26229.0,2024-11-25,cancelled,2024-10-27,,2025-01-12,CUS-000868,,AGT-020,12.9,4543961.8,8,8.5,2026-09-30,2026-09-30,63.0,0,0-30 days
HVW-P2-B2-01309,HVW,Phase 2,Building B,13,Apartment,3,232.1,36.3,0.0,Pool View,4573994.7,19707.0,2025-04-09,cancelled,2026-04-04,2026-04-19,2026-06-09,CUS-000977,,AGT-020,11.9,4029689.33,7,8.1,2026-09-30,2026-09-30,63.0,360,181-365 days
HVW-P2-B2-01310,HVW,Phase 2,Building B,0,Townhouse,4,248.5,31.6,21.4,Skyline View,5198620.0,20920.0,2025-03-21,cancelled,2024-11-17,2024-12-08,2025-01-23,CUS-001066,,AGT-028,3.5,5016668.3,7,17.9,2026-09-30,2026-09-30,63.0,0,0-30 days
HVW-P2-B2-01311,HVW,Phase 2,Building B,5,Apartment,1,153.9,0.0,0.0,Garden View,3897363.6,25324.0,2024-12-30,cancelled,2024-08-29,2024-09-15,2024-11-09,CUS-000739,,AGT-026,6.9,3628445.51,7,18.1,2026-09-30,2026-09-30,63.0,0,0-30 days
HVW-P2-B2-01312,HVW,Phase 2,Building B,11,Apartment,1,129.7,0.0,22.7,Courtyard View,2399060.9,18497.0,2025-08-13,contracted,2025-07-10,2025-07-29,,CUS-000915,BRK-01,AGT-025,3.4,2317492.83,5,17.6,2026-09-30,2026-09-30,63.0,0,0-30 days
HVW-P2-B2-01313,HVW,Phase 2,Building B,6,Apartment,2,151.4,32.2,25.5,Courtyard View,4049798.6,26749.0,2024-10-27,cancelled,2025-06-25,2025-07-21,2025-10-08,CUS-000838,,AGT-021,13.2,3515225.18,8,6.8,2026-09-30,2026-09-30,63.0,241,181-365 days
HVW-P2-B2-01314,HVW,Phase 2,Building B,0,Townhouse,4,197.0,30.7,11.4,Street View,4934062.0,25046.0,2024-12-02,available,,,,,,,,,,,,,63.0,575,365+ days
HVW-P2-B2-01315,HVW,Phase 2,Building B,5,Apartment,1,150.6,20.4,17.0,Courtyard View,2952814.2,19607.0,2024-10-08,contracted,2025-11-25,2025-12-06,,CUS-001043,,AGT-020,13.1,2565995.54,8,8.7,2026-09-30,2026-09-30,63.0,413,365+ days
HVW-P2-B2-01316,HVW,Phase 2,Building B,0,Townhouse,4,241.6,45.3,24.1,Street View,6160558.4,25499.0,2025-08-06,cancelled,2024-09-20,2024-09-21,2024-10-25,CUS-001067,BRK-07,AGT-028,3.9,5920296.62,6,18.4,2026-09-30,2026-09-30,63.0,0,0-30 days
HVW-P2-B2-01317,HVW,Phase 2,Building B,11,Apartment,2,98.0,0.0,0.0,Courtyard View,2568776.0,26212.0,2025-04-19,available,,,,,,,,,,,,,63.0,437,365+ days
HVW-P2-B2-01318,HVW,Phase 2,Building B,0,Apartment,2,145.7,34.7,0.0,Pool View,3907528.3,26819.0,2025-05-06,contracted,2026-03-05,2026-03-22,,CUS-000759,,AGT-025,5.9,3676984.13,7,12.1,2026-09-30,2026-09-30,63.0,303,181-365 days
HVW-P2-B2-01319,HVW,Phase 2,Building B,1,Apartment,3,215.8,0.0,19.1,Courtyard View,4825935.4,22363.0,2025-02-24,reserved,2024-08-08,,,CUS-000783,,AGT-028,4.0,4632897.98,7,19.4,2026-09-30,2026-09-30,63.0,0,0-30 days
HVW-P2-B2-01320,HVW,Phase 2,Building B,7,Apartment,1,159.5,8.3,17.6,Skyline View,3668340.5,22999.0,2025-04-16,reserved,2025-10-20,,,CUS-000884,,AGT-028,5.5,3466581.77,6,13.5,2026-09-30,2026-09-30,63.0,187,181-365 days
HVW-P2-B2-01321,HVW,Phase 2,Building B,0,Townhouse,4,257.9,54.8,21.7,Pool View,5413321.0,20990.0,2024-10-29,contracted,2024-07-16,2024-07-29,,CUS-000754,,AGT-020,11.1,4812442.37,8,8.6,2026-09-30,2026-09-30,63.0,0,0-30 days
HVW-P2-B2-01322,HVW,Phase 2,Building B,11,Apartment,3,97.8,0.0,18.8,Street View,1951599.0,19955.0,2025-04-06,contracted,2025-11-17,2025-12-08,,CUS-000752,,AGT-020,12.7,1703745.93,8,7.5,2026-09-30,2026-09-30,63.0,225,181-365 days
HVW-P2-B2-01323,HVW,Phase 2,Building B,13,Apartment,1,206.6,0.0,0.0,Pool View,4428057.8,21433.0,2025-05-01,available,,,,,,,,,,,,,63.0,425,365+ days
HVW-P2-B2-01324,HVW,Phase 2,Building B,0,Townhouse,3,187.6,82.2,10.2,Garden View,4821132.4,25699.0,2024-10-28,contracted,2026-05-25,2026-05-31,,CUS-000829,,AGT-028,6.3,4517401.06,5,19.8,2026-09-30,2026-09-30,63.0,574,365+ days
HVW-P2-B2-01325,HVW,Phase 2,Building B,1,Apartment,1,208.2,4.2,0.0,Courtyard View,4827949.8,23189.0,2025-03-11,reserved,2025-12-03,,,CUS-000967,BRK-05,AGT-022,13.9,4156864.78,7,8.8,2026-09-30,2026-09-30,63.0,267,181-365 days
HVW-P2-B2-01326,HVW,Phase 2,Building B,0,Townhouse,4,187.7,72.9,22.7,Street View,3683237.1,19623.0,2024-10-30,reserved,2024-10-18,,,CUS-000972,,AGT-023,13.4,3189683.33,8,6.1,2026-09-30,2026-09-30,63.0,0,0-30 days
HVW-P2-B2-01327,HVW,Phase 2,Building B,7,Apartment,3,206.4,0.0,16.4,Street View,4286515.2,20768.0,2025-02-28,contracted,2025-12-09,2026-01-02,,CUS-000885,BRK-10,AGT-020,8.8,3909301.86,8,5.3,2026-09-30,2026-09-30,63.0,284,181-365 days
HVW-P2-B2-01328,HVW,Phase 2,Building B,8,Apartment,2,97.0,0.0,10.2,Garden View,1966287.0,20271.0,2024-11-15,available,,,,,,,,,,,,,63.0,592,365+ days
HVW-P2-B2-01329,HVW,Phase 2,Building B,3,Apartment,3,188.9,39.7,0.0,Street View,4683775.5,24795.0,2025-05-31,contracted,2024-11-10,2024-11-26,,CUS-000933,BRK-09,AGT-024,6.7,4369962.54,6,13.4,2026-09-30,2026-09-30,63.0,0,0-30 days
HVW-P2-B2-01330,HVW,Phase 2,Building B,7,Apartment,2,225.7,30.3,0.0,Street View,4748276.6,21038.0,2025-02-27,reserved,2024-08-31,,,CUS-000904,,AGT-019,8.5,4344673.09,8,5.8,2026-09-30,2026-09-30,63.0,0,0-30 days
HVW-P2-B2-01331,HVW,Phase 2,Building B,5,Apartment,1,119.2,13.5,0.0,Street View,2574004.8,21594.0,2025-08-13,contracted,2025-06-07,2025-06-20,,CUS-000891,,AGT-026,5.1,2442730.56,7,14.7,2026-09-30,2026-09-30,63.0,0,0-30 days
HVW-P2-B2-01332,HVW,Phase 2,Building B,0,Townhouse,4,235.0,43.8,14.9,Pool View,4999155.0,21273.0,2024-10-27,reserved,2026-02-24,,,CUS-001041,,AGT-026,5.5,4724201.47,5,12.9,2026-09-30,2026-09-30,63.0,485,365+ days
HVW-P2-B2-01333,HVW,Phase 2,Building B,11,Apartment,2,170.7,44.0,0.0,Garden View,3801659.7,22271.0,2025-06-28,cancelled,2026-01-17,2026-02-03,2026-03-12,CUS-000855,,AGT-028,4.4,3634386.67,7,14.1,2026-09-30,2026-09-30,63.0,203,181-365 days
HVW-P2-B2-01334,HVW,Phase 2,Building B,0,Townhouse,3,244.7,66.3,23.1,Pool View,4436166.3,18129.0,2025-03-20,contracted,2025-06-07,2025-06-18,,CUS-001058,,AGT-019,12.5,3881645.51,8,5.1,2026-09-30,2026-09-30,63.0,79,31-90 days
HVW-P2-B2-01335,HVW,Phase 2,Building B,10,Apartment,2,207.9,35.1,24.6,Courtyard View,3891264.3,18717.0,2024-11-19,available,,,,,,,,,,,,,63.0,588,365+ days
HVW-P2-B2-01336,HVW,Phase 2,Building B,0,Townhouse,4,200.2,48.7,16.5,Garden View,4024220.2,20101.0,2024-10-18,contracted,2026-05-25,2026-05-29,,CUS-000871,,AGT-022,9.0,3662040.38,8,7.3,2026-09-30,2026-09-30,63.0,584,365+ days
HVW-P2-B2-01337,HVW,Phase 2,Building B,0,Townhouse,4,239.8,73.1,21.0,Courtyard View,4970334.6,20727.0,2024-12-06,cancelled,2026-01-28,,2026-04-13,CUS-000997,,AGT-022,10.1,4468330.81,7,9.8,2026-09-30,2026-09-30,63.0,418,365+ days
HVW-P2-B2-01338,HVW,Phase 2,Building B,14,Apartment,1,239.3,0.0,19.2,Street View,4716363.7,19709.0,2025-01-18,available,,,,,,,,,,,,,63.0,528,365+ days
HVW-P2-B2-01339,HVW,Phase 2,Building B,8,Apartment,3,160.0,0.0,11.2,Pool View,4269440.0,26684.0,2025-07-03,cancelled,2025-12-31,2026-01-26,2026-04-22,CUS-000986,,AGT-023,11.2,3791262.72,7,10.9,2026-09-30,2026-09-30,63.0,181,181-365 days
HVW-P2-B2-01340,HVW,Phase 2,Building B,2,Apartment,3,168.1,14.4,19.7,Street View,3684920.1,21921.0,2024-11-24,available,,,,,,,,,,,,,63.0,583,365+ days
HVW-P2-B2-01341,HVW,Phase 2,Building B,3,Apartment,1,115.5,13.5,0.0,Street View,2762644.5,23919.0,2025-03-13,contracted,2026-02-13,2026-03-14,,CUS-001078,,AGT-027,6.1,2594123.19,7,14.5,2026-09-30,2026-09-30,63.0,337,181-365 days
HVW-P2-B2-01342,HVW,Phase 2,Building B,7,Apartment,1,96.4,28.8,20.8,Street View,2119161.2,21983.0,2024-10-17,contracted,2026-05-16,2026-06-04,,CUS-000714,,AGT-025,6.5,1981415.72,6,13.9,2026-09-30,2026-09-30,63.0,576,365+ days
HVW-P2-B2-01343,HVW,Phase 2,Building B,2,Apartment,1,225.1,33.7,16.5,Garden View,5920355.1,26301.0,2025-04-18,available,,,,,,,,,,,,,63.0,438,365+ days
HVW-P2-B2-01344,HVW,Phase 2,Building B,4,Apartment,1,237.3,0.0,19.7,Street View,5250262.5,22125.0,2024-11-17,contracted,2026-06-08,2026-06-22,,CUS-000694,,AGT-021,11.2,4662233.1,8,5.8,2026-09-30,2026-09-30,63.0,568,365+ days
HVW-P2-B2-01345,HVW,Phase 2,Building B,13,Apartment,3,126.8,56.5,0.0,Garden View,3009344.4,23733.0,2025-03-17,contracted,2025-04-29,2025-05-08,,CUS-000688,,AGT-020,13.8,2594054.87,8,10.5,2026-09-30,2026-09-30,63.0,43,31-90 days
HVW-P2-B2-01346,HVW,Phase 2,Building B,14,Apartment,2,224.0,0.0,0.0,Skyline View,5432224.0,24251.0,2025-05-04,available,,,,,,,,,,,,,63.0,422,365+ days
HVW-P2-B2-01347,HVW,Phase 2,Building B,0,Townhouse,4,245.1,71.0,14.8,Garden View,4992441.9,20369.0,2025-06-28,cancelled,2024-09-07,2024-09-28,2024-11-01,CUS-000741,BRK-05,AGT-025,4.1,4787751.78,5,17.9,2026-09-30,2026-09-30,63.0,0,0-30 days
HVW-P2-B2-01348,HVW,Phase 2,Building B,0,Townhouse,3,180.0,65.9,23.0,Street View,4728240.0,26268.0,2025-03-03,available,,,,,,,,,,,,,63.0,484,365+ days
HVW-P2-B2-01349,HVW,Phase 2,Building B,0,Townhouse,4,194.1,60.9,20.6,Pool View,4617444.9,23789.0,2024-10-17,reserved,2025-04-03,,,CUS-000920,BRK-01,AGT-019,10.7,4123378.3,7,7.7,2026-09-30,2026-09-30,63.0,168,91-180 days
HVW-P2-B2-01350,HVW,Phase 2,Building B,13,Apartment,3,207.8,0.0,13.5,Skyline View,5319264.4,25598.0,2025-08-01,cancelled,2025-03-04,2025-03-20,2025-05-03,CUS-000825,,AGT-024,5.0,5053301.18,5,18.8,2026-09-30,2026-09-30,63.0,0,0-30 days
HVW-P2-B2-01351,HVW,Phase 2,Building B,0,Apartment,2,110.5,0.0,0.0,Courtyard View,2340500.5,21181.0,2025-05-16,cancelled,2026-05-12,2026-06-11,2026-06-30,CUS-000979,,AGT-023,9.6,2115812.45,7,5.7,2026-09-30,2026-09-30,63.0,361,181-365 days
HVW-P2-B2-01352,HVW,Phase 2,Building B,8,Apartment,1,145.6,0.0,16.4,Street View,3225913.6,22156.0,2025-08-13,reserved,2025-03-25,,,CUS-000715,,AGT-027,4.5,3080747.49,7,17.6,2026-09-30,2026-09-30,63.0,0,0-30 days
HVW-P2-B3-01353,HVW,Phase 2,Building C,9,Apartment,2,125.7,0.0,10.4,Street View,2569308.0,20440.0,2025-04-30,available,,,,,,,,,,,,,63.0,426,365+ days
HVW-P2-B3-01354,HVW,Phase 2,Building C,9,Apartment,3,110.9,0.0,29.4,Street View,2880960.2,25978.0,2025-01-09,available,,,,,,,,,,,,,63.0,537,365+ days
HVW-P2-B3-01355,HVW,Phase 2,Building C,1,Apartment,3,186.7,0.0,23.8,Skyline View,4142499.6,22188.0,2025-01-16,available,,,,,,,,,,,,,63.0,530,365+ days
HVW-P2-B3-01356,HVW,Phase 2,Building C,4,Apartment,3,227.3,0.0,0.0,Courtyard View,4217096.9,18553.0,2025-08-09,contracted,2026-02-05,2026-02-14,,CUS-000852,,AGT-028,4.1,4044195.93,5,16.8,2026-09-30,2026-09-30,63.0,180,91-180 days
HVW-P2-B3-01357,HVW,Phase 2,Building C,11,Apartment,2,179.0,18.2,20.3,Garden View,4007631.0,22389.0,2025-04-13,reserved,2025-08-28,,,CUS-000869,BRK-09,AGT-022,11.9,3530722.91,8,6.9,2026-09-30,2026-09-30,63.0,137,91-180 days
HVW-P2-B3-01358,HVW,Phase 2,Building C,0,Townhouse,3,237.8,85.7,24.6,Street View,4673483.4,19653.0,2025-01-20,available,,,,,,,,,,,,,63.0,526,365+ days
HVW-P2-B3-01359,HVW,Phase 2,Building C,10,Apartment,3,190.0,8.6,27.9,Skyline View,4135920.0,21768.0,2025-07-31,reserved,2025-09-20,,,CUS-000924,,AGT-025,4.0,3970483.2,5,17.9,2026-09-30,2026-09-30,63.0,51,31-90 days
HVW-P2-B3-01360,HVW,Phase 2,Building C,0,Apartment,3,230.4,13.3,28.7,Street View,4426675.2,19213.0,2025-01-02,cancelled,2026-04-29,,2026-06-30,CUS-000942,,AGT-022,9.9,3988434.36,8,10.3,2026-09-30,2026-09-30,63.0,482,365+ days
HVW-P2-B3-01361,HVW,Phase 2,Building C,1,Apartment,1,157.5,0.0,9.0,Skyline View,3442950.0,21860.0,2025-02-18,contracted,2026-05-09,2026-05-10,,CUS-000693,,AGT-027,4.2,3298346.1,7,19.8,2026-09-30,2026-09-30,63.0,445,365+ days
HVW-P2-B3-01362,HVW,Phase 2,Building C,1,Apartment,3,186.9,0.0,0.0,Courtyard View,4380375.3,23437.0,2025-08-12,cancelled,2026-06-24,2026-06-30,2026-06-30,CUS-000685,BRK-07,AGT-022,11.9,3859110.64,7,9.9,2026-09-30,2026-09-30,63.0,316,181-365 days
HVW-P2-B3-01363,HVW,Phase 2,Building C,0,Apartment,2,155.9,0.0,28.4,Pool View,3424343.5,21965.0,2025-07-27,reserved,2024-07-15,,,CUS-000818,,AGT-028,6.6,3198336.83,5,19.3,2026-09-30,2026-09-30,63.0,0,0-30 days
HVW-P2-B3-01364,HVW,Phase 2,Building C,0,Townhouse,3,215.6,43.6,18.9,Garden View,3996361.6,18536.0,2024-11-10,contracted,2026-05-23,2026-05-24,,CUS-000849,BRK-08,AGT-026,3.9,3840503.5,5,15.0,2026-09-30,2026-09-30,63.0,559,365+ days
HVW-P2-B3-01365,HVW,Phase 2,Building C,0,Townhouse,4,207.1,38.7,12.4,Courtyard View,4156289.9,20069.0,2025-03-16,contracted,2024-08-16,2024-08-31,,CUS-001013,,AGT-020,13.6,3591034.47,7,7.0,2026-09-30,2026-09-30,63.0,0,0-30 days
HVW-P2-B3-01366,HVW,Phase 2,Building C,2,Apartment,2,124.7,0.0,0.0,Garden View,3216013.0,25790.0,2025-07-25,available,,,,,,,,,,,,,63.0,340,181-365 days
HVW-P2-B3-01367,HVW,Phase 2,Building C,11,Apartment,1,218.1,0.0,17.5,Garden View,5740828.2,26322.0,2025-06-17,reserved,2025-11-16,,,CUS-000853,,AGT-026,3.4,5545640.04,6,13.4,2026-09-30,2026-09-30,63.0,152,91-180 days
HVW-P2-B3-01368,HVW,Phase 2,Building C,11,Apartment,3,122.9,0.0,10.6,Pool View,2312855.1,18819.0,2024-12-19,reserved,2026-06-13,,,CUS-000793,,AGT-027,5.7,2181022.36,5,13.4,2026-09-30,2026-09-30,63.0,541,365+ days
HVW-P2-B3-01369,HVW,Phase 2,Building C,12,Apartment,1,195.8,0.0,26.9,Skyline View,4969404.0,25380.0,2025-07-28,cancelled,2025-09-13,2025-09-28,2025-12-08,CUS-000824,,AGT-019,9.6,4492341.22,8,5.2,2026-09-30,2026-09-30,63.0,47,31-90 days
HVW-P2-B3-01370,HVW,Phase 2,Building C,0,Townhouse,3,224.6,72.4,23.6,Courtyard View,4206982.6,18731.0,2025-08-10,available,,,,,,,,,,,,,63.0,324,181-365 days
HVW-P2-B3-01371,HVW,Phase 2,Building C,0,Townhouse,3,212.1,62.5,12.1,Pool View,5239718.4,24704.0,2025-04-23,reserved,2025-08-30,,,CUS-001022,,AGT-026,4.4,5009170.79,7,16.0,2026-09-30,2026-09-30,63.0,129,91-180 days
HVW-P2-B3-01372,HVW,Phase 2,Building C,2,Apartment,2,197.8,2.8,9.8,Garden View,4987527.0,25215.0,2024-11-11,contracted,2024-12-01,2024-12-25,,CUS-001003,,AGT-021,12.7,4354111.07,8,7.1,2026-09-30,2026-09-30,63.0,20,0-30 days
HVW-P2-B3-01373,HVW,Phase 2,Building C,0,Apartment,2,132.4,0.0,0.0,Garden View,2848850.8,21517.0,2025-04-05,available,,,,,,,,,,,,,63.0,451,365+ days
HVW-P2-B3-01374,HVW,Phase 2,Building C,0,Townhouse,4,235.4,57.0,10.7,Skyline View,5596870.4,23776.0,2024-12-10,contracted,2025-12-09,2026-01-11,,CUS-000954,,AGT-028,6.1,5255461.31,7,16.5,2026-09-30,2026-09-30,63.0,364,181-365 days
HVW-P2-B3-01375,HVW,Phase 2,Building C,5,Apartment,1,219.9,0.0,13.4,Skyline View,4018672.5,18275.0,2024-12-28,contracted,2026-05-29,2026-06-04,,CUS-000703,BRK-05,AGT-019,10.5,3596711.89,8,5.4,2026-09-30,2026-09-30,63.0,517,365+ days
HVW-P2-B3-01376,HVW,Phase 2,Building C,12,Apartment,2,141.7,47.0,29.7,Courtyard View,3271853.0,23090.0,2024-10-29,contracted,2025-07-11,2025-07-28,,CUS-000867,,AGT-028,6.1,3072269.97,5,15.3,2026-09-30,2026-09-30,63.0,255,181-365 days
HVW-P2-B3-01377,HVW,Phase 2,Building C,0,Apartment,3,96.9,0.0,24.1,Courtyard View,2202246.3,22727.0,2025-06-09,contracted,2026-02-17,2026-03-30,,CUS-001087,,AGT-026,5.2,2087729.49,5,16.1,2026-09-30,2026-09-30,63.0,253,181-365 days
HVW-P2-B3-01378,HVW,Phase 2,Building C,0,Townhouse,4,194.5,53.1,15.9,Street View,4130985.5,21239.0,2025-03-01,cancelled,2025-12-25,2026-01-13,2026-03-28,CUS-001053,,AGT-019,8.0,3800506.66,8,10.7,2026-09-30,2026-09-30,63.0,299,181-365 days
HVW-P2-B3-01379,HVW,Phase 2,Building C,0,Townhouse,4,246.4,41.8,12.5,Skyline View,5922224.0,24035.0,2025-01-09,cancelled,2024-11-16,,2025-01-30,CUS-000690,,AGT-021,12.2,5199712.67,8,5.5,2026-09-30,2026-09-30,63.0,0,0-30 days
HVW-P2-B3-01380,HVW,Phase 2,Building C,0,Townhouse,3,206.9,34.1,15.5,Skyline View,4327520.4,20916.0,2025-07-15,available,,,,,,,,,,,,,63.0,350,181-365 days
HVW-P2-B3-01381,HVW,Phase 2,Building C,2,Apartment,1,169.1,0.0,0.0,Street View,3920245.3,23183.0,2025-07-10,available,,,,,,,,,,,,,63.0,355,181-365 days
HVW-P2-B3-01382,HVW,Phase 2,Building C,13,Apartment,3,184.8,0.0,24.1,Courtyard View,4326168.0,23410.0,2025-01-25,available,,,,,,,,,,,,,63.0,521,365+ days
HVW-P2-B3-01383,HVW,Phase 2,Building C,1,Apartment,2,111.1,0.0,28.4,Courtyard View,2898821.2,26092.0,2024-11-05,contracted,2025-12-28,2026-02-09,,CUS-000734,BRK-10,AGT-024,3.3,2803160.1,6,18.8,2026-09-30,2026-09-30,63.0,418,365+ days
HVW-P2-B3-01384,HVW,Phase 2,Building C,0,Apartment,1,124.0,0.0,0.0,Courtyard View,3292820.0,26555.0,2025-01-20,available,,,,,,,,,,,,,63.0,526,365+ days
HVW-P2-B3-01385,HVW,Phase 2,Building C,10,Apartment,3,193.8,0.0,13.1,Garden View,4891899.6,25242.0,2024-11-17,reserved,2025-12-10,,,CUS-001036,,AGT-022,13.2,4246168.85,7,6.8,2026-09-30,2026-09-30,63.0,388,365+ days
HVW-P2-B3-01386,HVW,Phase 2,Building C,0,Townhouse,4,247.7,71.5,10.2,Street View,6643314.0,26820.0,2024-11-10,available,,,,,,,,,,,,,63.0,597,365+ days
HVW-P2-B3-01387,HVW,Phase 2,Building C,1,Apartment,3,115.9,33.6,14.5,Garden View,2939687.6,25364.0,2024-10-26,available,,,,,,,,,,,,,63.0,612,365+ days
HVW-P2-B3-01388,HVW,Phase 2,Building C,12,Apartment,2,215.3,0.0,11.5,Skyline View,4641437.4,21558.0,2025-04-07,available,,,,,,,,,,,,,63.0,449,365+ days
HVW-P2-B3-01389,HVW,Phase 2,Building C,0,Townhouse,4,251.9,63.9,22.7,Pool View,6585169.8,26142.0,2025-04-12,contracted,2026-05-28,2026-06-19,,CUS-000937,,AGT-022,12.9,5735682.9,8,6.9,2026-09-30,2026-09-30,63.0,411,365+ days
HVW-P2-B3-01390,HVW,Phase 2,Building C,7,Apartment,1,238.2,26.9,26.7,Pool View,4314278.4,18112.0,2025-03-05,contracted,2025-09-07,2025-09-27,,CUS-000892,BRK-13,AGT-028,4.9,4102878.76,5,18.6,2026-09-30,2026-09-30,63.0,186,181-365 days
HVW-P2-B3-01391,HVW,Phase 2,Building C,6,Apartment,2,159.7,0.0,13.5,Skyline View,3748159.0,23470.0,2025-03-22,contracted,2024-07-27,2024-08-31,,CUS-001063,,AGT-021,12.9,3264646.49,8,7.2,2026-09-30,2026-09-30,63.0,0,0-30 days
HVW-P2-B3-01392,HVW,Phase 2,Building C,9,Apartment,3,112.9,0.0,0.0,Garden View,2474880.9,21921.0,2025-02-03,contracted,2026-03-02,2026-03-18,,CUS-000978,,AGT-020,10.5,2215018.41,8,8.8,2026-09-30,2026-09-30,63.0,392,365+ days
HVW-P2-B3-01393,HVW,Phase 2,Building C,1,Apartment,3,114.8,0.0,0.0,Courtyard View,2096592.4,18263.0,2025-05-31,contracted,2026-06-01,2026-06-16,,CUS-001059,BRK-11,AGT-028,3.9,2014825.3,7,18.4,2026-09-30,2026-09-30,63.0,366,365+ days
HVW-P2-B3-01394,HVW,Phase 2,Building C,0,Townhouse,3,193.2,69.4,22.9,Courtyard View,3592554.0,18595.0,2025-04-29,contracted,2024-07-11,2024-07-20,,CUS-000919,,AGT-027,6.1,3373408.21,6,12.8,2026-09-30,2026-09-30,63.0,0,0-30 days
HVW-P2-B3-01395,HVW,Phase 2,Building C,0,Apartment,3,214.3,0.0,22.4,Courtyard View,4838036.8,22576.0,2024-11-06,available,,,,,,,,,,,,,63.0,601,365+ days
HVW-P2-B3-01396,HVW,Phase 2,Building C,0,Townhouse,4,221.8,79.1,21.0,Skyline View,4536475.4,20453.0,2025-07-07,contracted,2025-10-28,2025-11-19,,CUS-001064,,AGT-020,11.2,4028390.16,7,5.7,2026-09-30,2026-09-30,63.0,113,91-180 days
HVW-P2-B3-01397,HVW,Phase 2,Building C,7,Apartment,3,155.9,8.2,26.4,Street View,3920573.2,25148.0,2024-11-19,reserved,2025-04-25,,,CUS-000962,,AGT-023,13.1,3406978.11,8,10.4,2026-09-30,2026-09-30,63.0,157,91-180 days
HVW-P2-B3-01398,HVW,Phase 2,Building C,0,Apartment,2,124.7,0.0,0.0,Garden View,3282976.9,26327.0,2024-10-31,available,,,,,,,,,,,,,63.0,607,365+ days
HVW-P2-B3-01399,HVW,Phase 2,Building C,0,Townhouse,3,219.8,53.3,22.0,Courtyard View,3992227.4,18163.0,2024-12-18,available,,,,,,,,,,,,,63.0,559,365+ days
HVW-P2-B3-01400,HVW,Phase 2,Building C,12,Apartment,2,216.0,0.0,0.0,Garden View,5149440.0,23840.0,2024-11-30,available,,,,,,,,,,,,,63.0,577,365+ days
HVW-P2-B3-01401,HVW,Phase 2,Building C,9,Apartment,3,134.6,0.0,22.7,Pool View,3460027.6,25706.0,2025-02-11,reserved,2025-10-15,,,CUS-000895,BRK-06,AGT-027,6.6,3231665.78,7,16.5,2026-09-30,2026-09-30,63.0,246,181-365 days
HVW-P2-B3-01402,HVW,Phase 2,Building C,0,Apartment,1,210.6,0.0,0.0,Street View,5101153.2,24222.0,2025-05-05,contracted,2025-08-30,2025-08-31,,CUS-000877,,AGT-022,8.4,4672656.33,8,6.3,2026-09-30,2026-09-30,63.0,117,91-180 days
HVW-P2-B4-01403,HVW,Phase 2,Building D,11,Apartment,1,114.1,0.0,24.4,Skyline View,2569189.7,22517.0,2024-12-20,available,,,,,,,,,,,,,63.0,557,365+ days
HVW-P2-B4-01404,HVW,Phase 2,Building D,6,Apartment,2,190.7,0.0,0.0,Pool View,3578104.1,18763.0,2025-05-16,available,,,,,,,,,,,,,63.0,410,365+ days
HVW-P2-B4-01405,HVW,Phase 2,Building D,11,Apartment,1,152.2,0.0,0.0,Skyline View,2791348.0,18340.0,2025-05-20,available,,,,,,,,,,,,,63.0,406,365+ days
HVW-P2-B4-01406,HVW,Phase 2,Building D,0,Townhouse,4,187.1,35.5,16.7,Skyline View,4631286.3,24753.0,2025-07-19,contracted,2025-10-14,2025-10-15,,CUS-000813,,AGT-020,13.7,3996800.08,7,8.7,2026-09-30,2026-09-30,63.0,87,31-90 days
HVW-P2-B4-01407,HVW,Phase 2,Building D,0,Townhouse,3,237.0,30.9,21.2,Garden View,5183190.0,21870.0,2025-02-05,contracted,2026-04-03,2026-05-04,,CUS-001004,,AGT-021,12.7,4524924.87,8,6.3,2026-09-30,2026-09-30,63.0,422,365+ days
HVW-P2-B4-01408,HVW,Phase 2,Building D,10,Apartment,1,185.1,10.9,11.7,Pool View,3931894.2,21242.0,2024-11-03,reserved,2026-04-11,,,CUS-000722,BRK-01,AGT-024,3.3,3802141.69,5,16.8,2026-09-30,2026-09-30,63.0,524,365+ days
HVW-P2-B4-01409,HVW,Phase 2,Building D,12,Apartment,1,122.1,12.5,21.7,Garden View,2287299.3,18733.0,2024-12-15,reserved,2025-09-08,,,CUS-000840,,AGT-024,3.6,2204956.53,7,19.6,2026-09-30,2026-09-30,63.0,267,181-365 days
HVW-P2-B4-01410,HVW,Phase 2,Building D,5,Apartment,1,239.9,0.0,0.0,Pool View,6291377.5,26225.0,2025-05-20,reserved,2026-06-30,,,CUS-000692,,AGT-026,5.2,5964225.87,5,17.1,2026-09-30,2026-09-30,63.0,406,365+ days
HVW-P2-B4-01411,HVW,Phase 2,Building D,6,Apartment,3,147.7,0.0,21.7,Courtyard View,3018249.5,20435.0,2025-07-19,available,,,,,,,,,,,,,63.0,346,181-365 days
HVW-P2-B4-01412,HVW,Phase 2,Building D,9,Apartment,3,205.1,0.0,13.8,Skyline View,5486835.2,26752.0,2024-10-22,available,,,,,,,,,,,,,63.0,616,365+ days
HVW-P2-B4-01413,HVW,Phase 2,Building D,0,Townhouse,3,258.9,55.9,22.1,Garden View,6783697.8,26202.0,2025-01-13,contracted,2026-02-12,2026-03-07,,CUS-001035,,AGT-021,13.9,5840763.81,8,10.5,2026-09-30,2026-09-30,63.0,395,365+ days
HVW-P2-B4-01414,HVW,Phase 2,Building D,13,Apartment,2,167.2,4.3,0.0,Skyline View,3991064.0,23870.0,2024-10-26,available,,,,,,,,,,,,,63.0,612,365+ days
HVW-P2-B4-01415,HVW,Phase 2,Building D,5,Apartment,2,216.8,0.0,22.6,Street View,5842760.0,26950.0,2025-05-23,reserved,2025-03-28,,,CUS-000832,,AGT-025,3.4,5644106.16,6,17.3,2026-09-30,2026-09-30,63.0,0,0-30 days
HVW-P2-B4-01416,HVW,Phase 2,Building D,6,Apartment,3,137.3,0.0,11.9,Courtyard View,2894970.5,21085.0,2024-12-30,cancelled,2025-12-17,2026-01-12,2026-03-27,CUS-000906,BRK-09,AGT-021,9.8,2611263.39,8,6.6,2026-09-30,2026-09-30,63.0,352,181-365 days
HVW-P2-B4-01417,HVW,Phase 2,Building D,0,Townhouse,4,238.8,70.1,21.2,Pool View,6282350.4,26308.0,2025-01-16,cancelled,2024-10-20,,2024-12-30,CUS-001020,,AGT-019,13.1,5459362.5,8,8.0,2026-09-30,2026-09-30,63.0,0,0-30 days
HVW-P2-B4-01418,HVW,Phase 2,Building D,14,Apartment,3,222.7,0.0,0.0,Pool View,5297364.9,23787.0,2025-08-11,available,,,,,,,,,,,,,63.0,323,181-365 days
HVW-P2-B4-01419,HVW,Phase 2,Building D,3,Apartment,3,109.3,48.5,9.0,Skyline View,2199116.0,20120.0,2025-02-20,available,,,,,,,,,,,,,63.0,495,365+ days
HVW-P2-B4-01420,HVW,Phase 2,Building D,0,Townhouse,3,256.8,58.7,20.3,Courtyard View,6165768.0,24010.0,2024-12-26,available,,,,,,,,,,,,,63.0,551,365+ days
HVW-P2-B4-01421,HVW,Phase 2,Building D,0,Townhouse,3,251.8,58.3,14.5,Skyline View,6655325.8,26431.0,2025-08-05,reserved,2025-02-03,,,CUS-000747,,AGT-021,10.3,5969827.24,7,8.2,2026-09-30,2026-09-30,63.0,0,0-30 days
HVW-P2-B4-01422,HVW,Phase 2,Building D,2,Apartment,1,152.2,0.0,0.0,Street View,3700895.2,24316.0,2025-04-26,reserved,2026-03-20,,,CUS-001060,,AGT-020,8.7,3378917.32,8,11.0,2026-09-30,2026-09-30,63.0,328,181-365 days
HVW-P2-B4-01423,HVW,Phase 2,Building D,0,Townhouse,3,249.1,33.9,11.2,Street View,6410837.6,25736.0,2025-04-04,contracted,2024-11-07,2024-11-17,,CUS-000844,,AGT-028,4.1,6147993.26,6,14.9,2026-09-30,2026-09-30,63.0,0,0-30 days
HVW-P2-B4-01424,HVW,Phase 2,Building D,9,Apartment,3,112.5,19.2,0.0,Pool View,2219175.0,19726.0,2024-12-18,reserved,2024-08-01,,,CUS-001044,BRK-02,AGT-022,9.9,1999476.67,8,6.8,2026-09-30,2026-09-30,63.0,0,0-30 days
HVW-P2-B4-01425,HVW,Phase 2,Building D,11,Apartment,3,129.7,0.0,0.0,Garden View,3434456.0,26480.0,2024-10-14,reserved,2025-01-28,,,CUS-000791,,AGT-021,12.2,3015452.37,8,6.1,2026-09-30,2026-09-30,63.0,106,91-180 days
HVW-P2-B4-01426,HVW,Phase 2,Building D,5,Apartment,1,143.1,0.0,21.3,Pool View,2784582.9,19459.0,2024-11-17,available,,,,,,,,,,,,,63.0,590,365+ days
HVW-P2-B4-01427,HVW,Phase 2,Building D,5,Apartment,3,177.3,0.0,0.0,Pool View,4711215.6,26572.0,2025-01-27,reserved,2026-03-08,,,CUS-000998,,AGT-023,10.3,4225960.39,8,9.0,2026-09-30,2026-09-30,63.0,405,365+ days
HVW-P2-B4-01428,HVW,Phase 2,Building D,8,Apartment,1,208.2,45.3,21.1,Garden View,4432786.2,21291.0,2025-03-18,available,,,,,,,,,,,,,63.0,469,365+ days
HVW-P2-B4-01429,HVW,Phase 2,Building D,2,Apartment,2,202.2,0.0,8.8,Street View,5144776.8,25444.0,2024-11-03,available,,,,,,,,,,,,,63.0,604,365+ days
HVW-P2-B4-01430,HVW,Phase 2,Building D,0,Townhouse,3,258.4,73.6,11.7,Garden View,6894887.2,26683.0,2025-03-24,contracted,2025-10-06,2025-10-10,,CUS-001056,BRK-02,AGT-025,6.3,6460509.31,5,12.6,2026-09-30,2026-09-30,63.0,196,181-365 days
HVW-P2-B4-01431,HVW,Phase 2,Building D,11,Apartment,1,228.2,0.0,0.0,Garden View,5438006.0,23830.0,2025-06-07,available,,,,,,,,,,,,,63.0,388,365+ days
HVW-P2-B4-01432,HVW,Phase 2,Building D,11,Apartment,1,166.6,0.0,10.3,Pool View,4291449.4,25759.0,2024-12-15,available,,,,,,,,,,,,,63.0,562,365+ days
HVW-P2-B4-01433,HVW,Phase 2,Building D,1,Apartment,3,145.2,0.0,11.6,Garden View,3203257.2,22061.0,2025-07-16,contracted,2025-02-08,2025-02-24,,CUS-000726,,AGT-024,5.6,3023874.8,5,18.1,2026-09-30,2026-09-30,63.0,0,0-30 days
HVW-P2-B4-01434,HVW,Phase 2,Building D,1,Apartment,3,114.4,50.8,0.0,Courtyard View,3073012.8,26862.0,2025-03-16,cancelled,2025-09-09,2025-09-21,2025-11-29,CUS-000889,,AGT-020,12.6,2685813.19,8,6.2,2026-09-30,2026-09-30,63.0,177,91-180 days
HVW-P2-B4-01435,HVW,Phase 2,Building D,5,Apartment,1,179.8,0.0,0.0,Courtyard View,3778856.6,21017.0,2025-01-03,contracted,2025-04-16,2025-05-05,,CUS-001037,,AGT-023,8.2,3468990.36,7,8.6,2026-09-30,2026-09-30,63.0,103,91-180 days
HVW-P2-B4-01436,HVW,Phase 2,Building D,0,Townhouse,4,230.1,66.9,24.9,Skyline View,4999152.6,21726.0,2025-07-31,cancelled,2025-08-11,,2025-09-29,CUS-000974,,AGT-026,5.0,4749194.97,7,14.8,2026-09-30,2026-09-30,63.0,11,0-30 days
HVW-P2-B4-01437,HVW,Phase 2,Building D,14,Apartment,3,129.6,0.0,0.0,Street View,2541456.0,19610.0,2025-06-18,reserved,2025-06-03,,,CUS-000927,,AGT-025,5.6,2399134.46,7,19.1,2026-09-30,2026-09-30,63.0,0,0-30 days
HVW-P2-B4-01438,HVW,Phase 2,Building D,13,Apartment,2,100.6,0.0,0.0,Pool View,2695074.0,26790.0,2025-05-30,available,,,,,,,,,,,,,63.0,396,365+ days
HVW-P2-B4-01439,HVW,Phase 2,Building D,0,Townhouse,3,192.5,53.8,20.0,Pool View,4050585.0,21042.0,2025-01-12,contracted,2025-06-02,2025-06-28,,CUS-000750,,AGT-025,3.9,3892612.18,5,14.1,2026-09-30,2026-09-30,63.0,141,91-180 days
HVW-P2-B4-01440,HVW,Phase 2,Building D,13,Apartment,3,162.9,21.3,19.9,Street View,4333791.6,26604.0,2025-08-10,reserved,2024-10-02,,,CUS-000934,,AGT-020,13.0,3770398.69,8,10.8,2026-09-30,2026-09-30,63.0,0,0-30 days
HVW-P2-B4-01441,HVW,Phase 2,Building D,0,Townhouse,3,217.3,55.1,16.9,Pool View,4144997.5,19075.0,2025-05-27,reserved,2025-03-05,,,CUS-000812,,AGT-020,8.2,3805107.71,7,8.0,2026-09-30,2026-09-30,63.0,0,0-30 days
HVW-P2-B4-01442,HVW,Phase 2,Building D,6,Apartment,1,113.9,23.8,29.5,Garden View,2466846.2,21658.0,2024-10-01,contracted,2025-12-07,2025-12-08,,CUS-000896,BRK-14,AGT-019,13.7,2128888.27,7,10.8,2026-09-30,2026-09-30,63.0,432,365+ days
HVW-P2-B4-01443,HVW,Phase 2,Building D,0,Apartment,2,232.5,19.1,0.0,Garden View,5494440.0,23632.0,2025-04-17,cancelled,2025-10-11,2025-10-25,2025-12-14,CUS-000719,,AGT-028,4.6,5241695.76,5,12.9,2026-09-30,2026-09-30,63.0,177,91-180 days
HVW-P2-B4-01444,HVW,Phase 2,Building D,0,Townhouse,4,180.7,53.3,24.2,Pool View,3281873.4,18162.0,2025-01-22,contracted,2025-03-03,2025-03-22,,CUS-000983,,AGT-023,10.4,2940558.57,8,10.0,2026-09-30,2026-09-30,63.0,40,31-90 days
HVW-P2-B4-01445,HVW,Phase 2,Building D,0,Townhouse,3,227.0,85.2,18.0,Courtyard View,4094853.0,18039.0,2024-10-23,reserved,2025-02-05,,,CUS-000807,,AGT-026,3.7,3943343.44,7,15.6,2026-09-30,2026-09-30,63.0,105,91-180 days
HVW-P2-B4-01446,HVW,Phase 2,Building D,9,Apartment,1,96.8,0.0,15.5,Garden View,2425130.4,25053.0,2025-05-22,reserved,2026-01-18,,,CUS-000965,,AGT-020,11.8,2138965.01,8,6.7,2026-09-30,2026-09-30,63.0,241,181-365 days
HVW-P2-B4-01447,HVW,Phase 2,Building D,9,Apartment,3,144.8,0.0,25.7,Garden View,3144911.2,21719.0,2025-07-17,reserved,2026-06-30,,,CUS-000701,,AGT-021,9.0,2861869.19,7,7.9,2026-09-30,2026-09-30,63.0,348,181-365 days
HVW-P2-B4-01448,HVW,Phase 2,Building D,14,Apartment,1,211.0,0.0,27.5,Street View,4941831.0,23421.0,2025-04-22,cancelled,2024-07-26,2024-08-26,2024-10-06,CUS-000950,,AGT-028,6.0,4645321.14,5,13.6,2026-09-30,2026-09-30,63.0,0,0-30 days
HVW-P2-B4-01449,HVW,Phase 2,Building D,0,Townhouse,3,185.4,89.5,18.5,Garden View,4308325.2,23238.0,2024-11-30,cancelled,2025-09-14,,2025-12-06,CUS-000953,,AGT-021,13.1,3743934.6,8,8.7,2026-09-30,2026-09-30,63.0,288,181-365 days
HVW-P2-B4-01450,HVW,Phase 2,Building D,2,Apartment,3,216.1,0.0,25.3,Pool View,5121137.8,23698.0,2025-02-01,reserved,2026-02-11,,,CUS-000992,,AGT-019,8.3,4696083.36,8,7.6,2026-09-30,2026-09-30,63.0,375,365+ days
HVW-P2-B4-01451,HVW,Phase 2,Building D,10,Apartment,1,167.5,0.0,0.0,Courtyard View,4359187.5,26025.0,2025-03-26,cancelled,2025-08-09,,2025-10-09,CUS-000864,,AGT-022,11.0,3879676.88,8,8.8,2026-09-30,2026-09-30,63.0,136,91-180 days
HVW-P2-B4-01452,HVW,Phase 2,Building D,12,Apartment,1,232.7,0.0,0.0,Garden View,4658188.6,20018.0,2024-11-20,reserved,2024-11-09,,,CUS-001050,,AGT-028,4.5,4448570.11,6,12.2,2026-09-30,2026-09-30,63.0,0,0-30 days
HVW-P3-B1-01453,HVW,Phase 3,Building A,1,Apartment,1,114.0,0.0,0.0,Courtyard View,2585520.0,22680.0,2025-12-09,reserved,2026-05-04,,,CUS-000707,,AGT-023,8.8,2357994.24,7,9.1,2026-09-30,2026-09-30,63.0,146,91-180 days
HVW-P3-B1-01454,HVW,Phase 3,Building A,6,Apartment,3,98.0,52.4,0.0,Courtyard View,2261350.0,23075.0,2026-01-31,available,,,,,,,,,,,,,63.0,150,91-180 days
HVW-P3-B1-01455,HVW,Phase 3,Building A,4,Apartment,3,220.6,0.0,26.3,Courtyard View,4695029.8,21283.0,2025-10-17,contracted,2024-12-26,2025-01-13,,CUS-000926,,AGT-027,3.4,4535398.79,7,12.6,2026-09-30,2026-09-30,63.0,0,0-30 days
HVW-P3-B1-01456,HVW,Phase 3,Building A,0,Townhouse,3,189.1,74.1,14.7,Garden View,4863462.9,25719.0,2026-05-31,contracted,2025-12-17,2026-01-10,,CUS-001019,BRK-06,AGT-022,10.3,4362526.22,8,5.5,2026-09-30,2026-09-30,63.0,0,0-30 days
HVW-P3-B1-01457,HVW,Phase 3,Building A,0,Townhouse,3,257.8,61.0,18.2,Courtyard View,6057784.4,23498.0,2026-02-11,available,,,,,,,,,,,,,63.0,139,91-180 days
HVW-P3-B1-01458,HVW,Phase 3,Building A,12,Apartment,3,145.6,0.0,0.0,Garden View,2780523.2,19097.0,2026-02-20,available,,,,,,,,,,,,,63.0,130,91-180 days
HVW-P3-B1-01459,HVW,Phase 3,Building A,10,Apartment,2,127.7,0.0,8.6,Garden View,2599972.0,20360.0,2026-06-03,available,,,,,,,,,,,,,63.0,27,0-30 days
HVW-P3-B1-01460,HVW,Phase 3,Building A,6,Apartment,1,150.8,0.0,12.2,Skyline View,4000271.6,26527.0,2025-12-26,available,,,,,,,,,,,,,63.0,186,181-365 days
HVW-P3-B1-01461,HVW,Phase 3,Building A,0,Townhouse,4,228.4,49.7,24.4,Garden View,4678545.6,20484.0,2026-01-06,cancelled,2026-04-08,,2026-05-07,CUS-000940,,AGT-028,5.1,4439939.77,6,14.1,2026-09-30,2026-09-30,63.0,92,91-180 days
HVW-P3-B1-01462,HVW,Phase 3,Building A,1,Apartment,3,206.3,0.0,0.0,Garden View,4092373.1,19837.0,2026-06-16,contracted,2026-01-20,2026-02-03,,CUS-000946,,AGT-026,4.6,3904123.94,7,12.2,2026-09-30,2026-09-30,63.0,0,0-30 days
HVW-P3-B1-01463,HVW,Phase 3,Building A,10,Apartment,2,194.0,38.9,0.0,Courtyard View,3847214.0,19831.0,2025-09-20,available,,,,,,,,,,,,,63.0,283,181-365 days
HVW-P3-B1-01464,HVW,Phase 3,Building A,11,Apartment,1,203.3,0.0,10.2,Courtyard View,4811501.1,23667.0,2026-05-08,available,,,,,,,,,,,,,63.0,53,31-90 days
HVW-P3-B1-01465,HVW,Phase 3,Building A,6,Apartment,3,134.0,0.0,0.0,Garden View,2676382.0,19973.0,2026-03-29,cancelled,2025-12-19,2026-01-10,2026-03-11,CUS-001015,,AGT-023,12.5,2341834.25,8,6.6,2026-09-30,2026-09-30,63.0,0,0-30 days
HVW-P3-B1-01466,HVW,Phase 3,Building A,0,Townhouse,4,210.0,53.6,10.7,Skyline View,4082190.0,19439.0,2026-01-09,contracted,2025-10-14,2025-11-04,,CUS-000928,,AGT-022,9.9,3678053.19,8,6.4,2026-09-30,2026-09-30,63.0,0,0-30 days
HVW-P3-B1-01467,HVW,Phase 3,Building A,13,Apartment,3,141.2,0.0,24.6,Pool View,3098634.0,21945.0,2026-03-26,reserved,2025-08-25,,,CUS-000863,,AGT-022,8.4,2838348.74,8,9.2,2026-09-30,2026-09-30,63.0,0,0-30 days
HVW-P3-B1-01468,HVW,Phase 3,Building A,4,Apartment,1,112.3,0.0,0.0,Garden View,2826141.8,25166.0,2026-06-15,contracted,2025-02-17,2025-03-06,,CUS-000821,,AGT-022,13.4,2447438.8,7,8.7,2026-09-30,2026-09-30,63.0,0,0-30 days
HVW-P3-B1-01469,HVW,Phase 3,Building A,0,Townhouse,3,247.4,67.9,13.1,Skyline View,5116479.4,20681.0,2026-04-25,contracted,2026-01-17,2026-02-16,,CUS-000945,,AGT-020,9.1,4650879.77,7,9.1,2026-09-30,2026-09-30,63.0,0,0-30 days
HVW-P3-B1-01470,HVW,Phase 3,Building A,10,Apartment,2,99.0,0.0,21.4,Garden View,1877634.0,18966.0,2026-05-15,reserved,2025-08-29,,,CUS-000828,,AGT-025,6.3,1759343.06,5,12.2,2026-09-30,2026-09-30,63.0,0,0-30 days
HVW-P3-B1-01471,HVW,Phase 3,Building A,2,Apartment,3,124.2,0.0,8.5,Pool View,2368121.4,19067.0,2025-09-29,available,,,,,,,,,,,,,63.0,274,181-365 days
HVW-P3-B1-01472,HVW,Phase 3,Building A,0,Townhouse,4,225.7,48.3,21.8,Garden View,5350895.6,23708.0,2026-06-14,reserved,2025-11-29,,,CUS-000865,,AGT-022,11.7,4724840.81,7,9.3,2026-09-30,2026-09-30,63.0,0,0-30 days
HVW-P3-B1-01473,HVW,Phase 3,Building A,10,Apartment,2,177.1,0.0,13.3,Garden View,4122002.5,23275.0,2026-03-09,cancelled,2025-08-04,2025-08-08,2025-10-16,CUS-000729,,AGT-023,13.2,3577898.17,8,6.8,2026-09-30,2026-09-30,63.0,0,0-30 days
HVW-P3-B1-01474,HVW,Phase 3,Building A,0,Townhouse,3,219.8,88.7,20.2,Street View,5100678.8,23206.0,2026-05-04,available,,,,,,,,,,,,,63.0,57,31-90 days
HVW-P3-B1-01475,HVW,Phase 3,Building A,6,Apartment,2,238.6,0.0,9.3,Garden View,6270885.2,26282.0,2026-04-07,available,,,,,,,,,,,,,63.0,84,31-90 days
HVW-P3-B1-01476,HVW,Phase 3,Building A,7,Apartment,2,232.7,9.3,29.9,Courtyard View,5644138.5,24255.0,2026-02-22,cancelled,2025-08-14,2025-08-28,2025-11-26,CUS-001049,,AGT-021,9.1,5130521.9,8,5.6,2026-09-30,2026-09-30,63.0,0,0-30 days
HVW-P3-B1-01477,HVW,Phase 3,Building A,1,Apartment,2,97.4,10.4,16.1,Garden View,2610612.2,26803.0,2026-06-04,contracted,2026-06-30,2026-06-30,,CUS-001008,,AGT-025,5.1,2477470.98,7,18.5,2026-09-30,2026-09-30,63.0,26,0-30 days
HVW-P3-B1-01478,HVW,Phase 3,Building A,2,Apartment,2,141.0,39.7,28.4,Courtyard View,2939568.0,20848.0,2026-05-13,cancelled,2025-02-01,,2025-04-22,CUS-001011,BRK-13,AGT-022,9.0,2675006.88,8,9.4,2026-09-30,2026-09-30,63.0,0,0-30 days
HVW-P3-B1-01479,HVW,Phase 3,Building A,0,Apartment,2,146.5,0.0,11.5,Skyline View,2705122.5,18465.0,2025-12-14,available,,,,,,,,,,,,,63.0,198,181-365 days
HVW-P3-B1-01480,HVW,Phase 3,Building A,1,Apartment,3,217.2,0.0,19.0,Courtyard View,3988009.2,18361.0,2026-02-19,contracted,2025-10-27,2025-11-08,,CUS-000995,,AGT-027,3.9,3832476.84,5,15.0,2026-09-30,2026-09-30,63.0,0,0-30 days
HVW-P3-B1-01481,HVW,Phase 3,Building A,5,Apartment,1,109.8,37.2,14.5,Pool View,2384636.4,21718.0,2026-06-16,contracted,2026-05-31,2026-06-14,,CUS-000713,,AGT-024,5.1,2263019.94,5,19.6,2026-09-30,2026-09-30,63.0,0,0-30 days
HVW-P3-B1-01482,HVW,Phase 3,Building A,12,Apartment,1,131.4,17.9,0.0,Garden View,3523228.2,26813.0,2025-12-18,available,,,,,,,,,,,,,63.0,194,181-365 days
HVW-P3-B1-01483,HVW,Phase 3,Building A,10,Apartment,3,164.9,0.0,30.0,Street View,3560850.6,21594.0,2026-01-21,contracted,2025-07-13,2025-07-17,,CUS-000796,,AGT-024,3.6,3432659.98,6,13.0,2026-09-30,2026-09-30,63.0,0,0-30 days
HVW-P3-B1-01484,HVW,Phase 3,Building A,0,Townhouse,4,196.7,57.4,21.0,Courtyard View,4355134.7,22141.0,2025-08-25,contracted,2024-12-30,2025-01-26,,CUS-001085,,AGT-019,11.8,3841228.81,8,5.0,2026-09-30,2026-09-30,63.0,0,0-30 days
HVW-P3-B1-01485,HVW,Phase 3,Building A,14,Apartment,2,185.1,0.0,0.0,Street View,3773078.4,20384.0,2025-12-24,cancelled,2025-10-27,2025-11-20,2025-12-30,CUS-000731,,AGT-027,3.3,3648566.81,6,14.6,2026-09-30,2026-09-30,63.0,0,0-30 days
HVW-P3-B1-01486,HVW,Phase 3,Building A,12,Apartment,2,143.0,53.4,28.9,Skyline View,3147144.0,22008.0,2026-02-10,available,,,,,,,,,,,,,63.0,140,91-180 days
HVW-P3-B1-01487,HVW,Phase 3,Building A,0,Townhouse,3,255.5,78.6,23.4,Skyline View,5821823.0,22786.0,2026-01-26,contracted,2025-04-16,2025-05-17,,CUS-000717,,AGT-027,6.0,5472513.62,5,13.2,2026-09-30,2026-09-30,63.0,0,0-30 days
HVW-P3-B1-01488,HVW,Phase 3,Building A,12,Apartment,1,116.2,0.0,0.0,Street View,2669927.4,22977.0,2025-12-30,available,,,,,,,,,,,,,63.0,182,181-365 days
HVW-P3-B1-01489,HVW,Phase 3,Building A,5,Apartment,1,121.7,0.0,28.6,Courtyard View,2624217.1,21563.0,2026-05-23,available,,,,,,,,,,,,,63.0,38,31-90 days
HVW-P3-B1-01490,HVW,Phase 3,Building A,1,Apartment,1,199.7,0.0,15.9,Pool View,4589305.7,22981.0,2026-06-15,available,,,,,,,,,,,,,63.0,15,0-30 days
HVW-P3-B1-01491,HVW,Phase 3,Building A,8,Apartment,1,204.9,0.0,16.6,Pool View,4293064.8,20952.0,2026-03-14,contracted,2025-12-30,2026-01-19,,CUS-000851,BRK-04,AGT-025,5.4,4061239.3,5,19.1,2026-09-30,2026-09-30,63.0,0,0-30 days
HVW-P3-B1-01492,HVW,Phase 3,Building A,10,Apartment,3,226.9,0.0,13.6,Garden View,4261408.9,18781.0,2025-10-18,contracted,2025-05-04,2025-05-13,,CUS-000939,,AGT-020,8.4,3903450.55,8,9.0,2026-09-30,2026-09-30,63.0,0,0-30 days
HVW-P3-B1-01493,HVW,Phase 3,Building A,11,Apartment,1,166.6,0.0,24.8,Courtyard View,3379481.0,20285.0,2026-01-14,cancelled,2025-11-21,2025-11-22,2026-02-07,CUS-000964,,AGT-022,8.9,3078707.19,8,8.4,2026-09-30,2026-09-30,63.0,0,0-30 days
HVW-P3-B1-01494,HVW,Phase 3,Building A,0,Townhouse,3,208.2,68.4,18.4,Pool View,4662222.6,22393.0,2026-05-25,contracted,2024-11-20,2024-11-30,,CUS-000876,,AGT-019,8.5,4265933.68,8,9.2,2026-09-30,2026-09-30,63.0,0,0-30 days
HVW-P3-B1-01495,HVW,Phase 3,Building A,0,Townhouse,3,190.5,36.0,17.6,Garden View,4397883.0,23086.0,2026-01-12,reserved,2025-09-21,,,CUS-001065,,AGT-023,11.6,3887728.57,8,6.4,2026-09-30,2026-09-30,63.0,0,0-30 days
HVW-P3-B1-01496,HVW,Phase 3,Building A,12,Apartment,1,215.4,0.0,25.8,Skyline View,3988561.8,18517.0,2026-05-10,cancelled,2025-05-21,2025-06-01,2025-08-09,CUS-000816,,AGT-023,9.9,3593694.18,8,6.9,2026-09-30,2026-09-30,63.0,0,0-30 days
HVW-P3-B1-01497,HVW,Phase 3,Building A,13,Apartment,3,238.7,0.0,22.4,Skyline View,5294843.4,22182.0,2025-09-30,reserved,2026-06-27,,,CUS-000691,,AGT-023,12.1,4654167.35,8,5.5,2026-09-30,2026-09-30,63.0,270,181-365 days
HVW-P3-B1-01498,HVW,Phase 3,Building A,4,Apartment,1,192.4,0.0,0.0,Skyline View,3993454.4,20756.0,2026-01-15,reserved,2026-06-28,,,CUS-000968,,AGT-019,10.8,3562161.32,8,10.8,2026-09-30,2026-09-30,63.0,164,91-180 days
HVW-P3-B1-01499,HVW,Phase 3,Building A,3,Apartment,2,179.6,0.0,0.0,Pool View,3419224.8,19038.0,2025-11-11,available,,,,,,,,,,,,,63.0,231,181-365 days
HVW-P3-B1-01500,HVW,Phase 3,Building A,0,Townhouse,4,249.4,51.7,16.9,Street View,4597439.6,18434.0,2026-05-16,contracted,2026-02-09,2026-02-28,,CUS-000981,,AGT-027,4.5,4390554.82,6,14.1,2026-09-30,2026-09-30,63.0,0,0-30 days
HVW-P3-B1-01501,HVW,Phase 3,Building A,7,Apartment,1,182.1,4.5,0.0,Courtyard View,4461267.9,24499.0,2026-06-16,available,,,,,,,,,,,,,63.0,14,0-30 days
HVW-P3-B1-01502,HVW,Phase 3,Building A,1,Apartment,3,106.2,0.0,0.0,Street View,2069625.6,19488.0,2025-11-29,contracted,2025-04-13,2025-04-20,,CUS-000966,,AGT-021,9.4,1875080.79,7,5.1,2026-09-30,2026-09-30,63.0,0,0-30 days
HVW-P3-B2-01503,HVW,Phase 3,Building B,11,Apartment,3,201.1,0.0,0.0,Courtyard View,4352608.4,21644.0,2025-11-14,contracted,2026-02-21,2026-03-13,,CUS-000751,,AGT-027,5.6,4108862.33,6,12.1,2026-09-30,2026-09-30,63.0,99,91-180 days
HVW-P3-B2-01504,HVW,Phase 3,Building B,11,Apartment,1,126.8,36.3,26.9,Courtyard View,2871766.4,22648.0,2026-03-02,contracted,2025-09-12,2025-10-07,,CUS-001027,,AGT-026,3.5,2771254.58,6,17.6,2026-09-30,2026-09-30,63.0,0,0-30 days
HVW-P3-B2-01505,HVW,Phase 3,Building B,8,Apartment,2,168.5,21.0,0.0,Skyline View,4060513.0,24098.0,2025-11-20,contracted,2025-08-20,2025-09-09,,CUS-000740,,AGT-022,12.6,3548888.36,8,6.2,2026-09-30,2026-09-30,63.0,0,0-30 days
HVW-P3-B2-01506,HVW,Phase 3,Building B,3,Apartment,2,210.3,0.0,0.0,Pool View,3913052.1,18607.0,2025-09-10,cancelled,2026-04-24,2026-05-03,2026-06-26,CUS-000943,,AGT-025,5.3,3705660.34,5,18.2,2026-09-30,2026-09-30,63.0,226,181-365 days
HVW-P3-B2-01507,HVW,Phase 3,Building B,13,Apartment,2,124.1,0.0,0.0,Garden View,2457055.9,19799.0,2026-01-17,cancelled,2024-08-13,2024-09-15,2024-11-03,CUS-000835,,AGT-022,8.3,2253120.26,7,7.7,2026-09-30,2026-09-30,63.0,0,0-30 days
HVW-P3-B2-01508,HVW,Phase 3,Building B,0,Townhouse,4,237.8,54.8,11.3,Skyline View,5304604.6,22307.0,2026-03-18,contracted,2026-06-18,2026-06-30,,CUS-000753,,AGT-025,6.8,4943891.49,6,17.3,2026-09-30,2026-09-30,63.0,92,91-180 days
HVW-P3-B2-01509,HVW,Phase 3,Building B,3,Apartment,2,234.1,0.0,14.5,Street View,6111180.5,26105.0,2026-04-10,reserved,2025-10-19,,,CUS-001047,BRK-01,AGT-020,8.6,5585618.98,8,8.1,2026-09-30,2026-09-30,63.0,0,0-30 days
HVW-P3-B2-01510,HVW,Phase 3,Building B,2,Apartment,3,222.7,0.0,23.0,Courtyard View,4498762.7,20201.0,2026-05-28,reserved,2024-11-30,,,CUS-001086,BRK-14,AGT-019,10.6,4021893.85,8,8.2,2026-09-30,2026-09-30,63.0,0,0-30 days
HVW-P3-B2-01511,HVW,Phase 3,Building B,13,Apartment,1,199.1,0.0,0.0,Pool View,5065900.4,25444.0,2026-03-20,available,,,,,,,,,,,,,63.0,102,91-180 days
HVW-P3-B2-01512,HVW,Phase 3,Building B,14,Apartment,2,143.0,0.7,23.3,Skyline View,3271697.0,22879.0,2025-11-28,contracted,2025-05-01,2025-05-02,,CUS-001081,,AGT-026,3.5,3157187.6,7,16.4,2026-09-30,2026-09-30,63.0,0,0-30 days
HVW-P3-B2-01513,HVW,Phase 3,Building B,7,Apartment,1,106.1,37.3,0.0,Pool View,2565710.2,24182.0,2025-12-03,cancelled,2025-02-27,2025-03-15,2025-04-29,CUS-000718,,AGT-028,3.3,2481041.76,7,16.2,2026-09-30,2026-09-30,63.0,0,0-30 days
HVW-P3-B2-01514,HVW,Phase 3,Building B,7,Apartment,2,106.9,34.0,11.4,Skyline View,2830925.8,26482.0,2025-09-28,reserved,2026-06-17,,,CUS-000695,,AGT-028,6.9,2635591.92,6,15.6,2026-09-30,2026-09-30,63.0,262,181-365 days
HVW-P3-B2-01515,HVW,Phase 3,Building B,2,Apartment,2,99.6,32.0,0.0,Skyline View,2404045.2,24137.0,2026-03-13,contracted,2024-09-12,2024-09-30,,CUS-001006,,AGT-026,3.2,2327115.75,6,16.8,2026-09-30,2026-09-30,63.0,0,0-30 days
HVW-P3-B2-01516,HVW,Phase 3,Building B,7,Apartment,1,219.7,21.8,0.0,Skyline View,4042480.0,18400.0,2026-05-15,contracted,2026-03-11,2026-04-07,,CUS-000897,,AGT-028,4.9,3844398.48,7,19.1,2026-09-30,2026-09-30,63.0,0,0-30 days
HVW-P3-B2-01517,HVW,Phase 3,Building B,3,Apartment,2,129.8,0.0,0.0,Courtyard View,2572506.2,19819.0,2025-11-01,reserved,2025-09-27,,,CUS-000841,,AGT-019,11.7,2271522.97,7,6.2,2026-09-30,2026-09-30,63.0,0,0-30 days
HVW-P3-B2-01518,HVW,Phase 3,Building B,0,Townhouse,3,213.4,54.7,24.4,Skyline View,4868294.2,22813.0,2026-04-25,cancelled,2025-06-28,2025-07-01,2025-09-28,CUS-000823,,AGT-020,8.7,4444752.6,8,5.8,2026-09-30,2026-09-30,63.0,0,0-30 days
HVW-P3-B2-01519,HVW,Phase 3,Building B,8,Apartment,3,157.9,0.0,0.0,Pool View,3046680.5,19295.0,2025-11-16,reserved,2025-03-14,,,CUS-000756,,AGT-024,6.2,2857786.31,5,12.5,2026-09-30,2026-09-30,63.0,0,0-30 days
HVW-P3-B2-01520,HVW,Phase 3,Building B,12,Apartment,1,142.0,0.0,29.1,Garden View,2560686.0,18033.0,2026-06-16,available,,,,,,,,,,,,,63.0,14,0-30 days
HVW-P3-B2-01521,HVW,Phase 3,Building B,0,Townhouse,3,209.4,86.6,11.6,Courtyard View,3798516.0,18140.0,2026-01-07,contracted,2025-12-16,2026-01-06,,CUS-000758,,AGT-026,3.4,3669366.46,6,16.5,2026-09-30,2026-09-30,63.0,0,0-30 days
HVW-P3-B2-01522,HVW,Phase 3,Building B,0,Townhouse,4,223.0,45.9,21.7,Street View,4330437.0,19419.0,2025-12-24,contracted,2025-04-01,2025-04-04,,CUS-000771,,AGT-028,4.2,4148558.65,7,12.9,2026-09-30,2026-09-30,63.0,0,0-30 days
HVW-P3-B2-01523,HVW,Phase 3,Building B,6,Apartment,3,95.8,0.0,29.6,Street View,2051173.8,21411.0,2026-03-19,cancelled,2024-10-06,,2024-12-08,CUS-000680,,AGT-022,12.4,1796828.25,8,9.0,2026-09-30,2026-09-30,63.0,0,0-30 days
HVW-P3-B2-01524,HVW,Phase 3,Building B,4,Apartment,2,128.3,0.0,22.1,Courtyard View,3270110.4,25488.0,2025-11-12,available,,,,,,,,,,,,,63.0,230,181-365 days
HVW-P3-B2-01525,HVW,Phase 3,Building B,2,Apartment,1,228.4,0.0,27.6,Skyline View,4144318.0,18145.0,2025-11-04,contracted,2025-03-23,2025-04-19,,CUS-001088,BRK-08,AGT-024,5.2,3928813.46,5,13.8,2026-09-30,2026-09-30,63.0,0,0-30 days
HVW-P3-B2-01526,HVW,Phase 3,Building B,0,Townhouse,3,195.5,84.8,13.6,Garden View,4089273.5,20917.0,2026-03-16,contracted,2025-01-07,2025-01-25,,CUS-000737,,AGT-019,12.3,3586292.86,8,10.9,2026-09-30,2026-09-30,63.0,0,0-30 days
HVW-P3-B2-01527,HVW,Phase 3,Building B,0,Townhouse,4,201.1,58.7,22.7,Pool View,4593727.3,22843.0,2025-12-28,available,,,,,,,,,,,,,63.0,184,181-365 days
HVW-P3-B2-01528,HVW,Phase 3,Building B,9,Apartment,1,200.0,11.4,0.0,Pool View,4146400.0,20732.0,2025-12-10,available,,,,,,,,,,,,,63.0,202,181-365 days
HVW-P3-B2-01529,HVW,Phase 3,Building B,3,Apartment,1,114.4,0.0,22.2,Pool View,2165706.4,18931.0,2026-03-03,reserved,2025-07-26,,,CUS-000827,,AGT-023,9.9,1951301.47,8,8.6,2026-09-30,2026-09-30,63.0,0,0-30 days
HVW-P3-B2-01530,HVW,Phase 3,Building B,0,Townhouse,3,251.4,43.7,21.8,Courtyard View,4720537.8,18777.0,2026-01-08,reserved,2026-06-27,,,CUS-000888,,AGT-022,8.6,4314571.55,8,7.2,2026-09-30,2026-09-30,63.0,170,91-180 days
HVW-P3-B2-01531,HVW,Phase 3,Building B,0,Townhouse,4,235.4,42.2,21.4,Skyline View,5941496.0,25240.0,2025-12-14,contracted,2025-06-12,2025-07-03,,CUS-000951,,AGT-027,6.9,5531532.78,6,13.2,2026-09-30,2026-09-30,63.0,0,0-30 days
HVW-P3-B2-01532,HVW,Phase 3,Building B,0,Townhouse,4,242.5,43.5,17.6,Pool View,5228057.5,21559.0,2025-11-03,cancelled,2024-09-13,,2024-10-30,CUS-000834,,AGT-021,12.3,4585006.43,7,7.4,2026-09-30,2026-09-30,63.0,0,0-30 days
HVW-P3-B2-01533,HVW,Phase 3,Building B,5,Apartment,1,223.3,29.5,10.4,Street View,4187544.9,18753.0,2026-01-01,available,,,,,,,,,,,,,63.0,180,91-180 days
HVW-P3-B2-01534,HVW,Phase 3,Building B,12,Apartment,2,132.0,38.3,0.0,Pool View,2740188.0,20759.0,2025-12-20,available,,,,,,,,,,,,,63.0,192,181-365 days
HVW-P3-B2-01535,HVW,Phase 3,Building B,6,Apartment,3,113.4,0.0,8.1,Skyline View,2376297.0,20955.0,2026-05-22,available,,,,,,,,,,,,,63.0,39,31-90 days
HVW-P3-B2-01536,HVW,Phase 3,Building B,0,Townhouse,3,229.2,80.0,18.4,Courtyard View,5591334.0,24395.0,2025-09-11,available,,,,,,,,,,,,,63.0,292,181-365 days
HVW-P3-B2-01537,HVW,Phase 3,Building B,1,Apartment,3,177.8,0.0,15.9,Skyline View,4768418.2,26819.0,2026-04-22,available,,,,,,,,,,,,,63.0,69,31-90 days
HVW-P3-B2-01538,HVW,Phase 3,Building B,0,Apartment,3,135.1,59.6,19.1,Skyline View,3321028.2,24582.0,2025-11-12,available,,,,,,,,,,,,,63.0,230,181-365 days
HVW-P3-B2-01539,HVW,Phase 3,Building B,0,Townhouse,3,193.0,43.7,18.2,Garden View,4377047.0,22679.0,2025-12-08,contracted,2026-05-08,2026-05-11,,CUS-000689,,AGT-021,9.1,3978735.72,7,6.5,2026-09-30,2026-09-30,63.0,151,91-180 days
HVW-P3-B2-01540,HVW,Phase 3,Building B,0,Townhouse,3,212.1,42.7,19.0,Skyline View,4928567.7,23237.0,2026-02-18,available,,,,,,,,,,,,,63.0,132,91-180 days
HVW-P3-B2-01541,HVW,Phase 3,Building B,0,Apartment,3,165.2,14.1,0.0,Courtyard View,4405223.2,26666.0,2026-01-12,reserved,2025-06-23,,,CUS-000705,BRK-06,AGT-020,9.3,3995537.44,7,5.7,2026-09-30,2026-09-30,63.0,0,0-30 days
HVW-P3-B2-01542,HVW,Phase 3,Building B,6,Apartment,3,219.8,0.0,14.1,Garden View,5128153.8,23331.0,2026-03-24,available,,,,,,,,,,,,,63.0,98,91-180 days
HVW-P3-B2-01543,HVW,Phase 3,Building B,3,Apartment,2,173.5,0.0,0.0,Street View,4006635.5,23093.0,2025-10-02,available,,,,,,,,,,,,,63.0,271,181-365 days
HVW-P3-B2-01544,HVW,Phase 3,Building B,11,Apartment,1,189.3,0.0,0.0,Garden View,3607490.1,19057.0,2025-08-23,available,,,,,,,,,,,,,63.0,311,181-365 days
HVW-P3-B2-01545,HVW,Phase 3,Building B,6,Apartment,1,226.7,40.6,0.0,Garden View,4567324.9,20147.0,2025-10-03,reserved,2026-04-07,,,CUS-000721,,AGT-023,13.3,3959870.69,8,9.6,2026-09-30,2026-09-30,63.0,186,181-365 days
HVW-P3-B2-01546,HVW,Phase 3,Building B,3,Apartment,3,122.6,0.0,20.3,Street View,2886371.8,23543.0,2025-08-20,cancelled,2026-04-18,2026-05-10,2026-06-30,CUS-000798,,AGT-019,12.7,2519802.58,8,10.1,2026-09-30,2026-09-30,63.0,241,181-365 days
HVW-P3-B2-01547,HVW,Phase 3,Building B,2,Apartment,3,178.4,0.0,0.0,Pool View,3387816.0,18990.0,2026-04-29,available,,,,,,,,,,,,,63.0,62,31-90 days
HVW-P3-B2-01548,HVW,Phase 3,Building B,8,Apartment,2,151.1,0.0,0.0,Pool View,3484819.3,23063.0,2025-09-09,available,,,,,,,,,,,,,63.0,294,181-365 days
HVW-P3-B2-01549,HVW,Phase 3,Building B,0,Townhouse,4,207.7,37.6,24.1,Garden View,5029247.8,24214.0,2026-01-15,contracted,2025-05-08,2025-06-17,,CUS-001089,BRK-05,AGT-022,13.3,4360357.84,8,9.1,2026-09-30,2026-09-30,63.0,0,0-30 days
HVW-P3-B2-01550,HVW,Phase 3,Building B,13,Apartment,1,229.0,40.5,19.0,Skyline View,5547067.0,24223.0,2025-11-30,cancelled,2025-07-05,2025-07-23,2025-09-01,CUS-000765,,AGT-026,6.2,5203148.85,6,13.0,2026-09-30,2026-09-30,63.0,0,0-30 days
HVW-P3-B2-01551,HVW,Phase 3,Building B,0,Townhouse,4,225.8,61.5,19.2,Pool View,4442840.8,19676.0,2026-05-04,contracted,2024-07-22,2024-07-25,,CUS-001042,,AGT-019,8.9,4047427.97,8,7.6,2026-09-30,2026-09-30,63.0,0,0-30 days
HVW-P3-B2-01552,HVW,Phase 3,Building B,8,Apartment,3,112.1,0.0,13.4,Courtyard View,2168686.6,19346.0,2026-06-16,contracted,2025-06-27,2025-07-15,,CUS-000733,,AGT-020,10.7,1936637.13,8,10.9,2026-09-30,2026-09-30,63.0,0,0-30 days
HVW-P3-B3-01553,HVW,Phase 3,Building C,0,Townhouse,4,195.4,81.1,12.2,Pool View,4434798.4,22696.0,2025-11-21,contracted,2026-04-28,2026-05-21,,CUS-000985,,AGT-024,3.2,4292884.85,5,19.8,2026-09-30,2026-09-30,63.0,158,91-180 days
HVW-P3-B3-01554,HVW,Phase 3,Building C,0,Townhouse,4,234.9,36.5,17.8,Pool View,6154614.9,26201.0,2025-10-11,available,,,,,,,,,,,,,63.0,262,181-365 days
HVW-P3-B3-01555,HVW,Phase 3,Building C,0,Apartment,2,216.0,0.0,14.7,Garden View,4660848.0,21578.0,2025-12-18,cancelled,2026-01-12,2026-01-20,2026-02-24,CUS-000826,,AGT-028,3.9,4479074.93,7,17.6,2026-09-30,2026-09-30,63.0,25,0-30 days
HVW-P3-B3-01556,HVW,Phase 3,Building C,7,Apartment,2,172.4,58.5,0.0,Courtyard View,3991749.6,23154.0,2026-03-24,available,,,,,,,,,,,,,63.0,98,91-180 days
HVW-P3-B3-01557,HVW,Phase 3,Building C,8,Apartment,3,148.6,0.0,0.0,Garden View,2767972.2,18627.0,2025-09-10,contracted,2025-10-07,2025-10-28,,CUS-001029,,AGT-027,3.6,2668325.2,6,15.1,2026-09-30,2026-09-30,63.0,27,0-30 days
HVW-P3-B3-01558,HVW,Phase 3,Building C,8,Apartment,3,215.1,0.0,12.2,Street View,4846633.2,22532.0,2026-04-30,available,,,,,,,,,,,,,63.0,61,31-90 days
HVW-P3-B3-01559,HVW,Phase 3,Building C,13,Apartment,1,217.0,0.0,20.7,Skyline View,4537470.0,20910.0,2025-10-26,reserved,2025-09-28,,,CUS-001012,,AGT-024,6.8,4228922.04,6,19.9,2026-09-30,2026-09-30,63.0,0,0-30 days
HVW-P3-B3-01560,HVW,Phase 3,Building C,9,Apartment,2,176.2,0.0,25.2,Street View,3523647.6,19998.0,2026-06-03,reserved,2024-12-21,,,CUS-000883,,AGT-019,11.3,3125475.42,7,7.5,2026-09-30,2026-09-30,63.0,0,0-30 days
HVW-P3-B3-01561,HVW,Phase 3,Building C,14,Apartment,2,233.8,37.4,20.1,Garden View,6281037.0,26865.0,2026-03-17,reserved,2025-09-05,,,CUS-000810,,AGT-027,6.7,5860207.52,7,16.9,2026-09-30,2026-09-30,63.0,0,0-30 days
HVW-P3-B3-01562,HVW,Phase 3,Building C,0,Townhouse,4,259.5,54.5,22.4,Street View,6064255.5,23369.0,2026-01-26,contracted,2025-10-27,2025-11-10,,CUS-001024,,AGT-024,5.5,5730721.45,5,19.1,2026-09-30,2026-09-30,63.0,0,0-30 days
HVW-P3-B3-01563,HVW,Phase 3,Building C,0,Townhouse,4,231.8,51.0,18.9,Courtyard View,5820729.8,25111.0,2026-05-07,available,,,,,,,,,,,,,63.0,54,31-90 days
HVW-P3-B3-01564,HVW,Phase 3,Building C,6,Apartment,2,107.2,38.7,22.9,Pool View,2432046.4,22687.0,2025-12-08,contracted,2024-07-29,2024-08-13,,CUS-000860,,AGT-026,4.7,2317740.22,5,19.2,2026-09-30,2026-09-30,63.0,0,0-30 days
HVW-P3-B3-01565,HVW,Phase 3,Building C,12,Apartment,1,134.4,0.0,29.2,Street View,2603731.2,19373.0,2025-12-11,available,,,,,,,,,,,,,63.0,201,181-365 days
HVW-P3-B3-01566,HVW,Phase 3,Building C,0,Townhouse,3,231.6,54.5,24.4,Garden View,4447646.4,19204.0,2025-10-28,contracted,2024-08-31,2024-09-04,,CUS-000874,,AGT-024,3.4,4296426.42,7,14.2,2026-09-30,2026-09-30,63.0,0,0-30 days
HVW-P3-B3-01567,HVW,Phase 3,Building C,14,Apartment,1,193.8,0.0,18.8,Pool View,3601579.2,18584.0,2026-03-17,contracted,2026-06-05,2026-06-14,,CUS-000683,,AGT-023,10.3,3230616.54,8,6.3,2026-09-30,2026-09-30,63.0,80,31-90 days
HVW-P3-B3-01568,HVW,Phase 3,Building C,0,Townhouse,3,212.0,33.1,10.2,Pool View,4444580.0,20965.0,2026-05-19,contracted,2026-04-22,2026-05-12,,CUS-000839,,AGT-021,9.3,4031234.06,8,8.1,2026-09-30,2026-09-30,63.0,0,0-30 days
HVW-P3-B3-01569,HVW,Phase 3,Building C,0,Townhouse,3,209.4,45.6,11.0,Pool View,4002052.8,19112.0,2026-04-20,available,,,,,,,,,,,,,63.0,71,31-90 days
HVW-P3-B3-01570,HVW,Phase 3,Building C,6,Apartment,3,208.8,0.0,0.0,Street View,4916822.4,23548.0,2025-09-18,available,,,,,,,,,,,,,63.0,285,181-365 days
HVW-P3-B3-01571,HVW,Phase 3,Building C,0,Townhouse,4,188.8,88.2,22.1,Skyline View,4426793.6,23447.0,2026-03-12,contracted,2025-05-10,2025-06-07,,CUS-000938,,AGT-027,4.6,4223161.09,7,15.7,2026-09-30,2026-09-30,63.0,0,0-30 days
HVW-P3-B3-01572,HVW,Phase 3,Building C,3,Apartment,2,226.4,0.0,20.0,Garden View,4777040.0,21100.0,2025-11-06,contracted,2024-08-02,2024-08-19,,CUS-001084,,AGT-024,3.8,4595512.48,5,13.6,2026-09-30,2026-09-30,63.0,0,0-30 days
HVW-P3-B3-01573,HVW,Phase 3,Building C,0,Townhouse,4,185.5,70.1,10.2,Pool View,3498901.0,18862.0,2026-03-18,contracted,2026-03-12,2026-03-31,,CUS-000941,BRK-10,AGT-024,3.2,3386936.17,6,14.8,2026-09-30,2026-09-30,63.0,0,0-30 days
HVW-P3-B3-01574,HVW,Phase 3,Building C,7,Apartment,2,170.4,0.0,23.3,Pool View,3176596.8,18642.0,2025-09-12,available,,,,,,,,,,,,,63.0,291,181-365 days
HVW-P3-B3-01575,HVW,Phase 3,Building C,2,Apartment,2,204.9,0.0,25.6,Courtyard View,4738722.3,23127.0,2026-06-16,contracted,2025-03-22,2025-04-20,,CUS-001080,,AGT-020,9.0,4312237.29,7,7.5,2026-09-30,2026-09-30,63.0,0,0-30 days
HVW-P3-B3-01576,HVW,Phase 3,Building C,0,Townhouse,4,248.4,81.2,21.4,Garden View,6497150.4,26156.0,2026-05-07,reserved,2026-03-12,,,CUS-001071,,AGT-020,11.2,5769469.56,8,9.9,2026-09-30,2026-09-30,63.0,0,0-30 days
HVW-P3-B3-01577,HVW,Phase 3,Building C,0,Townhouse,3,209.0,56.2,11.7,Pool View,4346782.0,20798.0,2026-03-19,available,,,,,,,,,,,,,63.0,103,91-180 days
HVW-P3-B3-01578,HVW,Phase 3,Building C,0,Apartment,3,229.4,13.7,0.0,Street View,6104334.0,26610.0,2025-12-10,available,,,,,,,,,,,,,63.0,202,181-365 days
HVW-P3-B3-01579,HVW,Phase 3,Building C,1,Apartment,2,129.0,0.0,0.0,Skyline View,2891922.0,22418.0,2026-05-14,available,,,,,,,,,,,,,63.0,47,31-90 days
HVW-P3-B3-01580,HVW,Phase 3,Building C,14,Apartment,1,227.4,38.3,0.0,Courtyard View,4381315.8,19267.0,2025-11-05,contracted,2025-05-31,2025-06-30,,CUS-001077,,AGT-028,6.4,4100911.59,7,15.4,2026-09-30,2026-09-30,63.0,0,0-30 days
HVW-P3-B3-01581,HVW,Phase 3,Building C,1,Apartment,2,118.3,47.0,20.2,Pool View,2806194.3,23721.0,2025-11-26,available,,,,,,,,,,,,,63.0,216,181-365 days
HVW-P3-B3-01582,HVW,Phase 3,Building C,14,Apartment,2,108.4,0.0,23.2,Street View,2887559.2,26638.0,2025-08-30,cancelled,2025-05-02,2025-05-25,2025-07-19,CUS-000704,,AGT-020,11.7,2549714.77,8,6.2,2026-09-30,2026-09-30,63.0,0,0-30 days
HVW-P3-B3-01583,HVW,Phase 3,Building C,8,Apartment,2,164.6,0.0,0.0,Courtyard View,3764566.6,22871.0,2025-12-25,cancelled,2024-11-14,2024-12-09,2025-03-04,CUS-000975,,AGT-020,9.5,3406932.77,8,7.2,2026-09-30,2026-09-30,63.0,0,0-30 days
HVW-P3-B3-01584,HVW,Phase 3,Building C,10,Apartment,2,107.8,0.0,0.0,Garden View,2094661.8,19431.0,2026-01-28,cancelled,2026-02-15,,2026-04-30,CUS-001052,,AGT-019,11.3,1857965.02,7,6.9,2026-09-30,2026-09-30,63.0,18,0-30 days
HVW-P3-B3-01585,HVW,Phase 3,Building C,11,Apartment,2,124.0,36.0,24.9,Skyline View,2993236.0,24139.0,2026-04-28,contracted,2025-06-04,2025-06-25,,CUS-000854,,AGT-026,4.9,2846567.44,7,12.0,2026-09-30,2026-09-30,63.0,0,0-30 days
HVW-P3-B3-01586,HVW,Phase 3,Building C,9,Apartment,1,219.5,0.0,17.0,Skyline View,5412870.0,24660.0,2026-03-03,contracted,2025-08-25,2025-10-03,,CUS-000809,,AGT-028,5.9,5093510.67,6,15.0,2026-09-30,2026-09-30,63.0,0,0-30 days
HVW-P3-B3-01587,HVW,Phase 3,Building C,0,Townhouse,4,242.3,64.4,13.8,Courtyard View,5480341.4,22618.0,2026-03-10,contracted,2024-12-06,2024-12-25,,CUS-001048,,AGT-026,5.3,5189883.31,7,17.8,2026-09-30,2026-09-30,63.0,0,0-30 days
HVW-P3-B3-01588,HVW,Phase 3,Building C,0,Townhouse,3,233.8,31.4,11.6,Street View,4989993.4,21343.0,2025-09-23,available,,,,,,,,,,,,,63.0,280,181-365 days
HVW-P3-B3-01589,HVW,Phase 3,Building C,8,Apartment,1,167.3,0.0,0.0,Garden View,3547429.2,21204.0,2025-11-01,available,,,,,,,,,,,,,63.0,241,181-365 days
HVW-P3-B3-01590,HVW,Phase 3,Building C,11,Apartment,1,199.7,0.0,26.0,Street View,4189706.0,20980.0,2025-10-22,reserved,2025-06-13,,,CUS-000913,,AGT-020,9.7,3783304.52,8,8.4,2026-09-30,2026-09-30,63.0,0,0-30 days
HVW-P3-B3-01591,HVW,Phase 3,Building C,5,Apartment,1,160.2,26.7,8.6,Pool View,3858417.0,24085.0,2025-12-25,available,,,,,,,,,,,,,63.0,187,181-365 days
HVW-P3-B3-01592,HVW,Phase 3,Building C,0,Townhouse,4,208.9,57.5,21.5,Courtyard View,4011297.8,19202.0,2025-08-24,reserved,2026-03-01,,,CUS-001030,,AGT-025,4.3,3838811.99,5,18.4,2026-09-30,2026-09-30,63.0,189,181-365 days
HVW-P3-B3-01593,HVW,Phase 3,Building C,3,Apartment,2,162.9,0.0,0.0,Garden View,4137822.9,25401.0,2026-03-17,contracted,2026-04-11,2026-05-07,,CUS-000833,,AGT-020,11.8,3649559.8,7,5.1,2026-09-30,2026-09-30,63.0,25,0-30 days
HVW-P3-B3-01594,HVW,Phase 3,Building C,5,Apartment,3,103.7,0.0,19.5,Pool View,2193047.6,21148.0,2025-10-15,contracted,2025-08-02,2025-08-12,,CUS-000879,,AGT-020,9.3,1989094.17,7,8.8,2026-09-30,2026-09-30,63.0,0,0-30 days
HVW-P3-B3-01595,HVW,Phase 3,Building C,0,Apartment,2,100.8,0.0,11.5,Street View,2038075.2,20219.0,2025-08-27,available,,,,,,,,,,,,,63.0,307,181-365 days
HVW-P3-B3-01596,HVW,Phase 3,Building C,9,Apartment,1,187.8,0.0,0.0,Garden View,4657627.8,24801.0,2026-01-15,cancelled,2026-05-27,2026-06-16,2026-06-30,CUS-000710,,AGT-021,12.5,4075424.33,7,6.1,2026-09-30,2026-09-30,63.0,132,91-180 days
HVW-P3-B3-01597,HVW,Phase 3,Building C,1,Apartment,1,198.2,27.1,27.3,Skyline View,4898314.8,24714.0,2026-04-18,cancelled,2025-08-09,,2025-09-17,CUS-001009,,AGT-026,5.7,4619110.86,5,15.8,2026-09-30,2026-09-30,63.0,0,0-30 days
HVW-P3-B3-01598,HVW,Phase 3,Building C,5,Apartment,1,122.5,24.6,0.0,Garden View,2235380.0,18248.0,2026-04-19,reserved,2025-08-08,,,CUS-001023,BRK-04,AGT-019,8.9,2036431.18,8,10.2,2026-09-30,2026-09-30,63.0,0,0-30 days
HVW-P3-B3-01599,HVW,Phase 3,Building C,1,Apartment,1,138.1,0.0,14.7,Pool View,2836297.8,20538.0,2025-11-05,available,,,,,,,,,,,,,63.0,237,181-365 days
HVW-P3-B3-01600,HVW,Phase 3,Building C,0,Townhouse,3,227.2,45.3,13.6,Pool View,5500057.6,24208.0,2026-06-13,cancelled,2024-12-07,2024-12-18,2025-03-06,CUS-000766,BRK-06,AGT-019,9.3,4988552.24,8,7.4,2026-09-30,2026-09-30,63.0,0,0-30 days
HVW-P3-B3-01601,HVW,Phase 3,Building C,0,Townhouse,4,190.9,41.9,15.1,Courtyard View,4172310.4,21856.0,2026-06-09,contracted,2026-06-30,2026-06-30,,CUS-000686,,AGT-023,13.8,3596531.56,8,10.2,2026-09-30,2026-09-30,63.0,21,0-30 days
HVW-P3-B3-01602,HVW,Phase 3,Building C,4,Apartment,3,111.7,0.0,0.0,Pool View,2822659.0,25270.0,2026-03-03,contracted,2024-10-05,2024-10-31,,CUS-001091,,AGT-026,3.3,2729511.25,7,17.0,2026-09-30,2026-09-30,63.0,0,0-30 days
HVW-P3-B4-01603,HVW,Phase 3,Building D,13,Apartment,3,97.9,0.0,0.0,Skyline View,2145184.8,21912.0,2026-03-24,available,,,,,,,,,,,,,63.0,98,91-180 days
HVW-P3-B4-01604,HVW,Phase 3,Building D,0,Townhouse,4,257.4,86.4,13.8,Street View,6844523.4,26591.0,2025-10-11,available,,,,,,,,,,,,,63.0,262,181-365 days
HVW-P3-B4-01605,HVW,Phase 3,Building D,7,Apartment,2,207.3,0.0,10.7,Courtyard View,5296307.7,25549.0,2026-01-03,cancelled,2025-01-14,2025-02-06,2025-04-22,CUS-000999,,AGT-022,11.1,4708417.55,8,6.1,2026-09-30,2026-09-30,63.0,0,0-30 days
HVW-P3-B4-01606,HVW,Phase 3,Building D,4,Apartment,2,222.3,0.0,0.0,Courtyard View,5537937.6,24912.0,2025-08-15,reserved,2026-05-26,,,CUS-000779,,AGT-024,5.7,5222275.16,7,13.8,2026-09-30,2026-09-30,63.0,284,181-365 days
HVW-P3-B4-01607,HVW,Phase 3,Building D,13,Apartment,2,110.1,4.1,25.1,Courtyard View,2225010.9,20209.0,2026-05-20,cancelled,2026-06-11,,2026-06-30,CUS-000700,BRK-05,AGT-026,6.4,2082610.2,6,18.8,2026-09-30,2026-09-30,63.0,22,0-30 days
HVW-P3-B4-01608,HVW,Phase 3,Building D,1,Apartment,1,128.7,0.0,26.7,Courtyard View,2916985.5,22665.0,2025-11-09,contracted,2024-10-03,2024-10-22,,CUS-001046,,AGT-028,5.5,2756551.3,7,13.4,2026-09-30,2026-09-30,63.0,0,0-30 days
HVW-P3-B4-01609,HVW,Phase 3,Building D,11,Apartment,2,183.2,0.0,25.4,Skyline View,4561496.8,24899.0,2026-03-18,available,,,,,,,,,,,,,63.0,104,91-180 days
HVW-P3-B4-01610,HVW,Phase 3,Building D,5,Apartment,3,117.6,0.0,11.3,Skyline View,2853328.8,24263.0,2026-01-03,reserved,2025-05-08,,,CUS-000811,,AGT-028,5.0,2710662.36,5,16.3,2026-09-30,2026-09-30,63.0,0,0-30 days
HVW-P3-B4-01611,HVW,Phase 3,Building D,6,Apartment,3,128.8,54.5,0.0,Pool View,2676464.0,20780.0,2025-08-31,cancelled,2026-03-11,,2026-05-21,CUS-000973,,AGT-019,11.8,2360641.25,8,8.3,2026-09-30,2026-09-30,63.0,192,181-365 days
HVW-P3-B4-01612,HVW,Phase 3,Building D,0,Townhouse,3,251.9,40.0,23.9,Garden View,4991902.3,19817.0,2026-06-16,contracted,2025-05-29,2025-06-23,,CUS-001068,,AGT-025,6.3,4677412.46,5,12.2,2026-09-30,2026-09-30,63.0,0,0-30 days
HVW-P3-B4-01613,HVW,Phase 3,Building D,0,Apartment,1,129.9,0.0,25.4,Skyline View,2446666.5,18835.0,2026-02-01,contracted,2026-04-03,2026-04-30,,CUS-000774,,AGT-027,6.1,2297419.84,6,13.7,2026-09-30,2026-09-30,63.0,61,31-90 days
HVW-P3-B4-01614,HVW,Phase 3,Building D,4,Apartment,3,230.5,0.0,0.0,Pool View,5488435.5,23811.0,2026-01-01,available,,,,,,,,,,,,,63.0,180,91-180 days
HVW-P3-B4-01615,HVW,Phase 3,Building D,6,Apartment,2,209.6,0.0,0.0,Courtyard View,5351507.2,25532.0,2025-08-25,cancelled,2025-06-07,,2025-07-18,CUS-001007,BRK-03,AGT-024,6.4,5009010.74,5,18.7,2026-09-30,2026-09-30,63.0,0,0-30 days
HVW-P3-B4-01616,HVW,Phase 3,Building D,0,Apartment,2,150.4,0.0,0.0,Courtyard View,3489881.6,23204.0,2026-02-11,cancelled,2026-06-07,,2026-06-30,CUS-001070,,AGT-023,10.7,3116464.27,8,9.2,2026-09-30,2026-09-30,63.0,116,91-180 days
HVW-P3-B4-01617,HVW,Phase 3,Building D,1,Apartment,3,163.7,0.0,0.0,Courtyard View,3037453.5,18555.0,2026-06-16,available,,,,,,,,,,,,,63.0,14,0-30 days
HVW-P3-B4-01618,HVW,Phase 3,Building D,4,Apartment,3,157.4,0.0,0.0,Skyline View,3336722.6,21199.0,2026-05-19,contracted,2025-06-26,2025-07-08,,CUS-000969,BRK-05,AGT-022,12.8,2909622.11,7,8.4,2026-09-30,2026-09-30,63.0,0,0-30 days
HVW-P3-B4-01619,HVW,Phase 3,Building D,11,Apartment,1,105.9,0.0,11.3,Courtyard View,2043446.4,19296.0,2025-09-09,contracted,2024-08-05,2024-08-28,,CUS-000948,BRK-07,AGT-024,4.0,1961708.54,6,12.5,2026-09-30,2026-09-30,63.0,0,0-30 days
HVW-P3-B4-01620,HVW,Phase 3,Building D,7,Apartment,3,117.6,0.0,0.0,Skyline View,2380459.2,20242.0,2026-02-04,contracted,2025-03-09,2025-03-21,,CUS-001010,,AGT-023,10.6,2128130.52,8,5.2,2026-09-30,2026-09-30,63.0,0,0-30 days
HVW-P3-B4-01621,HVW,Phase 3,Building D,1,Apartment,1,212.8,38.3,0.0,Pool View,5214664.0,24505.0,2025-09-21,available,,,,,,,,,,,,,63.0,282,181-365 days
HVW-P3-B4-01622,HVW,Phase 3,Building D,11,Apartment,2,126.3,0.0,8.8,Street View,2878503.3,22791.0,2026-03-31,available,,,,,,,,,,,,,63.0,91,91-180 days
HVW-P3-B4-01623,HVW,Phase 3,Building D,7,Apartment,2,134.4,0.0,19.5,Courtyard View,2593382.4,19296.0,2025-09-17,cancelled,2025-07-02,2025-07-19,2025-09-02,CUS-000744,,AGT-020,10.3,2326264.01,8,9.0,2026-09-30,2026-09-30,63.0,0,0-30 days
HVW-P3-B4-01624,HVW,Phase 3,Building D,8,Apartment,2,207.6,0.0,22.2,Garden View,5077273.2,24457.0,2025-11-27,cancelled,2026-06-06,,2026-06-30,CUS-000770,,AGT-022,8.6,4640627.7,8,10.8,2026-09-30,2026-09-30,63.0,191,181-365 days
HVW-P3-B4-01625,HVW,Phase 3,Building D,2,Apartment,1,98.3,0.0,0.0,Courtyard View,2010529.9,20453.0,2025-12-18,cancelled,2026-05-28,2026-06-04,2026-06-30,CUS-000679,,AGT-019,9.0,1829582.21,8,7.1,2026-09-30,2026-09-30,63.0,161,91-180 days
HVW-P3-B4-01626,HVW,Phase 3,Building D,13,Apartment,2,108.7,50.8,0.0,Skyline View,2741522.7,25221.0,2026-04-05,available,,,,,,,,,,,,,63.0,86,31-90 days
HVW-P3-B4-01627,HVW,Phase 3,Building D,14,Apartment,3,178.2,0.0,28.6,Skyline View,4206232.8,23604.0,2025-10-23,cancelled,2025-11-06,2025-11-11,2025-12-18,CUS-000794,,AGT-027,5.3,3983302.46,7,17.3,2026-09-30,2026-09-30,63.0,14,0-30 days
HVW-P3-B4-01628,HVW,Phase 3,Building D,6,Apartment,1,109.0,0.0,14.4,Street View,1968322.0,18058.0,2026-01-24,available,,,,,,,,,,,,,63.0,157,91-180 days
HVW-P3-B4-01629,HVW,Phase 3,Building D,0,Townhouse,4,242.2,53.3,18.2,Skyline View,5019110.6,20723.0,2025-12-14,available,,,,,,,,,,,,,63.0,198,181-365 days
HVW-P3-B4-01630,HVW,Phase 3,Building D,0,Townhouse,3,221.1,77.7,21.8,Pool View,5529268.8,25008.0,2026-06-16,contracted,2025-11-29,2025-11-30,,CUS-000845,,AGT-028,4.4,5285980.97,5,14.9,2026-09-30,2026-09-30,63.0,0,0-30 days
HVW-P3-B4-01631,HVW,Phase 3,Building D,3,Apartment,1,162.9,0.0,0.0,Skyline View,4395204.9,26981.0,2025-09-20,contracted,2025-01-13,2025-01-22,,CUS-000775,,AGT-022,13.1,3819433.06,8,6.0,2026-09-30,2026-09-30,63.0,0,0-30 days
HVW-P3-B4-01632,HVW,Phase 3,Building D,4,Apartment,2,179.6,52.2,17.0,Pool View,3595592.0,20020.0,2026-05-24,reserved,2025-01-12,,,CUS-001031,,AGT-022,12.1,3160525.37,7,9.1,2026-09-30,2026-09-30,63.0,0,0-30 days
HVW-P3-B4-01633,HVW,Phase 3,Building D,0,Townhouse,3,205.7,32.6,23.7,Street View,5366095.9,26087.0,2025-10-18,reserved,2024-09-10,,,CUS-000907,BRK-02,AGT-022,10.8,4786557.54,7,10.3,2026-09-30,2026-09-30,63.0,0,0-30 days
HVW-P3-B4-01634,HVW,Phase 3,Building D,0,Townhouse,3,198.3,45.2,18.3,Courtyard View,3956679.9,19953.0,2026-06-15,contracted,2026-04-26,2026-05-27,,CUS-001079,,AGT-026,4.7,3770715.94,6,13.9,2026-09-30,2026-09-30,63.0,0,0-30 days
HVW-P3-B4-01635,HVW,Phase 3,Building D,0,Townhouse,3,215.8,55.5,24.8,Pool View,5799625.0,26875.0,2025-09-23,available,,,,,,,,,,,,,63.0,280,181-365 days
HVW-P3-B4-01636,HVW,Phase 3,Building D,0,Townhouse,3,231.7,58.3,16.5,Garden View,5954690.0,25700.0,2025-11-27,available,,,,,,,,,,,,,63.0,215,181-365 days
HVW-P3-B4-01637,HVW,Phase 3,Building D,1,Apartment,2,152.6,0.0,0.0,Pool View,2940907.2,19272.0,2026-05-04,contracted,2026-05-21,2026-06-10,,CUS-000886,,AGT-021,11.3,2608584.69,7,7.8,2026-09-30,2026-09-30,63.0,17,0-30 days
HVW-P3-B4-01638,HVW,Phase 3,Building D,2,Apartment,3,102.2,0.0,27.6,Pool View,2390560.2,23391.0,2026-01-01,available,,,,,,,,,,,,,63.0,180,91-180 days
HVW-P3-B4-01639,HVW,Phase 3,Building D,5,Apartment,1,225.0,0.0,20.4,Courtyard View,4682025.0,20809.0,2026-06-16,contracted,2024-10-04,2024-10-26,,CUS-000961,,AGT-025,6.1,4396421.47,7,12.7,2026-09-30,2026-09-30,63.0,0,0-30 days
HVW-P3-B4-01640,HVW,Phase 3,Building D,7,Apartment,1,98.4,42.5,0.0,Garden View,2585066.4,26271.0,2025-08-17,available,,,,,,,,,,,,,63.0,317,181-365 days
HVW-P3-B4-01641,HVW,Phase 3,Building D,1,Apartment,2,195.9,55.4,19.9,Pool View,4175608.5,21315.0,2025-11-22,cancelled,2026-06-30,2026-06-30,2026-06-30,CUS-000696,,AGT-026,5.1,3962652.47,6,18.7,2026-09-30,2026-09-30,63.0,220,181-365 days
HVW-P3-B4-01642,HVW,Phase 3,Building D,0,Townhouse,4,211.0,79.0,15.7,Pool View,3950764.0,18724.0,2026-04-14,available,,,,,,,,,,,,,63.0,77,31-90 days
HVW-P3-B4-01643,HVW,Phase 3,Building D,11,Apartment,1,159.1,42.2,22.3,Pool View,3618411.3,22743.0,2026-03-09,contracted,2024-12-22,2025-01-11,,CUS-000806,,AGT-024,4.2,3466438.03,5,18.7,2026-09-30,2026-09-30,63.0,0,0-30 days
HVW-P3-B4-01644,HVW,Phase 3,Building D,0,Apartment,3,184.2,0.0,29.8,Courtyard View,4669285.8,25349.0,2025-10-04,reserved,2024-08-18,,,CUS-000727,,AGT-025,6.4,4370451.51,7,18.8,2026-09-30,2026-09-30,63.0,0,0-30 days
HVW-P3-B4-01645,HVW,Phase 3,Building D,3,Apartment,1,228.7,14.3,0.0,Courtyard View,5655064.9,24727.0,2026-02-04,available,,,,,,,,,,,,,63.0,146,91-180 days
HVW-P3-B4-01646,HVW,Phase 3,Building D,10,Apartment,1,142.9,53.0,19.1,Garden View,3359579.0,23510.0,2026-01-19,reserved,2025-02-07,,,CUS-000764,,AGT-025,5.9,3161363.84,6,13.9,2026-09-30,2026-09-30,63.0,0,0-30 days
HVW-P3-B4-01647,HVW,Phase 3,Building D,0,Townhouse,3,239.0,84.5,17.3,Courtyard View,4583542.0,19178.0,2025-11-11,reserved,2026-04-13,,,CUS-000768,,AGT-028,6.6,4281028.23,7,12.3,2026-09-30,2026-09-30,63.0,153,91-180 days
HVW-P3-B4-01648,HVW,Phase 3,Building D,2,Apartment,3,197.6,0.0,0.0,Pool View,4615540.8,23358.0,2026-05-05,contracted,2025-12-27,2026-01-18,,CUS-000850,,AGT-025,5.5,4361686.06,5,15.8,2026-09-30,2026-09-30,63.0,0,0-30 days
HVW-P3-B4-01649,HVW,Phase 3,Building D,11,Apartment,2,188.1,44.8,0.0,Skyline View,3701243.7,19677.0,2026-03-07,contracted,2025-04-19,2025-05-23,,CUS-000760,,AGT-020,10.7,3305210.62,7,8.7,2026-09-30,2026-09-30,63.0,0,0-30 days
HVW-P3-B4-01650,HVW,Phase 3,Building D,9,Apartment,2,112.1,0.0,22.1,Garden View,2254106.8,20108.0,2025-10-22,cancelled,2025-09-24,,2025-11-07,CUS-000822,,AGT-027,4.5,2152671.99,7,13.5,2026-09-30,2026-09-30,63.0,0,0-30 days
HVW-P3-B4-01651,HVW,Phase 3,Building D,0,Townhouse,4,256.4,81.6,18.4,Skyline View,5911814.8,23057.0,2025-11-05,contracted,2025-06-24,2025-07-27,,CUS-000837,,AGT-023,10.2,5308809.69,8,8.7,2026-09-30,2026-09-30,63.0,0,0-30 days
HVW-P3-B4-01652,HVW,Phase 3,Building D,0,Townhouse,3,234.6,65.2,22.2,Pool View,5216565.6,22236.0,2025-12-21,contracted,2026-06-06,2026-06-26,,CUS-000697,,AGT-021,8.9,4752291.26,8,7.4,2026-09-30,2026-09-30,63.0,167,91-180 days
MER-P1-B1-01653,MER,Phase 1,Building A,7,Apartment,4,182.9,12.1,25.7,Courtyard View,10221732.3,55887.0,2024-05-10,handed_over,2026-04-24,2026-05-28,,CUS-001359,,AGT-029,5.8,9628871.83,6,18.1,2025-10-31,2025-10-31,93.0,714,365+ days
MER-P1-B1-01654,MER,Phase 1,Building A,11,Apartment,2,112.5,56.4,11.5,Skyline View,5153512.5,45809.0,2023-11-02,handed_over,2026-06-27,2026-06-30,,CUS-001247,,AGT-029,2.2,5040135.23,6,18.3,2025-10-31,2025-10-31,93.0,968,365+ days
MER-P1-B1-01655,MER,Phase 1,Building A,0,Duplex,4,187.3,0.0,0.0,Skyline View,10216653.1,54547.0,2023-09-03,handed_over,2025-09-21,2025-10-12,,CUS-001189,,AGT-029,2.6,9951020.12,4,19.2,2025-10-31,2025-10-31,93.0,749,365+ days
MER-P1-B1-01656,MER,Phase 1,Building A,6,Duplex,5,180.7,0.0,17.9,Garden View,9166730.3,50729.0,2024-03-17,reserved,2025-12-31,,,CUS-001182,,AGT-032,4.9,8717560.52,4,15.7,2025-10-31,2025-10-31,93.0,654,365+ days
MER-P1-B1-01657,MER,Phase 1,Building A,10,Duplex,4,124.3,50.5,26.6,Courtyard View,5615128.2,45174.0,2023-08-12,contracted,2025-09-21,2025-09-25,,CUS-001170,,AGT-029,5.2,5323141.53,5,17.2,2025-10-31,2025-10-31,93.0,771,365+ days
MER-P1-B1-01658,MER,Phase 1,Building A,14,Apartment,3,150.8,0.0,25.3,Skyline View,5943480.4,39413.0,2023-04-26,contracted,2024-11-05,2024-11-29,,CUS-001345,,AGT-029,5.6,5610645.5,3,22.6,2025-10-31,2025-10-31,93.0,559,365+ days
MER-P1-B1-01659,MER,Phase 1,Building A,12,Apartment,4,185.0,0.0,13.0,Courtyard View,10105995.0,54627.0,2023-07-02,handed_over,2026-05-16,2026-06-03,,CUS-001150,,AGT-032,3.3,9772497.16,5,23.6,2025-10-31,2025-10-31,93.0,1049,365+ days
MER-P1-B1-01660,MER,Phase 1,Building A,8,Duplex,4,133.2,48.7,0.0,Street View,6117876.0,45930.0,2023-07-20,contracted,2025-06-01,2025-07-05,,CUS-001326,,AGT-031,5.4,5787510.7,3,22.5,2025-10-31,2025-10-31,93.0,682,365+ days
MER-P1-B1-01661,MER,Phase 1,Building A,3,Duplex,4,98.0,59.3,29.5,Skyline View,3773588.0,38506.0,2024-04-07,handed_over,2026-02-12,2026-03-17,,CUS-001342,,AGT-029,4.4,3607550.13,5,17.9,2025-10-31,2025-10-31,93.0,676,365+ days
MER-P1-B1-01662,MER,Phase 1,Building A,7,Apartment,4,95.0,0.0,0.0,Courtyard View,5036805.0,53019.0,2024-02-03,handed_over,2025-03-22,2025-04-10,,CUS-001188,,AGT-032,3.7,4850443.21,5,18.9,2025-10-31,2025-10-31,93.0,413,365+ days
MER-P1-B1-01663,MER,Phase 1,Building A,0,Duplex,5,222.2,0.0,0.0,Garden View,12077236.6,54353.0,2023-12-31,handed_over,2026-01-18,2026-01-22,,CUS-001276,,AGT-030,2.1,11823614.63,5,20.8,2025-10-31,2025-10-31,93.0,749,365+ days
MER-P1-B1-01664,MER,Phase 1,Building A,7,Apartment,3,182.3,0.0,21.3,Garden View,8540755.0,46850.0,2023-05-12,handed_over,2026-01-29,2026-03-02,,CUS-001251,,AGT-029,4.6,8147880.27,6,24.7,2025-10-31,2025-10-31,93.0,993,365+ days
MER-P1-B1-01665,MER,Phase 1,Building A,10,Apartment,2,111.6,29.3,0.0,Skyline View,5910224.4,52959.0,2024-02-22,handed_over,2026-06-25,2026-06-30,,CUS-001248,,AGT-030,4.6,5638354.08,5,19.4,2025-10-31,2025-10-31,93.0,854,365+ days
MER-P1-B1-01666,MER,Phase 1,Building A,14,Apartment,3,163.8,35.9,27.0,Skyline View,7707117.6,47052.0,2024-04-11,handed_over,2025-12-14,2026-01-14,,CUS-001347,,AGT-029,3.6,7429661.37,6,22.1,2025-10-31,2025-10-31,93.0,612,365+ days
MER-P1-B1-01667,MER,Phase 1,Building A,11,Duplex,5,209.7,0.0,8.6,Skyline View,8926719.3,42569.0,2023-12-09,reserved,2024-08-08,,,CUS-001334,,AGT-031,3.8,8587503.97,5,24.1,2025-10-31,2025-10-31,93.0,243,181-365 days
MER-P1-B1-01668,MER,Phase 1,Building A,14,Apartment,3,140.7,0.0,18.0,Courtyard View,7378167.3,52439.0,2024-03-11,contracted,2025-03-17,2025-04-06,,CUS-001236,,AGT-029,4.5,7046149.77,3,20.4,2025-10-31,2025-10-31,93.0,371,365+ days
MER-P1-B1-01669,MER,Phase 1,Building A,12,Apartment,3,235.0,48.8,22.9,Garden View,13109005.0,55783.0,2023-09-10,handed_over,2025-04-26,2025-05-15,,CUS-001169,,AGT-032,3.7,12623971.82,3,22.8,2025-10-31,2025-10-31,93.0,594,365+ days
MER-P1-B1-01670,MER,Phase 1,Building A,1,Apartment,4,179.7,33.5,0.0,Pool View,7454315.4,41482.0,2023-03-27,reserved,2025-06-28,,,CUS-001320,,AGT-029,3.0,7230685.94,3,16.3,2025-10-31,2025-10-31,93.0,824,365+ days
MER-P1-B1-01671,MER,Phase 1,Building A,6,Apartment,3,106.7,44.0,0.0,Skyline View,4110297.4,38522.0,2023-05-16,handed_over,2024-11-05,2024-12-08,,CUS-001280,,AGT-032,5.3,3892451.64,3,23.1,2025-10-31,2025-10-31,93.0,539,365+ days
MER-P1-B1-01672,MER,Phase 1,Building A,5,Apartment,4,137.7,36.2,20.1,Street View,6238773.9,45307.0,2024-05-26,contracted,2025-04-27,2025-05-21,,CUS-001193,,AGT-029,2.0,6113998.42,4,16.9,2025-10-31,2025-10-31,93.0,336,181-365 days
MER-P1-B1-01673,MER,Phase 1,Building A,3,Apartment,3,140.4,0.0,23.0,Courtyard View,5694904.8,40562.0,2024-09-01,handed_over,2026-01-24,2026-02-24,,CUS-001174,,AGT-030,2.7,5541142.37,5,22.0,2025-10-31,2025-10-31,93.0,510,365+ days
MER-P1-B1-01674,MER,Phase 1,Building A,1,Duplex,3,165.6,20.7,19.8,Pool View,8684892.0,52445.0,2023-08-14,handed_over,2026-01-04,2026-01-29,,CUS-001171,,AGT-031,5.1,8241962.51,6,24.1,2025-10-31,2025-10-31,93.0,874,365+ days
MER-P1-B1-01675,MER,Phase 1,Building A,11,Duplex,3,186.4,0.0,0.0,Courtyard View,9766987.2,52398.0,2022-12-07,handed_over,2025-08-30,2025-10-04,,CUS-001147,,AGT-029,5.4,9239569.89,3,23.9,2025-10-31,2025-10-31,93.0,997,365+ days
MER-P1-B1-01676,MER,Phase 1,Building A,8,Duplex,5,137.3,0.0,0.0,Pool View,6995709.6,50952.0,2022-12-18,handed_over,2025-01-02,2025-01-14,,CUS-001265,,AGT-030,2.5,6820816.86,3,20.6,2025-10-31,2025-10-31,93.0,746,365+ days
MER-P1-B1-01677,MER,Phase 1,Building A,4,Apartment,2,113.6,0.0,0.0,Street View,5183568.0,45630.0,2023-03-31,handed_over,2026-04-10,2026-05-10,,CUS-001148,,AGT-029,2.5,5053978.8,5,15.9,2025-10-31,2025-10-31,93.0,1106,365+ days
MER-P1-B1-01678,MER,Phase 1,Building A,14,Apartment,3,146.3,0.0,11.0,Skyline View,7104913.2,48564.0,2023-09-01,contracted,2025-06-20,2025-06-25,,CUS-001313,,AGT-030,4.5,6785192.11,5,21.8,2025-10-31,2025-10-31,93.0,658,365+ days
MER-P1-B1-01679,MER,Phase 1,Building A,10,Duplex,3,183.6,0.0,16.1,Garden View,9044319.6,49261.0,2023-08-05,handed_over,2026-04-14,2026-04-24,,CUS-001304,,AGT-031,2.5,8818211.61,5,23.8,2025-10-31,2025-10-31,93.0,983,365+ days
MER-P1-B1-01680,MER,Phase 1,Building A,2,Apartment,2,100.2,0.0,20.3,Garden View,4526034.0,45170.0,2023-07-13,contracted,2024-10-14,2024-10-30,,CUS-001379,,AGT-032,2.8,4399305.05,5,19.0,2025-10-31,2025-10-31,93.0,459,365+ days
MER-P1-B1-01681,MER,Phase 1,Building A,0,Duplex,5,98.1,47.4,28.8,Street View,4287362.4,43704.0,2023-05-28,contracted,2024-07-30,2024-08-15,,CUS-001187,,AGT-031,2.1,4197327.79,5,15.1,2025-10-31,2025-10-31,93.0,429,365+ days
MER-P1-B1-01682,MER,Phase 1,Building A,14,Apartment,4,227.4,0.0,0.0,Street View,8891794.8,39102.0,2023-07-08,contracted,2024-08-01,2024-08-16,,CUS-001200,,AGT-029,3.5,8580581.98,5,23.9,2025-10-31,2025-10-31,93.0,390,365+ days
MER-P1-B1-01683,MER,Phase 1,Building A,4,Apartment,4,190.1,46.0,19.5,Skyline View,10474890.2,55102.0,2023-11-08,available,,,,,,,,,,,,,93.0,965,365+ days
MER-P1-B1-01684,MER,Phase 1,Building A,14,Duplex,5,205.6,0.0,0.0,Skyline View,9701647.2,47187.0,2024-06-07,contracted,2026-01-06,2026-01-22,,CUS-001184,,AGT-030,2.8,9430001.08,6,17.3,2025-10-31,2025-10-31,93.0,578,365+ days
MER-P1-B1-01685,MER,Phase 1,Building A,12,Duplex,3,96.0,27.8,0.0,Pool View,4372224.0,45544.0,2024-02-03,handed_over,2025-06-14,2025-07-09,,CUS-001365,,AGT-030,3.0,4241057.28,6,19.3,2025-10-31,2025-10-31,93.0,497,365+ days
MER-P1-B1-01686,MER,Phase 1,Building A,9,Apartment,3,233.5,0.0,22.0,Pool View,10428577.0,44662.0,2023-05-19,contracted,2026-05-20,2026-06-05,,CUS-001118,BRK-11,AGT-032,2.1,10209576.88,6,17.0,2025-10-31,2025-10-31,93.0,1097,365+ days
MER-P1-B1-01687,MER,Phase 1,Building A,10,Apartment,3,95.1,0.0,25.1,Pool View,4212169.2,44292.0,2023-12-01,handed_over,2025-07-10,2025-07-29,,CUS-001198,,AGT-031,5.6,3976287.72,4,22.3,2025-10-31,2025-10-31,93.0,587,365+ days
MER-P1-B1-01688,MER,Phase 1,Building A,2,Apartment,4,125.0,0.0,0.0,Pool View,5066375.0,40531.0,2023-04-23,reserved,2024-12-20,,,CUS-001225,,AGT-029,2.4,4944782.0,4,23.3,2025-10-31,2025-10-31,93.0,607,365+ days
MER-P1-B1-01689,MER,Phase 1,Building A,10,Duplex,4,228.0,0.0,0.0,Skyline View,11578752.0,50784.0,2024-05-05,handed_over,2024-11-01,2024-11-02,,CUS-001317,,AGT-032,2.5,11289283.2,4,20.1,2025-10-31,2025-10-31,93.0,180,91-180 days
MER-P1-B2-01690,MER,Phase 1,Building B,4,Apartment,2,147.8,4.7,26.9,Street View,6496696.8,43956.0,2023-07-26,reserved,2024-08-01,,,CUS-001172,,AGT-029,4.9,6178358.66,4,15.1,2025-10-31,2025-10-31,93.0,372,365+ days
MER-P1-B2-01691,MER,Phase 1,Building B,1,Duplex,4,148.7,0.0,0.0,Garden View,8070543.8,54274.0,2024-08-11,reserved,2025-02-03,,,CUS-001228,BRK-12,AGT-029,4.1,7739651.5,4,20.4,2025-10-31,2025-10-31,93.0,176,91-180 days
MER-P1-B2-01692,MER,Phase 1,Building B,0,Apartment,3,138.6,0.0,17.1,Street View,6168531.6,44506.0,2024-07-12,contracted,2025-02-25,2025-03-12,,CUS-001271,BRK-12,AGT-032,2.3,6026655.37,5,24.8,2025-10-31,2025-10-31,93.0,228,181-365 days
MER-P1-B2-01693,MER,Phase 1,Building B,5,Apartment,2,126.8,0.0,0.0,Courtyard View,4888140.0,38550.0,2024-08-19,cancelled,2024-11-25,2024-12-20,2025-02-04,CUS-001108,,AGT-030,4.9,4648621.14,5,17.4,2025-10-31,2025-10-31,93.0,98,91-180 days
MER-P1-B2-01694,MER,Phase 1,Building B,11,Apartment,2,136.7,47.3,13.8,Courtyard View,6130448.2,44846.0,2023-10-16,handed_over,2024-10-13,2024-10-30,,CUS-001371,,AGT-031,5.6,5787143.1,6,20.9,2025-10-31,2025-10-31,93.0,363,181-365 days
MER-P1-B2-01695,MER,Phase 1,Building B,4,Apartment,4,129.4,0.0,13.0,Skyline View,6793241.2,52498.0,2024-04-19,handed_over,2025-01-14,2025-01-28,,CUS-001221,,AGT-031,5.6,6412819.69,5,24.9,2025-10-31,2025-10-31,93.0,270,181-365 days
MER-P1-B2-01696,MER,Phase 1,Building B,6,Apartment,4,152.8,0.0,13.0,Garden View,8121167.2,53149.0,2024-04-06,contracted,2024-09-06,2024-09-30,,CUS-001339,,AGT-030,4.6,7747593.51,4,20.0,2025-10-31,2025-10-31,93.0,153,91-180 days
MER-P1-B2-01697,MER,Phase 1,Building B,4,Apartment,2,184.7,52.6,23.0,Street View,9511680.6,51498.0,2023-07-14,reserved,2025-08-22,,,CUS-001341,BRK-01,AGT-032,3.9,9140725.06,5,20.1,2025-10-31,2025-10-31,93.0,770,365+ days
MER-P1-B2-01698,MER,Phase 1,Building B,1,Apartment,3,173.4,0.0,0.0,Garden View,7687515.6,44334.0,2024-08-23,available,,,,,,,,,,,,,93.0,676,365+ days
MER-P1-B2-01699,MER,Phase 1,Building B,11,Apartment,4,96.7,59.9,23.8,Garden View,4485719.6,46388.0,2024-02-22,handed_over,2026-03-15,2026-04-04,,CUS-001211,,AGT-030,4.5,4283862.22,6,17.3,2025-10-31,2025-10-31,93.0,752,365+ days
MER-P1-B2-01700,MER,Phase 1,Building B,3,Apartment,3,160.5,54.5,23.3,Skyline View,6625119.0,41278.0,2023-03-07,contracted,2026-03-23,2026-04-05,,CUS-001114,,AGT-029,4.1,6353489.12,3,23.1,2025-10-31,2025-10-31,93.0,1112,365+ days
MER-P1-B2-01701,MER,Phase 1,Building B,1,Apartment,2,140.8,36.2,26.8,Street View,5419110.4,38488.0,2023-12-02,contracted,2026-04-26,2026-05-18,,CUS-001321,,AGT-030,5.6,5115640.22,6,22.5,2025-10-31,2025-10-31,93.0,876,365+ days
MER-P1-B2-01702,MER,Phase 1,Building B,5,Duplex,4,103.5,0.0,23.7,Courtyard View,4913041.5,47469.0,2024-03-31,handed_over,2025-11-15,2025-12-02,,CUS-001135,,AGT-032,3.9,4721432.88,3,21.6,2025-10-31,2025-10-31,93.0,594,365+ days
MER-P1-B2-01703,MER,Phase 1,Building B,10,Apartment,4,132.3,0.0,26.4,Street View,6651779.4,50278.0,2024-03-07,reserved,2026-04-10,,,CUS-001373,,AGT-031,5.5,6285931.53,6,24.9,2025-10-31,2025-10-31,93.0,764,365+ days
MER-P1-B2-01704,MER,Phase 1,Building B,1,Apartment,2,210.0,52.3,0.0,Pool View,8774850.0,41785.0,2024-04-26,contracted,2025-05-13,2025-05-24,,CUS-001262,,AGT-031,3.6,8458955.4,4,21.6,2025-10-31,2025-10-31,93.0,382,365+ days
MER-P1-B2-01705,MER,Phase 1,Building B,11,Apartment,4,102.1,0.0,0.0,Courtyard View,5024851.5,49215.0,2023-09-25,handed_over,2025-01-28,2025-02-19,,CUS-001094,,AGT-031,2.9,4879130.81,3,19.3,2025-10-31,2025-10-31,93.0,491,365+ days
MER-P1-B2-01706,MER,Phase 1,Building B,3,Duplex,5,231.8,0.0,10.4,Skyline View,12820626.2,55309.0,2023-07-29,contracted,2025-05-30,2025-06-11,,CUS-001374,BRK-08,AGT-031,5.3,12141133.01,5,17.5,2025-10-31,2025-10-31,93.0,671,365+ days
MER-P1-B2-01707,MER,Phase 1,Building B,4,Apartment,4,232.9,49.2,23.3,Garden View,12294325.2,52788.0,2024-01-06,reserved,2025-12-19,,,CUS-001119,,AGT-029,5.3,11642725.96,4,16.5,2025-10-31,2025-10-31,93.0,713,365+ days
MER-P1-B2-01708,MER,Phase 1,Building B,1,Apartment,4,153.3,54.9,0.0,Garden View,7429377.9,48463.0,2023-12-01,reserved,2026-06-18,,,CUS-001109,BRK-05,AGT-030,2.7,7228784.7,4,17.2,2025-10-31,2025-10-31,93.0,930,365+ days
MER-P1-B2-01709,MER,Phase 1,Building B,8,Apartment,4,226.6,0.0,0.0,Skyline View,9926892.8,43808.0,2024-03-04,handed_over,2025-07-20,2025-07-31,,CUS-001285,,AGT-030,2.6,9668793.59,4,17.7,2025-10-31,2025-10-31,93.0,503,365+ days
MER-P1-B2-01710,MER,Phase 1,Building B,8,Apartment,2,193.2,16.1,13.1,Pool View,10333881.6,53488.0,2022-12-19,handed_over,2026-01-26,2026-02-08,,CUS-001158,,AGT-029,2.1,10116870.09,5,23.3,2025-10-31,2025-10-31,93.0,1134,365+ days
MER-P1-B2-01711,MER,Phase 1,Building B,9,Apartment,3,238.0,0.0,27.8,Skyline View,11741968.0,49336.0,2024-03-08,handed_over,2025-01-24,2025-01-31,,CUS-001190,,AGT-031,5.5,11096159.76,3,24.2,2025-10-31,2025-10-31,93.0,322,181-365 days
MER-P1-B2-01712,MER,Phase 1,Building B,11,Apartment,3,192.2,0.0,25.3,Garden View,10454334.6,54393.0,2024-01-04,contracted,2025-12-14,2025-12-21,,CUS-001164,BRK-11,AGT-031,4.4,9994343.88,3,21.8,2025-10-31,2025-10-31,93.0,710,365+ days
MER-P1-B2-01713,MER,Phase 1,Building B,1,Apartment,3,221.6,0.0,29.5,Street View,12187778.4,54999.0,2023-09-06,reserved,2024-08-14,,,CUS-001254,BRK-11,AGT-031,2.4,11895271.72,6,16.0,2025-10-31,2025-10-31,93.0,343,181-365 days
MER-P1-B2-01714,MER,Phase 1,Building B,7,Apartment,3,180.9,0.0,0.0,Courtyard View,7801674.3,43127.0,2024-06-15,contracted,2025-12-22,2025-12-28,,CUS-001133,,AGT-031,2.7,7591029.09,4,24.9,2025-10-31,2025-10-31,93.0,555,365+ days
MER-P1-B2-01715,MER,Phase 1,Building B,3,Apartment,4,155.9,20.8,25.7,Pool View,7821814.8,50172.0,2022-12-21,handed_over,2024-12-23,2025-01-22,,CUS-001234,,AGT-030,3.0,7587160.36,5,18.9,2025-10-31,2025-10-31,93.0,733,365+ days
MER-P1-B2-01716,MER,Phase 1,Building B,5,Apartment,4,213.8,14.2,0.0,Skyline View,11034859.4,51613.0,2024-04-26,handed_over,2025-06-26,2025-07-12,,CUS-001227,,AGT-029,3.6,10637604.46,6,19.8,2025-10-31,2025-10-31,93.0,426,365+ days
MER-P1-B2-01717,MER,Phase 1,Building B,0,Apartment,3,229.9,0.0,18.8,Pool View,10653566.0,46340.0,2023-07-30,contracted,2025-11-13,2025-11-22,,CUS-001199,,AGT-030,2.8,10355266.15,4,22.0,2025-10-31,2025-10-31,93.0,837,365+ days
MER-P1-B2-01718,MER,Phase 1,Building B,3,Apartment,4,234.3,0.0,9.7,Courtyard View,11627371.8,49626.0,2023-12-13,reserved,2025-04-10,,,CUS-001277,,AGT-029,4.9,11057630.58,6,20.9,2025-10-31,2025-10-31,93.0,484,365+ days
MER-P1-B2-01719,MER,Phase 1,Building B,11,Apartment,3,98.1,38.3,18.2,Garden View,4583428.2,46722.0,2023-07-11,contracted,2026-03-12,2026-04-08,,CUS-001152,,AGT-030,5.6,4326756.22,3,16.0,2025-10-31,2025-10-31,93.0,975,365+ days
MER-P1-B2-01720,MER,Phase 1,Building B,11,Duplex,5,209.7,0.0,23.3,Skyline View,10126203.3,48289.0,2024-08-17,contracted,2025-02-15,2025-03-02,,CUS-001281,,AGT-032,2.0,9923679.23,3,24.5,2025-10-31,2025-10-31,93.0,182,181-365 days
MER-P1-B2-01721,MER,Phase 1,Building B,4,Apartment,3,227.5,0.0,19.6,Skyline View,12630117.5,55517.0,2023-01-28,reserved,2025-05-03,,,CUS-001134,,AGT-032,2.3,12339624.8,5,20.1,2025-10-31,2025-10-31,93.0,826,365+ days
MER-P1-B2-01722,MER,Phase 1,Building B,4,Apartment,2,192.7,0.0,19.9,Garden View,7325297.8,38014.0,2023-01-19,contracted,2025-01-01,2025-01-14,,CUS-001268,,AGT-032,5.2,6944382.31,5,24.4,2025-10-31,2025-10-31,93.0,713,365+ days
MER-P1-B2-01723,MER,Phase 1,Building B,3,Duplex,3,172.8,0.0,24.9,Pool View,8570534.4,49598.0,2023-05-19,contracted,2024-09-03,2024-09-09,,CUS-001297,,AGT-031,5.0,8142007.68,6,23.1,2025-10-31,2025-10-31,93.0,473,365+ days
MER-P1-B2-01724,MER,Phase 1,Building B,10,Apartment,4,105.1,0.0,0.0,Courtyard View,5839250.9,55559.0,2024-09-02,contracted,2024-10-14,2024-10-31,,CUS-001197,,AGT-030,5.0,5547288.36,6,16.3,2025-10-31,2025-10-31,93.0,42,31-90 days
MER-P1-B2-01725,MER,Phase 1,Building B,1,Apartment,4,219.1,54.7,0.0,Skyline View,11358363.1,51841.0,2022-12-08,contracted,2024-12-08,2025-01-06,,CUS-001351,,AGT-031,2.3,11097120.75,5,24.9,2025-10-31,2025-10-31,93.0,731,365+ days
MER-P1-B2-01726,MER,Phase 1,Building B,13,Apartment,4,186.2,43.6,11.0,Courtyard View,8303961.4,44597.0,2024-01-26,contracted,2026-02-03,2026-02-27,,CUS-001245,,AGT-030,2.9,8063146.52,3,22.8,2025-10-31,2025-10-31,93.0,739,365+ days
MER-P1-B3-01727,MER,Phase 1,Building C,5,Apartment,3,214.5,0.0,10.2,Pool View,10783129.5,50271.0,2024-07-03,contracted,2024-08-27,2024-09-15,,CUS-001149,BRK-13,AGT-029,3.2,10438069.36,6,22.7,2025-10-31,2025-10-31,93.0,55,31-90 days
MER-P1-B3-01728,MER,Phase 1,Building C,3,Apartment,4,186.5,16.7,0.0,Skyline View,9916764.5,53173.0,2024-06-20,contracted,2025-01-03,2025-01-15,,CUS-001136,,AGT-031,3.0,9619261.57,5,22.6,2025-10-31,2025-10-31,93.0,197,181-365 days
MER-P1-B3-01729,MER,Phase 1,Building C,5,Apartment,3,167.7,0.0,25.4,Courtyard View,6715546.5,40045.0,2024-05-28,reserved,2025-11-07,,,CUS-001287,BRK-04,AGT-032,5.2,6366338.08,6,23.0,2025-10-31,2025-10-31,93.0,528,365+ days
MER-P1-B3-01730,MER,Phase 1,Building C,5,Apartment,3,148.6,0.0,25.7,Skyline View,8282666.8,55738.0,2023-04-06,contracted,2024-10-16,2024-10-24,,CUS-001113,,AGT-031,5.0,7868533.46,5,21.7,2025-10-31,2025-10-31,93.0,559,365+ days
MER-P1-B3-01731,MER,Phase 1,Building C,1,Apartment,3,211.6,0.0,26.6,Street View,10759225.2,50847.0,2024-06-30,handed_over,2025-01-01,2025-02-02,,CUS-001181,,AGT-029,3.4,10393411.54,6,19.6,2025-10-31,2025-10-31,93.0,185,181-365 days
MER-P1-B3-01732,MER,Phase 1,Building C,1,Apartment,3,111.4,24.0,0.0,Street View,4454774.6,39989.0,2023-10-30,handed_over,2024-12-11,2025-01-12,,CUS-001279,,AGT-032,2.8,4330040.91,5,15.6,2025-10-31,2025-10-31,93.0,408,365+ days
MER-P1-B3-01733,MER,Phase 1,Building C,14,Apartment,3,239.3,0.0,23.6,Skyline View,10970708.5,45845.0,2023-03-14,reserved,2025-01-12,,,CUS-001368,,AGT-031,3.3,10608675.12,5,23.1,2025-10-31,2025-10-31,93.0,670,365+ days
MER-P1-B3-01734,MER,Phase 1,Building C,3,Duplex,3,171.6,7.5,21.3,Pool View,8119768.8,47318.0,2023-03-06,reserved,2024-12-18,,,CUS-001223,,AGT-030,2.4,7924894.35,6,24.3,2025-10-31,2025-10-31,93.0,653,365+ days
MER-P1-B3-01735,MER,Phase 1,Building C,7,Apartment,2,98.9,0.0,0.0,Skyline View,4579861.2,46308.0,2024-08-01,contracted,2025-01-13,2025-01-27,,CUS-001305,BRK-12,AGT-031,2.5,4465364.67,3,22.0,2025-10-31,2025-10-31,93.0,165,91-180 days
MER-P1-B3-01736,MER,Phase 1,Building C,10,Apartment,2,161.0,0.0,0.0,Garden View,7369775.0,45775.0,2024-06-26,handed_over,2026-02-12,2026-03-15,,CUS-001350,,AGT-031,2.1,7215009.73,3,17.6,2025-10-31,2025-10-31,93.0,596,365+ days
MER-P1-B3-01737,MER,Phase 1,Building C,12,Duplex,5,150.6,0.0,0.0,Pool View,7761924.0,51540.0,2024-06-23,handed_over,2024-07-17,2024-08-18,,CUS-001115,,AGT-032,2.0,7606685.52,5,22.8,2025-10-31,2025-10-31,93.0,24,0-30 days
MER-P1-B3-01738,MER,Phase 1,Building C,5,Duplex,5,217.0,56.8,28.3,Pool View,9209263.0,42439.0,2024-08-14,contracted,2024-12-11,2024-12-17,,CUS-001335,,AGT-031,2.5,8979031.42,3,17.0,2025-10-31,2025-10-31,93.0,119,91-180 days
MER-P1-B3-01739,MER,Phase 1,Building C,8,Apartment,4,131.8,0.0,0.0,Street View,6828821.6,51812.0,2024-08-20,contracted,2025-07-26,2025-08-15,,CUS-001263,,AGT-029,4.3,6535182.27,5,19.9,2025-10-31,2025-10-31,93.0,340,181-365 days
MER-P1-B3-01740,MER,Phase 1,Building C,3,Apartment,3,165.5,0.0,20.3,Street View,6801388.0,41096.0,2024-05-13,contracted,2025-03-20,2025-03-29,,CUS-001311,,AGT-030,5.9,6400106.11,3,20.4,2025-10-31,2025-10-31,93.0,311,181-365 days
MER-P1-B3-01741,MER,Phase 1,Building C,8,Apartment,3,207.4,26.4,15.8,Skyline View,10629250.0,51250.0,2023-07-09,handed_over,2025-09-10,2025-10-08,,CUS-001185,,AGT-029,5.7,10023382.75,4,18.0,2025-10-31,2025-10-31,93.0,794,365+ days
MER-P1-B3-01742,MER,Phase 1,Building C,12,Apartment,2,144.3,0.0,15.2,Skyline View,7089026.1,49127.0,2023-01-30,handed_over,2025-08-03,2025-08-28,,CUS-001121,,AGT-030,3.5,6840910.19,4,23.6,2025-10-31,2025-10-31,93.0,916,365+ days
MER-P1-B3-01743,MER,Phase 1,Building C,8,Apartment,2,102.3,0.0,0.0,Garden View,5494226.1,53707.0,2024-07-10,available,,,,,,,,,,,,,93.0,720,365+ days
MER-P1-B3-01744,MER,Phase 1,Building C,7,Apartment,4,185.5,0.0,27.8,Courtyard View,8505731.5,45853.0,2023-07-02,handed_over,2026-01-13,2026-02-07,,CUS-001205,,AGT-032,3.2,8233548.09,5,16.3,2025-10-31,2025-10-31,93.0,926,365+ days
MER-P1-B3-01745,MER,Phase 1,Building C,5,Duplex,3,232.8,0.0,12.4,Skyline View,11092687.2,47649.0,2023-05-13,handed_over,2025-03-24,2025-04-08,,CUS-001163,BRK-08,AGT-032,2.3,10837555.39,5,18.6,2025-10-31,2025-10-31,93.0,681,365+ days
MER-P1-B3-01746,MER,Phase 1,Building C,14,Apartment,3,132.2,0.0,0.0,Pool View,6771548.4,51222.0,2023-08-08,contracted,2025-10-03,2025-10-24,,CUS-001238,,AGT-029,5.4,6405884.79,4,20.9,2025-10-31,2025-10-31,93.0,787,365+ days
MER-P1-B3-01747,MER,Phase 1,Building C,5,Apartment,4,168.2,0.0,0.0,Street View,8888529.0,52845.0,2023-09-19,handed_over,2025-12-25,2025-12-26,,CUS-001105,,AGT-029,4.3,8506322.25,4,22.2,2025-10-31,2025-10-31,93.0,828,365+ days
MER-P1-B3-01748,MER,Phase 1,Building C,8,Apartment,4,233.1,0.0,25.4,Skyline View,12575045.7,53947.0,2023-10-27,available,,,,,,,,,,,,,93.0,977,365+ days
MER-P1-B3-01749,MER,Phase 1,Building C,10,Apartment,4,177.1,0.0,0.0,Garden View,8072749.3,45583.0,2024-03-12,contracted,2025-03-27,2025-04-10,,CUS-001100,,AGT-029,2.8,7846712.32,6,21.8,2025-10-31,2025-10-31,93.0,380,365+ days
MER-P1-B3-01750,MER,Phase 1,Building C,13,Duplex,5,113.2,0.0,0.0,Pool View,4975479.6,43953.0,2023-02-14,handed_over,2025-01-01,2025-01-13,,CUS-001324,,AGT-029,4.0,4776460.42,6,16.2,2025-10-31,2025-10-31,93.0,687,365+ days
MER-P1-B3-01751,MER,Phase 1,Building C,6,Apartment,3,125.8,0.0,0.0,Pool View,5453807.4,43353.0,2024-02-22,handed_over,2025-02-12,2025-03-06,,CUS-001110,BRK-05,AGT-031,2.7,5306554.6,3,24.0,2025-10-31,2025-10-31,93.0,356,181-365 days
MER-P1-B3-01752,MER,Phase 1,Building C,1,Apartment,4,115.6,49.7,25.3,Pool View,6126222.0,52995.0,2023-07-08,contracted,2024-12-14,2025-01-03,,CUS-001206,,AGT-030,4.5,5850542.01,5,18.1,2025-10-31,2025-10-31,93.0,525,365+ days
MER-P1-B3-01753,MER,Phase 1,Building C,0,Apartment,4,201.5,0.0,0.0,Garden View,10035103.0,49802.0,2023-09-28,handed_over,2025-12-20,2026-01-11,,CUS-001367,,AGT-029,4.0,9633698.88,3,22.7,2025-10-31,2025-10-31,93.0,814,365+ days
MER-P1-B3-01754,MER,Phase 1,Building C,6,Apartment,2,112.4,42.3,0.0,Garden View,5121393.6,45564.0,2023-06-30,contracted,2026-05-03,2026-05-04,,CUS-001096,,AGT-031,6.0,4814109.98,5,17.6,2025-10-31,2025-10-31,93.0,1038,365+ days
MER-P1-B3-01755,MER,Phase 1,Building C,6,Apartment,4,202.2,0.0,0.0,Skyline View,9011447.4,44567.0,2023-07-23,contracted,2025-02-21,2025-03-10,,CUS-001219,BRK-09,AGT-029,4.8,8578897.92,5,20.1,2025-10-31,2025-10-31,93.0,579,365+ days
MER-P1-B3-01756,MER,Phase 1,Building C,6,Apartment,2,163.0,6.7,0.0,Garden View,6477457.0,39739.0,2023-10-08,handed_over,2024-11-23,2024-12-19,,CUS-001275,,AGT-029,4.4,6192448.89,5,17.8,2025-10-31,2025-10-31,93.0,412,365+ days
MER-P1-B3-01757,MER,Phase 1,Building C,13,Apartment,3,239.6,0.0,11.9,Garden View,10864422.4,45344.0,2024-04-24,contracted,2024-09-15,2024-09-16,,CUS-001272,BRK-11,AGT-031,5.6,10256014.75,4,24.6,2025-10-31,2025-10-31,93.0,144,91-180 days
MER-P1-B3-01758,MER,Phase 1,Building C,10,Apartment,2,184.8,0.0,17.2,Pool View,9466934.4,51228.0,2023-03-17,handed_over,2026-04-01,2026-04-21,,CUS-001111,,AGT-029,4.8,9012521.55,4,21.5,2025-10-31,2025-10-31,93.0,1111,365+ days
MER-P1-B3-01759,MER,Phase 1,Building C,14,Apartment,2,145.4,0.0,27.8,Pool View,7694858.8,52922.0,2023-10-11,contracted,2025-06-16,2025-07-03,,CUS-001124,,AGT-029,2.8,7479402.75,3,20.2,2025-10-31,2025-10-31,93.0,614,365+ days
MER-P1-B3-01760,MER,Phase 1,Building C,9,Apartment,3,144.4,42.9,14.1,Skyline View,7725111.2,53498.0,2024-04-16,handed_over,2025-07-27,2025-09-18,,CUS-001213,,AGT-031,5.0,7338855.64,6,17.2,2025-10-31,2025-10-31,93.0,467,365+ days
MER-P1-B3-01761,MER,Phase 1,Building C,4,Duplex,3,236.7,0.0,11.1,Skyline View,12444975.9,52577.0,2024-04-03,available,,,,,,,,,,,,,93.0,818,365+ days
MER-P1-B3-01762,MER,Phase 1,Building C,1,Duplex,3,102.9,0.0,15.3,Street View,4145326.5,40285.0,2023-06-10,handed_over,2026-01-13,2026-02-16,,CUS-001378,,AGT-031,4.1,3975368.11,3,22.0,2025-10-31,2025-10-31,93.0,948,365+ days
MER-P1-B3-01763,MER,Phase 1,Building C,0,Apartment,3,233.4,22.0,26.1,Courtyard View,12151504.2,52063.0,2024-01-21,contracted,2025-09-28,2025-10-16,,CUS-001208,,AGT-030,4.0,11665444.03,3,18.9,2025-10-31,2025-10-31,93.0,616,365+ days
MER-P1-B4-01764,MER,Phase 1,Building D,11,Apartment,4,212.6,0.0,18.8,Pool View,10585354.0,49790.0,2024-01-02,handed_over,2025-08-06,2025-09-04,,CUS-001168,,AGT-029,5.9,9960818.11,6,17.5,2025-10-31,2025-10-31,93.0,582,365+ days
MER-P1-B4-01765,MER,Phase 1,Building D,9,Duplex,3,211.4,0.0,10.6,Street View,8952790.0,42350.0,2022-12-06,contracted,2025-11-11,2025-11-27,,CUS-001306,,AGT-029,3.5,8639442.35,5,18.6,2025-10-31,2025-10-31,93.0,1071,365+ days
MER-P1-B4-01766,MER,Phase 1,Building D,3,Duplex,3,213.4,35.3,0.0,Pool View,9831764.8,46072.0,2023-08-01,contracted,2024-07-15,2024-08-07,,CUS-001127,,AGT-032,2.7,9566307.15,4,24.9,2025-10-31,2025-10-31,93.0,349,181-365 days
MER-P1-B4-01767,MER,Phase 1,Building D,11,Apartment,3,192.1,0.0,24.6,Street View,10198012.7,53087.0,2023-06-26,reserved,2025-06-21,,,CUS-001116,,AGT-031,4.8,9708508.09,5,23.9,2025-10-31,2025-10-31,93.0,726,365+ days
MER-P1-B4-01768,MER,Phase 1,Building D,9,Apartment,2,209.0,0.0,24.5,Garden View,11392590.0,54510.0,2023-07-11,handed_over,2026-02-16,2026-02-17,,CUS-001129,,AGT-029,5.1,10811567.91,5,22.7,2025-10-31,2025-10-31,93.0,951,365+ days
MER-P1-B4-01769,MER,Phase 1,Building D,0,Apartment,3,134.0,0.0,22.6,Skyline View,6979390.0,52085.0,2023-07-01,contracted,2024-10-28,2024-11-19,,CUS-001201,,AGT-031,5.1,6623441.11,6,16.7,2025-10-31,2025-10-31,93.0,485,365+ days
MER-P1-B4-01770,MER,Phase 1,Building D,9,Duplex,3,167.9,0.0,11.8,Street View,7876356.9,46911.0,2024-08-12,contracted,2025-08-23,2025-08-28,,CUS-001299,,AGT-030,4.5,7521920.84,5,21.6,2025-10-31,2025-10-31,93.0,376,365+ days
MER-P1-B4-01771,MER,Phase 1,Building D,14,Apartment,2,143.1,32.2,21.8,Pool View,6188931.9,43249.0,2024-05-13,reserved,2026-06-04,,,CUS-001202,,AGT-029,3.1,5997075.01,6,15.6,2025-10-31,2025-10-31,93.0,752,365+ days
MER-P1-B4-01772,MER,Phase 1,Building D,10,Apartment,4,101.9,0.0,15.9,Skyline View,4551159.7,44663.0,2023-07-10,handed_over,2025-03-07,2025-04-10,,CUS-001142,,AGT-030,3.5,4391869.11,4,18.0,2025-10-31,2025-10-31,93.0,606,365+ days
MER-P1-B4-01773,MER,Phase 1,Building D,11,Duplex,5,217.6,0.0,24.1,Garden View,8912025.6,40956.0,2024-05-13,contracted,2024-07-06,2024-07-09,,CUS-001302,,AGT-029,3.5,8600104.7,5,15.2,2025-10-31,2025-10-31,93.0,54,31-90 days
MER-P1-B4-01774,MER,Phase 1,Building D,0,Apartment,2,156.2,0.0,0.0,Courtyard View,8332801.4,53347.0,2024-08-21,contracted,2025-11-21,2025-12-06,,CUS-001144,,AGT-032,4.6,7949492.54,3,19.7,2025-10-31,2025-10-31,93.0,457,365+ days
MER-P1-B4-01775,MER,Phase 1,Building D,2,Apartment,3,117.5,0.0,0.0,Street View,4566990.0,38868.0,2023-05-11,handed_over,2025-09-24,2025-10-14,,CUS-001336,,AGT-032,2.5,4452815.25,5,19.6,2025-10-31,2025-10-31,93.0,867,365+ days
MER-P1-B4-01776,MER,Phase 1,Building D,8,Apartment,4,160.5,0.0,0.0,Courtyard View,8335246.5,51933.0,2024-02-16,handed_over,2025-03-10,2025-03-18,,CUS-001314,BRK-05,AGT-029,2.5,8126865.34,3,18.2,2025-10-31,2025-10-31,93.0,388,365+ days
MER-P1-B4-01777,MER,Phase 1,Building D,5,Apartment,4,219.0,46.2,14.5,Pool View,11960466.0,54614.0,2023-01-31,available,,,,,,,,,,,,,93.0,1246,365+ days
MER-P1-B4-01778,MER,Phase 1,Building D,1,Apartment,3,233.7,0.0,27.9,Pool View,12449900.1,53273.0,2024-02-06,handed_over,2024-10-10,2024-10-19,,CUS-001370,,AGT-031,5.6,11752705.69,4,22.4,2025-10-31,2025-10-31,93.0,247,181-365 days
MER-P1-B4-01779,MER,Phase 1,Building D,13,Apartment,3,150.3,0.0,17.0,Courtyard View,8128825.2,54084.0,2023-09-04,handed_over,2026-05-31,2026-06-28,,CUS-001126,,AGT-031,4.2,7787414.54,5,18.3,2025-10-31,2025-10-31,93.0,1000,365+ days
MER-P1-B4-01780,MER,Phase 1,Building D,9,Apartment,2,115.5,0.0,0.0,Street View,4927461.0,42662.0,2023-02-16,cancelled,2024-11-17,2024-11-27,2025-01-04,CUS-001366,,AGT-031,2.8,4789492.09,4,17.0,2025-10-31,2025-10-31,93.0,640,365+ days
MER-P1-B4-01781,MER,Phase 1,Building D,4,Apartment,2,187.9,13.0,24.8,Skyline View,8551329.0,45510.0,2024-03-13,handed_over,2025-08-11,2025-08-24,,CUS-001286,,AGT-031,2.6,8328994.45,4,22.5,2025-10-31,2025-10-31,93.0,516,365+ days
MER-P1-B4-01782,MER,Phase 1,Building D,9,Apartment,4,101.1,13.0,0.0,Street View,4160467.2,41152.0,2024-02-01,handed_over,2025-12-09,2026-01-09,,CUS-001191,,AGT-029,3.1,4031492.72,4,20.6,2025-10-31,2025-10-31,93.0,677,365+ days
MER-P1-B4-01783,MER,Phase 1,Building D,3,Duplex,3,116.2,31.9,0.0,Street View,4481369.2,38566.0,2024-05-30,contracted,2025-11-29,2025-12-16,,CUS-001301,,AGT-031,2.9,4351409.49,3,23.3,2025-10-31,2025-10-31,93.0,548,365+ days
MER-P1-B4-01784,MER,Phase 1,Building D,14,Apartment,4,161.2,0.0,18.4,Garden View,8515228.8,52824.0,2023-03-15,reserved,2026-04-04,,,CUS-001257,,AGT-032,5.4,8055406.44,4,24.9,2025-10-31,2025-10-31,93.0,1116,365+ days
MER-P1-B4-01785,MER,Phase 1,Building D,4,Apartment,3,214.2,0.0,0.0,Pool View,9085293.0,42415.0,2023-06-10,reserved,2025-10-23,,,CUS-001267,,AGT-030,2.4,8867245.97,4,16.9,2025-10-31,2025-10-31,93.0,866,365+ days
MER-P1-B4-01786,MER,Phase 1,Building D,6,Apartment,2,145.4,0.0,25.1,Courtyard View,5986845.0,41175.0,2023-03-26,handed_over,2025-06-23,2025-07-04,,CUS-001160,,AGT-031,2.6,5831187.03,3,15.8,2025-10-31,2025-10-31,93.0,820,365+ days
MER-P1-B4-01787,MER,Phase 1,Building D,13,Apartment,2,198.0,0.0,0.0,Pool View,7891488.0,39856.0,2022-12-11,contracted,2024-11-16,2024-12-15,,CUS-001303,,AGT-029,3.0,7654743.36,3,20.7,2025-10-31,2025-10-31,93.0,706,365+ days
MER-P1-B4-01788,MER,Phase 1,Building D,1,Duplex,4,172.2,0.0,14.2,Pool View,7499826.6,43553.0,2024-05-31,handed_over,2026-03-23,2026-04-03,,CUS-001154,BRK-14,AGT-031,3.9,7207333.36,4,18.6,2025-10-31,2025-10-31,93.0,661,365+ days
MER-P1-B4-01789,MER,Phase 1,Building D,0,Apartment,3,203.6,0.0,9.3,Garden View,9144897.6,44916.0,2024-09-02,handed_over,2026-06-12,2026-06-22,,CUS-001355,,AGT-032,3.9,8788246.59,3,15.7,2025-10-31,2025-10-31,93.0,648,365+ days
MER-P1-B4-01790,MER,Phase 1,Building D,3,Apartment,4,178.6,0.0,0.0,Courtyard View,9089847.0,50895.0,2023-06-04,handed_over,2025-01-29,2025-02-22,,CUS-001192,,AGT-031,2.9,8826241.44,3,23.6,2025-10-31,2025-10-31,93.0,605,365+ days
MER-P1-B4-01791,MER,Phase 1,Building D,6,Duplex,4,117.7,27.9,0.0,Garden View,6233862.8,52964.0,2023-04-01,handed_over,2024-08-11,2024-09-07,,CUS-001295,,AGT-031,4.2,5972040.56,5,19.7,2025-10-31,2025-10-31,93.0,498,365+ days
MER-P1-B4-01792,MER,Phase 1,Building D,1,Apartment,4,178.0,0.0,22.9,Skyline View,8791420.0,49390.0,2023-06-15,handed_over,2025-10-30,2025-12-03,,CUS-001253,,AGT-030,4.9,8360640.42,3,20.2,2025-10-31,2025-10-31,93.0,868,365+ days
MER-P1-B4-01793,MER,Phase 1,Building D,7,Apartment,2,103.0,0.0,29.2,Pool View,4555175.0,44225.0,2023-07-28,contracted,2025-06-13,2025-07-07,,CUS-001296,,AGT-031,5.3,4313750.73,5,24.8,2025-10-31,2025-10-31,93.0,686,365+ days
MER-P1-B4-01794,MER,Phase 1,Building D,6,Duplex,3,169.2,0.0,16.6,Pool View,8676406.8,51279.0,2023-01-28,contracted,2025-10-10,2025-11-02,,CUS-001183,,AGT-031,3.0,8416114.6,5,23.6,2025-10-31,2025-10-31,93.0,986,365+ days
MER-P1-B4-01795,MER,Phase 1,Building D,10,Apartment,3,167.1,0.0,27.7,Garden View,6478634.1,38771.0,2023-04-14,handed_over,2025-08-02,2025-08-20,,CUS-001179,,AGT-030,4.2,6206531.47,4,23.0,2025-10-31,2025-10-31,93.0,841,365+ days
MER-P1-B4-01796,MER,Phase 1,Building D,12,Apartment,4,163.9,0.0,15.6,Pool View,7203241.1,43949.0,2023-03-28,handed_over,2025-08-10,2025-09-03,,CUS-001258,,AGT-032,4.2,6900704.97,5,15.1,2025-10-31,2025-10-31,93.0,866,365+ days
MER-P1-B4-01797,MER,Phase 1,Building D,10,Apartment,4,139.8,0.0,11.4,Garden View,6052501.2,43294.0,2022-11-20,reserved,2025-08-23,,,CUS-001155,,AGT-031,5.1,5743823.64,3,19.8,2025-10-31,2025-10-31,93.0,1007,365+ days
MER-P1-B4-01798,MER,Phase 1,Building D,3,Apartment,3,176.0,0.0,27.1,Pool View,8310544.0,47219.0,2023-09-30,handed_over,2025-09-03,2025-09-15,,CUS-001291,,AGT-031,2.3,8119401.49,3,21.7,2025-10-31,2025-10-31,93.0,704,365+ days
MER-P1-B4-01799,MER,Phase 1,Building D,4,Apartment,2,122.5,0.0,0.0,Skyline View,5970895.0,48742.0,2024-05-21,available,,,,,,,,,,,,,93.0,770,365+ days
MER-P1-B4-01800,MER,Phase 1,Building D,8,Apartment,3,122.4,0.0,18.5,Skyline View,5005425.6,40894.0,2023-04-29,contracted,2026-02-14,2026-02-24,,CUS-001343,,AGT-029,4.8,4765165.17,5,22.5,2025-10-31,2025-10-31,93.0,1022,365+ days
MER-P2-B1-01801,MER,Phase 2,Building A,4,Apartment,2,179.8,0.0,13.6,Courtyard View,7197933.4,40033.0,2026-06-08,handed_over,2024-12-17,2024-12-25,,CUS-001101,,AGT-030,3.3,6960401.6,6,20.5,2025-10-31,2025-10-31,93.0,0,0-30 days
MER-P2-B1-01802,MER,Phase 2,Building A,2,Apartment,2,208.1,8.6,11.3,Skyline View,8060545.4,38734.0,2025-07-28,handed_over,2025-02-03,2025-03-07,,CUS-001312,,AGT-029,3.3,7794547.4,3,18.5,2025-10-31,2025-10-31,93.0,0,0-30 days
MER-P2-B1-01803,MER,Phase 2,Building A,13,Apartment,4,102.1,34.3,18.5,Skyline View,4774604.4,46764.0,2025-12-20,cancelled,2024-12-20,2025-01-14,2025-02-22,CUS-001229,,AGT-030,5.2,4526324.97,4,16.1,2025-10-31,2025-10-31,93.0,0,0-30 days
MER-P2-B1-01804,MER,Phase 2,Building A,6,Duplex,4,226.8,39.2,25.1,Courtyard View,10743969.6,47372.0,2026-02-03,handed_over,2025-10-03,2025-10-26,,CUS-001252,BRK-08,AGT-029,3.2,10400162.57,5,20.6,2025-10-31,2025-10-31,93.0,0,0-30 days
MER-P2-B1-01805,MER,Phase 2,Building A,3,Apartment,2,174.0,0.0,25.7,Courtyard View,7797114.0,44811.0,2025-12-11,handed_over,2024-08-10,2024-08-16,,CUS-001131,,AGT-032,5.0,7407258.3,5,21.4,2025-10-31,2025-10-31,93.0,0,0-30 days
MER-P2-B1-01806,MER,Phase 2,Building A,0,Duplex,4,188.0,0.0,24.2,Street View,9116120.0,48490.0,2025-09-17,handed_over,2026-01-30,2026-02-06,,CUS-001259,,AGT-029,5.7,8596501.16,6,17.6,2025-10-31,2025-10-31,93.0,135,91-180 days
MER-P2-B1-01807,MER,Phase 2,Building A,11,Apartment,4,126.9,21.0,0.0,Garden View,5749204.5,45305.0,2025-10-31,reserved,2024-11-06,,,CUS-001195,BRK-02,AGT-031,4.1,5513487.12,4,23.9,2025-10-31,2025-10-31,93.0,0,0-30 days
MER-P2-B1-01808,MER,Phase 2,Building A,11,Apartment,2,185.5,0.0,0.0,Pool View,8020463.5,43237.0,2025-12-03,handed_over,2024-10-17,2024-11-10,,CUS-001322,,AGT-030,3.1,7771829.13,3,19.7,2025-10-31,2025-10-31,93.0,0,0-30 days
MER-P2-B1-01809,MER,Phase 2,Building A,5,Duplex,5,169.3,0.0,0.0,Garden View,9216014.8,54436.0,2024-09-23,contracted,2024-09-05,2024-09-16,,CUS-001143,,AGT-029,3.6,8884238.27,6,22.3,2025-10-31,2025-10-31,93.0,0,0-30 days
MER-P2-B1-01810,MER,Phase 2,Building A,7,Apartment,3,154.6,22.6,0.0,Pool View,7200495.0,46575.0,2024-11-06,handed_over,2024-11-24,2024-12-06,,CUS-001103,,AGT-031,5.2,6826069.26,5,22.4,2025-10-31,2025-10-31,93.0,18,0-30 days
MER-P2-B1-01811,MER,Phase 2,Building A,12,Apartment,3,153.9,44.7,0.0,Garden View,7769641.5,50485.0,2025-05-18,handed_over,2025-01-29,2025-02-19,,CUS-001123,,AGT-032,3.7,7482164.76,5,19.8,2025-10-31,2025-10-31,93.0,0,0-30 days
MER-P2-B1-01812,MER,Phase 2,Building A,14,Apartment,3,175.4,3.0,15.1,Skyline View,7156320.0,40800.0,2025-05-20,contracted,2025-12-03,2025-12-04,,CUS-001178,,AGT-029,5.6,6755566.08,5,15.2,2025-10-31,2025-10-31,93.0,197,181-365 days
MER-P2-B1-01813,MER,Phase 2,Building A,14,Apartment,2,128.7,0.0,14.4,Street View,6647612.4,51652.0,2025-10-25,contracted,2024-08-05,2024-08-22,,CUS-001241,,AGT-029,3.6,6408298.35,3,23.4,2025-10-31,2025-10-31,93.0,0,0-30 days
MER-P2-B1-01814,MER,Phase 2,Building A,12,Apartment,2,174.8,0.0,26.2,Garden View,8576212.4,49063.0,2026-06-16,reserved,2025-12-07,,,CUS-001331,,AGT-031,3.8,8250316.33,6,24.5,2025-10-31,2025-10-31,93.0,0,0-30 days
MER-P2-B1-01815,MER,Phase 2,Building A,8,Duplex,3,134.5,2.5,13.7,Pool View,6389422.5,47505.0,2026-06-16,contracted,2025-01-25,2025-02-05,,CUS-001330,,AGT-032,6.0,6006057.15,5,21.6,2025-10-31,2025-10-31,93.0,0,0-30 days
MER-P2-B1-01816,MER,Phase 2,Building A,7,Duplex,5,157.1,0.0,19.8,Pool View,6628363.2,42192.0,2026-02-22,handed_over,2025-10-14,2025-10-15,,CUS-001332,,AGT-029,5.1,6290316.68,3,24.6,2025-10-31,2025-10-31,93.0,0,0-30 days
MER-P2-B1-01817,MER,Phase 2,Building A,9,Apartment,2,142.5,0.0,28.1,Street View,5797042.5,40681.0,2026-05-09,contracted,2025-12-04,2025-12-20,,CUS-001323,,AGT-032,5.3,5489799.25,6,15.4,2025-10-31,2025-10-31,93.0,0,0-30 days
MER-P2-B1-01818,MER,Phase 2,Building A,6,Apartment,4,111.8,11.3,0.0,Skyline View,5809016.2,51959.0,2026-05-19,handed_over,2024-12-23,2025-01-19,,CUS-001153,,AGT-029,4.9,5524374.41,5,21.3,2025-10-31,2025-10-31,93.0,0,0-30 days
MER-P2-B1-01819,MER,Phase 2,Building A,5,Duplex,5,187.8,0.0,19.4,Garden View,9352815.6,49802.0,2025-01-30,contracted,2025-08-28,2025-09-14,,CUS-001233,,AGT-032,4.8,8903880.45,3,16.5,2025-10-31,2025-10-31,93.0,210,181-365 days
MER-P2-B1-01820,MER,Phase 2,Building A,6,Duplex,5,204.5,29.5,25.0,Skyline View,9967943.5,48743.0,2025-06-01,contracted,2025-10-14,2025-10-29,,CUS-001222,,AGT-031,3.0,9668905.2,4,20.0,2025-10-31,2025-10-31,93.0,135,91-180 days
MER-P2-B1-01821,MER,Phase 2,Building A,4,Duplex,5,160.1,0.0,21.0,Courtyard View,7540549.9,47099.0,2025-07-01,contracted,2025-02-23,2025-02-27,,CUS-001246,,AGT-031,5.0,7163522.41,3,17.4,2025-10-31,2025-10-31,93.0,0,0-30 days
MER-P2-B1-01822,MER,Phase 2,Building A,11,Apartment,4,99.6,0.0,0.0,Skyline View,4086388.8,41028.0,2025-11-07,cancelled,2024-09-12,,2024-10-21,CUS-001098,,AGT-032,4.6,3898414.92,4,17.5,2025-10-31,2025-10-31,93.0,0,0-30 days
MER-P2-B1-01823,MER,Phase 2,Building A,11,Duplex,3,199.8,7.3,0.0,Courtyard View,9109081.8,45591.0,2025-09-17,contracted,2025-01-24,2025-02-03,,CUS-001274,,AGT-031,4.8,8671845.87,3,22.0,2025-10-31,2025-10-31,93.0,0,0-30 days
MER-P2-B1-01824,MER,Phase 2,Building A,13,Apartment,3,98.7,0.0,0.0,Garden View,4751023.2,48136.0,2025-11-12,reserved,2025-12-16,,,CUS-001122,,AGT-029,3.2,4598990.46,4,17.4,2025-10-31,2025-10-31,93.0,34,31-90 days
MER-P2-B1-01825,MER,Phase 2,Building A,13,Apartment,2,151.5,0.0,0.0,Garden View,6378907.5,42105.0,2026-05-03,available,,,,,,,,,,,,,93.0,58,31-90 days
MER-P2-B1-01826,MER,Phase 2,Building A,6,Apartment,4,214.6,0.0,8.1,Garden View,9106551.0,42435.0,2024-10-17,handed_over,2026-01-14,2026-02-16,,CUS-001293,,AGT-032,4.9,8660330.0,6,24.2,2025-10-31,2025-10-31,93.0,454,365+ days
MER-P2-B1-01827,MER,Phase 2,Building A,1,Apartment,2,100.0,0.0,15.8,Skyline View,4296400.0,42964.0,2024-12-25,handed_over,2024-09-13,2024-09-20,,CUS-001237,,AGT-032,3.2,4158915.2,3,23.3,2025-10-31,2025-10-31,93.0,0,0-30 days
MER-P2-B1-01828,MER,Phase 2,Building A,2,Apartment,4,135.9,20.8,13.0,Garden View,6701093.1,49309.0,2025-01-12,reserved,2024-12-29,,,CUS-001138,,AGT-031,4.3,6412946.1,3,22.3,2025-10-31,2025-10-31,93.0,0,0-30 days
MER-P2-B1-01829,MER,Phase 2,Building A,13,Duplex,3,166.6,0.0,14.4,Street View,9054876.6,54351.0,2025-11-01,handed_over,2025-04-22,2025-05-12,,CUS-001156,,AGT-029,4.8,8620242.52,4,18.7,2025-10-31,2025-10-31,93.0,0,0-30 days
MER-P2-B1-01830,MER,Phase 2,Building A,12,Apartment,2,196.8,0.0,9.3,Skyline View,10541198.4,53563.0,2024-11-10,contracted,2025-03-26,2025-04-01,,CUS-001157,BRK-10,AGT-032,5.7,9940350.09,3,21.4,2025-10-31,2025-10-31,93.0,136,91-180 days
MER-P2-B1-01831,MER,Phase 2,Building A,12,Apartment,4,136.3,0.0,8.5,Courtyard View,7286052.8,53456.0,2024-12-29,contracted,2026-02-03,2026-02-14,,CUS-001346,,AGT-029,5.9,6856175.68,6,22.1,2025-10-31,2025-10-31,93.0,401,365+ days
MER-P2-B1-01832,MER,Phase 2,Building A,13,Apartment,3,108.0,58.3,0.0,Pool View,5454540.0,50505.0,2026-04-02,reserved,2024-12-12,,,CUS-001310,,AGT-032,4.5,5209085.7,3,21.5,2025-10-31,2025-10-31,93.0,0,0-30 days
MER-P2-B1-01833,MER,Phase 2,Building A,0,Apartment,2,146.4,0.0,10.8,Skyline View,6857668.8,46842.0,2026-06-02,reserved,2026-02-12,,,CUS-001214,,AGT-030,4.7,6535358.37,4,22.9,2025-10-31,2025-10-31,93.0,0,0-30 days
MER-P2-B1-01834,MER,Phase 2,Building A,12,Apartment,4,226.5,23.1,0.0,Skyline View,10655919.0,47046.0,2024-11-20,reserved,2026-03-21,,,CUS-001243,,AGT-030,3.0,10336241.43,3,21.8,2025-10-31,2025-10-31,93.0,486,365+ days
MER-P2-B1-01835,MER,Phase 2,Building A,12,Apartment,4,216.1,0.0,0.0,Street View,9733576.2,45042.0,2025-02-12,contracted,2025-09-20,2025-10-14,,CUS-001356,,AGT-032,4.1,9334499.58,4,20.1,2025-10-31,2025-10-31,93.0,220,181-365 days
MER-P2-B1-01836,MER,Phase 2,Building A,10,Duplex,4,172.8,13.0,24.6,Courtyard View,9380102.4,54283.0,2025-01-21,cancelled,2026-01-30,,2026-03-22,CUS-001315,BRK-13,AGT-031,3.4,9061178.92,5,19.0,2025-10-31,2025-10-31,93.0,374,365+ days
MER-P2-B1-01837,MER,Phase 2,Building A,14,Apartment,2,150.4,55.7,18.5,Skyline View,7813881.6,51954.0,2026-04-20,contracted,2024-08-16,2024-08-30,,CUS-001362,,AGT-032,3.6,7532581.86,4,22.3,2025-10-31,2025-10-31,93.0,0,0-30 days
MER-P2-B2-01838,MER,Phase 2,Building B,7,Duplex,5,159.6,37.4,19.2,Street View,8017665.6,50236.0,2026-01-05,reserved,2025-01-30,,,CUS-001380,,AGT-032,4.5,7656870.65,3,15.8,2025-10-31,2025-10-31,93.0,0,0-30 days
MER-P2-B2-01839,MER,Phase 2,Building B,7,Apartment,2,207.4,21.6,27.3,Courtyard View,10049981.8,48457.0,2025-12-04,handed_over,2025-09-23,2025-10-05,,CUS-001261,,AGT-030,3.1,9738432.36,6,18.9,2025-10-31,2025-10-31,93.0,0,0-30 days
MER-P2-B2-01840,MER,Phase 2,Building B,14,Apartment,4,202.2,0.0,29.9,Skyline View,8776288.8,43404.0,2025-11-18,reserved,2026-06-30,,,CUS-001146,BRK-01,AGT-031,4.2,8407684.67,3,23.7,2025-10-31,2025-10-31,93.0,224,181-365 days
MER-P2-B2-01841,MER,Phase 2,Building B,5,Apartment,2,110.1,0.6,20.3,Garden View,4399045.5,39955.0,2024-11-23,contracted,2025-10-31,2025-11-18,,CUS-001186,,AGT-032,5.4,4161497.04,4,19.3,2025-10-31,2025-10-31,93.0,342,181-365 days
MER-P2-B2-01842,MER,Phase 2,Building B,8,Apartment,2,204.3,0.0,24.3,Garden View,8637599.7,42279.0,2025-09-22,contracted,2025-11-19,2025-12-11,,CUS-001128,,AGT-030,5.1,8197082.12,5,18.6,2025-10-31,2025-10-31,93.0,58,31-90 days
MER-P2-B2-01843,MER,Phase 2,Building B,4,Apartment,4,153.2,41.5,0.0,Garden View,7869424.4,51367.0,2026-03-23,contracted,2024-11-16,2024-12-01,,CUS-001278,,AGT-031,2.5,7672688.79,5,23.9,2025-10-31,2025-10-31,93.0,0,0-30 days
MER-P2-B2-01844,MER,Phase 2,Building B,2,Apartment,4,238.6,0.0,25.9,Garden View,9979445.0,41825.0,2026-04-28,contracted,2026-04-16,2026-05-11,,CUS-001117,,AGT-031,5.9,9390657.74,6,23.5,2025-10-31,2025-10-31,93.0,0,0-30 days
MER-P2-B2-01845,MER,Phase 2,Building B,0,Apartment,3,161.5,0.0,20.2,Pool View,8428039.0,52186.0,2024-10-21,handed_over,2024-12-20,2025-01-18,,CUS-001290,,AGT-030,2.6,8208909.99,4,19.7,2025-10-31,2025-10-31,93.0,60,31-90 days
MER-P2-B2-01846,MER,Phase 2,Building B,9,Apartment,3,155.9,56.7,16.8,Courtyard View,6742830.9,43251.0,2025-03-26,contracted,2025-05-04,2025-05-14,,CUS-001203,,AGT-030,2.0,6607974.28,3,20.4,2025-10-31,2025-10-31,93.0,39,31-90 days
MER-P2-B2-01847,MER,Phase 2,Building B,13,Apartment,2,134.2,0.0,0.0,Pool View,5371489.2,40026.0,2025-01-27,handed_over,2025-03-09,2025-03-27,,CUS-001173,BRK-03,AGT-031,3.2,5199601.55,4,24.5,2025-10-31,2025-10-31,93.0,41,31-90 days
MER-P2-B2-01848,MER,Phase 2,Building B,6,Duplex,5,118.4,17.5,0.0,Garden View,4786320.0,40425.0,2026-04-25,contracted,2025-12-25,2025-12-28,,CUS-001338,BRK-04,AGT-029,4.0,4594867.2,4,23.4,2025-10-31,2025-10-31,93.0,0,0-30 days
MER-P2-B2-01849,MER,Phase 2,Building B,3,Duplex,5,193.8,0.0,0.0,Street View,9552983.4,49293.0,2025-04-10,contracted,2025-03-29,2025-04-02,,CUS-001250,,AGT-029,5.7,9008463.35,5,19.3,2025-10-31,2025-10-31,93.0,0,0-30 days
MER-P2-B2-01850,MER,Phase 2,Building B,5,Apartment,2,205.7,0.0,8.2,Street View,10274715.0,49950.0,2025-06-28,handed_over,2025-06-28,2025-07-13,,CUS-001325,,AGT-032,3.2,9945924.12,6,24.0,2025-10-31,2025-10-31,93.0,0,0-30 days
MER-P2-B2-01851,MER,Phase 2,Building B,9,Apartment,4,162.9,34.8,19.0,Courtyard View,6273767.7,38513.0,2025-12-18,handed_over,2024-09-29,2024-10-24,,CUS-001329,,AGT-029,2.4,6123197.28,5,16.4,2025-10-31,2025-10-31,93.0,0,0-30 days
MER-P2-B2-01852,MER,Phase 2,Building B,14,Apartment,2,210.0,0.0,12.8,Street View,8028720.0,38232.0,2025-06-19,contracted,2024-08-19,2024-08-27,,CUS-001166,BRK-05,AGT-030,5.5,7587140.4,6,20.0,2025-10-31,2025-10-31,93.0,0,0-30 days
MER-P2-B2-01853,MER,Phase 2,Building B,2,Apartment,3,104.5,0.0,0.0,Pool View,5778745.5,55299.0,2025-05-10,reserved,2026-05-28,,,CUS-001159,,AGT-030,3.0,5605383.14,3,17.9,2025-10-31,2025-10-31,93.0,383,365+ days
MER-P2-B2-01854,MER,Phase 2,Building B,8,Duplex,4,96.9,0.0,0.0,Skyline View,4958082.3,51167.0,2026-05-12,handed_over,2024-11-07,2024-11-15,,CUS-001130,,AGT-029,3.9,4764717.09,4,21.3,2025-10-31,2025-10-31,93.0,0,0-30 days
MER-P2-B2-01855,MER,Phase 2,Building B,14,Apartment,2,173.1,3.0,11.9,Courtyard View,9492284.7,54837.0,2025-10-16,handed_over,2025-09-06,2025-09-27,,CUS-001239,,AGT-030,4.0,9112593.31,3,20.7,2025-10-31,2025-10-31,93.0,0,0-30 days
MER-P2-B2-01856,MER,Phase 2,Building B,9,Apartment,2,113.9,0.0,24.6,Courtyard View,5206482.9,45711.0,2025-09-25,reserved,2025-01-31,,,CUS-001333,,AGT-030,4.0,4998223.58,3,24.8,2025-10-31,2025-10-31,93.0,0,0-30 days
MER-P2-B2-01857,MER,Phase 2,Building B,14,Apartment,4,194.3,24.7,19.2,Street View,10513184.4,54108.0,2026-04-12,contracted,2024-12-22,2025-01-03,,CUS-001216,,AGT-030,2.9,10208302.05,4,22.1,2025-10-31,2025-10-31,93.0,0,0-30 days
MER-P2-B2-01858,MER,Phase 2,Building B,6,Apartment,2,155.4,0.0,23.8,Garden View,7911103.2,50908.0,2025-08-21,contracted,2026-05-05,2026-06-15,,CUS-001256,BRK-11,AGT-029,3.4,7642125.69,4,19.9,2025-10-31,2025-10-31,93.0,257,181-365 days
MER-P2-B2-01859,MER,Phase 2,Building B,5,Duplex,3,158.8,0.0,0.0,Courtyard View,6151912.0,38740.0,2026-06-06,contracted,2024-12-24,2024-12-27,,CUS-001180,,AGT-031,3.3,5948898.9,4,19.3,2025-10-31,2025-10-31,93.0,0,0-30 days
MER-P2-B2-01860,MER,Phase 2,Building B,8,Apartment,3,153.5,0.0,0.0,Courtyard View,7079880.5,46123.0,2025-10-03,handed_over,2025-04-22,2025-05-18,,CUS-001269,,AGT-032,5.8,6669247.43,3,22.4,2025-10-31,2025-10-31,93.0,0,0-30 days
MER-P2-B2-01861,MER,Phase 2,Building B,6,Apartment,3,226.7,54.1,11.1,Pool View,11451070.4,50512.0,2025-07-25,contracted,2024-11-11,2024-11-29,,CUS-001210,,AGT-029,3.8,11015929.72,5,17.5,2025-10-31,2025-10-31,93.0,0,0-30 days
MER-P2-B2-01862,MER,Phase 2,Building B,8,Apartment,3,235.6,0.0,22.3,Garden View,11730288.4,49789.0,2025-06-27,handed_over,2024-12-19,2024-12-31,,CUS-001224,,AGT-032,3.1,11366649.46,5,19.9,2025-10-31,2025-10-31,93.0,0,0-30 days
MER-P2-B2-01863,MER,Phase 2,Building B,2,Apartment,4,112.1,2.3,12.1,Street View,5354904.9,47769.0,2026-03-24,contracted,2025-02-16,2025-03-15,,CUS-001319,,AGT-030,2.3,5231742.09,3,16.3,2025-10-31,2025-10-31,93.0,0,0-30 days
MER-P2-B2-01864,MER,Phase 2,Building B,14,Apartment,2,204.0,0.0,0.0,Garden View,10430316.0,51129.0,2024-10-12,reserved,2024-11-22,,,CUS-001177,,AGT-032,5.8,9825357.67,6,19.8,2025-10-31,2025-10-31,93.0,41,31-90 days
MER-P2-B2-01865,MER,Phase 2,Building B,5,Apartment,2,124.4,49.7,27.3,Courtyard View,6955950.4,55916.0,2025-04-19,contracted,2025-06-06,2025-06-11,,CUS-001358,,AGT-031,4.6,6635976.68,4,22.7,2025-10-31,2025-10-31,93.0,48,31-90 days
MER-P2-B2-01866,MER,Phase 2,Building B,8,Apartment,2,182.7,45.5,0.0,Pool View,7607445.3,41639.0,2024-12-24,reserved,2025-07-27,,,CUS-001232,BRK-08,AGT-032,3.7,7325969.82,4,20.5,2025-10-31,2025-10-31,93.0,215,181-365 days
MER-P2-B2-01867,MER,Phase 2,Building B,14,Apartment,4,147.2,0.0,20.1,Courtyard View,6390688.0,43415.0,2025-07-06,handed_over,2025-10-15,2025-10-25,,CUS-001264,,AGT-029,5.3,6051981.54,4,22.2,2025-10-31,2025-10-31,93.0,101,91-180 days
MER-P2-B2-01868,MER,Phase 2,Building B,1,Apartment,2,150.4,0.0,0.0,Skyline View,6645724.8,44187.0,2026-06-02,reserved,2025-06-05,,,CUS-001204,,AGT-029,3.4,6419770.16,3,23.4,2025-10-31,2025-10-31,93.0,0,0-30 days
MER-P2-B2-01869,MER,Phase 2,Building B,6,Apartment,2,222.2,14.6,12.7,Street View,10572942.6,47583.0,2026-02-22,reserved,2024-08-09,,,CUS-001161,BRK-13,AGT-032,5.2,10023149.58,4,15.3,2025-10-31,2025-10-31,93.0,0,0-30 days
MER-P2-B2-01870,MER,Phase 2,Building B,0,Apartment,3,213.2,0.0,21.7,Pool View,8777017.6,41168.0,2025-11-14,reserved,2025-03-25,,,CUS-001266,,AGT-030,2.3,8575146.2,3,18.9,2025-10-31,2025-10-31,93.0,0,0-30 days
MER-P2-B2-01871,MER,Phase 2,Building B,1,Apartment,2,232.4,36.4,30.0,Skyline View,12821275.6,55169.0,2024-11-28,cancelled,2026-02-07,2026-02-16,2026-03-30,CUS-001307,BRK-07,AGT-031,5.9,12064820.34,6,17.7,2025-10-31,2025-10-31,93.0,436,365+ days
MER-P2-B2-01872,MER,Phase 2,Building B,5,Apartment,3,179.3,35.2,0.0,Pool View,7289082.9,40653.0,2025-02-14,contracted,2026-03-19,2026-04-20,,CUS-001139,,AGT-029,2.4,7114144.91,5,24.9,2025-10-31,2025-10-31,93.0,398,365+ days
MER-P2-B2-01873,MER,Phase 2,Building B,12,Duplex,5,100.0,38.8,0.0,Garden View,5561700.0,55617.0,2024-11-30,contracted,2025-02-02,2025-02-20,,CUS-001349,,AGT-029,4.2,5328108.6,4,20.4,2025-10-31,2025-10-31,93.0,64,31-90 days
MER-P2-B2-01874,MER,Phase 2,Building B,7,Apartment,3,218.7,0.0,9.7,Garden View,10280649.6,47008.0,2026-06-16,reserved,2024-11-06,,,CUS-001226,,AGT-032,3.4,9931107.51,6,24.1,2025-10-31,2025-10-31,93.0,0,0-30 days
MER-P2-B3-01875,MER,Phase 2,Building C,8,Apartment,3,168.5,0.0,23.3,Street View,6515221.0,38666.0,2024-10-20,contracted,2026-05-07,2026-05-26,,CUS-001176,,AGT-030,2.5,6352340.48,4,24.7,2025-10-31,2025-10-31,93.0,564,365+ days
MER-P2-B3-01876,MER,Phase 2,Building C,6,Apartment,4,212.2,0.0,0.0,Street View,10713765.8,50489.0,2025-10-10,contracted,2025-03-13,2025-04-10,,CUS-001102,BRK-02,AGT-029,3.5,10338784.0,4,21.7,2025-10-31,2025-10-31,93.0,0,0-30 days
MER-P2-B3-01877,MER,Phase 2,Building C,1,Duplex,5,99.6,0.0,0.0,Pool View,4554508.8,45728.0,2025-08-13,handed_over,2025-08-06,2025-08-23,,CUS-001140,,AGT-031,4.5,4349555.9,4,22.1,2025-10-31,2025-10-31,93.0,0,0-30 days
MER-P2-B3-01878,MER,Phase 2,Building C,3,Duplex,3,131.7,0.0,0.0,Courtyard View,7020268.5,53305.0,2025-07-06,reserved,2024-09-25,,,CUS-001363,,AGT-032,5.0,6669255.08,4,20.5,2025-10-31,2025-10-31,93.0,0,0-30 days
MER-P2-B3-01879,MER,Phase 2,Building C,5,Duplex,5,130.7,0.0,15.4,Courtyard View,6327579.1,48413.0,2025-07-24,handed_over,2024-08-19,2024-09-06,,CUS-001215,,AGT-032,4.2,6061820.78,4,18.2,2025-10-31,2025-10-31,93.0,0,0-30 days
MER-P2-B3-01880,MER,Phase 2,Building C,5,Apartment,3,122.4,0.0,0.0,Courtyard View,5129416.8,41907.0,2025-12-08,contracted,2026-04-20,2026-04-26,,CUS-001260,,AGT-031,2.3,5011440.21,6,18.7,2025-10-31,2025-10-31,93.0,133,91-180 days
MER-P2-B3-01881,MER,Phase 2,Building C,1,Apartment,3,137.5,0.0,23.2,Courtyard View,7468725.0,54318.0,2025-01-03,reserved,2024-11-16,,,CUS-001104,,AGT-031,5.5,7057945.12,3,23.7,2025-10-31,2025-10-31,93.0,0,0-30 days
MER-P2-B3-01882,MER,Phase 2,Building C,6,Duplex,3,174.0,4.7,15.2,Garden View,8250210.0,47415.0,2025-08-29,reserved,2026-04-04,,,CUS-001106,,AGT-029,3.9,7928451.81,4,15.3,2025-10-31,2025-10-31,93.0,218,181-365 days
MER-P2-B3-01883,MER,Phase 2,Building C,7,Duplex,4,118.6,0.0,23.6,Street View,6618591.6,55806.0,2024-12-10,reserved,2026-01-09,,,CUS-001165,,AGT-031,2.9,6426652.44,3,17.2,2025-10-31,2025-10-31,93.0,395,365+ days
MER-P2-B3-01884,MER,Phase 2,Building C,3,Apartment,3,154.1,29.2,0.0,Garden View,7308963.0,47430.0,2025-12-06,contracted,2025-10-23,2025-11-08,,CUS-001249,,AGT-030,5.7,6892352.11,6,22.0,2025-10-31,2025-10-31,93.0,0,0-30 days
MER-P2-B3-01885,MER,Phase 2,Building C,0,Apartment,2,194.3,0.0,16.8,Courtyard View,9799131.9,50433.0,2025-09-29,handed_over,2026-03-11,2026-03-27,,CUS-001120,,AGT-030,3.0,9505157.94,5,17.1,2025-10-31,2025-10-31,93.0,163,91-180 days
MER-P2-B3-01886,MER,Phase 2,Building C,3,Apartment,2,200.3,41.3,8.3,Pool View,8291218.2,41394.0,2025-05-11,contracted,2025-09-21,2025-10-03,,CUS-001357,BRK-04,AGT-030,2.5,8083937.75,4,16.4,2025-10-31,2025-10-31,93.0,133,91-180 days
MER-P2-B3-01887,MER,Phase 2,Building C,13,Apartment,3,198.0,0.0,8.7,Courtyard View,8299962.0,41919.0,2026-06-08,handed_over,2026-01-01,2026-01-17,,CUS-001328,,AGT-030,3.5,8009463.33,6,17.4,2025-10-31,2025-10-31,93.0,0,0-30 days
MER-P2-B3-01888,MER,Phase 2,Building C,4,Apartment,2,231.4,48.0,16.0,Pool View,10184376.8,44012.0,2024-12-31,contracted,2024-11-22,2024-12-01,,CUS-001244,,AGT-032,2.8,9899214.25,5,24.2,2025-10-31,2025-10-31,93.0,0,0-30 days
MER-P2-B3-01889,MER,Phase 2,Building C,4,Apartment,3,162.4,0.0,16.7,Skyline View,8566600.0,52750.0,2026-03-14,reserved,2026-05-05,,,CUS-001288,,AGT-031,3.2,8292468.8,5,17.5,2025-10-31,2025-10-31,93.0,52,31-90 days
MER-P2-B3-01890,MER,Phase 2,Building C,3,Apartment,4,186.2,0.0,14.8,Skyline View,8787895.2,47196.0,2025-02-07,reserved,2025-08-30,,,CUS-001273,,AGT-029,4.7,8374864.13,4,21.9,2025-10-31,2025-10-31,93.0,204,181-365 days
MER-P2-B3-01891,MER,Phase 2,Building C,9,Apartment,2,223.5,0.0,27.1,Garden View,9342970.5,41803.0,2025-12-01,reserved,2026-02-13,,,CUS-001218,,AGT-029,2.2,9137425.15,4,21.0,2025-10-31,2025-10-31,93.0,74,31-90 days
MER-P2-B3-01892,MER,Phase 2,Building C,13,Duplex,5,110.0,0.0,28.1,Street View,5098280.0,46348.0,2026-05-27,handed_over,2025-08-06,2025-08-30,,CUS-001151,,AGT-031,2.2,4986117.84,3,23.0,2025-10-31,2025-10-31,93.0,0,0-30 days
MER-P2-B3-01893,MER,Phase 2,Building C,4,Duplex,5,173.4,10.6,27.1,Garden View,7747165.2,44678.0,2025-11-04,contracted,2026-05-22,2026-06-04,,CUS-001141,,AGT-032,5.5,7321071.11,4,16.5,2025-10-31,2025-10-31,93.0,199,181-365 days
MER-P2-B3-01894,MER,Phase 2,Building C,7,Apartment,3,104.3,13.5,0.0,Garden View,4764632.6,45682.0,2025-08-05,contracted,2025-04-09,2025-04-20,,CUS-001194,BRK-03,AGT-029,3.4,4602635.09,6,17.2,2025-10-31,2025-10-31,93.0,0,0-30 days
MER-P2-B3-01895,MER,Phase 2,Building C,8,Apartment,2,184.4,0.0,9.1,Skyline View,8980464.4,48701.0,2025-08-22,contracted,2026-02-11,2026-02-25,,CUS-001361,,AGT-032,3.6,8657167.68,5,21.3,2025-10-31,2025-10-31,93.0,173,91-180 days
MER-P2-B3-01896,MER,Phase 2,Building C,2,Apartment,3,124.9,0.0,0.0,Skyline View,4910443.5,39315.0,2026-04-23,contracted,2026-05-21,2026-06-06,,CUS-001344,,AGT-029,5.0,4664921.33,3,20.0,2025-10-31,2025-10-31,93.0,28,0-30 days
MER-P2-B3-01897,MER,Phase 2,Building C,9,Apartment,4,208.9,43.8,0.0,Pool View,9697973.6,46424.0,2026-03-29,handed_over,2024-11-18,2024-12-02,,CUS-001308,,AGT-030,2.4,9465222.23,3,21.4,2025-10-31,2025-10-31,93.0,0,0-30 days
MER-P2-B3-01898,MER,Phase 2,Building C,8,Apartment,3,153.5,0.0,0.0,Courtyard View,8022524.0,52264.0,2025-09-23,reserved,2026-06-04,,,CUS-001230,,AGT-032,4.7,7645465.37,3,21.7,2025-10-31,2025-10-31,93.0,254,181-365 days
MER-P2-B3-01899,MER,Phase 2,Building C,0,Duplex,3,226.2,0.0,0.0,Courtyard View,11820759.6,52258.0,2025-05-02,handed_over,2026-03-07,2026-03-30,,CUS-001360,BRK-13,AGT-032,5.0,11229721.62,5,15.1,2025-10-31,2025-10-31,93.0,309,181-365 days
MER-P2-B3-01900,MER,Phase 2,Building C,2,Duplex,5,112.5,0.0,0.0,Street View,5351850.0,47572.0,2025-03-02,handed_over,2024-08-14,2024-08-23,,CUS-001209,,AGT-031,3.5,5164535.25,3,19.1,2025-10-31,2025-10-31,93.0,0,0-30 days
MER-P2-B3-01901,MER,Phase 2,Building C,8,Duplex,4,214.6,0.0,19.0,Garden View,11224223.8,52303.0,2024-09-28,reserved,2025-11-11,,,CUS-001369,,AGT-029,2.0,10999739.32,3,24.3,2025-10-31,2025-10-31,93.0,409,365+ days
MER-P2-B3-01902,MER,Phase 2,Building C,1,Apartment,4,190.5,0.0,0.0,Courtyard View,8408479.5,44139.0,2026-01-03,contracted,2024-11-12,2024-12-06,,CUS-001095,,AGT-030,2.0,8240309.91,5,15.2,2025-10-31,2025-10-31,93.0,0,0-30 days
MER-P2-B3-01903,MER,Phase 2,Building C,14,Apartment,2,225.3,31.9,21.7,Street View,11314340.7,50219.0,2025-06-19,handed_over,2024-10-09,2024-10-26,,CUS-001235,,AGT-029,3.8,10884395.75,3,24.0,2025-10-31,2025-10-31,93.0,0,0-30 days
MER-P2-B3-01904,MER,Phase 2,Building C,7,Apartment,2,209.4,50.1,0.0,Courtyard View,9453153.6,45144.0,2024-12-26,handed_over,2025-07-17,2025-07-18,,CUS-001107,BRK-13,AGT-032,2.5,9216824.76,5,18.3,2025-10-31,2025-10-31,93.0,203,181-365 days
MER-P2-B3-01905,MER,Phase 2,Building C,7,Apartment,2,171.8,31.7,21.3,Skyline View,7580159.6,44122.0,2025-01-03,reserved,2025-06-15,,,CUS-001292,,AGT-029,3.0,7352754.81,5,21.1,2025-10-31,2025-10-31,93.0,163,91-180 days
MER-P2-B3-01906,MER,Phase 2,Building C,14,Apartment,2,202.0,7.2,19.9,Skyline View,9407948.0,46574.0,2025-06-03,handed_over,2025-12-19,2026-01-01,,CUS-001376,,AGT-030,2.7,9153933.4,4,22.1,2025-10-31,2025-10-31,93.0,199,181-365 days
MER-P2-B3-01907,MER,Phase 2,Building C,0,Duplex,4,185.9,23.4,0.0,Pool View,7288767.2,39208.0,2024-09-27,handed_over,2025-07-31,2025-09-04,,CUS-001282,,AGT-030,5.5,6887885.0,4,17.1,2025-10-31,2025-10-31,93.0,307,181-365 days
MER-P2-B3-01908,MER,Phase 2,Building C,11,Apartment,3,233.0,0.0,0.0,Street View,12116000.0,52000.0,2025-03-29,contracted,2025-08-15,2025-09-09,,CUS-001284,,AGT-030,3.1,11740404.0,6,19.9,2025-10-31,2025-10-31,93.0,139,91-180 days
MER-P2-B3-01909,MER,Phase 2,Building C,12,Apartment,4,203.4,0.0,0.0,Street View,11084893.2,54498.0,2025-07-13,cancelled,2026-05-03,2026-05-27,2026-06-30,CUS-001316,,AGT-031,5.7,10453054.29,6,15.4,2025-10-31,2025-10-31,93.0,294,181-365 days
MER-P2-B3-01910,MER,Phase 2,Building C,0,Apartment,3,129.8,0.0,12.3,Garden View,5242232.6,40387.0,2024-12-16,handed_over,2026-02-21,2026-03-14,,CUS-001220,BRK-09,AGT-031,4.4,5011574.37,6,24.7,2025-10-31,2025-10-31,93.0,432,365+ days
MER-P2-B3-01911,MER,Phase 2,Building C,9,Apartment,2,233.4,0.0,12.5,Pool View,12930126.6,55399.0,2025-12-23,handed_over,2026-05-05,2026-06-13,,CUS-001217,,AGT-032,4.4,12361201.03,3,20.0,2025-10-31,2025-10-31,93.0,133,91-180 days
MER-P2-B4-01912,MER,Phase 2,Building D,12,Apartment,2,187.7,28.3,19.8,Courtyard View,7509877.0,40010.0,2025-12-24,contracted,2024-08-04,2024-08-09,,CUS-001327,,AGT-032,2.1,7352169.58,4,16.2,2025-10-31,2025-10-31,93.0,0,0-30 days
MER-P2-B4-01913,MER,Phase 2,Building D,10,Apartment,2,206.1,1.6,0.0,Courtyard View,11208130.2,54382.0,2026-01-23,handed_over,2026-06-28,2026-06-29,,CUS-001093,,AGT-031,4.0,10759804.99,5,18.7,2025-10-31,2025-10-31,93.0,156,91-180 days
MER-P2-B4-01914,MER,Phase 2,Building D,3,Duplex,4,223.1,17.1,0.0,Skyline View,8852161.8,39678.0,2026-03-20,contracted,2025-06-08,2025-06-26,,CUS-001255,,AGT-031,2.5,8630857.75,6,19.9,2025-10-31,2025-10-31,93.0,0,0-30 days
MER-P2-B4-01915,MER,Phase 2,Building D,13,Duplex,5,219.2,0.0,10.6,Pool View,8645248.0,39440.0,2025-06-29,contracted,2024-09-11,2024-10-05,,CUS-001352,,AGT-031,4.0,8299438.08,4,15.9,2025-10-31,2025-10-31,93.0,0,0-30 days
MER-P2-B4-01916,MER,Phase 2,Building D,14,Apartment,2,218.8,28.2,0.0,Street View,9858034.0,45055.0,2025-10-17,contracted,2026-05-02,2026-05-18,,CUS-001377,,AGT-032,5.0,9365132.3,6,19.0,2025-10-31,2025-10-31,93.0,197,181-365 days
MER-P2-B4-01917,MER,Phase 2,Building D,13,Duplex,4,119.8,0.0,8.5,Courtyard View,5206028.8,43456.0,2025-04-11,handed_over,2025-06-26,2025-07-08,,CUS-001207,,AGT-029,5.4,4924903.24,4,15.8,2025-10-31,2025-10-31,93.0,76,31-90 days
MER-P2-B4-01918,MER,Phase 2,Building D,2,Apartment,2,233.7,0.0,0.0,Garden View,10062654.6,43058.0,2025-08-29,contracted,2025-02-07,2025-02-25,,CUS-001372,,AGT-029,5.3,9529333.91,5,18.7,2025-10-31,2025-10-31,93.0,0,0-30 days
MER-P2-B4-01919,MER,Phase 2,Building D,4,Duplex,4,231.3,0.0,0.0,Skyline View,10123075.8,43766.0,2025-05-24,handed_over,2024-08-03,2024-08-04,,CUS-001242,,AGT-032,2.4,9880121.98,6,21.4,2025-10-31,2025-10-31,93.0,0,0-30 days
MER-P2-B4-01920,MER,Phase 2,Building D,10,Duplex,4,229.0,0.0,28.7,Courtyard View,11643734.0,50846.0,2026-04-05,handed_over,2024-11-24,2024-12-01,,CUS-001112,,AGT-029,3.8,11201272.11,3,21.7,2025-10-31,2025-10-31,93.0,0,0-30 days
MER-P2-B4-01921,MER,Phase 2,Building D,4,Apartment,4,116.9,39.3,0.0,Courtyard View,5766092.5,49325.0,2026-02-12,handed_over,2025-02-11,2025-02-17,,CUS-001340,,AGT-030,5.7,5437425.23,3,16.0,2025-10-31,2025-10-31,93.0,0,0-30 days
MER-P2-B4-01922,MER,Phase 2,Building D,9,Duplex,3,152.9,57.4,0.0,Pool View,8284274.9,54181.0,2026-01-28,contracted,2025-07-23,2025-08-13,,CUS-001298,BRK-09,AGT-032,4.3,7928051.08,5,19.3,2025-10-31,2025-10-31,93.0,0,0-30 days
MER-P2-B4-01923,MER,Phase 2,Building D,8,Apartment,2,214.4,0.0,14.1,Pool View,9189184.0,42860.0,2025-07-20,reserved,2024-10-21,,,CUS-001353,,AGT-030,3.8,8839995.01,3,20.6,2025-10-31,2025-10-31,93.0,0,0-30 days
MER-P2-B4-01924,MER,Phase 2,Building D,0,Apartment,3,169.1,0.0,0.0,Courtyard View,7074298.5,41835.0,2026-05-19,handed_over,2024-10-20,2024-10-21,,CUS-001337,BRK-06,AGT-030,4.8,6734732.17,5,20.6,2025-10-31,2025-10-31,93.0,0,0-30 days
MER-P2-B4-01925,MER,Phase 2,Building D,13,Duplex,5,111.9,0.0,25.5,Pool View,5006853.6,44744.0,2025-12-13,handed_over,2025-05-20,2025-06-18,,CUS-001167,,AGT-030,3.8,4816593.16,4,18.8,2025-10-31,2025-10-31,93.0,0,0-30 days
MER-P2-B4-01926,MER,Phase 2,Building D,12,Duplex,4,189.0,0.0,22.5,Street View,8638812.0,45708.0,2025-11-03,contracted,2025-05-08,2025-05-24,,CUS-001145,,AGT-030,5.3,8180954.96,5,17.1,2025-10-31,2025-10-31,93.0,0,0-30 days
MER-P2-B4-01927,MER,Phase 2,Building D,9,Apartment,3,136.4,0.0,28.1,Garden View,6457448.8,47342.0,2026-05-22,contracted,2025-12-01,2025-12-10,,CUS-001099,,AGT-029,3.6,6224980.64,5,22.5,2025-10-31,2025-10-31,93.0,0,0-30 days
MER-P2-B4-01928,MER,Phase 2,Building D,11,Apartment,2,230.9,34.2,17.7,Courtyard View,11676382.1,50569.0,2026-03-31,contracted,2025-07-10,2025-07-22,,CUS-001212,,AGT-031,2.9,11337767.02,5,15.4,2025-10-31,2025-10-31,93.0,0,0-30 days
MER-P2-B4-01929,MER,Phase 2,Building D,3,Duplex,5,182.4,11.2,20.6,Garden View,8547628.8,46862.0,2026-03-08,contracted,2026-06-30,2026-06-30,,CUS-001231,,AGT-032,2.8,8308295.19,6,17.2,2025-10-31,2025-10-31,93.0,114,91-180 days
MER-P2-B4-01930,MER,Phase 2,Building D,2,Apartment,3,119.9,0.0,0.0,Skyline View,5089035.6,42444.0,2025-05-20,handed_over,2024-11-03,2024-11-30,,CUS-001162,,AGT-029,5.3,4819316.71,5,21.7,2025-10-31,2025-10-31,93.0,0,0-30 days
MER-P2-B4-01931,MER,Phase 2,Building D,12,Duplex,5,116.5,0.0,17.7,Garden View,4813314.0,41316.0,2026-04-26,contracted,2025-12-02,2025-12-07,,CUS-001270,,AGT-031,3.7,4635221.38,6,19.0,2025-10-31,2025-10-31,93.0,0,0-30 days
MER-P2-B4-01932,MER,Phase 2,Building D,6,Duplex,4,118.9,0.0,11.4,Skyline View,6102542.5,51325.0,2026-02-08,handed_over,2025-06-28,2025-07-11,,CUS-001309,,AGT-029,2.6,5943876.39,3,20.3,2025-10-31,2025-10-31,93.0,0,0-30 days
MER-P2-B4-01933,MER,Phase 2,Building D,12,Apartment,3,222.4,0.0,0.0,Courtyard View,12380118.4,55666.0,2026-03-19,contracted,2026-06-07,2026-06-25,,CUS-001289,,AGT-031,3.1,11996334.73,3,16.5,2025-10-31,2025-10-31,93.0,80,31-90 days
MER-P2-B4-01934,MER,Phase 2,Building D,5,Apartment,2,164.8,0.0,16.6,Street View,8604702.4,52213.0,2025-08-17,handed_over,2025-10-13,2025-10-31,,CUS-001240,,AGT-029,3.2,8329351.92,6,17.5,2025-10-31,2025-10-31,93.0,57,31-90 days
MER-P2-B4-01935,MER,Phase 2,Building D,10,Apartment,4,185.9,22.9,0.0,Courtyard View,8290396.4,44596.0,2025-05-08,reserved,2024-07-10,,,CUS-001294,,AGT-032,4.3,7933909.35,3,22.8,2025-10-31,2025-10-31,93.0,0,0-30 days
MER-P2-B4-01936,MER,Phase 2,Building D,7,Duplex,5,237.2,28.8,0.0,Street View,9396203.6,39613.0,2024-09-17,handed_over,2025-12-29,2026-01-13,,CUS-001196,,AGT-029,5.7,8860619.99,4,20.2,2025-10-31,2025-10-31,93.0,468,365+ days
MER-P2-B4-01937,MER,Phase 2,Building D,5,Apartment,4,157.9,0.0,0.0,Garden View,6146415.4,38926.0,2024-12-04,reserved,2024-08-01,,,CUS-001364,,AGT-032,5.1,5832948.21,3,23.1,2025-10-31,2025-10-31,93.0,0,0-30 days
MER-P2-B4-01938,MER,Phase 2,Building D,8,Apartment,2,199.7,0.0,0.0,Pool View,8738272.9,43757.0,2025-08-28,handed_over,2024-08-30,2024-09-04,,CUS-001283,,AGT-031,3.6,8423695.08,3,17.5,2025-10-31,2025-10-31,93.0,0,0-30 days
MER-P2-B4-01939,MER,Phase 2,Building D,0,Apartment,2,181.2,0.0,26.8,Garden View,7104670.8,39209.0,2026-05-17,handed_over,2025-07-08,2025-08-09,,CUS-001318,,AGT-030,2.9,6898635.35,3,19.7,2025-10-31,2025-10-31,93.0,0,0-30 days
MER-P2-B4-01940,MER,Phase 2,Building D,12,Duplex,5,100.3,0.0,11.1,Street View,4558334.1,45447.0,2024-10-13,reserved,2025-12-31,,,CUS-001097,BRK-11,AGT-032,4.2,4366884.07,3,23.1,2025-10-31,2025-10-31,93.0,444,365+ days
MER-P2-B4-01941,MER,Phase 2,Building D,3,Apartment,3,96.7,14.5,12.5,Garden View,4269401.7,44151.0,2024-09-12,reserved,2025-06-16,,,CUS-001354,,AGT-030,6.0,4013237.6,4,15.6,2025-10-31,2025-10-31,93.0,277,181-365 days
MER-P2-B4-01942,MER,Phase 2,Building D,5,Apartment,3,138.5,0.0,0.0,Garden View,7229977.0,52202.0,2025-01-08,reserved,2026-03-09,,,CUS-001348,,AGT-032,6.0,6796178.38,5,23.9,2025-10-31,2025-10-31,93.0,425,365+ days
MER-P2-B4-01943,MER,Phase 2,Building D,8,Apartment,2,107.7,0.0,29.6,Street View,4805574.0,44620.0,2025-06-29,contracted,2025-08-30,2025-10-02,,CUS-001300,BRK-06,AGT-029,4.7,4579712.02,5,17.6,2025-10-31,2025-10-31,93.0,62,31-90 days
MER-P2-B4-01944,MER,Phase 2,Building D,2,Apartment,3,121.3,0.0,0.0,Skyline View,6002045.3,49481.0,2026-02-25,handed_over,2025-03-14,2025-03-27,,CUS-001375,,AGT-032,3.3,5803977.81,3,16.6,2025-10-31,2025-10-31,93.0,0,0-30 days
MER-P2-B4-01945,MER,Phase 2,Building D,6,Apartment,2,230.4,54.7,20.9,Skyline View,11310105.6,49089.0,2026-02-10,handed_over,2025-02-12,2025-03-31,,CUS-001137,,AGT-031,2.3,11049973.17,6,16.3,2025-10-31,2025-10-31,93.0,0,0-30 days
MER-P2-B4-01946,MER,Phase 2,Building D,5,Apartment,2,228.5,17.8,29.7,Garden View,10043032.0,43952.0,2025-07-08,reserved,2024-07-09,,,CUS-001132,,AGT-032,4.2,9621224.66,3,21.4,2025-10-31,2025-10-31,93.0,0,0-30 days
MER-P2-B4-01947,MER,Phase 2,Building D,14,Apartment,3,132.0,0.0,17.4,Skyline View,6403980.0,48515.0,2025-12-28,handed_over,2025-06-03,2025-06-19,,CUS-001125,,AGT-030,4.1,6141416.82,4,19.8,2025-10-31,2025-10-31,93.0,0,0-30 days
MER-P2-B4-01948,MER,Phase 2,Building D,6,Apartment,4,119.0,0.0,15.0,Courtyard View,4831400.0,40600.0,2026-06-01,handed_over,2025-10-30,2025-11-15,,CUS-001175,,AGT-032,2.5,4710615.0,5,21.9,2025-10-31,2025-10-31,93.0,0,0-30 days
